tic,conm,cik,sic
KTII,K-TRON INTERNATIONAL INC,20,3823
AIR,AAR CORP,1750,5080
TNZ,TRANZONIC COS,1761,2670
ABT,ABBOTT LABORATORIES,1800,3845
SERV.1,SERVIDYNE INC,1923,8700
3AMETE,AMETECH INC,1969,4955
IZML,ACCEL INTL CORP,1985,6331
ACETQ,ACETO CORP,2034,5160
ACMTA,ACMAT CORP  -CL A,2062,6351
ACEE,ACME ELECTRIC CORP,2070,3612
ACU,ACME UNITED CORP,2098,3842
DOCO.1,D O C OPTICS CORP,2131,5990
ACS,AFFILIATED COMPUTER SERVICES,2135,7374
PRHD,PRINCETON HOLDINGS INC,2145,5020
AE,ADAMS RESOURCES & ENERGY INC,2178,5172
BKTI,BK TECHNOLOGIES CORP,2186,3663
ADX,ADAMS DIVERSIFIED EQUITY FD,2230,6726
MTI.3,MULTIGRAPHICS INC,2310,5040
AROS.,ADVANCE ROSS CORP,2457,6099
AVCD,ADVANCED COMPUTER TECHNIQUES,2467,7373
AMD,ADVANCED MICRO DEVICES,2488,3674
BYI,BALLY TECHNOLOGIES INC,2491,3990
AERS.,AERO SYSTEMS ENGINEERING INC,2589,8711
AESM,AERO SYSTEMS INC,2590,5080
ARXX,AEROFLEX INC,2601,3825
ATPH,ARMSTRONG PHARMACEUTICALS,2618,2834
AFBK.,AFFILIATED BANKSHARES COLO,2682,6020
AEM,AGNICO EAGLE MINES LTD,2809,1040
AEENQ,AILEEN INC,2904,2253
APD,AIR PRODUCTS & CHEMICALS INC,2969,2810
ABF,AIRBORNE INC,3000,4513
AKRXQ,AKORN OPERATING COMPANY LLC,3116,2834
AKZOY,AKZO NOBEL NV,3124,2851
ASO.1,AMSOUTH BANCORPORATION,3133,6020
CECO,CECO ENVIRONMENTAL CORP,3197,3564
AWS.1,ALBA-WALDENSIAN INC,3292,2250
ABS.1,ALBERTSON'S INC,3333,5411
IKN,IKON OFFICE SOLUTIONS,3370,5040
ADNE,ALDEN ELECTRONICS INC,3398,3661
AAL.1,ALEXANDER & ALEXANDER,3449,6411
MATX,MATSON INC,3453,4400
ALX,ALEXANDER'S INC,3499,6798
3ALGD,ALGOREX CORP,3535,3672
ALCO,ALICO INC,3545,100
LNG,CHENIERE ENERGY INC,3570,1311
ALCI.1,ALLCITY INSURANCE CO,3642,6331
3SOCNQ,SUNBEAM CORPORATION,3662,2390
AYE,ALLEGHENY ENERGY INC,3673,4911
ALN.2,ALLEN TELECOM INC,3721,3663
AORGB,ALLEN ORGAN CO  -CL B,3753,3576
ALD.1,ALLIED CAPITAL CORP,3906,6159
9046B,THOR ENERGY RESOURCES INC,3933,1311
ADPC,ALLIED PRODUCTS,3941,3540
ADGI.3,ALLIED DEFENSE GROUP INC,3952,9995
ALY,ALLIS-CHALMERS ENERGY INC,3982,1381
SWKS,SKYWORKS SOLUTIONS INC,4127,3674
APNI,ALPINE GROUP INC,4164,3357
IDSA,INDUSTRIAL SERVICES AMER INC,4187,4953
HWM,HOWMET AEROSPACE INC,4281,3728
AL.1,ALCAN INC,4285,3350
AZA.1,ALZA CORP,4310,2834
SNTO,SENTO CORP,4317,7373
BSWY,BESTWAY INC,4344,7359
AMX.2,AMAX INC,4363,3334
AMH.1,AMDAHL CORP,4427,3571
HES,HESS CORP,4447,1311
UHAL,U-HAUL HOLDING CO,4457,7510
OJ,ORANGE-CO INC,4507,2030
ABLT,AMERICAN BILTRITE INC,4611,2670
ABP.2,AMERICAN BUSINESS PRODS/GA,4672,2670
ACY.1,AMERICAN CYANAMID CO,4829,2800
3ACYGE,AMERICAN CYTOGENETICS,4833,8071
AEP,AMERICAN ELECTRIC POWER CO,4904,4911
AELNA,AEL INDUSTRIES  -CL A,4911,3812
AXP,AMERICAN EXPRESS CO,4962,6141
AFL,AFLAC INC,4977,6321
AFIL,AMERICAN FILTRONA CORP,5009,3080
VBF,INVESCO BOND FUND,5094,6726
VXS,VAN KAMPEN CONV SEC FD,5099,6726
AGC.1,AMERICAN GENERAL CORP,5103,6311
AM.1,AMERICAN GREETINGS  -CL A,5133,2771
AHL.2,AMERICAN HERITAGE LIFE INVS,5172,6311
ADU,AMDURA CORP,5177,3420
WYE,WYETH,5187,2834
AIFC,AMERICAN INDTY FINL CORP,5227,6331
AIG,AMERICAN INTERNATIONAL GROUP,5272,6331
AMV.2,AMVESTORS FINANCIAL CORP,5320,6311
HAIPF,INFINYA LTD,5337,2621
AMZ.1,AMERICAN LIST CORP,5385,7331
AZE.A,AMERICAN MAIZE-PRODS  -CL A,5405,2040
UNM,UNUM GROUP,5513,6321
3ANUCE,AMERICAN NUCLEAR CORP,5550,9995
APPPQ,AMERICAN PAD & PAPER CO,5588,2670
FI.2,FINA INC  -CL A,5611,2911
APR.,AMERICAN PRECISION INDS,5657,3621
AMC.2,AMERAC ENERGY CORP,5696,1311
AMRC.1,AMERICAN RECREATION CENTERS,5719,7900
ASEI,AMERICAN SCIENCE ENGINEERING,5768,3844
3ASBG,AMERICAN SHIP BUILDING CO,5818,3730
T.2,AT&T CORP,5907,4813
CCME.1,CAREERCOM CORP,5931,8200
AVD,AMERICAN VANGUARD CORP,5981,2870
AMESQ,AMES DEPT STORES INC,6071,5331
AMOS,AMOSKEAG CO,6161,2211
AMP.2,AMP INC,6164,3678
AP,AMPCO-PITTSBURGH CORP,6176,3312
AAL,AMERICAN AIRLINES GROUP INC,6201,4512
AXR,AMREP CORP,6207,6552
ANCPA,ANACOMP INC,6260,7370
ADI,ANALOG DEVICES INC,6281,3674
ALOG,ANALOGIC CORP,6284,3845
ANLY,ANALYSTS INTERNATIONAL CORP,6292,7371
ANEN,ANAREN INC,6314,3663
MOCC,MOSCOW CABLECOM CORP,6383,4899
ANDR,ANDREA ELECTRONICS CORP,6494,3663
AGL.1,ANGELICA CORP,6571,7200
KTO,K2 INC,6720,3949
CFS,COMFORCE CORP,6814,8742
APOG,APOGEE ENTERPRISES INC,6845,3442
SSINQ,STAGE STORES INC,6885,5651
IVMX,APPLIED MAGNETICS CORP,6948,3679
AMAT,APPLIED MATERIALS INC,6951,3559
EPAC,ENERPAC TOOL GROUP CORP,6955,3533
0083A,ARAMARK CORP,7032,5812
TREC,TRECORA RESOURCES,7039,2911
ADM,ARCHER-DANIELS-MIDLAND CO,7084,2070
CNP2,NORAM ENERGY CORP,7314,4923
SWN,SOUTHWESTERN ENERGY CO,7332,1311
AS.,ARMCO INC,7383,3312
AWI,ARMSTRONG WORLD INDUSTRIES,7431,3290
AIRW.,ARROW AUTOMOTIVE INDUSTRIES,7533,3690
ARW,ARROW ELECTRONICS INC,7536,5065
ARTG.1,ARTISTIC GREETINGS INC,7610,2780
ARTW,ARTS WAY MFG INC,7623,3523
ARV,ARVIN INDUSTRIES INC,7636,3714
AR.2,ASARCO INC,7649,3330
ASB,ASSOCIATED BANC-CORP,7789,6020
AFS,ASSOCIATES FIRST CAP -CL A,7974,6141
NWXJ,ASTREX INC,8038,5065
ATRO,ASTRONICS CORP,8063,3640
3ASTZ,ASTROSYSTEMS INC,8065,3823
7200B,AT&E CORP,8076,3663
3ATPCQ,ATHEY PRODUCTS CORP,8109,3711
ATH.2,ATHLONE INDS,8117,3312
ICBK.,INTERCONTINENTAL BK MIAMI FL,8126,6020
ATKQ,ATKINSON (G F) CO/CA,8137,1600
ALOT,ASTRONOVA INC,8146,3577
AAME,ATLANTIC AMERICAN CORP,8177,6321
ATMR.1,ATLAS MINERALS INC,8302,1040
ATW,ATWOOD OCEANICS,8411,1381
AUG.1,AUGAT INC,8462,3714
UAVS,AGEAGLE AERIAL SYSTEMS,8504,3721
ATCR,AUTHENTICOLOR INC,8588,7384
ADP,AUTOMATIC DATA PROCESSING,8670,7374
3ATRNE,ARMATRON INTERNATIONAL INC,8699,3524
ABDR,AMBASSADOR FOOD SVCS CORP,8734,5812
AUTR.,AUTOTROL CORP,8759,3823
AVE.1,AVEMCO CORP,8802,6331
AVY,AVERY DENNISON CORP,8818,2670
ALGI,AMERICAN LOCKER GROUP INC,8855,2540
AVT,AVNET INC,8858,5065
AVP,AVON PRODUCTS,8868,2844
AYD,AYDIN CORP,8919,3663
AZZ,AZZ INC,8947,3470
BNL.1,BENEFICIAL CORP,8960,6141
BMI,BADGER METER INC,9092,3824
BPMI,BADGER PAPER MILLS INC,9096,2621
BKFG,BKF CAPITAL GROUP INC,9235,3572
BKR.1,BAKER (MICHAEL) CORP,9263,8711
BCPC,BALCHEM CORP  -CL B,9326,2860
BEZ,BALDOR ELECTRIC CO,9342,3621
PTVCB,PROTECTIVE INSURANCE CORP,9346,6331
BALL,BALL CORP,9389,3411
BLY,BALLY ENTERTAINMENT CORP,9435,7990
BTEK.1,BALTEK CORP,9442,2430
BOKCC,BANCOKLAHOMA CORP,9515,6020
BCV,BANCROFT FUND LTD,9521,6726
BDG.2,BANDAG INC,9534,3011
EMA1.,BANGOR HYDRO-ELECTRIC CO,9548,4911
BNS,BANK OF NOVA SCOTIA,9631,6020
SBK.1,SIGNET BANKING CORP,9659,6020
BT.2,BANKERS TRUST CORP,9749,6020
BIOW.1,BANKS OF IOWA,9767,6020
FCHDQ,FAIRCHILD CORP  -CL A,9779,2300
BN.2,BANTA CORP,9801,2750
BCR,BARD (C.R.) INC,9892,3841
B.2,BARNES GROUP INC,9984,3490
BBI.2,BARNETT BANKS INC,10012,6020
BRN,BARNWELL INDUSTRIES,10048,1311
BRL,BARR PHARMACEUTICALS INC,10081,2834
BARR,BARRINGER TECHNOLOGIES,10119,3829
3BASEA,BASE TEN SYSTEMS  -CL A,10242,9995
ESTE,EARTHSTONE ENERGY INC,10254,1311
BSET,BASSETT FURNITURE INDS,10329,2511
BAX,BAXTER INTERNATIONAL INC,10456,3841
BGC.2,BAY STATE GAS,10488,4923
BBNK.,BAYBANKS INC,10497,6020
BAYLQ,BAYLY CORP,10518,2320
BDX,BECTON DICKINSON & CO,10795,3841
3CRLH,CARLYLE INDUSTRIES INC,11027,3960
BMS,BEMIS CO INC,11199,2670
BENG,BENGUET CORP,11290,1000
BTHS,BENTHOS INC,11390,3812
BBC.1,BERGEN BRUNSWIG CORP  -CL A,11454,5122
WRB,BERKLEY (W R) CORP,11544,6331
BESOQ,BEST PRODUCTS,11821,5399
BEHP,BETHLEHEM CORP,11856,3567
3BHMSQ,BETHLEHEM STEEL CORP,11860,3312
BTL.1,BETZDEARBORN INC,11884,2890
BEVB.1,BEVERLY BANCORPORATION INC,11913,6020
BIC.,BIC CORP,11975,3950
BDL,FLANIGANS ENTERPRISES INC,12040,5812
SMCO.1,SAMES CORP,12180,3560
BIO,BIO-RAD LABORATORIES INC,12208,3826
DOMH,DOMINARI HOLDINGS INC,12239,6282
BIRD.1,BIRD CORP,12245,2950
BIRT.1,BIRTCHER MEDICAL SYSTEMS,12288,3845
3BISHE,BISHOP INC,12304,7373
BDK,BLACK & DECKER CORP,12355,3540
BLAK.,BLACK INDUSTRIES INC,12404,1623
LEXPQ,LEXINGTON PRECISION CORP,12570,3060
BCO.1,BLESSINGS CORP,12614,3081
BLOCA,BLOCK DRUG  -CL A,12654,2844
HRB,BLOCK H & R INC,12659,7200
BA,BOEING CO,12927,3721
BOHM,BOHEMIA INC,12960,2421
OMX,OFFICEMAX INC,12978,5110
RXC,CIRCA PHARMACEUTICALS INC,13006,2834
BBN.1,BBN CORP,13021,7373
KJFI,COMJOYFUL INTERNATIONAL CO,13033,9995
3BOON,BOONTON ELECTRONICS CORP,13191,3825
0141A,HEXION INC,13239,2821
3BDTL,BOSTON DIGITAL CORP,13370,3541
REXMY,REXAM PLC,13522,3411
ENTP,ENTRPRIZE CORP,13547,1700
BWL.A,BOWL AMERICA INC  -CL A,13573,7900
WEDC,WHITE ELECTRONIC DESIGNS CP,13606,3674
BNE.1,BOWNE & CO INC,13610,2750
BTR.1,BRADLEY REAL ESTATE INC,13777,6798
BRAL10,BRL ENTERPRISES INC,13824,6799
BBTF,BB&T FINANCIAL CORP,13839,6020
BREN,BRENCO INC,14029,3562
BRBK,BRENTON BANKS INC,14060,6020
BRID,BRIDGFORD FOODS CORP,14177,2013
BGGSQ,BRIGGS & STRATTON,14195,3510
BRIFE,BRILUND LTD,14231,1311
BMY,BRISTOL-MYERS SQUIBB CO,14272,2834
MSGI,MSGI SECURITY SOLUTIONS INC,14280,3679
BKE.,BROCK EXPLORATION CORP,14399,1311
BBKS,BOBBIE BROOKS INC,14537,3531
BNSSA,BNS HOLDING CO,14637,3713
BF.B,BROWN FORMAN CORP,14693,2085
CAL,CALERES INC,14707,5661
TBI.,BROWN (TOM) INC,14803,1311
BFI.,BROWNING-FERRIS INDS,14827,4953
BRT,BRT APARTMENTS CORP,14846,6798
BRNO20,BRUNOS INC,14920,5411
BC,BRUNSWICK CORP,14930,3510
DXT,DIXON TICONDEROGA CO,14995,3950
8695B,BUNKER HILL INC SEC,15345,6726
MTCC,MAGNETIC TECHNOLOGIES CORP,15354,3679
FRTN,FORTRAN CORP,15486,3661
MTZ,MASTEC INC,15615,1623
EMEX,EMEX CORP,15678,1311
BBR.,BUTLER MFG CO,15840,3448
BUKS,BUTLER NATIONAL CORP,15847,8741
CBT,CABOT CORP,16040,2890
CACI,CACI INTL INC  -CL A,16058,7373
LUB,LUBYS INC,16099,5812
CAGAQ,CAGLE'S INC  -CL A,16104,2015
CALM,CAL-MAINE FOODS INC,16160,200
ADAP.1,ADAPTIVE BROADBAND CORP.,16357,3663
CMN.3,CALLAHAN MINING CORP,16455,3050
CLPO,CALPROP CORP,16496,1531
CBEX,CAMBEX CORP,16590,3572
CAFI.,CAMCO FINANCIAL CORP,16614,6036
CPB,CAMPBELL'S CO (THE),16732,2030
EGR.1,EARTHGRAINS CO,16741,2050
CSPLF,CANADA SOUTHERN PETROLEUM,16804,1311
SRL,SCULLY ROYALTY LTD,16859,1000
CNI,CANADIAN NATIONAL RAILWAY CO,16868,4011
NXY,NEXEN INC,16873,1311
CP,CANADIAN PAC KANSAS CITY LTD,16875,4011
STZ,CONSTELLATION BRANDS,16918,2082
3MAGEE,MADISON GROUP ASSOC INC,16926,3949
CAJPY,CANON INC,16988,3577
CCB.2,CAPITAL CITIES/ABC INC,17109,4833
PVN.2,PROVIDIAN CORP,17206,6311
CSWC,CAPITAL SOUTHWEST CORP,17313,6797
CATA.,CAPITOL TRANSAMERICA CORP,17385,6331
LBMH,LIBERATOR MEDICAL HLDGS INC,17485,5912
CRS,CARPENTER TECHNOLOGY CORP,17843,3312
CAR.1,CARTER-WALLACE INC,18000,2844
CASC.2,CASCADE CORP,18061,3537
CGC.2,CASCADE NATURAL GAS CORP,18072,4924
DOLE.1,DOLE FOOD CO INC,18169,100
CTAM,CASTLE (A M) & CO,18172,5051
CVF.1,CASTLE CONVERTIBLE FUND INC,18180,6726
CAT,CATERPILLAR INC,18230,3531
CATO,CATO CORP  -CL A,18255,5621
SNV,SYNOVUS FINANCIAL CORP,18349,6020
CBS.1,CBS INC,18366,4833
CDI,CDI CORP,18396,7363
3CCOO,CENCOR INC,18497,6141
GCO,GENESCO INC,18498,5661
FOM,FOREMOST CORP OF AMERICA,18508,6331
CTX.2,CENTEX CORP,18532,1531
CSR.1,CENTRAL & SOUTH WEST CORP,18540,4911
CET,CENTRAL SECURITIES CORP,18748,6726
CNT.4,CENTEL CORP,18787,4813
CV.1,CENTRAL VERMONT PUB SERV,18808,4911
EKO.2,EKCO GROUP INC,18827,3460
CRLTS,CENTURY REALTY TRUST,18914,6798
LUMN,LUMEN TECHNOLOGIES INC,18926,4813
CRDN,CERADYNE INC,18937,3290
CYDI,CYBRDI INC,19002,2835
3CFIPQ,CF & I STEEL CORP,19020,3312
3CLCOE,CHALCO INDUSTRIES INC,19082,3728
CHMP,CHAMPION INDUSTRIES INC,19149,2750
CHA.3,CHAMPION INTERNATIONAL CORP,19150,2621
CREB,CHAMPION PARTS INC,19161,3714
CHAR.1,CHAPARRAL RESOURCES INC,19252,1311
CHRS.1,CHARMING SHOPPES INC,19353,5621
MGLN,MAGELLAN HEALTH INC,19411,8741
CMD,CANTEL MEDICAL CORP,19446,3845
CMB.1,CHASE MANHATTAN CORP  -OLD,19489,6020
CHTT,CHATTEM INC,19520,2834
CHE,CHEMED CORP,19584,8082
TCF,TCF FINANCIAL CORP,19612,6020
JPM,JPMORGAN CHASE & CO,19617,6020
CHER.1,CHERRY CORP,19704,3640
CSKEQ,CHESAPEAKE CORP,19731,2631
3CHET,CHESAPEAKE INDUSTRIES INC,19736,2430
CPK,CHESAPEAKE UTILITIES CORP,19745,4923
CVR,CHICAGO RIVET & MACHINE CO,19871,3452
CFCM,CHIEF CONSOLIDATED MINING CO,19913,6532
CHWO,CHILD WORLD INC-NEW,19930,5945
CHF.,CHOCK FULL O NUTS CORP,20041,2090
CCN.2,CHRIS-CRAFT INDS,20067,4833
CST.1,CHRISTIANA COMPANIES,20104,4220
CB.1,CHUBB CORP,20171,6331
CHDN,CHURCHILL DOWNS INC,20212,7990
CHYR,CHYRONHEGO CORP,20232,3663
CINF,CINCINNATI FINANCIAL CORP,20286,6331
CIN1,DUKE ENERGY OHIO INC,20290,4931
3CFNEE,CIRCLE FINE ART CORP,20356,2741
CINS,CIRCLE INCOME SHS INC,20358,6726
CIT.1,CIT GROUP INC-OLD,20388,6172
3614B,CITICORP,20405,6020
3CITGS,CITIZENS GROWTH PROPERTIES,20467,6798
FYBR,FRONTIER COMMUNIC PARENT INC,20520,4813
CSS,CSS INDUSTRIES INC,20629,2670
ABCP,AMBASE CORP,20639,9995
CLC,CLARCOR INC,20740,3564
3CLSM,CLAYTON SILVER MINES,20871,1044
AMTR.,AMERITRUST CORP-OLD,20972,6020
3CTRIS,CLEVETRUST REALTY INVESTORS,20975,6798
CLX,CLOROX CO/DE,21076,2842
CMI.3,CMI CORP,21157,3531
CNA,CNA FINANCIAL CORP,21175,6331
CNN,PROSPECT STREET INCOME SHS,21178,6726
CNLF10,C N L FINANCIAL CORP,21193,6311
COHM,ALL AMERICAN GROUP INC,21212,2452
EP2,EL PASO CGP CO,21267,4922
KO,COCA-COLA CO,21344,2086
THNKQ,THINKENGINE NETWORKS INC,21438,3661
COHR.1,COHERENT INC,21510,3826
COHU,COHU INC,21535,3825
CLN.2,COLEMAN CO INC,21627,3640
CL,COLGATE-PALMOLIVE CO,21665,2844
CGEN.,COLLAGEN AESTHETIC INC,21686,3842
CNSI.1,COLLINS INDUSTRIES INC,21759,3713
CCOM,CCOM GROUP INC,21828,5070
COLC.,COLORADO NATL BANKSHARES,21956,6020
NI2,COLUMBIA ENERGY GROUP,22099,4923
AVL.2,AVALON CORP,22229,1311
CMRO,COMARCO INC,22252,9995
CLT.2,COMINCO LTD,22337,1000
CBSH,COMMERCE BANCSHARES INC,22356,6020
CCHIA,CCH INC  -CL A,22366,2721
CBOCA,COMMERCIAL BANCORPORATION CO,22390,6020
3COME.,COMMERCIAL DECAL INC,22412,2750
CMC,COMMERCIAL METALS,22444,3312
TEC.2,COMMERCIAL INTERTECH,22470,3590
TVLYQ,TRI-VALLEY CORP,22551,1311
CQ.1,COMSAT CORP  -SER 1,22698,4899
SUNE,SUNATION ENERGY INC,22701,3620
THY.1,TRANSITIONAL HOSPITALS CP,22764,8060
CHCR,COMPREHENSIVE CARE CORP,22872,6324
CSRV.,COMPUSERVE CORP,22896,7370
CDCY,COMPUDYNE CORP,22912,7381
3CAUTE,COMPUTER AUTOMATION INC,22962,3661
CDSI.,COMPUTER DATA SYSTEMS INC,22989,7373
CHZS,COMPUTER HORIZONS CORP,23019,9995
CIDN,COMPUTER IDENTICS CORP,23023,3577
GSOF,GROUP 1 SOFTWARE INC,23055,7372
ATSN,ARTESYN TECHNOLOGIES INC,23071,3679
LDGX,LODGISTIX INC,23107,7373
CTG,COMPUTER TASK GROUP INC,23111,7370
CRK,COMSTOCK RESOURCES INC,23194,1311
CMTL,COMTECH TELECOMMUN,23197,3663
CAG,CONAGRA BRANDS INC,23217,2000
CIS.,CONCORD FABRICS INC  -CL A,23249,2250
CTCI,CT COMMUNICATIONS INC,23259,4813
CJML,CONE MILLS CORP,23304,2211
CNSC.1,CONESCO INDUSTRIES LTD,23314,3444
CGMCQ,CONGOLEUM CORP  -CL A,23341,3089
CYT.2,CITYTRUST BANCORP INC,23413,6020
CNLG,CONOLOG CORP,23503,3679
CZM.1,CALMAT CO,23533,1400
CFIB,CFI INDUSTRIES INC,23657,2670
HSH,HILLSHIRE BRANDS CO,23666,2013
CNW,CON-WAY INC,23675,4210
D2,CONSOLIDATED NATURAL GAS CO,23738,4923
CDP.,CONSOLIDATED PAPERS INC,23752,2621
CTO,CTO REALTY GROWTH INC,23795,6798
CONW,CONSUMERS WATER CO,23910,4941
CCXI.1,CCX INC,24009,3357
CIC.3,CONTINENTAL CORP,24011,6331
CBK.2,CONTINENTAL BANK CORP,24058,6020
CISC,CONTINENTAL INFORMATN SYS CP,24071,7377
CIA,CITIZENS INC,24090,6311
CUO,RIVERBEND INDUSTRIES,24104,3585
CTB,COOPER TIRE & RUBBER CO,24491,3011
TAP,MOLSON COORS BEVERAGE CO,24545,2082
CORD.,CORDIS CORP,24654,3841
GLW,CORNING INC,24741,3679
CSLI.1,COTTON STATES LIFE INSURANCE,25118,6311
CFC.3,COUNTRYWIDE FINANCIAL CORP,25191,6162
CRRC,COURIER CORP,25212,2732
CUZ,COUSINS PROPERTIES INC,25232,6798
0059A,COX COMMUNICATIONS INC,25305,4841
CPICQ,CPI CORP,25354,7200
CPTD,CPT HOLDING CORP,25360,3440
CXT,CRANE NXT CO,25445,3580
CRD.A,CRAWFORD & CO,25475,6411
CYR.1,CRAY RESEARCH,25506,3571
CRST,CRESTEK INC,25652,3690
3CBAG,CRESTED CORP,25657,1381
TXMD,THERAPEUTICSMD INC,25743,2834
ATX,COSTA INC   -CL A,25793,3950
CWYM,CROWLEY MILNER & CO,25871,5311
CNP.B,CROWN CENTRAL PETROL  -CL B,25885,2911
CRWS,CROWN CRAFTS INC,25895,2211
3CRNA.,CROWNAMERICA INC,25933,2200
CRX.2,CRSS INC,25941,4991
CTS,CTS CORP,26058,3670
CUB.1,CUBIC CORP,26076,3578
CBO,CULBRO CORP,26093,2100
CMI,CUMMINS INC,26172,3510
CUR.1,CURRENT INCOME SHS,26261,6726
CW,CURTISS-WRIGHT CORP,26324,3728
CUS.1,CUSTOMEDIX CORP,26361,3843
DTGP,XO LOGIC INC,26379,9995
STST.1,ARGON ST INC,26537,3812
DCL.1,DAMON CORP,26757,8071
DAN,DANA INC,26780,3714
3EIPME,EIP MICROWAVE INC,26782,3825
PXFG,PHOENIX FOOTWEAR GROUP INC,26820,3140
DAN.2,DANIEL INDUSTRIES,26821,3823
DART,DART GROUP CORP  -CL A,26938,5411
SMTI.1,SMTEK INTERNATIONAL INC,26987,3672
DDIM,DATA DIMENSIONS INC,26990,7370
DGN.,DATA GENERAL CORP,26999,3570
CSTR.1,COSTAR CORP,27025,3089
DMAR.1,DATAMARINE INTL INC,27075,3663
DMCP,DATAMETRICS CORP,27082,3577
USAU,U.S. GOLD CORP,27093,1000
DSCP,DATASCOPE CORP,27096,3845
DTAB10,DATATAB INC,27099,7374
3DVISC,DATAVISION INC,27109,3669
DTSI.1,DATRON SYSTEMS INC/DE,27116,3663
GPVI,DASH INDUSTRIES INC,27153,5130
DWW,DAVIS WATER & WASTE,27326,5051
DXR,DAXOR CORP,27367,3841
TZPC,THERMAFREEZE PRODUCTS CORP,27399,2721
TGT,TARGET CORP,27419,5331
AICOQ,AMCAST INDUSTRIAL CORP,27425,3714
DBAS,DBA SYSTEMS INC,27442,3812
DF.1,DEAN FOODS CO  -OLD,27500,2020
DBRSY,DE BEERS CONSOLIDATED MINES,27539,1400
3LYNGD,LYNTON GROUP INC,27566,4581
DINIQ,DECORATOR INDUSTRIES INC,27613,2390
DGTC,DGT HOLDINGS CORP,27748,6512
DLI,DEL LABORATORIES INC,27751,2844
DAL,DELTA AIR LINES INC,27904,4512
3DLTA.,DELTONA CORP,27984,6552
DLX,DELUXE CORP,27996,2780
HTEC.1,HYDRON TECHNOLOGIES INC,28146,2844
DEP.1,DEPOSIT GUARANTY CORP,28209,6020
7413B,DE ROSE INDUSTRIES,28262,2451
DSGT.1,DESIGNATRONICS INC,28323,3560
GRI.2,GRISTEDES FOODS INC,28325,5411
DAHL,DAHLBERG INC,28364,3842
DETC,DETECTION SYSTEMS INC,28365,3669
DTRX,DETREX CORP,28372,2800
DTUN,DETROIT & CANADA TUNNEL CORP,28374,4700
CMA,COMERICA INC,28412,6020
DEVC,DEVCON INTERNATIONAL CORP,28452,7380
DEX.1,DEXTER CORP,28582,2834
LCBM,LIFECORE BIOMEDICAL INC,28626,3843
DML.A,DICKENSON MINES LTD  -CL A,28771,1040
DBD,DIEBOLD NIXDORF INC,28823,3578
3BEMC,BERGSTROM CAPITAL CORP,28827,6726
VTS.,VERITAS DGC INC,28866,1382
DEC.1,DIGITAL EQUIPMENT,28887,3570
3DIPCE,DIGITAL PRODUCTS CORP,28895,7380
DDS,DILLARDS INC  -CL A,28917,5311
DIOD,DIODES INC,29002,3674
BRNR,BRENNER INTERNATIONAL INC,29051,2330
3DVFI,DIVERSIFIED INDUSTRIES INC,29208,3341
WII.,WEATHERFORD ENTERRA INC,29302,7359
TRDQ,TRADEQUEST INTERNATIONAL INC,29322,4899
DXYN,DIXIE GROUP INC,29332,2273
3DOAK,DOAK PHARMACAL CO INC,29386,2844
5554A,DR PEPPER CO,29415,2080
DG,DOLLAR GENERAL CORP,29534,5331
DMBK,DOMINION BANKSHARES CORP,29587,6020
UDI.,UNITED DOMINION INDUSTRIES,29590,3443
DCI,DONALDSON CO INC,29644,3714
CS1,CREDIT SUISSE USA INC,29646,6211
RRD,DONNELLEY (R R) & SONS CO,29669,2750
DNKYQ,DONNKENNY INC,29693,2330
CNSTQ,CONSTAR INTERNATIONAL INC,29806,3080
ESCRQ,ESCALERA RESOURCES CO,29834,1311
DOBQ,DOUGHTIE'S FOODS INC,29850,2013
DOV,DOVER CORP,29905,3559
DJ,DOW JONES & CO INC,29924,2711
OMC,OMNICOM GROUP INC,29989,7311
DRV.1,DRAVO CORP,30067,3270
DI.,DRESSER INDUSTRIES INC,30099,1382
3GEAA,GREATE BAY CASINO CORP,30117,7373
INSI,INSIGHT SELECT INCOME FD,30125,6726
LCRD,LASERCARD CORP,30140,3572
DRY.1,DREYFUS CORP,30163,6282
DRHA,DRIVER-HARRIS CO,30197,3357
ALCSQ,ALCO STORES INC,30302,5331
DCO,DUCOMMUN INC,30305,3728
DPX,DUPLEX PRODUCTS,30547,2761
DD.2,DU PONT (E I) DE NEMOURS,30554,2820
FLS,FLOWSERVE CORP,30625,3561
DUFM,DURR-FILLAUER MEDICAL,30645,5122
WEN,WENDY'S CO,30697,5812
3DACQE,DYNAMIC AMERICAN CORP,30780,1040
DYNC.1,DYNAMIC CLASSICS LTD,30786,5090
DYA,DYNAMICS CORP OF AMER,30819,3600
DRCO.,DYNAMICS RESEARCH CORP,30822,7373
COBR,COBRA ELECTRONICS CORP,30828,3663
DYSL,DYNASIL CORP OF AMERICA,30831,3827
3ACTRQ,ACTERNA CORP,30841,3825
ESY.1,E-SYSTEMS INC,30875,3812
EACI,EAC INDUSTRIES,30892,2750
EAGLE.1,EAGLE FOOD CENTERS INC,30908,5411
EGLP,EAGLE-PICHER INC,30927,3714
MXXH,MATRIXX RESOURCE HLDGS INC,30966,1381
ESCI,EARTH SCIENCES INC,30985,2870
8237B,HUNTER RESOURCES INC,31063,1311
3WRKSE,WORKSAFE INDUSTRIES INC,31079,3842
EML,EASTERN CO,31107,3420
EUA,EASTERN UTILITIES ASSOC,31224,4911
KODK,EASTMAN KODAK CO,31235,3861
ELON.1,ECHELON CORP,31347,3576
ECH.1,ECHLIN INC,31348,3714
ECK.1,ECKERD CORP,31364,5912
ECL,ECOLAB INC,31462,2842
EDBR.,EDISON BROTHERS STORES,31575,5600
EDO.,EDO CORP,31617,3812
ECC.1,ECC INTERNATIONAL CP,31660,3690
EDUC,EDUCATIONAL DEVELOPMENT CORP,31667,5190
OPMHQ,OPTO MECHANIK INC,31688,3827
RVTY,REVVITY INC,31791,3826
EE.2,EL PASO ELECTRIC CO,31978,4911
ELCN,ELCO INDUSTRIES INC,32013,3452
ELK,ELKCORP,32017,2950
EBSC,ELDER BEERMAN STORES CORP,32020,5311
3ECTHE,ELECTRO CATHETER CORP,32120,3841
ELRC,ELECTRO RENT CORP,32166,7359
FCMI,FUTURE COMMUNICATIONS,32190,4833
ELMG,EMS TECHNOLOGIES INC,32198,3663
ELMD.1,ELECTROMEDICS INC,32203,3841
ELCS,ELECTRONIC CONTROL SYS INC,32228,3613
EISI,EIS INTERNATIONAL INC,32251,3661
TTN,TITAN CORP,32258,7373
TFSIQ,THREE-FIVE SYSTEMS INC,32272,3674
ECIN,EMCEE BROADCAST PRODUCTS INC,32312,3663
ELT.1,ELSCINT LTD,32522,7011
EXGI,ENGEX INC,32598,6726
EMR,EMERSON ELECTRIC CO,32604,3823
MSN,EMERSON RADIO CORP,32621,3651
EMON.1,EMONS TRANSPORATION GROUP,32666,4011
EDE,EMPIRE DISTRICT ELECTRIC CO,32689,4911
GOLX,ENERGETICS INC,32866,1311
QUIX,QUIXOTE CORP,32870,3089
ENERQ,ENERGY CONVERSION DEV,32878,3674
ENGH.1,ENGRAPH INC,32991,2670
EBF,ENNIS INC,33002,2761
TXU2,TXU GAS CO,33015,4923
VKSC,VISKASE COMPANIES INC,33073,3089
ETCC,ENVIRONMENTAL TECTONICS CORP,33113,3728
EFX,EQUIFAX INC,33185,7323
EQK,EQUIMARK CORP,33189,6020
3ECOA,EQUIPMENT CO OF AMERICA,33195,3537
EQT,EQT CORP,33213,1311
EQTY.1,EQUITY OIL CO,33325,1311
7632B,ERIE LACKAWANNA INC,33420,6799
ESCA,ESCALADE INC,33488,3949
ESP,ESPEY MFG & ELECTRONICS CORP,33533,3679
EE.1,ESQUIRE RADIO & ELECTRON INC,33541,5065
ESL,ESTERLINE TECHNOLOGIES CORP,33619,3812
ETZLF,ETZ LAVUD LTD,33681,3080
BOBE,BOB EVANS FARMS,33769,2013
EVAN,EVANS INC,33780,5600
3GROSQ,GROSSMANS INC,33798,5211
CRF,CORNERSTONE TOTAL RETURN FD,33934,6726
FOUR.2,FORUM GROUP INC,33939,8300
KINS,KINGSTONE COS INC,33992,6331
BOOM,DMC GLOBAL INC,34067,3533
XOM,EXXON MOBIL CORP,34088,2911
CLE,CLAIRES STORES INC,34115,5600
FMN.1,F & M NATIONAL CORP,34125,6020
FITN,FAB INDUSTRIES INC,34136,2250
JAS,JO-ANN STORES INC,34151,5940
FBRC.,FABRICLAND INC,34165,5940
TDDB,THREE D DEPARTMENT  -CL B,34169,5700
PFIL,PUROLATOR PRODUCTS CO,34181,3714
FGRD,FAIR GROUNDS CORP,34236,7948
FMTC,FAIRMOUNT CHEMICAL CO INC,34296,2860
FCPR,FALCON PRODUCTS INC,34339,2590
FAL.3,FALL RIVER GAS CO,34371,4924
FDO,FAMILY DOLLAR STORES,34408,5331
FELI,FANSTEEL INC/DE,34471,3360
WI,WESTMINSTER CAPITAL INC,34489,3990
CVST,COVISTA COMMUNICATIONS INC,34497,4813
FRA.1,FARAH INC,34501,2320
FARM,FARMER BROS CO,34563,2090
FARC,FARR CO,34629,3569
FARL,FARREL CORP,34645,3559
FAY.1,FAYS INC,34768,5912
SRCE,1ST SOURCE CORP,34782,6020
FBO,FEDERAL PAPER BOARD CO,34891,2631
FRT,FEDERAL REALTY INVESTMENT TR,34903,6798
FSCR,FEDERAL SCREW WORKS,34908,3452
TENX,TENAX THERAPEUTICS INC,34956,2836
FEDP,FEDERATED PURCHASER INC,34977,5065
FOE,FERRO CORP,35214,2851
FLD.1,FIELDCREST CANNON,35469,2211
FITB,FIFTH THIRD BANCORP,35527,6020
ORPC,ORION PICTURES CORP,35590,7812
FNIN,FINANCIAL INDUSTRIES CORP,35733,6311
FFIN,FIRST FINL BANKSHARES INC,36029,6020
CLGX,CORELOGIC INC,36047,7374
MGR.1,MAGNA GROUP INC,36094,6020
USB,US BANCORP,36104,6020
DMNG,DAMON GROUP INC,36127,8071
TRMK,TRUSTMARK CORP,36146,6020
FNB.,FIRST CHICAGO CORP,36161,6020
FSTC.1,FIRST CITIZENS CORP,36172,6035
FBT.1,FIRST CITY BANCORP TEX-DEL,36173,6020
FCOM.,FIRST COMMERCE CORP,36204,6020
EASTS,EASTOVER CORP,36207,6798
MTB,M&T BANK CORP,36270,6020
FFM.1,FIRST FINANCIAL MGMT CORP,36326,7323
PREM.1,PREMIER FINANCIAL SERVICES,36340,6020
GOLD.2,GOLDENBANKS COLORADO INC,36352,6020
FHB,FIRST HAWAIIAN INC,36377,6020
MFNC,MACKINAC FINANCIAL CORP,36506,6020
FMBC.,FIRST MICHIGAN BANK CORP,36522,6020
BKB.2,BANKBOSTON CORP,36672,6020
FOA.1,FIRST OF AMERICA BANK CORP,36703,6020
LBC.2,LANDMARK BANCSHARES CORP,36948,6020
FHN,FIRST HORIZON CORP,36966,6020
WB.3,WACHOVIA CORP,36995,6020
FUR,WINTHROP REALTY TRUST,37008,6798
FVB,FIRST VIRGINIA BANKS INC,37032,6020
FWVB,FIRST WEST VIRGINIA BANCORP,37049,6020
FWES,FIRST WESTERN FINANCIAL CORP,37059,6035
FSR.2,FIRSTAR CORP-OLD,37076,6020
FBIC.1,FIRSTBANK ILL CO,37093,6020
FP.1,FISCHER & PORTER CO,37115,3823
UTL1,FITCHBURG GAS & ELEC LIGHT,37248,4931
FAME,FLAMEMASTER CORP,37358,2891
FLXS,FLEXSTEEL INDUSTRIES INC,37472,2510
FSI.2,FLIGHTSAFETY INTERNATIONAL,37481,8200
GSVE,GERALD STEVENS INC,37525,5990
FPU,FLORIDA PUBLIC UTILITIES CO,37643,4931
FRK,FLORIDA ROCK INDUSTRIES INC,37651,3270
FLK.1,FLUKE CORP,37743,3825
MEE,MASSEY ENERGY CO,37748,1220
FCY.1,FURON CO,37755,3050
FMC,FMC CORP,37785,2870
FNB,F N B CORP/FL,37808,6020
DEG1,DELHAIZE AMERICA INC,37912,5411
FSM.2,FOODARAMA SUPERMARKETS,37914,5411
TNO.1,TRUE NORTH COMMUNICATIONS,37931,7311
FGI.,FOOTHILL GROUP INC  -CL A,37941,6153
FBTR,FOR BETTER LIVING INC,37946,3272
F,FORD MOTOR CO,37996,3711
FRX.1,FOREST LABORATORIES  -CL A,38074,2834
FDI,FORT DEARBORN INCOME SECS,38188,6726
FORT.1,FORT HOWARD CORP,38195,2621
FPXA,FORTUNE NATURAL RESOURCES CP,38242,1311
FWDI,FORWARD INDUSTRIES INC,38264,8711
FRTH,FOURTH FINANCIAL CORP,38475,6020
AIHC,AMERISTAR INTL HOLDINGS CP,38483,6532
OHBIQ,ORLEANS HOMEBUILDERS INC,38570,1531
FELE,FRANKLIN ELECTRIC CO INC,38725,3621
BEN,FRANKLIN RESOURCES INC,38777,6282
TAVI.1,THORN APPLE VALLEY INC,38851,2011
FOH.B,FREDERICKS OF HOLLYWD  -CL B,38868,5600
ELLH,ELAH HOLDINGS INC,38984,9995
FEIM,FREQUENCY ELECTRONICS INC,39020,3825
FRS,FRISCH'S RESTAURANTS INC,39047,5812
FRD,FRIEDMAN INDUSTRIES INC,39092,3310
FRN.2,FRIENDLY ICE CREAM CORP,39135,5812
CFR,CULLEN/FROST BANKERS INC,39263,6020
FFEX,FROZEN FOOD EXPRESS INDS,39273,4213
IBCP,INDEPENDENT BANK CORP/MI,39311,6020
FUL,FULLER (H. B.) CO,39368,2891
BKSO,BANK SOUTH CORP,39394,6020
3LFTI,LIFETIME PRODUCTS INC,39503,5961
MTRM,METROMEDIA INTERNATIONAL GRP,39547,4813
GK.2,G&K SERVICES INC  -CL A,39648,7200
AVHI.1,A V HOMES INC,39677,1531
GHX,GALVESTON HOUSTON,39838,3531
TGNA,TEGNA INC,39899,4833
GAP,GAP INC,39911,5651
GAN.,GARAN INC,39917,2300
GATX,GATX CORP,40211,4700
GAM,GENERAL AMERICAN INVESTORS,40417,6726
GAEX,GA EXPRESS INC,40443,7372
BOAT.1,BOATMENS BANCSHARES INC,40454,6020
GBND.1,GENERAL BINDING CORP,40461,3579
3GBDCE,GENERAL BUILDERS CORP,40472,7011
H.2,HARCOURT GENERAL INC,40493,2731
GNIZQ,GENERAL CREDIT CORP,40511,6153
GNRD,GENERAL DATACOMM INDUSTRIES,40518,3661
MCLN,MEDCLEAN TECHNOLOGIES INC,40528,4955
GD,GENERAL DYNAMICS CORP,40533,3721
DEVN,DEVON GROUP INC,40542,2790
GE,GE AEROSPACE,40545,3724
JOB,GEE GROUP INC,40570,7361
GH.2,GENERAL HOST CORP,40638,5200
GHW,GENERAL HOUSEWARES,40643,3360
SEM.2,GENERAL SEMICONDUCTOR INC,40656,3674
GKIN.1,GENERAL KINETICS INC,40675,3490
GMCC.1,GENERAL MAGNAPLATE CORP,40687,3470
GMW.1,GENERAL MICROWAVE CORP,40703,3679
GIS,GENERAL MILLS INC,40704,2040
ALLY,ALLY FINANCIAL INC,40729,6172
GPU.,GPU INC,40779,4911
GTE.1,GTE CORP,40858,4813
AJRD,AEROJET ROCKETDYNE HOLDINGS,40888,3760
3GENBB,GENESEE CORP  -CL B,40934,2030
3BPSY,BIOPLASTY INC,40944,3842
GII.2,GREINER ENGINEERING INC,40956,8711
GDX.A,GENOVESE DRUG STORES  -CL A,40970,5912
GEN.2,GENRAD INC,40972,3825
GPC,GENUINE PARTS CO,40987,5013
GEOI,GEORESOURCES INC,41023,1311
BOTX,BONTEX INC,41052,2670
GP.1,GEORGIA-PACIFIC CORP,41077,2600
GTSC,GTS CORP,41107,1382
GEB.1,GERBER PRODUCTS CO,41130,2030
GRB,GERBER SCIENTIFIC INC,41133,3559
GEMC,GERIATRIC & MEDICAL COS INC,41147,8051
GFS.A,GIANT FOOD INC  -CL A,41289,5411
GGLT,GIANT GROUP LTD,41296,9995
ROAKF,ROYAL OAK MINES INC,41304,1040
GIB.1,GIBSON (CR) CO,41365,2780
G.1,GILLETTE CO,41499,3420
MAGN,MAGNERA CORP,41719,2600
GDS.B,GLENMORE DISTILLERIES  -CL B,41781,2080
BLKO,BALKORE INDUSTRIES INC,41980,3490
CAON,CHANG-ON INTERNATIONAL INC,42136,3089
3JGIN,JG INDUSTRIES INC,42179,5311
GLDC,GOLDEN ENTERPRISES,42228,2090
MIR.1,MIRAGE RESORTS INC,42246,7990
WTMK,WHITEMARK HOMES INC,42284,9995
GDW,GOLDEN WEST FINANCIAL CORP,42293,6035
GDXMF,GOLDEX MINES LTD,42311,1040
GV.2,GOLDFIELD CORP,42316,1623
GWOX,GOODHEART-WILLCOX CO INC,42504,2731
GR,GOODRICH CORP,42542,3728
GT,GOODYEAR TIRE & RUBBER CO,42582,3011
GRC,GORMAN-RUPP CO,42682,3561
GULD.,GOULDS PUMPS INC,42791,3561
GGG,GRACO INC,42888,3561
GSCC,GRAPHIC SCANNING CORP,43142,4812
GTN,GRAY MEDIA INC,43196,4833
GAMI.1,GREAT AMERICAN MGMT & INVT,43287,3564
GAPTQ,GREAT ATLANTIC & PAC TEA CO,43300,5411
IIGI,INVESTORS INSURANCE GROUP,43340,9995
EGAS,GAS NATURAL INC,43350,4924
GLK.1,GREAT LAKES CHEMICAL CORP,43362,2890
GNI,GREAT NORTHERN IRON ORE PPTY,43410,6795
GWF.,GREAT WESTERN FINANCIAL,43512,6035
ROPK,ROPAK CORP,43514,3089
JPI.1,JUPITER NATIONAL,43620,6726
GMP.1,GREEN MOUNTAIN POWER CORP,43704,4911
NKID,NOODLE KIDOODLE INC,43837,5945
GEF,GREIF INC  -CL A,43920,2650
GREY,GREY GLOBAL GROUP INC,43952,7311
GRST.1,GRIST MILL CO,44041,2060
GRO.2,GROW GROUP INC,44171,2851
GQ.1,GRUMMAN CORP,44279,3721
GGTI,GTI CORP,44319,3679
GNC.2,GUARANTY NATIONAL CORP,44358,6331
GPI.2,GUARDSMAN PRODUCTS INC,44420,2851
3GMIL,GUILFORD MILLS INC,44471,2250
PCI.3,PARAMOUNT COMMUNICATIONS INC,44482,7812
3GUSCE,GULF USA CORP,44549,1221
ETR7,ENTERGY GULF STATES LA LLC,44570,4911
HACH,HACH CO,44764,3826
NLX.2,ANALEX CORP,44800,7370
HAD,HADSON CORP,44801,4922
HAL,HALLIBURTON CO,45012,1389
HDIG,HAMILTON DIGITAL CONTROL INC,45136,3679
3HPTI,HAMPTON INDUSTRIES,45260,2320
HNH.1,HANDY & HARMAN,45333,3350
3HANKE,HANKS SEAFOOD CO INC,45356,5140
MAH.1,HANNA (M A) CO,45370,3080
HRD.1,HANNAFORD BROTHERS CO,45379,5411
HBJ,HARCOURT BRACE JOVANOVICH,45529,2731
JH,HARLAND (JOHN H.) CO,45599,2780
AXRX,AMEXDRUG CORP,45621,5122
HRMN.1,HARMON INDUSTRIES INC,45635,3669
CRCL.,CIRCLE INTERNATIONAL GRP INC,45674,4731
PAUHQ,PAUL HARRIS STORES,45791,5621
NVRI,ENVIRI CORP,45876,3390
HHS,HARTE HANKS INC,45919,7331
HAVA.1,HARVARD INDUSTRIES INC,46012,3060
HRVEQ,HARVEY ELECTRONICS INC,46043,5731
HAS,HASBRO INC,46080,3944
HGMG,HASTINGS MANUFACTURING CO,46109,3590
ALNT,ALLIENT INC,46129,3621
HAT,HATTERAS INCOME SECS,46135,6726
BOH,BANK OF HAWAII CORP,46195,6020
HWKB,HAWKEYE BANCORPORATION,46238,6020
HWKN,HAWKINS INC,46250,5160
HTHR,HAWTHORNE FINANCIAL CORP,46267,6035
HCLC,HEALTH-CHEM CORP,46428,2200
HMII,HMI INDUSTRIES INC,46445,3630
HLCO.1,HEALTHCO INTL INC,46454,5047
HDYN.,HEALTHDYNE INC,46455,3845
9668B,HECHINGER CO  -CL A,46517,5211
HMYRQ,HEILIG-MEYERS CO,46601,5712
HNW.1,HEIN-WERNER CORP,46613,3559
HEI,HEICO CORP,46619,3724
AIH.2,ABLEST INC,46653,7363
3RGEQ,REGENCY EQUITIES CORP,46656,6512
HELX.1,HELIX TECHNOLOGY CORP,46709,3560
HF.2,HELLER FINANCIAL INC,46738,6153
HP,HELMERICH & PAYNE,46765,1381
HPC,HERCULES INC,46989,2890
HRLY,HERLEY INDUSTRIES INC/DE,47035,3812
HSY,HERSHEY CO,47111,2060
HPQ,HP INC,47217,3570
3TRDXQ,TRIDEX CORP,47254,7372
3HISR,HI-SHEAR INDUSTRIES,47268,9995
HIB,HIBERNIA CORP  -CL A,47288,6020
CRAWA,CRAWFORD UNITED CORP,47307,3490
HRC,HILL-ROM HOLDINGS INC,47518,2590
HIP,HIPOTRONICS INC,47647,3825
HTHIY,HITACHI LTD,47710,9997
HDGH,HODGSON HOUSES INC,47800,2452
HOE,HOECHST AG,47824,2800
3VTSC,VIRAL TESTING SYSTEMS CORP,48107,2835
HBENB,HOME BENEFICIAL CORP  -CL B,48174,6311
HO,HOME OIL CO LTD,48216,1311
3DOVRA,DOVER INVESTMENT CP  -CL A,48272,1531
HMCQE,HOMESTEAD MINERALS CORP,48276,1400
HNI,HNI CORP,48287,2522
HON.Z,HONEYWELL INC,48305,3822
HRL,HORMEL FOODS CORP,48465,2011
WYNT,WYANT CORP,48569,2670
0780B,HOUGHTON MIFFLIN CO,48638,2731
HOW.,HOWELL INDUSTRIES INC,48824,3460
HUBB,HUBBELL INC,48898,3640
HGC.1,HUDSON GENERAL CORP,48948,4581
HUG,HUGHES SUPPLY INC,49029,5070
HUM,HUMANA INC,49071,6324
HUPH,HUMPHREY INC,49101,3812
HUN.2,HUNT CORP,49146,3579
HBAN,HUNTINGTON BANCSHARES,49196,6020
SCNYB,SAUCONY INC  -CL B,49401,3021
WTR.2,AQUARION CO,49423,4941
HFLM,HYDRO FLAME CORP,49438,3433
FMYR,FAMILY ROOM ENTMT CORP,49444,7812
LPHIQ,LIFE PARTNERS HOLDINGS INC,49534,6411
ICHP,ICH CORP,49588,5812
EGP,EASTGROUP PROPERTIES,49600,6798
IEC,IEC ELECTRONICS CORP,49728,3672
DIN,DINE BRANDS GLOBAL INC,49754,6794
ITW,ILLINOIS TOOL WORKS,49826,3560
IMP.1,IMPERIAL BANCORP,49899,6020
ICIYY,ICI-IMPERIAL CHEM INDS PLC,49906,2800
IPII,IMPERIAL INDUSTRIES INC,49930,5030
IMO,IMPERIAL OIL LTD,49938,2911
IIS,CIGNA INVESTMENT SECURITIES,49975,6726
INCLF,INCO LTD,49996,3330
ANDV,ANDEAVOR,50104,2911
INBF,INB FINANCIAL CP,50200,6020
IACI.,INDUSTRIAL ACOUSTICS CO INC,50253,3569
IEHC,IEH CORP,50292,3678
FBF,FLEETBOSTON FINANCIAL CORP,50341,6020
3NATC.,NATEC RESOURCES INC,50361,1400
3INFD,INFODATA SYSTEMS INC,50420,7370
TRAK,REPOSITRAK INC,50471,7370
IMKTA,INGLES MARKETS INC  -CL A,50493,5411
INTO,INITIO INC,50505,8742
IIII.1,INNOTECH INC,50587,3559
INVX.1,INNOVEX INC,50601,3674
JAV,JAVELIN PHARMACEUTICALS INC,50710,2834
ISN.1,INSTRON CORP,50716,3829
GFF,GRIFFON CORP,50725,3420
INTP.1,INTERPOINT CORP,50842,3679
INTC,INTEL CORP,50863,3674
DRC.2,DAIN RAUSCHER CORP,50916,6211
FBNIQ,FURNITURE BRANDS INTL INC,50957,2510
IGLC,INTEK GLOBAL CORP,50977,5065
ILCO.1,INTERCONTINENTAL LIFE CORP,50982,6311
INTR.2,INTERMEC CORP,51017,3577
IAL,INTERNATIONAL ALUMINUM CORP,51103,3442
3ABNTQ,AMERICAN BANKNOTE CORP,51124,2750
IBM,INTL BUSINESS MACHINES CORP,51143,7370
INDQA,INTL DAIRY QUEEN  -CL A,51207,5140
IFF,INTL FLAVORS & FRAGRANCES,51253,2860
MKG,MALLINCKRODT INC,51396,3842
IMC.1,INTL MULTIFOODS CORP,51410,2040
IP,INTL PAPER CO,51434,2631
IRPPF,INTERNATIONAL PETROLEUM CORP,51442,1311
GRXR,GROUND ROUND RESTAURANT,51467,5812
IRDVQ,INTL RESEARCH & DEV CORP,51497,8731
RRT,RESOURCE RECYCLING TECH,51519,5090
ISCA,INTL SPEEDWAY CORP  -CL A,51548,7948
IPG,INTERPUBLIC GROUP OF COS,51644,7311
IPW.1,INTERSTATE POWER CO,51720,4931
CORSQ,CORUS BANKSHARES INC,51939,6020
WNMLA,WINMILL & CO INC  -CL A,52234,6282
ION.2,IONICS INC,52466,3559
IBP.1,IBP INC,52477,2011
IWG,IOWA-ILLINOIS GAS & ELEC,52491,4931
EYE.2,STERLING OPTICAL CORP,52522,5990
MYAG,MERCURY AIR GROUP INC,52532,5172
SHOS.1,SOUTHERN HOSPITALITY,52552,5812
3IXTC,IRT CORP,52589,3844
IRWNQ,IRWIN FINANCIAL CORP,52617,6020
RSTF,SUNRESORTS LTD  -CL A,52677,7011
IOMT,ISOMET CORP,52708,3577
IICR,IIC INDUSTRIES INC,52741,5080
AXE,ANIXTER INTL INC,52795,5065
RYN,RAYONIER INC,52827,6798
ILHL,INTL LEISURE HOSTS,52935,7011
JCLY,JACLYN INC,52969,2300
JACO,JACO ELECTRONICS INC,52971,5065
J,JACOBS SOLUTIONS INC,52988,8700
JCBSQ,JACOBSON STORES,53025,5311
FJ,FORT JAMES CORP,53117,2621
JMYCQ,JAMESWAY CORP,53134,5331
JAYA,JAYARK CORP,53260,5065
SMFR.1,SUMMIT FAMILY RESTAURNTS INC,53281,5812
JBNC,JEFFERSON BANCORP INC,53316,6020
JP.1,JEFFERSON-PILOT CORP,53347,6311
NWBA,NEW BASTION DEVELOPMENT INC,53500,6552
ANI.1,AUDIO COMMUNICATIONS NETWORK,53678,7389
JPC.1,JOHNSON PRODUCTS,53748,2844
JOSL,JOSLYN CORP,54045,3620
JOSEA,JOSTENS INC,54050,3911
3CECN,CEC INDUSTRIES CORP,54175,1531
JSTN,JUSTIN INDUSTRIES,54182,3250
MAYS,MAYS (J.W.) INC,54187,6512
KTLI,K-TEL INTERNATIONAL,54193,6794
KHLR.,KAHLER CORP,54235,7011
KAMN,KAMAN CORP,54381,3720
FRM,FURMANITE CORP,54441,1700
KCLI,KANSAS CITY LIFE INS CO,54473,6311
KSU,KANSAS CITY SOUTHERN,54480,4011
WR1,KANSAS GAS & ELECTRIC CO,54496,4911
KATYQ,KATY INDUSTRIES INC,54681,9995
SAI.1,SUNAMERICA INC,54727,6311
HWK.4,KAUFMAN HW FINANCIAL GROUP,54750,6411
KEA,KEANE INC,54883,7371
KEI,KEITHLEY INSTRUMENTS INC,54991,3825
K,KELLANOVA,55067,2040
KWD,KELLWOOD CO,55080,2330
KELYA,KELLY SERVICES INC  -CL A,55135,7363
KEM.1,KEMPER CORP,55195,6311
KMT,KENNAMETAL INC,55242,3540
IHRC,INVESTORS HERITAGE CAP CORP,55362,6311
3KNWNE,KENWIN SHOPS INC,55393,5621
KGM,KERR GROUP INC,55454,3089
KCH.1,KETCHUM & CO,55510,5122
KEQU,KEWAUNEE SCIENTIFIC CORP,55529,3821
KYCN,KEYSTONE CONS INDUSTRIES INC,55604,3312
KII.,KEYSTONE INTERNATIONAL,55642,3490
KIDD,FIRST YEARS INC,55698,3080
KPI.2,KILLEARN PROPERTIES INC,55742,6552
KBAL,KIMBALL INTERNATIONAL  -CL B,55772,2520
KMB,KIMBERLY-CLARK CORP,55785,2621
NGAC.1,NORTH AMER GALV & COATINGS,55805,3470
ESGR.,ENSTAR GROUP INC,55820,6799
KEX,KIRBY CORP,56047,4400
KTMC,KIT MANUFACTURING,56151,3790
KLRT,KLEINERTS INC,56252,2300
KLMR,KLM ROYAL DUTCH AIRLINES,56316,4512
3KMSIE,KMS INDUSTRIES INC,56356,8731
KNAP,KNAPE & VOGT MFG CO,56362,2540
KNO.1,KNOGO CORP,56439,3669
KOL.1,KOLLMORGEN CORP,56583,3621
KFY,KORN FERRY,56679,7361
KOSS,KOSS CORP,56701,3651
KRSL,KREISLER MANUFACTURING CORP,56806,3724
3KRLZE,KRELITZ INDUSTRIES INC,56808,5122
PNRG,PRIMEENERGY RESOURCES CORP,56868,1311
RFDS,RYMER FOODS INC,56871,2013
KR,KROGER CO,56873,5411
KUH,KUHLMAN CORP,56955,3510
KLIC,KULICKE & SOFFA INDUSTRIES,56978,3559
3KUSTE,KUSTOM ELECTRONICS INC,57041,9995
KVPHQ,K V PHARMACEUTICAL  -CL A,57055,2834
KYOCY,KYOCERA CORP,57083,3674
LZB,LA-Z-BOY INC,57131,2510
LB.1,LA BARGE INC,57139,3812
3LCLDQ,LACLEDE STEEL CO,57187,3312
QTRAQ,QUENTRA NETWORKS INC,57201,4813
LMS,LAMSON & SESSIONS CO,57497,3640
MZTI,MARZETTI CO (THE),57515,2030
LNCE,SNYDERS-LANCE INC,57528,2052
LANZ,LANCER ORTHODONTICS INC,57538,3843
LCINQ,LANNETT CO INC,57725,2834
LAW.1,LAWTER INTERNATIONAL INC,58091,2821
LCSI,LCS INDUSTRIES INC,58151,7331
LRIO,LEARONAL INC,58172,2890
LDVL,LEADVILLE CORP,58204,6795
8236B,ACTION STAFFING INC,58254,7363
LEE,LEE ENTERPRISES INC,58361,2711
LEG,LEGGETT & PLATT INC,58492,2510
FMDG.1,FIRST MEDICAL GROUP INC,58526,8011
FOURQ,4LICENSING CORP,58592,6794
ANV.1,AEROQUIP-VICKERS INC,59198,3490
LC.1,LIBERTY CORP,59229,4833
LIBHA,LIBERTY HOMES  -CL A,59240,2452
VHI,VALHI INC,59255,2810
VGR,VECTOR GROUP LTD,59440,2111
LLY,LILLY (ELI) & CO,59478,2834
LI.1,LILLY INDS INC  -CL A,59479,2851
LINB,LIN BROADCASTING,59498,4812
LECO,LINCOLN ELECTRIC HLDGS INC,59527,3540
LFIN.,LINCOLN FINANCIAL CORP,59532,6020
LNC,LINCOLN NATIONAL CORP,59558,6311
LND.1,LINCOLN NATIONAL INCOME FUND,59560,6726
LNDL,LINDAL CEDAR HOMES INC,59591,2452
LIND.1,LINDBERG CORP,59593,3390
UTDL,UNITED LEISURE CORP,59684,5810
3LIOC.,LIONEL CORP,59696,5945
FUNW,LITTLEFIELD ADAMS & CO,59870,5130
LIT.1,LITTON INDUSTRIES INC,59880,3730
LOC,LOCTITE CORP,60041,2891
L,LOEWS CORP,60086,6331
LGMTA,LOGIMETRICS INC  -CL A,60128,3663
LCE,LONE STAR INDUSTRIES,60195,3241
LFB,LONGVIEW FIBRE CO,60302,2650
LOR.2,LORAL CORP,60357,3812
LLX.,LOUISIANA LAND & EXPLORATION,60512,1311
LPX,LOUISIANA-PACIFIC CORP,60519,2400
CLG.2,COLONIAL GAS CO,60653,4924
LOW,LOWE'S COS INC,60667,5211
LXU,LSB INDUSTRIES INC,60714,2810
LTVCQ,LTV CORP,60731,3312
LZ.1,LUBRIZOL CORP,60751,2990
LUFK,LUFKIN INDUSTRIES INC,60849,3533
LUC.1,LUKENS INC,60860,3312
CYBI,CYBEX INTERNATIONAL INC,60876,3949
ATPX,ADV TECHNICAL PRODUCTS INC,60911,3460
LDL,LYDALL INC,60977,3714
LGL,LGL GROUP INC,61004,3679
MRD.1,MACDERMID INC,61138,2890
MMBL,MACMILLAN BLOEDEL LTD,61265,2400
TELL,TELLURIAN INC,61398,1311
MCU.1,MAGMA COPPER CO,61425,3330
AMGIA,ASCENT MEDIA GROUP INC,61442,7819
ADCT.1,ADC TELECOMMUNICATIONS INC,61478,3661
ARWM,ARROW MAGNOLIA INTL INC,61494,2851
MAJR.,MAJOR REALTY CORP,61666,6552
RBW.1,R B & W CORP,61927,5072
7554B,MANHATTAN NATIONAL CORP,61952,6311
MTW,MANITOWOC CO,61986,3530
MHC.1,MANUFACTURERS HANOVER CORP,62119,6020
MNTL.1,MANUFACTURERS NATIONAL CORP,62126,6020
MDA.1,MAPCO INC,62142,2911
MCS,MARCUS CORP,62234,7830
SUMX,SUMMA INDUSTRIES,62262,3089
MARPS,MARINE PETROLEUM TRUST,62362,6792
MKC.1,MARION MERRELL DOW INC,62391,2834
IV.,MARK IV INDUSTRIES INC,62418,3714
MFAC.1,MARKET FACTS INC,62465,8700
MARQ,MARQUETTE MEDICAL SYS,62675,3845
MMC,MARSH & MCLENNAN COS,62709,6411
MARSB,MARSH SUPERMARKETS  -CL B,62737,5411
MI.6,MARSHALL INDUSTRIES,62765,5065
MNC.2,MNC FINANCIAL INC,62973,6020
MAS,MASCO CORP,62996,3430
VAT,VARITY CORP,63118,3714
PCRHY,PANASONIC HOLDINGS CORP,63271,3600
MAT,MATTEL INC,63276,3942
MATW,MATTHEWS INTL CORP  -CL A,63296,3990
MLP,MAUI LAND & PINEAPPLE CO,63330,6552
MAY.2,MAY DEPARTMENT STORES CO,63416,5311
MAYP10,HALL FINANCIAL GROUP,63436,6510
MAYF,MAYFLOWER GROUP INC/IN,63506,4210
MOIL,MAYNARD OIL CO,63528,1311
MYG.1,MAYTAG CORP,63541,3630
MCCL,MCCLAIN INDUSTRIES INC,63686,3443
MKC,MCCORMICK & CO INC,63754,2090
MAXX,MAXXAM INC,63814,6500
MCD,MCDONALD'S CORP,63908,5812
MD.1,MCDONNELL DOUGLAS CORP,63917,3721
MCFE.1,MCFARLAND ENERGY INC,63959,1311
SPGI,S&P GLOBAL INC,64040,7323
MCIC.,MCI COMMUNICATIONS,64079,4813
3MGRP.,MORTON INDUSTRIAL GRP INC,64247,3444
MMR,MCMORAN EXPLORATION CO,64279,1311
3BOTN,BOUTON CORP,64382,3851
SLNH,SOLUNA HOLDINGS INC,64463,7372
GENC,GENCOR INDUSTRIES INC,64472,3567
MDIN.,MEDALIST INDS,64493,3452
LMRK.1,LIFEMARK CORP,64507,6324
0575B,MEDEX INC -REDH,64513,3841
CMPX.1,COMPEX TECHNOLOGIES INC,64578,3845
MSA.2,MEDUSA CORP,64674,3241
MEL.3,MELLON FINANCIAL CORP,64782,6020
CVS,CVS HEALTH CORP,64803,8000
MEM.2,MEM CO,64807,2844
MNT,MENTOR CORP,64892,3842
MTL.3,MERCANTILE BANCORPORATION,64907,6020
MRBK.1,MERCANTILE BANKSHARES CORP,64908,6020
MST.,MERCANTILE STORES CO INC,64923,5311
MCHN.1,MERCHANTS NATIONAL CORP,64970,6020
MCY,MERCURY GENERAL CORP,64996,6331
MDP,MEREDITH CORP,65011,2721
BAC2,MERRILL LYNCH & CO INC,65100,6211
MSB,MESABI TRUST,65172,6795
MCCK,MESTEK INC,65195,3585
MPR,MET-PRO CORP,65201,3564
ANRR,ANTARES RESOURCES CORP,65202,3790
TIPS,TIANRONG INTERNET PRDS & SRV,65231,9995
MEI,METHODE ELECTRONICS INC,65270,3678
8227B,HOMEFREE VILLAGE RESORTS,65291,6531
EVI,EVI INDUSTRIES INC,65312,5080
UCAP,UNITED CAPITAL CORP,65358,7011
MXF,MEXICO FUND INC,65433,6726
SIEB,SIEBERT FINANCIAL CORP,65596,6211
MFCB.1,MICHIGAN FINANCIAL CORP,65637,6020
MNCO,MICHIGAN NATIONAL CORP,65660,6020
MBC.2,MICKELBERRY COMMUNICATIONS,65705,2750
MCDY,MICRODYNE CORP,65743,3663
AMTX.,AMATI COMMUNICATIONS CORP,65745,3576
MVIS,MICROVISION INC,65770,3679
MAI.1,M/A-COM INC,65771,3679
MPDI,MICROWAVE PWR DEVICES INC/DE,65781,3663
3MAML,MID-AMERICAN LINES INC,65820,4213
AT.2,ALLTEL CORP,65873,4812
ETR,ENTERGY CORP,65984,4911
MSEX,MIDDLESEX WATER CO,66004,4941
MLAN.1,MIDLAND CO,66025,6331
EFU1,MIDLAND ENTERPRISES INC,66029,4400
TSFC,TRIBUNE/SWAB-FOX COS  -CL A,66109,2721
MGRY.,MILGRAY ELECTRONICS INC,66270,5065
MLKN,MILLERKNOLL INC,66382,2520
MXC,MEXCO ENERGY CORP,66418,1311
MIL.2,MILLIPORE CORP,66479,3826
MILAA,MILASTAR CORP,66544,3390
MSA,MSA SAFETY INC,66570,3842
COCA.,COCA MINES INC,66627,1040
MGN.2,MINES MANAGEMENT INC,66649,1000
MMM,3M CO,66740,9997
ALE,ALLETE INC,66756,4931
MSPIQ,MISSISSIPPI CHEMICAL CORP,66895,2870
ILA,AQUILA INC,66960,4931
3MRESE.,MRL INC,66965,3621
MUFG,MITSUBISHI UFJ FINANCIAL GRP,67088,6020
MITSY,MITSUI & CO LTD,67099,5000
MOB.2,MOBIL CORP,67182,2911
FORUE,FORTUNE FINANCIAL INC,67199,6331
MBLE,MOBILE GAS SERVICE CORP,67212,4924
DY,DYCOM INDUSTRIES INC,67215,1623
MH.1,MHI GROUP INC,67217,7200
MOCO,MOCON INC,67279,3829
MOD,MODINE MANUFACTURING CO,67347,3585
MGEN.1,MICRO GENERAL CORP,67383,7372
MOLX,MOLEX INC,67472,3678
0602B,PIERRE FOODS INC,67494,2030
MON.5,MONARCH CAPITAL CP/MA,67516,6411
GWOW,GENESIS WORLDWIDE INC-OLD,67532,3540
MONM,MONMOUTH CAPITAL CORP,67618,6798
MNR.2,MONMOUTH RE INVESTMENT CP,67625,6798
PHA.1,PHARMACIA CORP,67686,2834
MDU,MDU RESOURCES GROUP INC,67716,4932
MTP.1,MONTANA POWER CO,67727,4931
MTS,MONTGOMERY STREET INCOME SEC,67813,6726
MOG.A,MOOG INC  -CL A,67887,3728
MWI,MOORE WALLACE INC,67931,2761
MORP,MOORE PRODUCTS CO,67975,3823
MORF.1,MOR-FLO INDS,68013,3630
JPM.Z,MORGAN (J P) & CO,68100,6020
MRFD,MORGANS FOODS INC,68145,5812
RT,RUBY TUESDAY INC,68270,5812
MGI.4,MGI PROPERTIES,68330,6798
AINVS,AMERIBANC INVESTORS GROUP,68336,6035
CDD,CORDANT TECHNOLOGIES INC,68366,3320
MOSI,MOSINEE PAPER CORP,68412,2621
PRES.,PRESERVER GROUP INC,68480,6331
MSI,MOTOROLA SOLUTIONS INC,68505,3663
3FOURQ,FOURTHSTAGE TECHNOLOGIES INC,68619,7373
MSI.2,MOVIE STAR INC,68649,2340
MTSC,MTS SYSTEMS CORP,68709,3829
MUEL,MUELLER (PAUL) CO,68726,3443
MLTF,MULTIBANK FINANCIAL,68803,6020
MMEDC,MULTIMEDIA INC,68813,4841
MKNLA,MULTNOMAH KENNEL CLUB  -CL A,68851,7948
WEAR.1,PREMIUMWEAR INC,69067,2320
MUO,PIONEER INTEREST SHS INC,69407,6726
INTG,INTERGROUP CORP,69422,7011
MYE,MYERS INDUSTRIES INC,69488,3089
NLC.2,NALCO CHEMICAL CO,69598,2890
HYBE,HYBRID ENERGY HOLDINGS INC,69623,5047
NSSC,NAPCO SECURITY TECH INC,69633,3669
NAFC,NASH FINCH CO,69671,5141
NSHA,NASHUA CORP,69680,2670
NATH,NATHAN'S FAMOUS INC,69733,2013
NBT,NATIONAL BANCSHARES CORP/TX,69834,6020
FIZZ,NATIONAL BEVERAGE CORP,69891,2086
CFL.1,CORESTATES FINANCIAL CORP,69952,6020
NCH,NCH CORP,69960,2842
NCBM,NATIONAL CITY BANCORP/MN,69968,6020
NCC,NATIONAL CITY CORP,69970,6020
NLCS,NATIONAL COMPUTER SYS INC,69999,7374
NDC,NDCHEALTH CORP,70033,6411
FCN.1,FIRST CHICAGO NBD CORP,70040,6020
CUE.1,QUANTUM CHEMICAL CORP,70047,2821
NFG,NATIONAL FUEL GAS CO,70145,4924
NHDI,NHD STORES INC,70182,5200
NHCS,NATIONAL HEALTH CARE SYSTEMS,70184,6324
3EGITE,EMPIRE GOLD INC,70202,1040
3ADLN,ANDAL CORP,70262,9995
THC,TENET HEALTHCARE CORP,70318,8062
NMIC,NATIONAL MICRONETICS INC,70333,9995
HSTG,E4L INC,70412,5961
GPX,GP STRATEGIES CORP,70415,8200
3NAPE,NATIONAL PROPERTIES CORP,70453,6512
NRC,NATIONAL RESEARCH CORP,70487,7389
NSM.2,NATIONAL SEMICONDUCTOR CORP,70530,3674
NSI.1,NATIONAL SERVICE INDS INC,70538,7200
VBIP,VALLEY BANCORP INC PA,70670,6020
0170A,NBTY INC,70793,2834
BAC,BANK OF AMERICA CORP,70858,6020
VYX,NCR VOYIX CORP,70866,7372
TNM.,NELSON (THOMAS) INC,71023,2731
3NWRKE,NETWORKS ELECTRONICS CORP,71106,3562
NGNA,NEUTROGENA CORP,71125,2844
NBSC,NEW BRUNSWICK SCIENTIFIC INC,71241,3821
NES.2,NEW ENGLAND ELECTRIC SYSTEM,71297,4911
CES,COMMONWEALTH ENERGY SYSTEM,71304,4911
LIPD,LIPID SCIENCES INC,71478,2836
BL.1,BLAIR CORP,71525,5961
3NYTG,NEW YORK TESTING LABS INC,71690,8734
NYT,NEW YORK TIMES CO  -CL A,71691,2711
NER.3,NEWCOR INC,71745,3714
NPKI,NPK INTERNATIONAL INC,71829,7359
NEWE,NEWPORT ELECTRONICS INC,71842,3825
SHRT.1,SHIRT SHED INC,71894,2390
PHSE.1,PHARMHOUSE CORP,71985,5912
NIC.1,NICOLET INSTRUMENT,72013,3826
GAS.2,NICOR INC,72020,4924
NIPNY,NEC CORP,72127,7373
NL,NL INDUSTRIES,72162,3562
NOBH,NOBILITY HOMES INC,72205,2451
NBL,NOBLE ENERGY INC,72207,1311
NOLD,NOLAND CO,72243,5070
8634B,NORCEN ENERGY RES,72302,1311
NRDSQ,NORD RESOURCES CORP,72316,1000
NDSN,NORDSON CORP,72331,3569
JWN,NORDSTROM INC,72333,5651
NRRD,NORSTAN INC,72418,7385
0131A,NORTEK HOLDINGS INC,72423,2430
VXRT,VAXART INC,72444,2836
NAMC.,NORTH AMERICAN NATIONAL CORP,72514,6311
MOV,MOVADO GROUP INC,72573,3873
NATL.1,NAI TECHNOLOGIES INC,72575,3571
NCD.,NORTH CANADIAN OILS LTD,72589,5172
NCG.2,NORTH CAROLINA NATURAL GAS,72596,4923
NRT,NORTH EUROPEAN OIL RTY TR,72633,6792
NLMC,NORTH LILY MINING CO,72655,6532
ES,EVERSOURCE ENERGY,72741,4931
XEL,XCEL ENERGY INC,72903,4931
NRTLQ,NORTEL NETWORKS CORP,72911,9995
NXG.1,NORTHGATE MINERALS CORP,72931,1040
WFC,WELLS FARGO & CO,72971,6020
BVII,BROADVIEW INSTITUTE INC,73048,8200
NWSW,NORTHWESTERN STL&WIRE,73093,3312
NTRS,NORTHERN TRUST CORP,73124,6020
BMRA,BIOMERICA INC,73290,2835
QUAD.1,QUADREX CORP,73299,2860
NUE,NUCOR CORP,73309,3312
NMC.2,NUMAC ENERGY INC,73330,1311
ATLG,ATLANTIC GROUP INC,73382,9995
OAK.,OAK INDUSTRIES INC,73568,3678
OKWHQ,OAKWOOD HOMES CORP,73609,2451
ODR,OCEAN DRILLING & EXPLORATION,73722,1311
OII,OCEANEERING INTERNATIONAL,73756,1389
OICO,O I CORP,73773,3826
HZHI,HORIZON HLDGS INTL CORP,73779,6500
STRD.1,STRATEGIC DISTRIBUTION INC,73822,5080
OEA,OEA INC,73864,3714
CVGYQ,COVANTA ENERGY CORP,73902,4991
OART,OHIO ART CO,73942,3944
OCAS,OHIO CASUALTY CORP,73952,6331
ODC,OIL DRI CORP AMERICA,74046,3290
OLGR,OILGEAR CO,74058,3590
TOS.1,TOSCO CORP,74091,2911
UDR,UDR INC,74208,6798
ORI,OLD REPUBLIC INTL CORP,74260,6331
WSTW,WESTWORLD RESOURCES INC,74278,1311
OLN,OLIN CORP,74303,2810
RCAP.1,RE CAPITAL CORP,74347,6331
DPKG,DOLCO PACKAGING CORP,74374,3086
OLS,OLSTEN CORP,74386,7363
FRST.1,FIRSTIER FINANCIAL INC,74431,6020
ONEI.,ONEIDA LTD,74585,3910
OPP910,OPPENHEIMER INDUSTRIES INC,74664,6532
MMD.1,MOORE MEDICAL CORP,74691,5047
OCLI,OPTICAL COATING LAB INC,74697,3827
ORCO,OPTICAL RADIATION CORP,74702,3851
ED2,ORANGE & ROCKLAND UTILITIES,74778,4931
AICIQ,ACCEPTANCE INSURANCE COS INC,74783,6331
OGHS,ORCO INC,74816,4400
ORBT,ORBIT INTERNATIONAL CORP,74818,3812
OREM,OREGON METALLURGICAL CORP,74856,3350
OHC.B,ORIOLE HOMES CORP  -CL B,74928,1531
OC.1,ORION CAPITAL CORP,74931,6331
GOSHA,OSHKOSH B'GOSH INC  -CL A,75042,2300
OSH.1,OSHMANS SPORTING GOODS,75043,5940
OSM.1,OSMONICS INC,75049,3569
OSL.,O'SULLIVAN CORP,75072,3081
JKPT,MILLS JENNINGS CO,75136,3990
9975B,OUTBOARD MARINE CORP,75149,3510
3OMCOQ,OVERMYER CORP,75189,3320
OSG.1,OVERSEAS SHIPHOLDING GROUP,75208,4412
ACH,ACCENDRA HEALTH INC,75252,5047
OXM,OXFORD INDUSTRIES INC,75288,2300
PFIN,P & F INDUSTRIES  -CL A,75340,3540
PCAR,PACCAR INC,75362,3711
PAI,WESTERN ASST INV GRD INCM FD,75398,6726
PABC,PACIFIC BANCORPORATION,75417,6020
NSO,NSTOR TECHNOLOGIES INC,75448,3572
PCG3,PG&E GAS TRANSMISSION NW,75491,4922
MEC2,PACIFICORP,75594,4911
PSX.1,PACIFIC SCIENTIFIC CO,75608,3621
ZMX,ZEMEX CDA CORP,75644,1400
PKG,PACKAGING CORP OF AMERICA,75677,2650
PXR.1,PAXAR CORP,75681,2750
PWJ.,PAINE WEBBER GROUP,75754,6211
PLL.1,PALL CORP,75829,3569
PAMX,PANCHOS MEXICAN BUFFET INC,75929,5812
PTLX,PATLEX CORP,76057,6794
PARF,PARADISE INC,76149,2060
PDYN.1,PARADYNE NETWORKS INC,76174,3576
PKE,PARK AEROSPACE CORP,76267,3672
PKOH,PARK OHIO HOLDINGS CORP,76282,5072
PKDC,PARKER DRILLING CO,76321,1381
PH,PARKER-HANNIFIN CORP,76334,3490
PATK,PATRICK INDUSTRIES INC,76605,3714
3HOGL,HONDO OIL & GAS CO,76696,1311
PYF,PAY-FONE SYSTEMS INC,76728,7374
PAYC.1,PAYCO AMERICAN CORP,76741,7320
PCSH,PAYLESS CASHWAYS,76744,5211
0431B,PORTRAIT CORP OF AMERICA INC,76791,7200
RPRS,REPUBLIC RESOURCES INC,76878,8711
IEC.1,PEC ISRAEL ECONOMIC CORP,76888,5084
3PLSUE,PEERLESS TUBE CO,76958,3411
PNN.2,PENN ENGR & MFG CORP,77106,3452
PTFCQ,PENN TRAFFIC CO,77155,5411
ROCC,RANGER OIL CORPORATION,77159,1311
PNT.1,PENNSYLVANIA ENTERPRISES INC,77231,4924
PRETQ,PENNSYLVANIA RE INVS TRUST,77281,6798
PZE.1,PENNZENERGY CO,77320,1311
PSO.1,PENOBSCOT SHOE,77326,3140
PNR,PENTAIR PLC,77360,3561
PBKB,PEOPLES BANCSHARES INC/MA,77371,6036
PGL.1,PEOPLES ENERGY CORP,77385,4924
PBY.1,PEP BOYS-MANNY MOE & JACK,77449,5531
PEP,PEPSICO INC,77476,2080
TPC,TUTOR PERINI CORP,77543,1600
ABI.3,APPLIED BIOSYSTEMS INC,77551,2835
SEH,SPARTECH CORP,77597,3080
PDS.,PERRY DRUG STORES,77628,5912
PT.1,PET INC,77709,2000
PHH.1,PHH CORP,77776,6162
3PSTLS,PETRIE STORES LIQUIDATION TR,77808,5621
CADD,CADDO INTERNATIONAL INC,77864,1311
PDCE,PDC ENERGY INC,77877,1311
PLIT,PETROLITE CORP,77943,2890
PTRO,PETROMINERALS CORP,77952,1311
PETT,PETTIBONE CORP,77969,3537
PFE,PFIZER INC,78003,2834
PD.1,PHELPS DODGE CORP,78066,3330
WTRG,ESSENTIAL UTILITIES INC,78128,4941
PHI,PLDT INC,78150,4812
PVH,PVH CORP,78239,2300
AMSR,AMSERV HEALTHCARE INC,78302,8082
APLC,AMERICAN PLASTICS & CHEM,78319,2810
MFI.1,MACFRUGALS BARGAINS,78384,5331
DUK1,PIEDMONT NATURAL GAS CO,78460,4924
DINE,REWARDS NETWORKS INC,78536,7389
PKT.1,PINKERTONS INC,78666,7381
PIO.1,PIONEER CORP,78706,3651
PHB.1,PIONEER HI-BRED INTERNATIONL,78716,100
AGYS,AGILYSYS INC,78749,7372
PBI,PITNEY BOWES INC,78814,3579
PDM.1,PITT-DES MOINES INC,78853,5051
BCO,BRINKS CO,78890,7381
MAXC.,MAXCO INC,78966,6510
PLEN,PLENUM PUBLISHING CORP,79166,2721
PGI.1,PLY-GEM INDUSTRIES,79209,2430
PYRAQ,PLYMOUTH RUBBER  -CL A,79225,3060
VLP.2,VALUE PROPERTY TRUST,79259,6798
BRO,BROWN & BROWN INC,79282,6411
PRDCQ,PRIMARY PDC INC,79326,3861
PPRI,POLORON PRODUCTS INC,79388,2452
PROAQ,POLYMER RESEARCH CORP OF AM,79424,8731
POR.1,PORTEC INC,79570,3537
PGN.3,PORTLAND GENERAL CORP,79636,4911
POSS,POSSIS MEDICAL INC,79677,3841
PPG,PPG INDUSTRIES INC,79879,2851
POY,PRAIRIE OIL ROYALTIES CO LTD,79898,1311
PLU.1,PRATT & LAMBERT UNITED INC,79920,2851
PCP,PRECISION CASTPARTS CORP,79958,3728
PLPC,PREFORMED LINE PRODUCTS CO,80035,3640
3AWRI,AMERICAN WATER RESOURCES INC,80040,6532
PRE.5,PREMIER INDUSTRIAL CP,80051,5065
PLFE,PRESIDENTIAL LIFE CORP,80124,6311
3PDOAQ,PRESIDIO OIL,80134,1311
NPK,NATIONAL PRESTO INDS INC,80172,3480
PSSP,PRICE/STERN/SLOAN INC,80252,2731
CVN.2,COMPUTERVISION CORP,80285,7372
PDQ.2,PRIME HOSPITALITY CORP,80293,7011
PAMC.1,PRINCETON AMERICAN CORP,80324,6512
WNAT,WESTBRAE NATURAL INC,80418,5140
POWL,POWELL INDUSTRIES INC,80420,3613
PG,PROCTER & GAMBLE CO,80424,2840
PGSM,PROGRAMMING & SYSTEMS INC,80630,8200
PGR,PROGRESSIVE CORP-OHIO,80661,6331
PS.1,PROLER INTERNATIONAL CORP,80693,3312
PUBO,PUBCO CORP,80984,3950
SCG2,PUBLIC SERVICE CO OF N C,81025,4924
CARD.1,PUBLICARD INC,81050,3690
DRNK.1,CABLE CAR BEVERAGE CORP,81057,2086
3PRNC,PUERTO RICAN CEMENT CO INC,81076,3270
PLFC,PULASKI FURNITURE CORP,81112,2511
PGAI,PGI INC,81157,6532
PBEN,PURITAN-BENNETT CORP,81199,3842
8292B,PURITY SUPREME INC,81214,5411
PVCO,PVC CONTAINER CORP,81288,3080
YUMA.1,YUMA ENERGY INC -OLD,81318,1311
KWR,QUAKER HOUGHTON,81362,2990
OAT.,QUAKER OATS CO,81371,2040
KSF.1,QUAKER STATE CORP,81381,2911
QUAN.,QUANTRONIX CORP,81426,3690
QBCRF,QUEBECOR INC  -CL B,81465,4812
RTIIQ,RTI INC,81699,3585
MJR,MAJOR GROUP INC,81700,6531
BRD.3,RAGAN (BRAD) INC,81764,5531
3RAGN,RAGEN CORP,81766,3559
RAL.,RALSTON PURINA CO,81870,2040
RMPO,RAMAPO FINANCIAL CORP,81893,6020
RAND,RAND CAPITAL CORP,81955,6797
USLM,U S LIME & MINERALS,82020,1400
RGO,RANGER OIL LTD,82035,1311
RAVN,RAVEN INDUSTRIES INC,82166,3080
RYC.,RAYCHEM CORP,82206,3640
RACM.,RAYCOMM TRANSWORLD,82213,7363
RAYM,RAYMOND CORP,82231,3537
GRIF.,GRIFFIN TECHNOLOGY INC,82295,3570
RCT.1,REAL ESTATE INVEST/CA,82373,6798
ORCG,OAK RIDGE CAPITAL GROUP INC,82409,1520
IHT,INNSUITES HOSPITALITY TR,82473,6798
REC.2,RECOGNITION INTL INC,82523,7373
RCOTQ,RECOTON CORP,82536,3651
SYMM,SYMMETRICOM INC,82628,3661
RDMN,REDMAN INDUSTRIES INC,82666,2451
RCE.1,REECE CORP,82696,3559
REF,REFAC OPTICAL GROUP,82788,7389
RRX,REGAL REXNORD CORP,82811,3621
RGCY,RELM COMMUNICATIONS,82845,3663
UPET,UNITED PETROLEUM CORP,82925,7500
RLIFA,RELIABLE LIFE INS CO  -CL A,83034,6311
VOIT,VOIT CORP,83082,5090
RAUT,REPUBLIC AUTOMOTIVE PARTS,83194,5013
RGC.2,REPUBLIC GROUP INC,83226,3270
HBC2,HSBC USA INC,83246,6020
RMED.2,RESEARCH MEDICAL INC,83306,3841
ROII.,RESERVE INDUSTRIES CORP,83347,1400
GGE.1,GRIFFIN GAMING&ENTMT,83394,7990
REXI,RESOURCE AMERICA INC,83402,6282
MGSR,MAGSTAR TECHNOLOGIES INC,83490,3821
RXR.1,REVCO D.S. INC,83496,5912
RPCF,REVENUE PROPERTIES CO LTD,83509,6512
NAFD,NATURE FOOD CENTERS INC,83524,5400
REY,REYNOLDS & REYNOLDS  -CL A,83588,7373
RLM.1,REYNOLDS METALS CO,83604,3334
RHD.,RHODES INC,83679,5712
RHT.1,RICHTON INTERNATIONAL CORP,83877,5080
RADCQ,RITE AID CORP,84129,5912
7509B,RIVERSIDE PROPERTIES,84202,6798
RLC.1,ROLLINS TRUCK LEASING,84244,7510
RLI,RLI CORP,84246,6331
3DVCIE,DIVERSIFIED COMMUNICATIONS,84262,1731
RESC,ROANOKE ELECTRIC STEEL CORP,84278,3312
RBN,ROBBINS & MYERS INC,84290,3533
FRO.1,FRONTIER CORP,84567,4813
ROAC,ROCK OF AGES CORP  -CL A,84581,1400
RNTL,ROCKWOOD NATIONAL CORP,84651,6552
RMUC,ROCKY MOUNT UNDERGARMENT CO,84655,2250
ROG,ROGERS CORP,84748,3672
ROH,ROHM AND HAAS CO,84792,2821
RHR.1,ROHR INC,84801,3728
ROL,ROLLINS INC,84839,7340
RONCQ,RONSON CORP,84919,9995
WEFN,WEBFINANCIAL CORP,85149,6141
RDC,ROWAN COMPANIES LTD,85408,1381
ROWC,ROWE COMPANIES,85417,2510
RAM.1,ROYAL APPLIANCE MFG CO,85462,3630
RDPL,ROYAL DUTCH PETROLEUM NV,85486,2911
RGLD,ROYAL GOLD INC,85535,6795
ROYL.1,ROYALPAR INDUSTRIES INC,85558,7363
VPF,VALPEY-FISHER CORP,85608,3679
RBD,RUBBERMAID INC,85627,3089
HTSI,HARRIS TEETER SUPERMARKETS,85704,5411
RTSG,RUSS TOGS INC,85795,2330
RML.1,RUSSELL CORP,85812,2253
R,RYDER SYSTEM INC,85961,7510
RYK,RYKOFF-SEXTON INC,85973,5140
RYL,RYLAND GROUP INC,85974,1531
SADL,SADLIER (WILIAM H.) INC,86082,2731
SAF.3,SAFECO CORP,86104,6331
SFES,SAFEGUARD SCIENTIFICS INC,86115,6799
SWY,SAFEWAY INC,86144,5411
SLAB.,SAGE LABORATORIES INC,86166,3679
SAJ.1,ST JOSEPH LIGHT & POWER,86251,4931
TRV,TRAVELERS COS INC,86312,6331
HSF,HARTFORD INCOME SHARES FD,86317,6726
3SLNTE,SALANT CORP,86346,2320
SLCR.1,SALEM CARPET MILLS,86357,2273
SBS.1,SALEM CORP,86358,3540
SCOF10,SAN CARLOS MILLING CO INC,86519,100
SFEM,SFE TECHNOLOGIES,86537,3670
SFEF,SANTA FE FINANCIAL CORP,86759,7011
SDC.3,SANTA FE INTERNATIONAL CORP,86763,1381
SFS.1,SANTA FE SNYDER CORP,86772,1311
SFI.1,SAVANNAH FOODS & INDS,86941,2060
NEON,NEONODE INC,87050,3663
3SOCR.,SCAN OPTICS INC,87086,3577
SCFM,SCANFORMS INC,87097,2761
ESHB,SCHEIB (EARL) INC,87196,7500
SLB,SLB LTD,87347,1389
4128B,SCHOTTENSTEIN STORES CORP,87500,5311
SHLM,SCHULMAN (A.) INC,87565,2821
SWAAQ,SCHWARTZ BROS INC  -CL A,87669,7822
SMLS,SCIMED LIFE SYSTEMS INC,87743,3841
SCI.1,SCI SYSTEMS INC,87744,3670
3SMGN.,SCIENCE MANAGEMENT CORP,87759,8742
SFA.1,SCIENTIFIC-ATLANTA INC,87777,3663
TRTI,TRANSTECH INDUSTRIES INC,87799,4991
SCND,SCIENTIFIC INDUSTRIES INC,87802,3826
3SCMS,SCIENTIFIC MEASUREMENT SYS,87814,3829
SCPJ,SCOPE INDUSTRIES,87864,2040
SPP.3,SCOTT PAPER CO,87949,2621
3VSPA,VACATION SPA RESORTS,87992,6532
HKHC,HORIZON KINETICS HLDING CORP,88000,6282
SCRP.,SCRIPPS HOWARD BROADCASTING,88034,4833
SRB.1,SCURRY-RAINBOW OIL LTD,88076,1311
SCRA.,SEA CONTAINERS LTD  -CL A,88095,4011
SEB,SEABOARD CORP,88121,9997
VO.3,SEAGRAM CO LTD,88188,3652
FQE,FUQUA ENTERPRISES INC,88190,3100
SPXC,SPX TECHNOLOGIES INC,88205,3585
3SEOP,SEAPORT CORP,88217,5013
SEWY,SEAWAY FOOD TOWN INC,88296,5411
SECB,SECURITY BANCORP INC/MI,88496,6020
7448B,SECURITY PACIFIC CORP,88608,6020
ELAP,EL APPAREL INC,88706,2330
IIN,INTRICON CORP,88790,3842
3SEMEE,SEMICON INC,88922,3674
SMTC,SEMTECH CORP,88941,3674
SENEA,SENECA FOODS CORP,88948,2033
SRM.1,SENSORMATIC ELECTRONICS,88974,3669
RER.1,RED EAGLE RESOURCES CP,88997,1311
SKCO,SAGEMARK COMPANIES LTD,89041,9995
SCI,SERVICE CORP INTERNATIONAL,89089,7200
3SVCDQ,SERVICE MERCHANDISE CO,89107,5399
SVT,SERVOTRONICS INC,89140,3621
EXEX,EXX INC  -CL A,89261,3621
SLI.1,SL INDUSTRIES INC,89270,3620
SMS.2,SHARED MEDICAL SYSTEMS CORP,89415,7373
MLI,MUELLER INDUSTRIES,89439,3350
SHX,SHAW INDUSTRIES INC,89498,2273
SHELQ,SHELDAHL INC,89615,3672
SC.1,SHELL TRANSPORT AND TRADING,89635,2911
SHW,SHERWIN-WILLIAMS CO,89800,2851
SYNP.,SYNPRO ENVIRONMENT SVCS,89807,6799
3SHOY,SHONEY'S INC,89902,5812
SSMH,SHOPSMITH INC,89925,3550
SBO,SHOWBOAT INC,89966,7990
PGNT,PARAGON TECHNOLOGIES INC,90045,5045
SIF,SIFCO INDUSTRIES,90168,3724
SIAL,SIGMA-ALDRICH CORP,90185,2833
SILI,SILICONIX INC,90283,3674
ATGDQ,ALTA GOLD CO,90350,1040
SFNC,SIMMONS FIRST NATL CP  -CL A,90498,6020
SMPS,SIMPSON INDUSTRIES,90588,3714
PVSP,PERVASIP CORP,90721,5200
ASC.1,AMERICAN STORES CO,90811,5411
SKY,CHAMPION HOMES INC,90896,2451
AOS,SMITH (A.O.),91142,3630
SJM,SMUCKER (JM) CO,91419,2033
SNA,SNAP-ON INC,91440,3420
KEY,KEYCORP,91576,6020
FFTI.1,4FRONT TECHNOLOGIES INC,91649,7373
SODI,SOLITRON DEVICES INC,91668,3674
SNSTA,SONESTA INTL HOTELS  -CL A,91741,7011
SON,SONOCO PRODUCTS CO,91767,2650
CRI.5,CORE INDUSTRIES INC,91817,3490
SOR,SOURCE CAPITAL,91847,6726
SCNC,SOUTH CAROLINA NATL CORP,91893,6020
SJI,SOUTH JERSEY INDUSTRIES INC,91928,4924
STBPQ,SOUTHEAST BANKING CORP,91980,6020
SOTR,SOUTHTRUST CORP,92081,6020
SO,SOUTHERN CO,92122,4911
SOED,STHERN EDUCATORS LIFE INS CO,92149,6311
3SMOP,SOUTHERN MINERAL CORP,92223,1311
TFC,TRUIST FINANCIAL CORP,92230,6020
SNT.1,SONAT INC,92236,4922
CBCGQ,COLONIAL BANCGROUP,92339,6020
LQ.,LAURENTIAN CAPITAL CORP,92342,6311
SE.3,7-ELEVEN INC,92344,5412
LUV,SOUTHWEST AIRLINES,92380,4512
SWPA,SOUTHWEST NATIONAL CORP,92440,6020
SWWC,SOUTHWEST WATER CO,92472,4941
SWEL,SOUTHWESTERN ELEC SERVICE,92488,4911
NCE2,SOUTHWESTERN PUBLIC SVC CO,92521,4911
SPA,SPARTON CORP,92679,3679
SPEC.2,SPECTRUM CONTROL INC,92769,3679
SPZN,SPEIZMAN INDUSTRIES INC,92827,5084
SMI.1,SPRINGS INDUSTRIES  -CL A,93102,2211
3SREJQ,SPROUSE-REITZ STORES  -NVTG,93109,5331
SQD.1,SQUARE D CO,93128,3613
SQAI,SQUARE INDUSTRIES INC,93134,7500
ICB,MORGAN STANLY INCOME SEC,93284,6726
3SBPC,STANDARD BRANDS PAINT CO,93308,5200
VNRX,VOLITIONRX LTD,93314,2835
STW,STANDARD COMMERCIAL CORP,93319,5150
3APNGE,APPOINT TECHNOLOGIES INC,93379,3559
SMSC,STANDARD MICROSYSTEMS CORP,93384,3674
SMP,STANDARD MOTOR PRODS,93389,3690
AN.2,AMOCO CORP,93397,2911
CVX,CHEVRON CORP,93410,2911
ST.1,SPS TECHNOLOGIES INC,93444,3452
SPD.1,STANDARD PRODUCTS CO,93448,3714
STL.2,STERLING BANCORP/NY -OLD,93451,6020
SRCTQ,STANDARD REGISTER CO,93456,2761
ENCZQ,ENESCO GROUP INC,93542,5190
SWK,STANLEY BLACK & DECKER INC,93556,3540
STBY,STANSBURY HOLDINGS CORP,93566,1400
FOHL,FREDERICKS OF HOLLYWOOD GRP,93631,5600
SHO.2,STARRETT CORP,93675,1531
SCX,STARRETT (L.S.) CO  -CL A,93676,3420
ALM.2,ALLMERICA SECS TR,93730,6726
NAUT.1,NAUTICA ENTERPRISES INC,93736,2320
STT,STATE STREET CORP,93751,6282
STG.2,STATESMAN GROUP INC,93779,6311
SCL,STEPAN CO,94049,2840
SPCOQ,STEPHAN CO,94056,2844
SEC.1,STERLING ELECTRONICS,94136,5065
7566B,STEEGO CORP,94170,9995
SVC.2,STEWART & STEVENSON SERVICES,94328,3711
STC,STEWART INFORMATION SERVICES,94344,6361
STEW.,STEWART FOODS INC,94369,9995
STKR,PROPHOTONIX LTD,94538,3674
SWBIQ,STONE & WEBSTER INC,94601,8711
SSCC.,SMURFIT-STONE CONTAINER CORP,94610,2631
STK.1,STORAGE TECHNOLOGY CP,94673,3572
ALSE,ALSERES PHARMACEUTICALS INC,94784,2834
LEVI,LEVI STRAUSS & CO,94845,2300
STRWA,STRAWBRDGE &CLOTHIER  -SER A,94855,5311
SRR,STRIDE RITE CORP,94887,3140
SIIS,STRUTHERS INDUSTRIES INC,94945,5160
RGR,STURM RUGER & CO INC,95029,3480
DVLY,DEER VALLEY CORP,95047,2452
RDEN,ELIZABETH ARDEN INC,95052,2844
3CSPNE,CASPEN OIL INC,95254,1311
SQA.A,SEQUA CORP  -CL A,95301,3724
SUN.1,SUNOCO INC,95304,2911
SE.2,SUN ELECTRIC CORP,95311,3825
SNR.1,SUNAIR SERVICES CORP,95366,700
SNS.2,SUNDSTRAND CORP,95395,3728
SJS,SUNSHINE-JR STORES,95479,5412
7512B,SUNF INC,95490,2090
SFS.,SUPER FOOD SERVICES INC,95504,5141
SAE,SHUFERSAL LTD,95516,5411
SVU,SUPERVALU INC,95521,5141
SSUP,SUPERIOR INDUSTRIES INTL,95552,3714
SGC,SUPERIOR GROUP OF COS INC,95574,2300
PTMK,PATHMARK STORES INC,95585,5411
SUPD,SUPRADUR COS INC,95618,3272
3SEQPE,SUPREME EQUIP & SYSTEMS CORP,95620,2522
CNRN.,CENTIRE INTERNATIONAL INC,95626,3562
MTEC.1,MERIDIAN MEDICAL TECH INC,95676,3841
SNKI,SWANK INC,95779,3100
SYMT,SYMETRICS INDUSTRIES,95944,3663
ACNT,ASCENT INDUSTRIES CO,95953,3317
SYN.1,SYNTEX CORP,96000,2834
SYY,SYSCO CORP,96021,5140
SYS.5,SYS,96057,7373
TBP.1,TAB PRODUCTS,96116,2522
JEF,JEFFERIES FINANCIAL GRP INC,96223,6211
TAL.1,TALLEY INDUSTRIES INC,96238,3312
TMB.1,TAMBRANDS INC,96277,2670
BBAO,BOMBAY CO INC,96287,5712
RSHCQ,RS LEGACY CORP,96289,5731
TACR,TANDYCRAFTS INC,96294,5940
TSTY,TASTY BAKING CO,96412,2050
TAYD,TAYLOR DEVICES INC,96536,3569
CNU.1,CONTINUUM INC,96608,7372
ADVBQ,ADVANTA CORP  -CL B,96638,6141
3JPSC.,JONES PLUMBING SYSTEMS INC,96653,3430
TSY.1,TECH-SYM CORP,96669,3679
TECN,TECHNALYSIS CORP,96677,7371
TCCO,TECHNICAL COMMUNICATIONS CP,96699,3663
PULS.1,PULSE ELECTRONICS CORP,96763,3679
SSY,SUNLINK HEALTH SYSTEMS INC,96793,5912
TECU,TECUMSEH PRODUCTS CO,96831,3585
TEJ,TEJAS GAS CORP/DE,96864,4922
TRC,TEJON RANCH CO,96869,100
TEK.1,TEKTRONIX INC,96879,3825
TIKK,TEL-INSTRUMENT ELECTRONICS,96885,3825
3TPIE,TPI ENTERPRISES INC,96919,5812
TFX,TELEFLEX INC,96943,3841
3TLMK,TLM CORP,96959,6512
PTCM,PACIFIC TELECOM INC,96977,4813
MTYG,MARLTON TECHNOLOGIES,96988,7389
TELTQ,TELTRONICS INC,97052,7373
TNC,TENNANT CO,97134,3580
TELOZ,TEL OFFSHORE TRUST,97148,6792
TNNY.,TENNEY ENGINEERING  -CL B,97184,3569
AMIC,AMERICAN INDEPENDENCE CORP,97196,6324
TER,TERADYNE INC,97210,3825
TEX,TEREX CORP,97216,3530
TERM.1,TERMINAL DATA CORP,97224,3861
TX.2,TEXACO INC,97349,2911
TXI,TEXAS INDUSTRIES INC,97472,3241
TXN,TEXAS INSTRUMENTS INC,97476,3674
PHN.1,PHOENIX RESOURCE COS,97483,1311
TXFI,TEXFI INDUSTRIES INC,97579,2221
THMP,THERMAL INDUSTRIES INC,97726,3089
TMO,THERMO FISHER SCIENTIFIC INC,97745,3826
TNB,THOMAS & BETTS CORP,97854,3640
TII.1,THOMAS INDUSTRIES INC,97886,3560
TMST.1,THOMASTON MILLS INC  -CL A,97931,2211
TDW,TIDEWATER INC,98222,4400
TIF,TIFFANY & CO,98246,5944
TIMM,TIMBERLINE MINERALS,98305,1000
TSRI,TSR INC,98338,7371
TKR,TIMKEN CO,98362,3562
TNSL.1,TINSLEY LABORATORIES INC,98383,3827
TPY,TIPPERARY CORP,98410,1311
TOD,TODD SHIPYARDS CORP,98537,3730
RUM.3,CRUZAN INTERNATIONAL INC,98544,2084
THMC,TOKHEIM CORP,98559,3580
ALAN,ALANCO TECHNOLOGIES INC,98618,4950
TKA.,TONKA CORP,98651,3944
TR,TOOTSIE ROLL INDUSTRIES INC,98677,2060
TRGL,TOREADOR RESOURCES CORP,98720,1311
TTLO,TOROTEL INC,98752,3677
TPN.1,TOTAL PETROLEUM OF N AMERICA,98781,2911
NYFX,NYFIX INC,99047,7373
TRNIQ,TRANS-INDUSTRIES INC,99102,3990
TNLX,TRANS-LUX CORP,99106,3990
TNLS,TRANS NATIONAL LEASING INC,99114,7510
TA.1,TRANSAMERICA CORP,99189,6311
TAI.1,TRANSAMERICA INCOME SHARES,99197,6726
E.2,TRANSCO ENERGY CO,99231,4922
3CILVE,SILVER ASSETS INC,99286,1044
TRNS,TRANSCAT INC,99302,8734
TRNT,TRANSNET CORP,99313,5045
3TFCN,TRANSCAPITAL FINANCIAL CORP,99321,6035
BZC,BREEZE-EASTERN CORP,99359,3537
TIC.1,TRAVELERS CORP,99429,6331
TY,TRI-CONTINENTAL CORP,99614,6726
3THPDE,TRIANGLE HOME PRODUCTS INC,99693,2510
ASW.1,AUDITS & SURVEYS WORLDWIDE,99703,8700
TRCO.1,TRICO PRODUCTS CORP,99724,3714
TRN,TRINITY INDUSTRIES INC,99780,3743
TRON.,TRION INC,99802,3564
TJCO,TJ INTERNATIONAL INC,99974,2430
TCNJ,TRUST CO NJ JERSEY CITY,99982,6020
TRW.1,TRW INC,100030,3714
TAM.1,TUBOS DE ACERO DE MEXICO,100084,3312
TUCK,TUCKER DRILLING CO INC,100102,1381
TLTXQ,TULTEX CORP,100166,2253
TURF.,TURF PARADISE INC,100217,7948
TBS.B,TURNER BROADCASTING  -CL B,100240,4833
MTB.1,MARK TWAIN BANCSHARES,100307,6020
CNSF.1,CONSUMERS FINANCIAL CORP,100320,6399
TW.1,21ST CENTURY INS GROUP,100331,6331
TWIN,TWIN DISC INC,100378,3560
TSN,TYSON FOODS INC  -CL A,100493,2011
UAL,UNITED AIRLINES HOLDINGS INC,100517,4512
AGX,ARGAN INC,100591,8711
UMCE,UMC ELECTRONICS CO,100619,3621
PROP.,PRODUCTION OPERATORS CORP,100712,1389
UNAM,UNICO AMERICAN CORP,100716,6331
UFI,UNIFI INC,100726,2200
UFX.1,UNIFLEX INC,100740,2673
UMED.,UNIMED PHARMACEUTICALS INC,100759,2834
UCC.2,UNION CAMP CORP,100783,2631
DOW2,UNION CARBIDE CORP,100790,2860
UCO.,UNION CORP,100817,7320
UNP,UNION PACIFIC CORP,100885,4011
UPC.,UNION PLANTERS CORP,100893,6020
CQB,CHIQUITA BRANDS INTL INC,101063,100
UCAR.1,UNITED CAROLINA BANCSHARES,101090,6020
UCIT,UNITED CITIES GAS CO,101105,4924
UFCS,UNITED FIRE GROUP INC,101199,6331
UHLI,UNITED HOME LIFE INS CO,101262,6311
UIC,UNITED INDUSTRIAL CORP,101271,3690
UI.1,UNITED INNS INC,101281,7011
UG,UNITED-GUARDIAN INC,101295,2834
SUB.2,SUMMIT BANCORP,101320,6020
3UMMF,UNITED MERCHANTS &MFRS,101357,3960
UMBF,UMB FINANCIAL CORP,101382,6020
UPK,UNITED PARK CITY MINES,101424,6552
UAMY,U S ANTIMONY CORP,101538,3330
USBC.,U S BANCORP-OLD,101542,6020
USEG,US ENERGY CORP,101594,1311
UH,U S HOME CORP,101640,1531
USR.1,U S SHOE CORP,101771,5621
MRO,MARATHON OIL CORP,101778,1311
USS.2,U S SURGICAL CORP,101788,3841
COWP,CANAL CAPITAL CORP,101821,200
RTX,RTX CORP,101829,3724
S.4,SPRINT CORP,101830,4812
NCF,NATIONAL COMMERCE FINANCIAL,101844,6020
CF.7,CRESTAR FINANCIAL CORP,101880,6020
UTOG.,UNITOG CO,101909,2300
UTR.,UNITRODE CORP,101911,3674
UVX,UNIVAR CORP,101929,5160
UEIC,UNIVERSAL ELECTRONICS INC,101984,3651
UFAB.1,UNIFAB INTERNATIONAL INC,101990,3533
UVV,UNIVERSAL CORP/VA,102037,5150
UFMG,UNIVERSAL MANUFACTURING CO,102049,5010
UUU,UNIVERSAL SAFETY PRDUCTS INC,102109,3669
TVL.2,THERMO VOLTEK CORP,102138,3825
3UGPH,UNIVERSITY GRAPHICS INC,102163,2790
CTTC,CALMARE THERAPEUTICS INC,102198,3841
UVSP,UNIVEST FINANCIAL CORP,102212,6020
URS,URS CORP,102379,8711
USH.1,USLIFE CORP,102420,6311
STEW,SRH TOTAL RETURN FUND INC,102426,6726
USPTS,USP REAL ESTATE INVT TRUST,102438,6798
GEOW,GEOWASTE INC,102499,4953
SWHI.,SONOMA WEST HOLDINGS INC,102588,6512
VYBN,VALLEY BANCORPORATION/WI,102661,6020
VF,VALLEY FORGE CORP,102680,3640
3VLYI,VALLEY INDUSTRIES,102695,3317
3TRAHE,TRANSACT INTL INC,102701,3537
VR.2,VALLEY RESOURCES INC,102710,4924
VMI,VALMONT INDUSTRIES INC,102729,3440
VAL.1,VALSPAR CORP,102741,2851
VSEC,VSE CORP,102752,4581
SPR.2,STERLING CAPITAL CORP,102754,6726
VDC.2,VAN DORN CO,102883,3411
VRC.Z,VARCO INTERNATIONAL-OLD,102993,3533
VCRE,VARI-CARE INC,103000,8051
VRLN,VARLEN CORP,103071,3743
TRR,TRC COS INC,103096,8711
VECO,VEECO INSTRUMENTS INC,103145,3559
VBND.1,VELOBIND INC,103168,3555
7621B,VERIT INDUSTRIES,103274,1531
3GRARE,GREAT AMER RECREATION,103317,7990
QFABQ,QUAKER FABRIC CORP,103341,2221
VES.,VESTAUR SECURITIES FUND,103361,6726
VFC,VF CORP,103379,2300
CAN.1,CONTINENTAL CAN/DE,103392,3089
VICT.,VICTORIA BANKSHARES INC,103466,6020
3SUST,SUNSTATES CORP/DE,103575,2511
VLGEA,VILLAGE SUPER MARKET  -CL A,103595,5411
3MEMO,VOICE IT WORLDWIDE INC,103657,3651
VSH,VISHAY INTERTECHNOLOGY INC,103730,3670
VISC,VISUAL INDUSTRIES INC,103755,2590
VOLT.3,VOLT INFO SCIENCES INC,103872,7363
3VOTP,VOPLEX CORP,103916,3714
3LTVCQ4,LTV AEROSPACE & DEFENSE CO,103944,3728
VTNO,VTN CORP,103958,8711
WAK,WACKENHUT CORP  -SER A,104030,7381
WACLY,WACOAL HOLDINGS CORP,104040,2340
WEDC.,WEDCO TECHNOLOGY INC,104060,3089
WMT,WALMART INC,104169,5331
WALB,WALBRO CORP,104174,3714
WLKBQ,WALKER (B.B.) CO,104218,3140
WLKF,WALKER FINANCIAL CORP,104224,6411
WCS.,WALLACE COMPUTER SVCS INC,104348,2761
WANG,WANG LABS INC,104519,7372
CCTYQ,CIRCUIT CITY STORES INC,104599,5731
WLA,WARNER-LAMBERT CO,104669,2834
ALTV,ALTEVA INC,104777,4813
WHI.,WASHINGTON HOMES INC,104834,1531
WNT,WASHINGTON NATIONAL CORP,104867,6311
GHC,GRAHAM HOLDINGS CO,104889,8200
ELME,ELME COMMUNITIES,104894,6798
WSCI,WSI INDUSTRIES INC,104897,3560
AVA,AVISTA CORP,104918,4931
WMX,WASTE MANAGEMENT INC-OLD,104938,4953
ZRBA,ZAREBA SYSTEMS INC,104987,3690
WJCI,WJ COMMUNICATIONS INC,105006,3663
WSO,WATSCO INC,105016,5070
WPP.2,WAUSAU PAPER CORP,105076,2621
WAVR,WAVERLY INC,105085,2731
WXMN,WAXMAN INDUSTRIES,105096,5070
SIAYQ.1,SIGNAL APPAREL CO,105107,2253
WDFC,WD-40 CO,105132,2890
WBB.1,WEBB (DEL E) CORP,105189,1531
WGHT,WEIGH-TRONIX INC,105318,3590
WW,WW INTERNATIONAL INC,105319,7200
WMK,WEIS MARKETS INC,105418,5411
WDTR,WELDOTRON CORP,105519,3560
WLC.1,WELLCO ENTERPRISES,105532,3140
3WLGN,WELLINGTON HALL LTD,105567,2511
WFC.Z,WELLS FARGO & CO -OLD,105598,6020
AGNUQ,AG&E HOLDINGS INC,105608,5090
EME,EMCOR GROUP INC,105634,1731
WEN.2,WENDY'S INTERNATIONAL INC,105668,5812
WSC.2,WESCO FINANCIAL CORP,105729,7359
GBR,NEW CONCEPT ENERGY INC,105744,6512
WST,WEST PHARMACEUTICAL SVSC INC,105770,3060
WPM.1,WEST POINT-PEPPERELL,105846,2211
WE.4,WESTCOAST ENERGY INC,105936,4923
I.1,FIRST INTERSTATE BNCP,105982,6020
BEEF,WESTERN BEEF INC,105990,5411
WSN.,WESTERN CO OF NO AMER,106015,1389
WDEPY,WESTERN DEEP LEVELS LTD,106036,1040
WDC,WESTERN DIGITAL CORP,106040,3572
WIR.,WESTERN PROPERTIES TRUST,106135,6798
WMIC,WESTERN MICROWAVE INC,106176,3679
NVAL.,NEW VALLEY CORP,106374,6512
CBS.2,CBS CORP -OLD,106413,4833
WLBAQ,WESTMORELAND COAL CO,106455,1220
WSTNA,WESTON (ROY F)  -SER A,106473,4955
WETT,WETTERAU INC,106521,5141
WEYS,WEYCO GROUP INC,106532,5130
WY,WEYERHAEUSER CO,106535,2400
HNH,HANDY & HARMAN LTD,106618,3420
WHR,WHIRLPOOL CORP,106640,3630
3ENSO,ENVIROSOURCE INC,106752,5093
WHT.1,WHITEHALL CORP,106827,3721
WTNY,WHITNEY HOLDING CORP,106926,6020
WKR,WHITTAKER CORP,106945,3490
WLY,WILEY (JOHN) & SONS  -CL A,107140,2721
WLL.1,WILLAMETTE INDUSTRIES,107189,2621
RXL.1,REXEL INC,107203,5063
WMB,WILLIAMS COS INC,107263,4922
WMSI,WILLIAMS INDUSTRIES INC,107294,3440
WWWM,WILLIAMS (W.W.) CO,107362,5084
WLSE,WILSHIRE ENTERPRISES INC,107454,6513
ESNI,E-SYNC NETWORKS INC,107559,4822
WINN.1,WINN-DIXIE STORES INC,107681,5411
WGO,WINNEBAGO INDUSTRIES,107687,3790
WISC,WISCONSIN SOUTHERN GAS CO,107841,4924
WZR.1,WISER OIL CO,107874,1311
WIT.1,WITCO CORP,107889,2860
HBWFQ,WOLF (HOWARD B) INC,108018,9995
WLHN,WOLOHAN LUMBER CO,108079,5211
VESP,VESPER CORP,108140,2540
WDHD,WOODHEAD INDUSTRIES INC,108215,3679
WWD,WOODWARD INC,108312,3720
WRLD,WORLD ACCEPTANCE CORP/DE,108385,6141
WOR,WORTHINGTON ENTERPRISES INC,108516,3390
WWY,WRIGLEY (WM) JR CO,108601,2060
3WRTC,WRITER CORP,108606,1531
WYL.,WYLE ELECTRONICS,108683,5065
WYG.1,WYMAN-GORDON CO,108703,3460
WN,WYNN'S INTERNATIONAL INC,108721,3050
NUKO,NUKO INFORMATION SYSTEMS INC,108949,3663
YORK.1,YORK RESEARCH CORP,108976,4991
YORW,YORK WATER CO,108985,4941
YWGI,YUBA WESTGOLD INC,109110,1040
ZLC,ZALE CORP,109156,5944
SPB,SPECTRUM BRND HLDG INC,109177,3634
TJX,TJX COS INC (THE),109198,5651
ZENL,ZENITH LABORATORIES,109259,2834
ZNT,ZENITH NATIONAL INSURANCE CP,109261,6331
ZE,ZENITH ELECTRONICS CORP,109265,3651
ZRO,ZERO CORP/DE,109284,3460
ZGCO,ZIEGLER COS INC,109312,6211
ZION,ZIONS BANCORPORATION NA,109380,6020
ZRN,ZURN INDUSTRIES INC,109446,3430
AIM.1,AEROSONIC CORP,109471,3812
BALTY,BALTIMORE TECHNOLOGIES PLC,109520,7373
BNC.2,BFC CONSTRUCTION CORP,109553,1600
AIT,APPLIED INDUSTRIAL TECH INC,109563,5080
GTBP,GT BIOPHARMA INC,109657,2834
SSLI,SOUTHERN SECURITY LIFE INS,109747,6311
CGCO,COMMERCE GROUP CORP,109757,1040
ARB.1,ARBITRON INC,109758,8700
ISIS.,INDEPENDENCE SQUARE INCOME,109778,6726
KUBTY,KUBOTA CORP,109821,3523
IMDC.,INAMED CORP,109831,3842
FFBK.,FIRST FLORIDA BANKS INC,109834,6020
GLMA,GLASSMASTER CO,109870,2820
LYDPY,LYDENBURG PLATINUM,109885,6799
SYSM,SYSTEMED INC/DE,110074,6411
FSCNY,FREE STATE CONSOL GOLD MINES,110306,1040
FTO,FRONTIER OIL CORP,110430,2911
WWW,WOLVERINE WORLD WIDE,110471,3140
NTSC,NATIONAL TECHNICAL SYS INC,110536,8734
3UGCO,UNIVERSAL GTY INVT CO,110619,6311
RPM,RPM INTERNATIONAL INC,110621,2890
INTE.,INTECH INC,110640,3674
WDRP,WANDERPORT CORP,110740,3433
CRG.1,CRAIG CORP,110985,7830
ENRGB,DEKALB ENERGY CO  -CL B,111001,1311
CHZ,CHITTENDEN CORP,200138,6020
C2,CITIGROUP GLOBAL MKTS HLDGS,200245,6211
JNJ,JOHNSON & JOHNSON,200406,2834
3MOYC,MOYCO TECHNOLOGIES INC,200533,3290
SUBN,SUMMIT BANCORPORATION,200754,6020
TLM,TALISMAN ENERGY INC,201283,1311
CELNA,CELINA FINANCIAL CORP,201401,6411
3CHEF,CHEFS INTERNATIONAL INC,201424,5812
CYN.1,CITY NATIONAL CORP,201461,6020
COT.2,COLTEC INDUSTRIES,201493,3050
CBUIF,COMMODORE INTL LTD,201502,3571
3CRIX,COMPUTER RESEARCH INC,201511,7374
CSRE.,COMSHARE INC,201513,7372
DCAI,DIALYSIS CORP OF AMERICA,201653,8090
EMLI,ELECTROCHEMICAL IND (1952),201739,2821
GRH.2,GRC INTL INC,201944,8742
LHX,L3HARRIS TECHNOLOGIES INC,202058,3812
KZ.,KYSOR INDUSTRIAL CORP,202356,3585
LKII,LAZARE KAPLAN INTERNATIONAL,202375,5094
MKTAY,MAKITA CORP,202467,3540
CYC.1,CYCLOPS INDUSTRIES INC,202646,3312
MAHI,MONARCH SERVICES INC,202685,2721
SCOR.1,SYNCOR INTL CORP/DE,202763,5122
CPTP,CAPITAL PROPERTIES INC,202947,6519
STJ,ST JUDE MEDICAL INC,203077,3845
MTATQ,METATEC INC,203200,3652
SUG,SOUTHERN UNION CO,203248,4924
SDYN,STAODYN INC,203285,3845
TTDKY,TDK CORPORATION,203383,3670
VAR,VARIAN MEDICAL SYSTEMS INC,203527,3845
VTRX,VENTREX LABORATORIES INC,203530,2835
WSBC,WESBANCO INC,203596,6020
BRCP,BRC HOLDINGS INC,205219,7370
CTLE.,CATTLESALE CO,205239,5961
EMCO.,ENGINEERING MEASUREMENTS CO,205303,3823
KRI,KNIGHT-RIDDER INC,205520,2711
SBF.1,SALOMON BROTHERS FUND INC,205545,6726
NEB,NEW ENGLAND BUSINESS SVC INC,205700,2761
AXYS,AXSYS TECHNOLOGIES INC,206030,3640
ATCCQ,ASTROCOM CORP,215155,3576
VLCY,VOYAGER LEARNING CO,215219,7370
THEC,HYDROGEN ENERGY CORP,215244,1311
BMMI,BMC INDUSTRIES INC,215310,3470
CERG,CERES GROUP INC,215403,6321
CKP,CHECKPOINT SYSTEMS INC,215419,3669
CTRL.1,CHEMI-TROL CHEMICAL CO,215420,3443
CLEA.,CHEMICAL LEAMAN CORP,215425,4213
CDE,COEUR MINING INC,215466,1040
DAPN,DAUPHIN DEPOSIT CORP,215619,6020
DVLN,DVL INC,215639,6799
3FLOGE,FALCON OIL & GAS INC,215797,1311
FMNJ,FRANKLIN MINING INC,215913,1040
GRBEQ,GRUBB & ELLIS CO,216039,6531
HVT,HAVERTY FURNITURE,216085,5712
ISTR.1,INCSTAR CORP,216184,2835
IINT.,INFORMATION INTERNATIONAL,216205,3579
ITT,ITT INC,216228,3561
JLG,JLG INDUSTRIES INC,216275,3531
DISK,IMAGE ENTERTAINMENT INC,216324,7819
LIQB,LIQUI-BOX CORP,216430,3089
MEG.2,MEDIA GENERAL INC,216539,4833
3MEDY,MEDICAL DYNAMICS INC,216540,7372
TDAY.1,TODAY'S BANCORP INC,216729,6020
3RGEYE,REGENT ENERGY CORP,216810,1311
PEO,ADAMS NATURAL RESOURCES FUND,216851,6726
MSBC.1,MAINSTREET FINANCIAL CP-OLD,216870,6020
RADS.,RADIATION SYSTEMS INC,216949,3663
RESRQ,RESEARCH INC,216983,3567
RPR,RHONE-POULENC RORER,217028,2834
SAME,S & M CO,217058,5010
APN.1,APPLICA INC,217084,3634
3MRMDQ,MRI MEDICAL DIAGNOSTICS INC,217165,8071
TXT,TEXTRON INC,217346,3721
TLLSE,TELLUS INDUSTRIES INC,217365,5961
UL,UNILEVER PLC,217410,2840
XTR.1,XTRA CORP,217591,7359
ARDNA,ARDEN GROUP INC  -CL A,225051,5411
3AZIN,AZTECH INTERNATIONAL LTD,225067,3634
TGHI,TOUCHPOINT GROUP HOLDINGS,225211,7372
DMIF,DMI FURNITURE INC,225261,2511
NEWP.1,NEWPORT CORP,225263,3690
DYHM,DYNAMIC HOMES INC,225278,2452
EIC.2,EQUITABLE OF IOWA COS,225300,6311
HUFCQ,HUFFY CORP,225463,5090
3AMMBQ,AMRESCO INC,225569,6162
PSSR,PASSUR AEROSPACE INC,225628,7372
CVA,COVANTA HOLDING CORP,225648,4950
LBUR,LIBRARY BUREAU INC,225662,2531
RVSIQ,ACUITY CIMATRIX INC,225868,3823
WEG.2,WASHINGTON ENERGY CO,225998,4924
ACCMA,ASSOCIATED COMMUN  -CL A,230036,4812
PHX.3,PHLCORP,230046,6199
CMDZQ,COMDIAL CORP,230131,3661
PPP.3,POGO PRODUCING CO,230463,1311
SIGI,SELECTIVE INS GROUP INC,230557,6331
TRIP.,TRIANGLE PACIFIC CORP,230602,2400
NATR,NATURES SUNSHINE PRODS INC,275053,2834
BYLK,BAYLAKE CORP,275119,6020
8476B,BELMORAL MINES LTD,275125,1040
FON1,CAROLINA TELEPHONE & TELEG,275177,4813
FCOLA,FIRST COLONIAL BANKSHARES CP,275380,6020
CMCSK1,COMCAST JOIN HOLDINGS,275605,4841
MCI,BARINGS CORPORATE INVESTORS,275694,6726
MMOR,MCM CORP,275710,6331
TGDGF,TOTAL ENERGOLD CORP,275837,1311
OPTC,OPTELECOM-NKF INC,275858,3663
PTCH.,PACER TECHNOLOGY,275866,2891
PSN,PARSONS CORP,275880,7370
3SEAGE,SEA GALLEY STORES INC,275985,5812
TIRTZ,TIDELANDS ROYALTY TRUST B,276077,6792
UNC,UNC INC,276104,3724
FFD.1,FAIRFIELD COMMUNITIES INC,276189,1531
CTWS,CONNECTICUT WATER SVC INC,276209,4941
CFBS,CENTRAL FIDELITY BANKS INC,276235,6020
3EGRP,ENCORE GROUP INC,276259,3690
ESCC,EVANS & SUTHERLAND CMP CORP,276283,3679
CJN,CAESARS NEW JERSEY INC,276310,7990
MRS.1,MIDCOAST ENERGY RES INC,276327,4923
STMT,STARMET CORP,276331,3350
SBBG,SEIBELS BRUCE GROUP INC,276380,6331
BCIS,BANCINSURANCE CORP,276400,6331
RULE.1,RULE INDUSTRIES INC,276437,3420
HIL.3,HILLHAVEN CORP/NV,276477,8051
3FLPO,FLOATING POINT SYSTEMS INC,276558,3571
SPGLQ,SPIEGEL INC  -CL A,276641,5961
PCYO,PURE CYCLE CORP,276720,6552
RNIC,ROBINSON NUGENT INC,276747,3678
LFT.1,LIFETIME CORP,276886,8082
NX.1,QUANEX CORP,276889,3312
3SVINV,SAVIN CORP,276894,5040
PTCO.1,PETROLEUM EQUIPMENT TOOLS CO,277014,7359
HGFNQ,HOMEGOLD FINANCIAL INC,277028,6162
LLUR,LURIA (L.) & SON INC,277057,5399
UWN,NEVADA GOLD & CASINOS INC,277058,7990
GWW,GRAINGER (W W) INC,277135,5000
SEN.2,SEMCO ENERGY INC,277158,4924
AVAK,AVANTEK INC,277161,3674
RMTKQ,RAMTEK CORP,277317,3577
3OKPCY,O'OKIEP COPPER CO  -ADR,277331,1000
RSGI,RIVERSIDE GROUP INC,277356,7370
DGAS,DELTA NATURAL GAS CO INC,277375,4923
CALN.1,CALNETICS CORP,277376,3089
FSS,FEDERAL SIGNAL CORP,277509,3711
NIRTS,NATIONAL INCOME REALTY TR,277577,6798
EGN,ENERGEN CORP,277595,4924
GEC.1,GEICO CORP,277795,6331
IDID,COMPARATOR SYSTEMS CP,277809,9995
NEC,NATIONAL EDUCATION CORP,277821,8200
PICZQ,PICCADILLY CAFETERIAS INC,277923,5812
CRED.1,CREDO PETROLEUM CORP,277924,1311
TIII,TII NETWORK TECHNOLOGIES INC,277928,3669
CSX,CSX CORP,277948,4011
ISHCQ,INTL SHIPHOLDING CORP,278041,4400
3ATRC,AUTO-TROL TECHNOLOGY CORP,278048,7373
PIRRQ,PIER 1 IMPORTS INC/DE,278130,5700
OMQS,OMNIQ CORP,278165,7370
CVCO,CAVCO INDUSTRIES INC,278166,2452
LQI.,LA QUINTA INNS INC,278243,7011
AGIA,ATHANOR GROUP INC,278314,3451
3TWAIQ,TRANS WORLD AIRLINES,278327,4512
SBL.2,SYMBOL TECHNOLOGIES,278352,3577
VCON,VICON INDUSTRIES INC,310056,3669
CNE.2,CONNECTICUT ENERGY CORP,310103,4924
SXT,SENSIENT TECHNOLOGIES CORP,310142,2860
MRK,MERCK & CO INC,310158,2834
GBTG.,RADIANT TECHNOLOGY CORP,310235,3567
GSC.2,GELMAN SCIENCES INC,310252,3821
CLFL,COASTLAND CORP OF FLORIDA,310285,5090
CANRQ,CANARGO ENERGY CORP,310316,1311
SXI,STANDEX INTERNATIONAL CORP,310354,3670
SUMI,SUMITOMO BANK OF CALIFORNIA,310357,6020
HBOC.1,HBO & CO,310377,7373
CBI.2,CBI INDUSTRIES INC,310431,2810
CTCO.,COMMONWLTH TELE ENTER,310433,4813
3SMDL,SUMMA MEDICAL CORP,310438,7373
NMTX.1,NOVAMETRIX MEDICAL SYSTEMS,310450,3845
AMWI.,AIR MIDWEST INC,310454,4512
FNMA,FEDERAL NATIONAL MORTGA ASSN,310522,6111
MSCC,MICROSEMI CORP,310568,3674
BUD.2,ANHEUSER-BUSCH COS INC,310569,2082
3IFII,INDIANA FINANCIAL INVESTORS,310621,6799
SYK,STRYKER CORP,310764,3841
RDLI,REDLAW INDUSTRIES INC,310793,5130
AATI.1,ANALYSIS & TECHNOLOGY INC,310876,8711
FBA,FIRST BANKS AMER INC,310979,6020
OPT.1,OPTICARE HEALTH SYSTEMS INC,311046,5047
3PGGP,PAGE AMERICA GROUP,311048,4812
ELSO,ELSINORE CORP,311049,7990
WABC,WESTAMERICA BANCORPORATION,311094,6020
IRT.1,IRT PROPERTY CO,311099,6798
JBNK,JEFFERSON BANKSHARES,311100,6020
THRT,THERATECH INC UTAH,311179,2834
EFU.1,EASTERN ENTERPRISES,311259,4924
SU,SUNCOR ENERGY INC,311337,2911
MTIX,MICRO THERAPEUTICS INC,311407,3841
APAGF,APCO OIL AND GAS INTL INC,311471,1311
PTNX,PRINTRONIX INC,311505,3577
PPD.1,PREPAID LEGAL SERVICES INC,311657,6399
HMG,HMG COURTLAND PROPERTIES,311817,6798
PTBTQ,POPE & TALBOT INC,311871,2611
SOLR.2,APPLIED SOLAR ENERGY CORP,311882,3674
MND.2,MITCHELL ENERGY & DEV CORP,311995,1311
VENX,VENUS EXPLORATION INC,312037,1311
FGMGQ,FLORIDA GAMING CORP,312065,7900
BCS,BARCLAYS PLC,312069,6020
3ROYG,ROYAL BUSINESS GROUP INC,312160,2452
LASR.,LASER PRECISION CORP,312242,3827
SAB.3,SABA PETROLEUM CO,312340,1311
FSCO.1,FIRST SECURITY CORP/DE,312367,6020
3TROUE,TROUND INTERNATIONAL INC,312478,3532
3SNLTE,SUNLITE INC,312540,9995
3DOCPE,DOCPLANET.COM INC,312651,5122
TGBRY,GORILLA GOLD MINES LTD,312653,1040
EMPIQ,EMPIRE OF CAROLINA INC,312840,3944
KSTR.1,KESTREL ENERGY INC,312842,1311
VALN.1,VALLEN CORP,312907,5047
3CSMTE,CONSUMAT ENVIRONMENTAL,312950,3567
TLTK,TELETEK INC,312979,4813
EPEDQ,EPICEDGE INC,313041,7370
SDW,SOUTHDOWN INC,313058,3241
EAIN.1,EA INDUSTRIES INC,313096,3670
ENCP.1,ENERCORP INC,313116,6799
HAE,HAEMONETICS CORP,313143,3841
PHG,KONINKLIJKE PHILIPS NV,313216,3845
CANP,CANADIAN PIPER AIR CORP,313261,3572
TIE.1,TIE/COMMUNICATIONS INC,313309,3661
HICI,HOME INTENSIVE CARE INC-FL,313321,8082
MTR,MESA ROYALTY TRUST,313364,6792
ABSI.1,ABS INDUSTRIES INC,313368,3460
3HIINE,HIGHLINE INDUSTRIES INC,313372,3089
TXCOQ,TXCO RESOURCES INC,313395,1311
HKNI,HKN INC,313478,1311
NBII,NBI INC,313518,3220
DHR,DANAHER CORP,313616,3826
CNSRQ,CONSUL RESTAURANT CORP,313632,5812
HDNG,HARDINGE INC,313716,3541
PSF.2,PUB STRG PPTYS VI  -SER A,313741,6798
LQI,LA QUINTA CORP,313749,7011
ADAC.,ADAC LABORATORIES,313798,3844
BP,BP PLC,313807,2911
SONY,SONY GROUP CORPORATION,313838,3600
BNHC,BANK NEW HAMPSHIRE CORP,313857,6020
TRSC.,TRIAD SYSTEMS CORP,313867,7373
CHD,CHURCH & DWIGHT INC,313927,2840
AGPT,AGRIPOST INC,313997,4953
KINN,KINNARD INVESTMENTS INC,314037,6211
FLTWQ,FLEETWOOD ENTERPRISES INC,314132,3716
ASKCD,ASK CORPORATION,314202,3433
MUX,MCEWEN INC,314203,1040
TOMZ,TOMI ENVIRONMENTAL SOLUTINS,314227,3559
NOXO,NOXSO CORP,314307,3564
SCC.2,SECURITY CAPITAL/DE  -CL A,314340,6411
DAIG,DAIG CORP,314416,3841
TMBS,TIMBERLINE SOFTWARE CORP,314436,7372
BUSE,FIRST BUSEY CORP,314489,6020
SSL,SASOL LTD,314590,2890
GEOKQ,GEOKINETICS INC,314606,1382
NCS.1,NATIONAL CONVENIENCE STORES,314662,5412
HDLM,HANDLEMAN CO,314727,9995
VAL,VALARIS LIMITED,314808,1381
3GKCIE,GOLD KING CONSOLIDATED INC,314834,1311
3ENEX,ENEX RESOURCES CORP,314864,1311
SNNKA,SPINNAKER INDS INC  -CL A,314865,2670
WIC,WICOR INC,314890,4924
HFAB,HOUSE OF FABRICS INC,315125,5940
ELRNF,ELRON VENTURES LTD,315126,6799
PHX,PHX MINERALS INC,315131,1311
AMCVQ,AMERICAN CLASSIC VOYAGES CO,315136,4400
CSFC,CSF HOLDINGS INC,315176,6035
TDM.,TANDEM COMPUTERS INC,315180,3571
DE,DEERE & CO,315189,3523
RHI,ROBERT HALF INC,315213,7363
NU4,PUBLIC SERVICE CO/N H,315256,4911
HARC,HARCOR ENERGY CO,315272,1311
AON,AON PLC,315293,6411
HURC,HURCO COS INC,315374,3541
ACHI.,AMER COUNTRY HOLDINGS INC,315411,6331
AVCS,AMERICAN VANTAGE COMPANIES,315428,7822
UQM,UQM TECHNOLOGIES INC,315449,3621
USMX,USMX INC,315523,1040
PVCT,PROVECTUS BIOPHARMACEUTICALS,315545,2834
FCOB.,FIRST COML BANCORP INC,315547,6020
ICQLF,INTL CAPITAL EQUIPMENT LTD,315574,7389
3WDGF,WEDGESTONE FINANCIAL,315621,3714
FFTIQ,FRANKFORT TOWER INDS INC,315641,3440
IBOC,INTL BANCSHARES CORP,315709,6020
SCIXF,SUNY CELLULAR COMMUNICATION,315816,5065
SGB,SOUTHWEST GEORGIA FINL CORP,315849,6020
RRC,RANGE RESOURCES CORP,315852,1311
BVH,BLUEGREEN VACATIONS HOL CORP,315858,7011
CRMZ,CREDITRISKMONITOR.COM INC,315958,7323
3NTRN.,NATIONAL TRANSACTION NETWORK,315999,7373
DIGI.1,DSC COMMUNICATIONS CORP,316004,3661
KENT,KENT FINANCIAL SERVICES INC,316028,6211
HOT,STARWOOD HOTELS&RESORTS WRLD,316206,7011
ICP.2,INTL COMFORT PRODUCTS CORP,316218,3585
GUCO,GRAND UNION CO,316236,5411
7549B,HOUSTON OIL ROYALTY TRUST,316245,6792
ENZB,ENZO BIOCHEM INC,316253,3826
EXCE,EXCO RESOURCES INC,316300,1311
CBBI.1,CB BANCSHARES INC,316312,6020
ANGC,ANGELES CORP,316315,6513
CORC.,CORCOM INC,316402,3679
GOU.1,GULF CANADA RES LTD  -ORD,316456,1311
TERA,TERAFORCE TECHNOLOGY CORP,316672,3674
SCHW,SCHWAB (CHARLES) CORP,316709,6282
FPPP,FIELDPOINT PETROLEUM CORP,316736,1311
7479B,INTEGRA A HOTEL & REST,316740,7011
FCLR,FIRST COMMERCIAL CORP,316769,6020
PFGI.,PROVIDENT FINANCIAL GRP INC,316770,6020
ROM.2,RIO ALGOM LTD,316792,5051
IRF,INTL RECTIFIER CORP,316793,3674
ASM,AVINO SILVER & GOLD MINS LTD,316888,1044
USTB.1,UST CORP,316901,6020
LNBC,LIBERTY NATIONAL BANCORP/KY,316909,6020
8116B,USR INDUSTRIES INC,316911,3873
EMP.1,EMPI INC-REDH,317032,3845
ANDW,ANDREW CORP,317093,3357
POLXF,POLYDEX PHARMACEUTICALS LTD,317158,2834
KGLJ,SPORT OF KINGS INC,317191,7990
GOOD.1,GOODY PRODUCTS INC,317332,3990
CANR10,CANISCO RESOURCES INC,317488,1700
COKE,COCA COLA CONSOLIDATED INC,317540,2086
HIPC.,HIGH PLAINS CORP,317551,2860
GRN.1,GENERAL RE CORP,317745,6331
TLAB,TELLABS INC,317771,3661
APPS,DIGITAL TURBINE INC,317788,7372
OXE,OEC MEDICAL SYSTEMS INC,317814,3844
SERF,SERVICE FRACTURING CO,317832,1389
CITI.1,CITICASTERS INC  -CL A,317833,4832
BTGI,BULOVA TECHNOLOGIES GP INC,317889,4213
GBL.1,GAMMA BIOLOGICALS INC,317890,2835
PWB.1,PACIFIC WESTERN BANCSHARES,317964,6020
USF,U S FILTER CORP,318025,3580
PENG.1,PRIMA ENERGY CORP,318107,1311
AMGN,AMGEN INC,318154,2836
GDR.,GEODYNE RESOURCES INC,318223,1311
MBMI.,MICRO BIO MEDICS INC,318251,5047
MDIZQ,MDI INC,318259,9995
3VCAT,VENTURE CATALYST INC/UT,318291,8742
PEBO,PEOPLES BANCORP INC/OH,318300,6020
ABEO,ABEONA THERAPEUTICS INC,318306,2836
BTEC.1,BANCTEC INC-REDH,318378,7372
CODN,CODENOLL TECHNOLOGY CORP,318379,3576
ANNAE,ANNANDALE CORP,318499,8742
SFSIQ,SEARCH FINANCIAL SERVICES,318672,6153
SNFCA,SECURITY NATL FINL CP  -CL A,318673,6311
DNA.2,GENENTECH INC,318771,2834
PWR.2,INTL POWER MACHINES CORP,318775,3620
CABI.,CALIFORNIA BANCSHARES INC,318779,6020
AWK.1,AMERICAN WATER WORKS INC,318819,4941
TBBU,TACOMA BOATBUILDING,318830,3730
TISI,TEAM INC,318833,8734
CIBM.,CADEMA CORP,318951,9995
3ACDX,ATLANTIC INDUSTRIES INC,318958,9995
KEGX,KEY ENERGY SERVICES INC,318996,1381
3SPTM,SPECTRUM LABORATORIES INC,319013,3821
HECO.1,HALLWOOD ENERGY CORP,319019,1311
3AWCSA,AW COMPUTER SYSTEMS  -CL A,319037,7373
CLIX.,COMPRESSION LABS,319085,3663
AK,ACKERLEY GROUP INC,319120,4833
IWKS,AFP IMAGING CORP,319126,3844
SN.1,SUN COAST INDS INC,319129,2821
CBNRQ,CUBIC ENERGY INC,319156,1311
XICO,XICOR INC,319191,3674
KLAC,KLA CORP,319201,3827
LUTH,LUTHER MEDICAL PRODCTS,319204,3841
CPLXQ,CERPLEX GROUP INC,319237,7370
IRIS,IRIS INTERNATIONAL INC,319240,3826
AGD.4,ALARMGUARD HOLDINGS INC,319250,7380
S.1,SEARS ROEBUCK & CO,319256,5311
7180B,CENVILL DEVELOPMENT  -CL A,319302,1531
KDSI,KNOWLEDGE DATA SYSTEMS INC,319316,7373
8239B,WIENER ENTERPRISES INC,319320,5661
PSCXQ,PSC INC,319379,3577
FSBT,FIRST STATE CORP,319399,6020
CMETS,CONTINENTAL MTG & EQUITY,319416,6798
ZILG,ZILOG INC,319450,3674
ENSV,ENSERVCO CORP,319458,1389
MSSN,MISSION RESOURCES CORP,319459,1311
ADV.2,ADVEST GROUP INC,319489,6211
3BSDBE,BSD BANCORP INC,319498,6020
NSCO.1,NETWORK SYSTEMS CORP,319645,3576
WDBN,WOODBINE PETROLEUM INC,319646,1311
HLXC.1,HELIONETICS,319648,3826
3TGXC,TGX CORP,319650,1311
PVY,PROVIDENCE ENERGY CORP,319651,4924
PBT,PERMIAN BASIN ROYALTY TRUST,319654,6792
SJT,SAN JUAN BASIN ROYALTY TR,319655,6792
MDWA,MIDWAY AIRLINES INC,319668,4512
UAL2,UNITED AIRLINES INC,319687,4512
BULL.1,BULL RUN CORP,319697,7311
MXWL,MAXWELL TECHNOLOGIES INC,319815,3612
VRE.2,VERMONT RESEARCH INC,319922,3572
LSTA,LISATA THERAPEUTICS INC,320017,2836
TLS,TELOS CORP/MD,320121,7373
ZENT,ZENTEC CORP,320141,3575
8791B,DRECO ENERGY SERVICES LTD,320171,3533
PRSNQ,BSD MEDICAL CORP,320174,3845
FRN.3,FRESENIUS USA INC,320185,3841
GW,GREY WOLF INC,320186,1381
NKE,NIKE INC  -CL B,320187,3021
AAPL,APPLE INC,320193,3663
DTRH,DRX INC,320211,1040
OEI.,OCEAN ENERGY INC,320321,4923
HNVD,HANOVER DIRECT INC,320333,5961
GL,GLOBE LIFE INC,320335,6311
CCRD,CORECARD CORP,320340,7372
MCRS,MICROS SYSTEMS INC,320345,7373
VRSA.,VERSA TECHNOLOGIES INC,320357,3590
FMFC.1,FIRST M&F CORP,320387,6020
KIMC,KIMCO ENERGY CORP,320427,1311
BGI.EC,BESICORP GROUP INC,320443,4991
ALNT.1,ALIANT COMMUNICATIONS INC,320446,4813
3ZNICE,ZONIC CORP,320515,3829
HCAP.1,HOMECAPITAL INVESTMENT CORP,320545,6162
EDGE.1,EDGEMARK FINANCIAL CORP,320547,6020
ITGB,INTL THOROUGHBRED BREEDERS,320573,7990
PESXQ,PIONEER ENERGY SERVICES CORP,320575,1389
RCHY,RICHEY ELECTRS INC,320591,5065
LASRF,LASER INDUSTRIES LTD,320637,3845
MTGYQ,MACHINE TECHNOLOGY INC,320654,3559
SAGE.2,SAGE DRILLING CO INC,350019,1381
INTL.1,INTER-TEL INC  -SER A,350066,3661
UNII.,UNIT INSTRUMENTS INC,350067,3823
TSLHQ,TSL HOLDINGS INC,350068,3571
NHWG,NAHAMA & WEAGANT ENERGY CO,350070,1311
MRY.1,MERRY LAND & INVESTMENT CO,350071,6798
WMS.1,WMS INDUSTRIES INC,350077,3990
SGFS,SUNGLOBE FIBER SYSTEMS CORP,350133,9995
3GMHC.,GREASE MONKEY HOLDING CORP,350179,7500
USTG,UNITED SYSTEMS TECHNOLOGY,350194,7372
CACH,CACHE INC,350199,5621
LHC.1,LNH REIT INC,350206,6798
3SOLVQ,SOLV EX CORP,350305,1311
CTUS,CETUS CORP,350383,2836
NLON,NEW LONDON INC,350402,1389
PHIG,PHI GRP INC,350403,4522
PLX.2,PLAINS RESOURCES INC,350426,1311
7633B,FAST FOOD OPERATORS INC,350487,5812
STEN.1,STEN CORP,350557,5500
TE.1,TECO ENERGY INC,350563,4931
ABI.2,AMERICAN BANKERS INS GROUP,350571,6351
WOR.,WORTHEN BANKING CORP,350572,6020
3SYMKE,STS LIQUIDATING CORP,350615,3825
CCBL,C-COR INC,350621,3663
LTTC,LATTICE INC,350644,7370
BMPI.1,BIOSEARCH MEDICAL PRODS INC,350646,3841
UDYN,UNIDYNE CORP,350678,3829
GOCO.1,GOLDEN OIL CO/DEL,350685,1311
DLPX,DELPHAX TECHNOLOGIES INC,350692,3555
AN,AUTONATION INC,350698,5500
OBCI,OCEAN BIO-CHEM INC,350737,2842
BZ.2,BAIRNCO CORP,350750,2821
EV.1,EATON VANCE CORP,350797,6282
APFC,AMERICAN PACIFIC CORP,350832,2810
7181B,JAMES MADISON LTD  -CL A,350838,6020
STS,SUPREME INDUSTRIES INC,350846,3713
RIGS.1,RIGGS NATIONAL CORP,350847,6020
CTBI,COMMUNITY TRUST BANCORP INC,350852,6020
ITI,ITERIS INC,350868,3669
3AERI,ALLERION INC,350874,7373
SEIC,SEI INVESTMENTS CO,350894,6282
ANPC.,AMERICAN NATIONAL PETROLEUM,350898,1311
VCSI,VOICE CONTROL SYSTEMS INC,350899,3577
THOR.1,THORATEC CORP,350907,3845
ELX,EMULEX CORP,350917,3576
9970B,MEDIQ INC,350920,7350
INFN.1,INFOTRON SYSTEMS CORP,350921,3661
IPLLF,INTERPHARM LABS LTD  -ORD,350996,2833
IMGC,INTERMAGNETICS GENERAL CORP,351012,3845
AUTO.2,AUTOINFO INC,351017,4210
3TRSEF,ROSE CORP,351076,6798
CRBC,CITIZENS REPUBLIC BANCORP,351077,6020
3TMKTE,TECHNOLOGY MARKETING INC,351115,3825
FTX,FREEPORT MCMORAN INC,351116,2870
CIII,CENTRUM INDUSTRIES INC,351127,3312
WCAT.1,WICAT SYSTEMS INC,351134,7373
CARL.1,CARLETON CORP,351139,7372
INGR.,INTERGRAPH CORP,351145,7372
WEST.1,WEST ONE BANCORP,351155,6020
BFX.,BFX HOSPITALITY GROUP,351220,5812
VRA.,VIRATEK INC,351237,2834
9363B,SAN FRANCISCO CO,351238,6020
HEIIQ,HEI INC,351298,3674
5938B,BIOMET INC,351346,3842
CFA.3,COMPUTER FACTORY INC,351360,5045
ASMIY,ASM INTERNATIONAL NV,351483,3559
USOO,US 1 INDUSTRIES INC,351498,4213
3PKLB,PHARMAKINETICS LABS INC,351506,8734
MTRMQ,MONITERM CORP,351507,3575
EVGN.1,EVERGREEN BANCORP INC/DE,351521,6020
SCLL,STEM CELL INNOVATIONS INC,351532,2836
3BCTI,BCT INTERNATIONAL INC,351541,5110
ABCB,AMERIS BANCORP,351569,6020
3PELRY,PELSART RESOURCES NL,351572,6792
OV,ONE VALLEY BANCORP/WV,351616,6020
SCK.1,SC BANCORP/CA,351617,6020
HCGI.1,HELM CAPITAL GROUP INC,351685,6159
BNRY,BONRAY DRILLING CORP,351693,1381
PEL.1,PANENERGY CORP,351696,4922
MTN.2,MOUNTAIN MEDICAL EQUIPMENT,351707,3842
GBCB,GBC BANCORP/CA,351710,6020
CPAK,CPAC INC,351717,2842
ANSI,ADV NEUROMODULATION SYS INC,351721,3845
ELSE,ELECTRO-SENSORS INC,351789,3823
WNEA,WIND ENERGY AMERICA INC,351809,4991
3ANDA,ANDATCO INC  -CL A,351810,3572
SBOW,SILVERBOW RESOURCES INC,351817,1311
FBAC,FIRST NATIONAL BANCORP/GA,351825,6020
STKL,SUNOPTA INC,351834,2090
TDYT,THERMODYNETICS INC,351902,6510
EPHC,EPOCH HOLDING CORP,351903,6282
USEYQ,U S ENERGY SYSTEMS INC,351917,4991
PERS.,PERSONAL DIAGNOSTICS INC,351935,6500
IDWD,SYNTECH INTERNATIONAL INC,351940,3578
HVEF,HARVEST FINANCIAL CORP,351952,6035
3TSPH,TELESPHERE COMMUNICATIONS,351978,4813
ELB.,ELDORADO BANCORP/CA,351991,6020
BRR.2,BARRETT RESOURCES CORP,351993,1311
DAIO,DATA I/O CORP,351998,3825
PSNB,PUGET SOUND BANCORP,352076,6020
TVINQ,TVI CORP,352079,7359
NEIC,NORTH EAST INSURANCE CO,352162,6331
WIX.1,WHITMAN EDUCATION GROUP INC,352183,8200
3SWST,SUNWEST BANK,352187,6020
MNSF,MANSFELDER METALS LTD,352281,3350
3QPON.,SEVEN OAKS INTERNATIONAL INC,352330,7389
RIBI,RIBI IMMUNOCHEM RESEARCH INC,352331,2836
IYCLY,ITO-YOKADO CO LTD,352353,5412
KATE,KATE SPADE & CO,352363,2300
ANDY,ANDROS INC,352425,3829
3PEPI,PIEZO ELECTRIC PROD,352427,3679
3ZARLF,ZARLINK SEMICONDUCTOR INC,352435,3674
TLXN,TELXON CORP,352495,3578
NFB,NORTH FORK BANCORPORATION,352510,6020
QUES.,QUESTA OIL & GAS CO,352511,1311
LNT,ALLIANT ENERGY CORP,352541,4931
SYI.1,SYSTEM INDUSTRIES INC,352698,3572
BIGB.1,BIG B INC,352720,5912
UGNEQ,UNIGENE LABORATORIES INC,352747,2833
IOM,IOMEGA CORP,352789,3572
FSTR,FOSTER (LB) CO,352825,5051
MGCC,MEDICAL GRAPHICS CORP,352862,3845
3GREN.,GREAT EASTERN ENERGY & DEV,352871,5172
3APMLF,AMERICAN PAC MINERALS LTD,352887,1040
UHS,UNIVERSAL HEALTH SVCS INC,352915,8062
UTVI,UNITED TELEVISION INC,352942,4833
SKRI,STRIKER INDUSTRIES INC,352944,2621
EC.2,ENGELHARD CORP,352947,2810
SGNS,SIGNATURE INNS INC,352948,7011
FLMIQ,FLEMING COMPANIES INC,352949,5141
CKX,CKX LANDS INC,352955,6519
CMTX,COMTEX NEWS NETWORK INC,352988,7380
AOXY,ADVANCED OXYGEN TECHNOLOGY,352991,6512
PPIP,PICO PRODUCTS INC,352994,3663
3ALCP,ALLICO CORPORATION,352996,2451
UM.,UNITED MEDICAL CORP,352997,3949
TLGTQ,TELIGENT INC,352998,2834
AEGN,AEGION CORP,353020,1623
CEUS,CAIRN ENERGY USA INC,353153,1311
EN.2,ENTERRA CORP -OLD,353181,7359
AIRT,AIR T INC,353184,4513
NOVB,NORTH VALLEY BANCORP,353191,6020
OCR,OMNICARE INC,353230,5912
NVO,NOVO NORDISK A/S,353278,2834
ICNT,INCOMNET INC,353356,4813
VRAI.,VIRAGEN INC,353482,2836
PACO.,PACO PHARMACEUTICAL SVCS INC,353528,7389
ICOC,ICO INC,353567,2821
AIKI.1,ARDEN INTL KITCHEN INC,353575,2030
3AROC.,AMERICAN RIVERS OIL CO,353601,1311
AOPL,APPONLINE.COM INC,353646,6162
BWCF,BWC FINANCIAL CORP,353650,6020
3PNSY,PANSOPHIC SYSTEMS INC,353652,7372
TELVQ,TELEVIDEO INC,353779,3575
SPLKA,JONES SPACELINK LTD  -CL A,353796,4841
PHFRQ,PHARMACEUTICAL FORMULATIONS,353827,2834
IGT.1,INTL GAME TECHNOLOGY,353944,7990
7547B,AIM TELEPHONES INC,354173,7385
AJG,ARTHUR J GALLAGHER & CO,354190,6411
UHLD,UNIHOLDING CORP,354199,8071
SOFT,SOFTECH INC,354260,7372
HOSS.,HORNBECK OFFSHORE SVCS  -OLD,354359,4400
3PRAB,PRAB INC,354383,3559
CEUMF.,CENTURION GOLD LTD,354388,6795
3NBLIF,NOBEL INSURANCE LTD,354392,6331
FG.2,USF&G CORP,354396,6331
PTIS,PLASMA-THERM INC,354452,3559
CLBK.1,COMMERCIAL BANKSHARES INC,354562,6020
3MESHE,MEDIA SOURCE INC,354564,5190
GLRP,GLEN ROSE PETROLEUM CORP,354567,1311
MNR.1,MANOR CARE INC-OLD,354604,8051
VSIH,VSI HOLDINGS INC,354611,8700
3THKY,THACKERAY CORP,354639,6532
CVBF,CVB FINANCIAL CORP,354647,6020
BOLT.1,BOLT TECHNOLOGY CORP,354655,3533
HE,HAWAIIAN ELECTRIC INDS,354707,4911
KUAL,KUALA HEALTHCARE INC,354761,8051
ASKI,ASK GROUP INC,354797,7373
3MSIEE,MSI ELECTRONICS INC,354807,5065
ITSI,INTL LOTTERY & TOTALIZATOR,354813,3578
DMCB,DATA MEASUREMENT CORP,354827,3829
FMER,FIRSTMERIT CORP,354869,6020
SXCO,SWITCHCO INC,354874,3661
CYS.1,CYCARE SYSTEMS INC,354888,7374
FLIR,FLIR SYSTEMS INC,354908,3812
3FAMS,FAMOUS RESTAURANTS INC,354929,5812
FTFN.,FIRST FINANCIAL CORP/RI,354948,6020
HD,HOME DEPOT INC,354950,5211
SEG.2,SEAGATE TECHNOLOGY-OLD,354952,3572
SHEN,SHENANDOAH TELECOMMUN CO,354963,4813
HBC1,HSBC FINANCE CORP,354964,6141
BLSC,BIO-LOGIC SYSTEMS CORP,355007,3845
FONR,FONAR CORP,355019,8071
AXO.1,ALAMCO INC,355115,1311
STUA10,BK ENTERTAINMENT,355142,3944
AEOK,ALEXANDER ENERGY CORP,355143,1311
KEYW.1,ESSEX CORP,355199,8711
GNUC,GNI GROUP INC,355269,4955
3CELCE,CEL COMMUNICATIONS,355271,7819
NLG,NATIONAL GAS & OIL CO,355313,4923
KOG.1,KOGER PROPERTIES,355357,6512
CTM.1,COM SYSTEMS INC,355374,4813
PL.,PROTECTIVE LIFE CORP,355429,6311
INEY,INEI CORP,355431,1700
TPAM,TOP AIR MANUFACTURING INC,355469,3523
JM,JOHNS MANVILLE CORP,355473,3290
ALE.2,ALTA ENERGY CORP,355493,1311
CBKS.1,COMMONWEALTH BANCSHARES CORP,355574,6020
RYAN.1,RYAN'S RESTAURANT GROUP INC,355622,5812
CTIG,CTI GROUP HOLDINGS INC,355627,7372
DFLX,DATAFLEX CORP,355735,5045
HWG,HALLWOOD GROUP INC,355766,2221
LOJN,LOJACK CORP,355777,3669
PCMC.1,PRICE COMMUNICATIONS CORP,355787,6799
GNTX,GENTEX CORP,355811,3714
HLND.1,HOMELAND BANKSHARES CORP,355818,6020
GANDF.,GANDALF TECHNOLOGIES INC,355876,3576
MGMA.1,MAGMA POWER CO,355878,4991
UNTD.,FIRST UTD BANCSHARES INC/AR,355883,6020
HHOT,H & H OIL TOOL CO,355902,7359
3TRIPE,TRAVELBYUS INC,355906,1700
HERS.1,HERITAGE FINANCIAL SERVICES,355946,6020
RELL,RICHARDSON ELECTRONICS LTD,355948,5065
3SPRH,SPEARHEAD INDS INC-MN,355968,2844
ESND,ESSENDANT INC,355999,5045
CA.1,CA INC,356028,7372
CSPI,CSP INC,356037,7373
CUBN.,CU BANCORP,356050,6020
PMK.2,PRIMARK CORP,356064,8700
BLC,BELO CORP  -SER A COM,356080,4833
MCEN,MAGIC CIRCLE ENERGY CORP,356128,1311
EMCI,EMC INSURANCE GROUP INC,356130,6331
TCBK,TRICO BANCSHARES,356171,6020
CADE.1,CADE INDUSTRIES INC,356211,3724
YND,MYND CORP,356226,7372
NJR,NEW JERSEY RESOURCES CORP,356309,4924
NCEM,NEVADA CHEMICALS INC,356342,6799
3RELHE,RELIANCE GROUP HOLDINGS,356395,6331
PURW,PURE WORLD INC,356446,2080
PCLB.1,PRICE CO,356461,5331
LSNB,LAKESHORE BANCORP INC/IL,356598,6020
PORT.1,BAYPORT RESTAURANT GP,356622,5812
STAG.1,SECURITY TAG SYSTEMS INC,356623,3669
FRGBQ,FIRST REGIONAL BANCORP,356708,6020
CODA.1,CODA ENERGY INC,356799,1311
AANB,ABIGAIL ADAMS NATL BANCORP,356809,6020
OSCIQ,OSCIENT PHARMACEUTICALS CORP,356830,2835
FEP.1,FRANKLIN ELECTRONIC PUBLISH,356841,3577
3AHTC,AMERICANA HOTELS & REALTY CP,356959,6798
SBCN,SUBURBAN BANCORP/OH,356981,6035
TMED.1,TRIMEDYNE INC,357001,3845
XCRA,XCERRA CORP,357020,3825
TCII,TCI INTL INC,357064,3812
MIAM,MID AM INC,357066,6020
AUFN,AUTOFINANCE GROUP INC,357078,6153
FCSC,FIBROCELL SCIENCE INC,357097,2836
CSBI.1,CENTURY SOUTH BKS INC,357105,6020
ISCIQ,ISC8 INC,357108,3674
OHBC,OHIO BANCORP,357149,6020
OSBC,OLD SECOND BANCORP INC/IL,357173,6020
3DSII.,DECOM SYSTEMS INC,357176,3663
AREA.1,AREA BANCSHARES CORP,357191,6020
FBCG.1,FIRST BKG CO SOUTHEAST GA,357208,6020
PGN3,FLORIDA PROGRESS CORP,357261,4911
NCBH,NORTH COUNTY BANCORP,357262,6020
PCBC.3,PACIFIC CAPITAL BANCORP,357264,6020
FWNC,FORT WAYNE NATIONAL CORP/IN,357269,6020
3LAORF,LA TEKO RESOURCES LTD,357281,1040
HOV,HOVNANIAN ENTRPRS INC  -CL A,357294,1531
TRST,TRUSTCO BANK CORP/NY,357301,6035
FEBC,FIRST EASTERN CORP,357427,6020
AFBR,ASIA FIBER HOLDINGS LTD,357434,2820
VAFD,VALLEY FED SVGS BK SHEFFIELD,700551,6035
FULT,FULTON FINANCIAL CORP,700564,6020
FMBH,FIRST MID BANCSHARES INC,700565,6020
BBCP.1,BUSINESS BANCORP,700570,6020
3RTWO,R 2000 CORP,700573,3590
AIND,ARNOLD INDUSTRIES INC,700612,4213
TWBC,TRANSWORLD BANCORP/CA,700613,6020
AEIC,AIR EXPRESS INTERNATIONAL CP,700674,4731
FKFD,FRANKFORD CORP,700714,6020
AMAC,AMERICAN MEDICAL ALERT CORP,700721,7380
NPBC,NATIONAL PENN BANCSHARES INC,700733,6020
INBC.1,INDEPENDENCE BANCORP/PA,700753,6020
3LTTC.,LARCAN-TTC INC,700800,3663
VMXI,VMX INC,700816,3661
RCMT,RCM TECHNOLOGIES INC,700841,7363
SUSQ,SUSQUEHANNA BANCSHARES INC,700863,6020
MDB.1,PROFESSIONAL BANCORP INC/PA,700914,6020
MYRG,MYR GROUP INC,700923,1623
NVB.,NAPA VALLEY BANCORP,700928,6020
GISH,GISH BIOMEDICAL INC,700945,3841
TCAT,TCA CABLE TV INC,700997,4841
CMPD,COMPUMED INC,700998,7374
ATRI,ATRION CORP,701288,3841
REXQ,REXON INC,701290,3572
CMNT.,COMPUTER NETWORK TECH CORP,701319,3576
LCC,US AIRWAYS GROUP INC,701345,4512
CPF,CENTRAL PACIFIC FINANCIAL CP,701347,6020
SIX,SIX FLAGS ENTERTAINMENT -OLD,701374,7996
ECIL,ECI TELECOMMUNICATIONS  -ORD,701544,3661
AVL.1,AVIALL INC,701650,5080
CBB.1,CALIBER SYSTEMS INC,701708,4210
SRBC,SUNRISE BANCORP/CA,701709,6020
ELA,ENVELA CORP,701719,5990
ABCN,AMERICAN BANCORP/NV,701803,6020
MENT,MENTOR GRAPHICS CORP,701811,7373
KGC,KINROSS GOLD CORP,701818,1040
SKLNQ,SAFETY-KLEEN CORP,701856,4955
IHC,INDEPENDENCE HOLDING CO,701869,6321
KAUSQ,KRAUSES FURNITURE INC,701974,2510
BBWI,BATH & BODY WORKS INC,701985,5990
SMRK,SOUTHMARK CORP,701996,6532
MOGN,MGI PHARMA INC,702131,2834
SDNB,SDNB FINANCIAL CORP,702147,6020
NW.1,NATL WESTMINSTER BANK,702162,6020
CFB.1,CITIZENS FST BANCORP INC/NJ,702163,6020
CBCP,CAPITAL BANCORP/FL,702164,6020
NSC,NORFOLK SOUTHERN CORP,702165,4011
SWBC.,STERLING WEST BANCORP/CA,702170,6020
CGAS,CLINTON GAS SYSTEMS INC,702256,5172
DP,DIAGNOSTIC PRODUCTS CORP,702259,2835
CPP.1,CORNERSTONE PROPERTIES INC,702301,6798
FMBI,FIRST MIDWEST BANCORP INC,702325,6020
CEBC,CENTENNIAL BANCORP,702430,6020
FITC,FINANCIAL TRUST CORP,702508,6020
ACSE,ACS ENTERPRISES INC,702511,4841
BOCH,BANK OF COMMERCE HOLDINGS,702513,6020
RBCF.,REPUBLIC BANKING CORP/FL,702592,6020
3FAMA,FIRST AMARILLO BANCORP TEX,702654,6020
3IMETE,INTERMETRICS INC,702736,7371
SEEQ,SEEQ TECHNOLOGY INC,702756,3576
JCOR,JACOR COMMUNICATIONS,702808,4832
ACUT.,ACUITY IMAGING INC,702891,7373
HNBC,HARLEYSVILLE NATL CORP/PA,702902,6020
AMBK.,AMBANC CORP,702904,6020
GOEX10,GEO INTERNATIONAL CORP,702993,3555
EAT,BRINKER INTL INC,703351,5812
LSI.1,LSI CORP,703360,3674
IDTI,INTEGRATED DEVICE TECH INC,703361,3674
HU,HUDSON UNITED BANCORP,703559,6020
SCHR.1,SCHERER HEALTHCARE INC,703598,4955
DSGR,DISTRIBUTION SOLUTIO GRO INC,703604,5080
SCCS,SPECIALTY CHEM RES,703645,2842
3USHE,USHEALTH GROUP INC,703701,6321
MILL.1,MILLICOM INC,703769,4841
0949B,VICORP RESTAURANTS INC,703799,5812
BNBC,BROAD NATIONAL BANCORP,703800,6020
3CNPIE.,CANNON PICTURES INC,703807,7822
SRTKY,SPORTECH PLC,703914,7990
ALLE.1,ALLEGIANT BANCORP INC,703970,6020
LM,LEGG MASON INC,704051,6282
CIBC.,CITIZENS BANCORP/MD,704054,6020
CHIPA,CHIPWICH INC,704175,2024
AQLA,AQUILA BIOPHARM INC,704292,2836
APPG.,APPIAN TECHNOLOGY INC,704322,3674
SMTS.1,SOMANETICS CORP,704328,3845
3FWATE,FLEXWATT CORP,704360,3634
VLSI,VLSI TECHNOLOGY INC,704386,3674
TVTY,TIVITY HEALTH INC,704415,8090
KRMD,KORU MEDICAL SYSTEMS INC,704440,3841
PPTV,PPT VISION INC,704460,3823
TRFI,TRANS FINANCIAL INC,704469,6020
EI,ENERGYNORTH INC,704503,4924
MOTOQ,MOTO PHOTO INC,704508,5040
ONTO,ONTO INNOVATION INC,704532,3823
CDMO,AVID BIOSERVICES INC,704562,2835
GNEX,GENEX CORP,704695,8731
DUNN,WORLDWIDE COLLECTIONS FUND,704774,6153
PHX.2,PHOENIX NETWORK INC,704862,4899
DKEY,DATAKEY INC,704914,7373
PABK,PAB BANKSHARES INC,705200,6020
NBAK,NATIONAL BANCORP ALASKA INC,705356,6020
LMBC,LANDMARK BANCORP LA HABRA,705403,6020
FPCO,FLORIDA PARTNERS CORP,705405,6799
OSI.3,ON-LINE SOFTWARE INTL,705406,7372
WSDI,WALL STREET DELI INC,705408,5812
SBSI,SOUTHSIDE BANCSHARES INC,705432,6020
TIDE.1,TIDE WEST OIL CO,705453,1311
OMEF,OMEGA FINANCIAL CORP,705671,6020
CRBI.1,CAL REP BANCORP,705679,6020
FILE,FILENET CORP,706015,7372
3NYCL,NYCAL CORPORATION,706066,1311
VFSC,VERMONT FINANCIAL SERVICES,706116,6020
HBNC,HORIZON BANCORP INC,706129,6020
WCN.1,WORLDWAY CORP,706166,4213
VLID,VALID LOGIC SYSTEMS INC,706314,7373
MAXE.,MAX & ERMAS RESTAURANTS,706471,5812
CHIR.1,CHIRON CORP,706539,2834
UTMD,UTAH MEDICAL PRODUCTS INC,706698,3845
OPSL,OPTICAL SPECIALTIES INC,706766,3825
BGRH,BERGER HOLDINGS LTD,706777,3444
RHNB,RHNB CORP,706852,6020
UNB,UNION BANKSHARES INC,706863,6020
MRM.1,MERRIMAC INDUSTRIES INC,706864,3663
PLMT,PALMETTO BANCSHARES INC,706874,6020
ONB,OLD NATIONAL BANCORP,707179,6020
STRR.2,STAR EQUITY HOLDING INC -OLD,707388,1520
RGRX,REGENERX BIOPHARMACEUTICALS,707511,2834
7552B,BUSINESSLAND INC,707542,5734
LRCX,LAM RESEARCH CORP,707549,3559
NSCB,NBSC CORP,707602,6020
BKBK,BRITTON & KOONTZ CAP CORP,707604,6020
ASRV,AMERISERV FINANCIAL INC/PA,707605,6020
SCTC.,SYSTEMS & COMPUTER TECH CORP,707606,7372
3QDEK,QUARTERDECK CORP,707668,7372
UBH,U S B HOLDING CO INC,707805,6020
MBIA.1,MERCHANTS BANCORP INC/DE,707817,6020
PNBC,PRINCETON NATL BANCORP INC,707855,6020
UCFC,UNITED COMMUNITY FINL CORP,707886,6036
NIMSY,FAIRHAVEN INTL LTD,708237,8711
STIZ,SCIENTIFIC TECHNOLOGIES INC,708250,3827
MCIM,SILICON VALLEY RESEARCH INC,708367,3674
ALCD.,ALCIDE CORP,708484,2870
ACEL.,TAMIR BIOTHECHNOLOGY INC,708717,2836
CASS,CASS INFORMATION SYSTEMS INC,708781,7389
NXGN,NEXTGEN HEALTHCARE INC,708818,7372
MDRIQ,MCDERMOTT INTL INC,708819,8711
PAR,PAR TECHNOLOGY CORP,708821,7371
CNTO.,CENTOCOR INC,708823,2836
DNEX,DIONEX CORP,708850,3823
FFBC,FIRST FINL BANCORP INC/OH,708955,6020
NROM,NOBLE ROMANS INC,709005,5812
GFIH,GRAHAM FIELD HEALTH PDS,709136,5047
HOGN,HOGAN SYSTEMS INC,709139,7372
QMCO,QUANTUM CORP,709283,3572
WMI.3,WINTHROP INSURED MTG INV II,709287,6211
FMNB,FARMERS NATL BANC CORP/OH,709337,6020
CECX.,CASTLE ENERGY CORP,709355,1311
JAVA.1,SUN MICROSYSTEMS INC,709519,3571
GPH.1,GENERAL PHYSICS CORP,709560,8200
SXCL,STEEL EXCEL INC,709804,1389
GIW.1,WILBER CORP,709942,6020
PHXA,PHOENIX AMERICAN INC,710126,6172
VRDI,VERIDICOM INTERNATIONAL INC,710217,7372
3RAXRA,RAX RESTAURANTS INC  -CL A,710485,5812
AXSI,AXCESS INTERNATIONAL INC,710597,3663
SBR,SABINE ROYALTY TRUST,710752,6792
AHAG,ALPHA TECHNOLOGIES GROUP INC,710807,3443
FSIN,FUSHI COPPERWELD INC,710846,3357
RDIC,READICARE INC,710851,8011
VITA.2,VITALINK COMMUNICATIONS CORP,710884,7373
NGCN,NIAGARA CORP,710976,3310
BV.2,BLOCKBUSTER ENMNT CORP,710979,7841
MQC.1,MINOLTA-QMS INC,710983,3577
MXO,MAXTOR CORP,711039,3572
AMCC,APPLIED MICRO CIRCUITS CORP,711065,3674
MCH.2,MEDCHEM PRODUCTS INC,711074,2836
MAB.1,MID AMERICA BANCORP/KY,711083,6020
3ORFNE.,ORION FINANCIAL LTD,711210,6531
BRR.3,ACR GROUP INC,711307,5070
BPILF,BASIC PETROLEUM INTL LTD,711345,1311
NEOG,NEOGEN CORP,711377,2834
FFWV,FST FID BANCORP FAIRMONT WV,711403,6020
COO,COOPER COS INC (THE),711404,3851
USHC,U S HEALTHCARE INC,711405,6324
CCPI.1,COMCAST CABLEVISION-PHILA,711419,6799
OPTX.1,NETOPTIX CORP,711425,3827
GADS,GADSEN PROPERTIES INC,711665,6552
CBAN,COLONY BANKCORP INC,711669,6020
BSSI.,BIOSAFETY SYSTEMS INC,711719,3842
LOTS.,LOTUS DEVELOPMENT CORP,711761,7372
CATC,CAMBRIDGE BANCORP,711772,6020
TNCR,TENCOR INSTRUMENTS,711808,3825
8580B,NORSK DATA A S  -ADR,712029,3571
ACCO,ACCO BRANDS CORP,712034,3990
VTC.2,VITRONICS CORP,712036,3559
3AHTSE,AMERICAN HEALTH SERVICES CP,712194,8071
3AILP,ALPNET INC,712425,7389
PRXM,PROXIM WIRELESS CORP,712511,3663
EA,ELECTRONIC ARTS INC,712515,7372
FRME,FIRST MERCHANTS CORP,712534,6020
FCF,FIRST COMMONWLTH FINL CP/PA,712537,6020
DCA.3,DIGITAL COMMUNICATIONS ASSC,712744,3576
SVGI,SILICON VALLEY GROUP INC,712752,3559
OLP,ONE LIBERTY PROPERTIES INC,712770,6798
CNOB,CONNECTONE BANCORP INC,712771,6020
3PWLUA,POWERTEL USA INC  -CL A,712803,2750
APYI,ASPYRA INC,712815,7373
ELXS,ELXSI CORP,712843,3829
3IGRE.,INGRES CORP,712849,7372
SRCO.,SEALRIGHT CO INC,712964,2650
FLOW.1,FLOW INTL CORP,713002,3569
CBWV,COMMERCE BANC CORP,713078,6020
FFKT,FARMERS CAPITAL BANK CORP,713095,6020
MDEA,MEDIA 100 INC,713138,3577
WWHC,W WORLD CORP,713275,2834
SMX.3,SYSTEMS CENTER INC,713412,7372
LGTY,LOGILITY SPPLY CHAIN SOL INC,713425,7372
CHADQ,CHAD THERAPEUTICS INC,713492,9995
DNBF,DNB FINANCIAL CORP,713671,6020
PNC,PNC FINANCIAL SVCS GROUP INC,713676,6020
SUBI,SUN BANCORP INC,713975,6020
CPQ.2,COMPAQ COMPUTER CORP,714154,3571
EVGD,EVERGOOD PRODUCTS CORP,714162,2834
SMTI,SANARA MEDTECH INC,714256,3842
IRIC,INFORMATION RESOURCES INC,714278,8700
7506B,MERET INC,714282,8742
SORL,SORL AUTO PARTS INC,714284,3714
VLY,VALLEY NATIONAL BANCORP,714310,6020
GABC,GERMAN AMERICAN BANCORP INC,714395,6020
CVTK,CONNECTIVITY TECHNOLGIES INC,714399,3357
NOVX.1,NOVA PHARMACEUTICAL CORP,714460,2834
HHGP.,HARRIS & HARRIS GROUP-OLD,714504,6726
NBBC,NEWBRIDGE BANCORP,714530,6020
MPSI,MPSI SYSTEMS INC,714540,7370
THFF,FIRST FINANCIAL CORP,714562,6020
AMSE.,AMERICAN MOBILE SYS,714593,4812
DST,DST SYSTEMS INC,714603,7374
CCB.1,CCB FINANCIAL CORP,714612,6020
BGEN,BIOGEN INC-OLD,714655,2836
CMTY,COMMUNITY BANKS INC,714710,6020
FTCG.,FIRST COLONIAL GROUP INC,714719,6020
AMFIQ,AMCORE FINANCIAL INC,714756,6020
PYRD,PYRAMID TECHNOLOGY,714865,3571
7508B,PENTA SYSTEMS INTL INC,714956,7373
INTF.1,INTERFACE SYSTEMS INC,714981,7373
RNST,RENASANT CORP,715072,6020
WGNR,WEGENER CORP,715073,3663
MSCO,MASSTOR SYSTEMS CORP,715086,3572
BOX.1,BOC GROUP PLC,715095,2810
CBH.1,COMMERCE BANCORP INC/NJ,715096,6020
VBNK.1,VILLAGE BANCORP INC,715148,6020
HMC,HONDA MOTOR CO LTD,715153,3711
AMEI.,AMER MEDICAL ELECTRONICS INC,715247,3845
WBR.2,WYNDHAM INTERNATIONAL INC,715273,7011
KHG,KEYSTONE HERITAGE GROUP INC,715366,6020
3BIOT.,BIOTECHNICA INTL INC,715374,100
3PECN.,PUBLISHERS EQUIPMENT CORP,715414,3555
AX.1,AMERICAN EXPLORATION CO,715428,1311
IMEX,IMEX MEDICAL SYSTEMS INC,715430,3845
ANIX,ANIXA BIOSCIENCES INC,715446,2836
BBRC.1,BURR-BROWN CORP,715577,3674
ACNB,ACNB CORP,715579,6020
JABI,JAB INTERNATIONAL INC,715583,1040
3HTEK,HYTEK MICROSYSTEMS INC,715593,3674
VON,VONS COMPANIES INC,715633,5411
DEBS,DEB SHOPS INC,715779,5621
3MRTKE,MARITEK CORP,715781,200
TILE,INTERFACE INC,715787,2273
TESPE,TELEPHONE SPECIALISTS INC,715805,7385
RCH.1,RAUCH INDUSTRIES INC,715817,3231
SVTG,SAVOIR TECHNOLOGY GROUP INC,715842,5045
D,DOMINION ENERGY INC,715957,4911
UWR,UNITED WATER RESOURCES,715969,4941
CNBL.,CITI-BANCSHARES INC,715991,6020
YELLQ,YELLOW CORP,716006,4213
UCL.1,UNOCAL CORP,716039,1311
CYPB,CYPRESS BIOSCIENCE INC,716054,2836
HYDP,HYDROGEN POWER INC,716101,6794
CBB,CINCINNATI BELL INC,716133,4813
3WCLBE,WAREHOUSE CLUB INC,716180,5331
ALLR.2,ALLERCARE INC,716193,2844
TEKCQ,TEKNOWLEDGE CORP,716214,7371
RAGL,REALAMERICA CO,716266,6211
CREI,CARE ENTERPRISES,716302,8051
GHM,GRAHAM CORP,716314,3443
IQUN,IQUNIVERSE INC,716399,9995
CSTN,CORNERSTONE FINANCIAL CP-OLD,716407,6020
TRKA.,TRAK AUTO CORP,716438,5531
FTBK,FRONTIER FINANCIAL CORP/WA,716457,6020
PRFC.,PROMISTAR FINANCIAL CORP,716459,6020
PWOD,PENNS WOODS BANCORP INC,716605,6020
3BKLO,BKLA BANCORP,716615,6020
BIAC,BI INC,716629,7380
RDI,READING INTL INC  -CL A,716634,7830
RGS,REGIS CORP/MN,716643,7200
AVATQ,AVATEX CORP,716644,6799
CLDA,CLINICAL DATA INC,716646,2836
MFCO,MICROWAVE FILTER CO INC,716688,3679
SSW.1,STERLING SOFTWARE INC,716714,7372
EBMA,E&B MARINE INC,716740,5500
PTRK,PRESTON CORP,716741,4213
LAF,LAFARGE NORTH AMERICA INC,716783,3270
MZIAQ,MILACRON INC,716823,3559
CLU.1,CELUTEL INC,716879,4812
CLRI.,COMPUTER LANGUAGE RESEARCH,716903,7372
3CVEO,CVEO CORP,716934,3021
ACN.2,ACUSON CORP,717014,3845
WCBO,WEST COAST BANCORP/OR,717059,6020
3MRCOE,MERIDIAN NATIONAL CORP,717192,5051
IWSM,INTERWEST MEDICAL CORP,717197,8051
3FLAI,FLEET AEROSPACE INC,717201,3728
LFEV,LIFE ELECTRIC VEHIC HOL INC,717216,6159
SCBC,SECURITY CAPITAL BANCORP,717217,6036
MSCS,MSC SOFTWARE CORP,717238,7372
FCTR.1,FIRST CHARTER CORP,717306,6020
ARWS,AIR WISCONSIN SERVICES INC,717324,4512
LCLGQ,LINCOLN LOGS LTD,717422,2452
MUR,MURPHY OIL CORP,717423,1311
HIICA,HEALTHCARE INTL  -CL A,717517,8060
AROW,ARROW FINANCIAL CORP,717538,6020
HXL,HEXCEL CORP,717605,2821
VALU,VALUE LINE INC,717720,2721
BAMI.1,BASIC AMERICAN MEDICAL INC,717723,8062
IEIB,INTL ELECTRONICS INC,717751,3669
3INLN,INLAND RESOURCES INC/WA,717754,1311
FUSB,FIRST US BANCSHARES INC,717806,6020
KSTN,KEYSTONE FINANCIAL INC,717809,6020
ERIC,TELEFONAKTIEBOLAGET LM ERICS,717826,3663
GIBG,GIBSON GREETINGS INC,717829,2771
FOBB,FST OAK BROOK BANCSHR  -CL A,717837,6020
UNF,UNIFIRST CORP,717954,2300
DSIIQ,DELSITE INC,718007,2834
AXXX,ARTEL COMMUNICATIONS CORP,718044,3576
CBLRF,CAMPBELL RESOURCES INC,718053,1040
NUHC,NU HORIZONS ELECTRONICS CORP,718074,5065
PFKY,PEOPLES FIRST CORP,718077,6020
BIGO,BIG O TIRES INC,718082,5010
3HTDLY,HUNTINGDON LIFE SCIENCE PLC,718083,8731
CSMO,COSMO COMMUNICATIONS CORP,718096,3651
ASFL,AMERICAN SVGS/FL FSB,718111,6035
ISYS,INTEGRAL SYSTEMS INC,718130,7373
WW.,WESTERN WASTE INDUSTRIES,718244,4953
DTIM,DTI MEDICAL CORP,718247,3842
RAVE,RAVE RESTAURANT GROUP INC,718332,5812
VFOX,VICON FIBER OPTICS CORP,718396,3843
3VANZ,VANZETTI SYSTEMS INC,718432,3823
DCY.1,DISCOUNT CORP NY/DEL,718448,6211
TBCC,TBC CORP,718449,5531
ADVG,ADVANTAGE COS INC/DE,718451,7359
3PRCAE,PACKAGING RESEARCH CORP,718474,2033
AGE.1,EDWARDS (A G) INC,718482,6211
SPTR,SPECTRAN CORP,718487,3220
RADN,RADYNE CORP,718573,3661
PLPT,PULSEPOINT COMMUNICATIONS CP,718576,3661
3SLTM,SELECTERM INC,718577,7377
CELP.1,CELLULAR PRODUCTS,718585,2835
SAIL.1,CHARTER BANCSHARES INC,718607,6020
DTEK,DISPLAY TECHNOLOGIES INC,718660,3990
SHFL,SHFL ENTERTAINMENT INC,718789,3990
3DLOGE,DISTRIBUTED LOGIC CORP,718823,3577
SEPE,SEILER POLLUTION CONTROL SYS,718827,3567
3521B,STREAMLOGIC CORP,718865,3572
ATVI,ACTIVISION BLIZZARD INC,718877,7372
FOOT,FOOTHILL INDPT BANCORP,718903,6020
HDR,HPSC INC,718909,6172
0015B,BURLINGTON COAT FACTORY INVS,718916,5651
SPAN,SPAN-AMERICA MEDICAL SYS INC,718924,3842
STAA,STAAR SURGICAL CO,718937,3851
BCE,BCE INC,718940,4813
BGSS,BGS SYSTEMS INC,718976,7372
CBOT,CABOT MEDICAL CORP,719073,3841
FCSI,FCS LABS INC,719130,2835
APYX,APYX MEDICAL CORP,719135,3845
BFL.1,BANCFLORIDA FINANCIAL CORP,719146,6035
INVI,INTEGRAL VISION INC,719152,3827
SGK,SCHAWK INC  -CL A,719164,2790
MSR.1,MSR EXPLORATION LTD,719187,1311
ISRL.1,ISRAMCO INC,719209,1311
STBA,S & T BANCORP INC,719220,6020
CBTC.1,CBT CORP/KY,719227,6020
ORN.1,ORNDA HEALTHCORP,719242,8062
WEBNF,WESTPAC BANKING CORP,719245,6020
TFHIZ,TRANSFINANCIAL HOLDINGS INC,719271,6153
GIGAQ,GIGA-TRONICS INC,719274,3670
3WWTK,WEITEK CORP,719322,3576
FXNC,FIRST NATIONAL CORP/VA,719402,6020
HL,HECLA MINING CO,719413,1040
HYBD,HYCOR BIOMEDICAL INC,719447,2835
SYNB.1,SYNBIOTICS CORP,719483,2835
INRD,INRAD OPTICS INC,719494,3679
MMPI.1,MARQUEST MEDICAL PRODS INC,719497,3841
3FCHC,FIRST CAPITAL HOLDINGS CORP,719520,6311
ISO.1,ISOMEDIX INC,719522,7389
BQR.1,QUICK & REILLY GROUP INC,719544,6211
8346B,APPLIED BIOSYSTEMS INC -OLD,719545,3826
CMH,CLAYTON HOMES INC,719547,2451
SISI.,SI TECHNOLOGIES INC,719582,3590
3GRDC,GRADCO SYSTEMS INC,719597,3579
3MBIO,MOLECULAR BIOSYSTEMS INC,719598,2835
TLC.1,LEARNING CO INC,719612,7372
UCTC,UNITED COUNTIES BANCORP,719623,6020
ILCT,ILC TECHNOLOGY INC,719625,3640
DYAN,DYANSEN CORP,719650,5990
MGRE.1,MERRY-GO-ROUND ENTERPRISES,719721,5651
CDIC,CARDIODYNAMICS INTL CORP,719722,3845
CCON.2,CIRCON CORP,719727,3845
CLYW,CALYPSO WIRELESS INC,719729,3663
KTCC,KEY TRONIC CORP,719733,3670
MNSH,MNSN HOLDINGS INC,719739,6020
GCGC,GOLDEN CYCLE GOLD CORP,719754,1040
3WOFGE,WOLF FINANCIAL GROUP INC,719774,6211
OMNIE,OMNICORP LTD,719775,4950
CRWN10,CROWN BOOKS CORP,719798,5940
ACAT.1,ARCTIC CAT INC,719866,3790
WSM,WILLIAMS-SONOMA INC,719955,5961
ELCH.1,EL CHICO RESTAURANTS INC,719961,5812
MSFG,MAINSOURCE FINL GROUP INC,720002,6020
RJF,RAYMOND JAMES FINANCIAL INC,720005,6211
CMED.1,COLORADO MEDTECH INC,720013,3845
CTK.3,COMPTEK RESEARCH INC,720031,7371
SCTT.,SCOTT TECHNOLOGIES INC,720032,3842
3COOV,COOPER DEVELOPMENT CO,720062,2844
CPCI,CIPRICO INC,720145,3576
NOTV,INOTIV INC,720154,8731
EXP.3,TRANSCO EXPLORATION  -LP,720246,1311
SYMB.,SYMBION INC-OLD,720327,3842
MARG,MARKET GUIDE INC,720462,6200
MXSV.,MAXSERV INC,720476,7389
IMAT,IMATRON INC,720477,3845
VICF,VICTORIA FINANCIAL CORP,720479,6331
AHNA,ATC HEALTHCARE INC  -CL A,720480,7363
DHTI.1,DYNAMIC HEALTHCARE TECH INC,720481,7373
ASYS,AMTECH SYSTEMS INC,720500,3559
HRZN.1,HORIZON INDUSTRIES INC,720501,2273
3DMRIE,DENNING MOBILE ROBOTICS,720505,3669
LLB,COMPUTRAC INC,720507,7373
FOXI,FOXMOOR INDUSTRIES LTD,720527,6153
SMD.1,SUNRISE MEDICAL INC,720577,3842
HALX,HALIFAX CORP,720671,7373
SF,STIFEL FINANCIAL CORP,720672,6211
XCLT,XCL LTD,720676,1311
8223B,PATHE COMMUNICATIONS CP,720695,9995
NIMU,NON INVASIVE MONITOR,720762,9995
NEST,NESTOR INC,720851,7373
ITIC,INVESTORS TITLE CO,720858,6361
DYNTQ,DYNATRONICS CORP,720875,3845
CBNB,COMMERCEBANCORP,720883,6020
MRY,MEMRY CORP,720896,3490
MDD.1,MCDONALD & CO INVESTMENTS,720900,6211
AZUL.1,AZUL HOLDINGS INC,721080,7373
SII.1,SMITH INTERNATIONAL INC,721083,2890
SJNB,SJNB FINANCIAL CORP,721161,6020
XCEDQ,WORLDWIDE XCEED GROUP INC,721176,7370
CHUR,CHURCHILL TECHNOLOGY INC,721233,2821
NLCI,NOBEL LEARNING CMNTYS INC,721237,8200
TMD.1,THERMEDICS INC,721356,3590
CAH,CARDINAL HEALTH INC,721371,5122
CHTL.1,CHANTAL PHARMACEUTICAL CORP,721408,2834
CAWW,CCA INDUSTRIES INC,721447,2844
CHC.6,CHAMPION HEALTHCARE CORP,721601,8062
TXHI,THT INC,721602,2670
THLM,LEHMAN T H & CO INC,721647,9995
LADF,LADD FURNITURE INC,721669,2511
WEBC.,WESTERN BANCORP,721670,6020
3DMCSQ,DAIRY MART CONVENIENCE STRS,721675,5412
TSS,TOTAL SYSTEM SERVICES INC,721683,7389
CREG,SMART POWERR CORP,721693,3620
LRTR,LL&E ROYALTY TRUST,721765,6792
ECHO.1,ELECTRONIC CLEARING HOUSE,721773,6099
FOXT,FOX TECHNOLOGY INC,721776,3663
WFRAF,WHARF RESOURCES LTD,721924,1040
INSI.1,INFORMATION SCIENCE,721934,7372
LKFN,LAKELAND FINANCIAL CORP,721994,6020
NCTI,NCT GROUP INC,722051,3651
RATL,RATIONAL SOFTWARE CORP,722056,7370
3THCO,HAMMOND CO,722075,6162
TRA,TERRA INDUSTRIES INC,722079,2870
ECO.2,ECHO BAY MINES LTD,722080,1040
SVNTQ,SAVIENT PHARMACEUTICALS INC,722104,2836
ARCH.2,ARCH PETROLEUM INC,722144,5172
MTNR,MOUNTAINEER BNKSHRS W VA INC,722202,6020
HVB,HUDSON VALLEY HOLDING CORP,722256,6020
NSYS,NORTECH SYSTEMS INC,722313,3679
PLNR,PLANAR SYSTEMS INC,722392,3679
CAPI,CAPRIUS INC,722567,3580
PMC.3,PMC CAPITAL INC,722571,6726
FKWL,FRANKLIN WIRELESS CORP,722572,3661
MAXI.1,MAXICARE HEALTH PLANS,722573,6324
VIV.1,VIVIGEN INC,722580,8071
DSCC,DATASOUTH COMPUTER CORP,722582,3577
WALL.1,WALL DATA INC,722607,7372
MDNU,MEDICAL NUTRITION USA INC,722617,2834
GSY.2,GUEST SUPPLY INC,722642,2844
SCA.2,SURGICAL CARE AFFILIATES-OLD,722692,8011
HNGR,HANGER INC,722723,8093
BDY.1,BINDLEY WESTERN INDS,722808,5122
INMRY,INSTRUMENTARIUM CORP,722811,3845
FDPC,FDP CORP,722826,7372
IMMU,IMMUNOMEDICS INC,722830,2835
OTVLQ,ONETRAVEL HOLDINGS INC,722839,4700
BCH.1,BANCO CENTRAL HISPANO,723041,6020
MU,MICRON TECHNOLOGY INC,723125,3674
7417B,CITADEL GOLD MINES INC-OLD,723163,6512
CBU,COMMUNITY FINANCIAL SYST INC,723188,6020
FTDL,FIRSTIME DESIGN LTD,723209,3873
CTAS,CINTAS CORP,723254,7200
SONX.,SONEX RESEARCH INC,723312,8731
LEBC,LETCHWORTH INDEPENDENT BNSHR,723323,6020
HTMXQ,HARTMARX CORP,723371,2300
MRE,MEDCO RESEARCH INC,723385,2834
STBC,STATE BANCORP/NY,723458,6020
MCIP,MCI INC,723527,4813
PAYX,PAYCHEX INC,723531,8721
PHCC.,PREFERRED HEALTH CARE LTD,723532,6324
BMP.1,BALLARD MEDICAL PRODUCTS,723534,3841
ISOL,1MAGE SOFTWARE INC,723574,7373
SGSI.1,SSI SURGICAL SERVICES INC,723592,7389
CULP,CULP INC,723603,2211
SRA.3,STRATUS COMPUTER INC,723610,3571
CAR,AVIS BUDGET GROUP INC,723612,7510
CPHG,STERLING CAPITAL INV  -CL A,723616,9995
AULT.,AULT INC,723639,3679
FRAF,FRANKLIN FINANCIAL SVCS CORP,723646,6020
KEYC,KEY CENTURION BANCSHARES,723648,6020
LABN,LAKE ARIEL BANCORP INC,723878,6020
JUNO.1,JUNO LIGHTING INC,723888,3640
3MFLU,MICROFLUIDICS INTL CORP,723889,3821
MRDG,MIRACOR DIAGNOSTICS INC,723906,8071
MRDN.,MERIDIAN BANCORP INC,723916,6020
SKFBQ,S & K FAMOUS BRANDS INC,723924,5600
MLAB,MESA LABORATORIES INC,724004,3821
AMPH.1,AMERICAN PHYSICIANS SVC GP,724024,6331
CHLR,CHANCELLOR CORP,724051,5080
OFFI,OLD FASHION FOODS INC,724103,5960
AMED.,AMBULATORY MEDICAL CARE INC,724126,8011
ELBT,ELBIT LTD,724138,3690
NMRR,NMR OF AMERICA INC,724141,8071
MXS,MAXUS ENERGY CORP,724176,1311
PIBC,PACIFIC INLAND BANCORP,724179,6020
BNK.1,CNB BANCSHARES INC,724198,6020
ANTP,PHAZAR CORP,724267,3663
MESW,META-SOFTWARE INC,724470,7372
ILFO,IL FORNAIO AMERICA CORP,724522,5812
AIA.2,AMER INSURED MTG INVS  -LP,724533,6799
FREDQ,FREDS INC,724571,5331
PNRA,PANERA BREAD CO,724606,5812
TEXM,TEXAS MICRO INC,724621,3571
TPHS,TRINITY PLACE HOLDINGS INC,724742,6512
AZIC.,ARIZONA INSTRUMENT CORP,724904,3823
NVEC,NVE CORP,724910,3674
MSEL,MERISEL INC,724941,5045
3PRFIE,PERFORMANCE INDUSTRIES INC,724967,5812
3FBRX,FIBRONICS INTERNATIONAL INC,724968,3576
MNTX.1,MINNTECH CORP,724969,3841
PRLX.,PARLEX CORP,724988,3672
AFN.2,ADRIEN ARPEL INC,724989,2844
SIER.,SIERRA ON-LINE INC,724991,7372
3RAKO,RAWSON KOENIG INC,725014,3713
CYTO.1,CYTOGEN CORP,725058,2835
MRIIQ,MEDICAL RESOURCES INC,725151,8071
ASTA.,AST RESEARCH INC,725182,3571
CRPB.,CERPROBE CORP,725259,3825
ELOT,ELOT INC,725282,7370
VISA.1,VISTA ORGANIZATION LTD,725311,7812
CVM,CEL-SCI CORP,725363,2836
3TUBY,TUBBY'S INC,725398,5140
APL.4,APL LTD,725457,4412
PCGR,PC GROUP INC,725460,2844
AURE.1,AURORA ENVIRONMENTAL INC,725518,8734
MBG.2,MANDALAY RESORT GROUP,725549,7990
AFC.A,AMERICAN FRUCTOSE  -CL A,725552,2040
3SUMH,SUMMIT HEALTH LTD,725555,8062
STAS.,STARTEL CORP,725572,3661
CGA.4,CORNERSTONE NATURAL GAS,725625,4922
HEAL.2,HEALTHWATCH INC,725627,3845
3SSOAE,SOFTWARE SERVICES OF AM INC,725628,7372
STII.1,STANFORD TELECOMMUNICATIONS,725727,3663
MPX.2,MEDIPLEX GROUP INC,725777,8051
CFA.4,CHEMFAB CORPORATION,725813,2200
DETA,DEL TACO RESTAURANTS INC-OLD,725820,5812
CKCP.1,CYBERTEK CORP,725869,7372
FNCX,FUNCTION(X) INC,725876,7370
CRLI,CIRCUIT RESEARCH LABS INC,725897,3663
BLMT.,BELMONT BANCORP,726294,6020
TFLX,TERMIFLEX CORP,726431,3575
TBTI,TELEBYTE INC,726451,3576
SCIO.,SCIOS INC,726512,5122
TRCO,TRIBUNE MEDIA CO,726513,4833
ESIO,ELECTRO SCIENTIFIC INDS INC,726514,3690
MBVT,MERCHANTS BANCSHARES INC/VT,726517,6020
CCRIQ,COLORADO CASINO RESORTS INC,726569,7990
BMDC,BIOMEDICAL DYNAMICS CORP,726570,3841
CCBG,CAPITAL CITY BK GROUP INC,726601,6020
3CIRIE,CIRO INC,726602,5944
QUSA.1,QUESTAR ASSESSMENT INC,726603,2741
DXK.,DIAGNOSTEK INC,726606,5961
TRUKQ,BUILDERS TRANSPORT INC,726617,4213
CAEJ,BAKER COMMUNICATIONS INC,726656,2711
SUL,SULCUS HOSPITALITY TECH CP,726712,3571
NWSS,NETWORK SIX INC,726714,7373
O,REALTY INCOME CORP,726728,6798
MDST.1,MEDSTAT GROUP INC,726732,7370
BYTX,BYTEX CORP,726744,3576
CGC.4,CAPITAL GOLD CORP,726845,1040
CHCO,CITY HOLDING CO,726854,6020
PARC,PARK COMMUNICATIONS INC,726957,4833
CASY,CASEYS GENERAL STORES INC,726958,5412
RRSHQ,RODMAN & RENSHAW CAPITAL-OLD,726977,6211
CEMC,CENTURY MEDICORP,726985,6324
AWBCQ,AMERICANWEST BANCORP,726990,6020
EZEM,E-Z-EM INC,727008,2835
ELEX,ELEXSYS INTERNATIONAL INC,727010,3672
PSFX,PURCHASESOFT INC,727063,7372
3PISCE,PACIFIC INTL SERVICES CORP,727066,5500
MESQ,AMARILLO MESQUITE GRILL INC,727089,5812
WPCO,WHITING PETROLEUM CORP-OLD,727097,1311
ATM.1,ANTHEM ELECTRONICS INC,727120,5065
SCOM.1,SCS/COMPUTE INC,727127,7372
GII.1,GRAPHIC INDUSTRIES,727162,2750
3IMED,INFORMEDICS INC,727164,7373
AXDXQ,ACCELERATE DIAGNOSTICS INC,727207,2835
CDZI,CADIZ INC,727273,4941
HAML,HAMILTON OIL CORP,727283,1311
SFGH,SAFEGUARD HEALTH ENTERPRISES,727303,6324
GBCS,SELECTIS HEALTH INC,727346,6798
ACVE,ACTIVE LINK COMMUNICATIONS,727347,5065
TATE,ASHTON-TATE CO,727472,7372
PRDS.,PREDICTIVE SYSTEMS INC,727489,7370
8111B,SPORTING LIFE INC,727503,5961
ENZN,ENZON PHARMACEUTICALS INC,727510,2836
3GATE,GATEFIELD CORP,727621,3674
ISGN,ISIGN SOLUTIONS INC,727634,7372
SCIE,SPECTRASCIENCE INC,727672,3845
3LTEK,LIFE TECHNOLOGIES INC,727737,2836
CTMEQ,CLOTHESTIME INC,727739,5621
INPHQ,INTERPHASE CORP,728249,3576
UFD.A,UNITED FOODS  -CL A,728258,2030
LECO.,LEECO DIAGNOSTICS INC,728294,2835
CRV,COAST DISTRIBUTION SYSTEMS,728303,5013
DEPCC,DEP CORP,728330,2844
STRN.1,SUTRON CORP,728331,3829
AXHM10,AXIOHM TRANSACTION SOLUTIONS,728376,3577
CATX,PERSPECTIVE THERAPEUTICS INC,728387,2836
NHHC,NATIONAL HOME HEALTH CARE,728389,8082
AES4,IPALCO ENTERPRISES INC,728391,4911
WMDB,WENDT-BRISTOL HEALTH SVC CP,728392,8071
KNTH,KENT INTL HOLDINGS INC,728478,9995
JBHT,HUNT (JB) TRANSPRT SVCS INC,728535,4213
FAUL,FAULDING INC,729069,2834
PEDH,PEOPLES EDUCATIONAL HOLDINGS,729156,2731
CTEA,CELESTIAL SEASONINGS INC,729176,2090
QMED,QMED INC,729213,9995
3PRTE.,PROFIT TECHNOLOGY INC,729232,3572
PKY.1,PARKWAY PROPERTIES INC,729237,6798
MCRAA,MCRAE INDUSTRIES  -CL A,729284,3140
FDNU,4-D NEUROIMAGING,729330,3845
KRSC,KAISER VENTURES INC,729365,6795
HDC.,HADCO CORP,729533,3672
CMLK,CML GROUP,729576,3949
BELFB,BEL FUSE INC,729580,3677
CNMW,CINCINNATI MICROWAVE INC,729583,3812
SNTX.1,SENTEX SENSING TECHNOLOGY,729599,9995
MOR.2,MORGAN KEEGAN INC,729600,6211
ATEL.1,ADVANCED TELECOMMUNICATIONS,729647,4813
OSIP,OSI PHARMACEUTICALS INC,729922,2835
DLCH,DELCHAMPS INC,729970,5411
TURN.1,TURN TECHNOLOGY INC,729971,3559
UBSI,UNITED BANKSHARES INC/WV,729986,6020
SUPX.1,SUPERTEX INC,730000,3674
HZWV,HORIZON BANCORP INC/WV,730025,6020
CCBP,COMM BANCORP INC,730030,6020
IMTC.2,IMTEC INC,730045,5110
CAMPQ,CALAMP CORP,730255,3663
CDGI,COURIER DISPATCH GROUP INC,730259,4210
THO,THOR INDUSTRIES INC,730263,3716
RGEN,REPLIGEN CORP,730272,2836
TOFB,TOFUTTI BRANDS INC,730349,2024
SYGN,SYNERGEN INC,730358,2834
ATGE,ADTALEM GLOBAL EDUCATION INC,730464,8200
ALO.2,ALPHARMA INC  -CL A,730469,2834
ZSEV,Z-SEVEN FUND INC,730476,6726
SY.1,SHELBY WILLIAMS INDS INC,730564,2590
3TOURE,TOUR CFG INC,730626,7812
SBCF,SEACOAST BANKING CORP/FL,730708,6020
ZIGO,ZYGO CORP,730716,3827
7107B,INACOMP COMPUTER CENTERS INC,730717,5734
3IMRGE,IMREG INC  -CL A,730757,2836
JLUB,JIFFY LUBE INTL,730922,7500
DNAP.,DNA PLANT TECHNOLOGY CORP,730985,100
HCSG,HEALTHCARE SERVICES GROUP,731012,8090
3VBAN,V BAND CORPORATION,731181,3661
ITXG,IT GROUP INC,731190,4955
CRSS.,CROSS MEDICAL PRODUCTS INC,731241,3842
BMJF,B M J FINANCIAL CORP,731244,6020
PDNLB,PRESIDENTIAL RLTY NEW  -CL B,731245,6798
3PHAA,PACIFIC PHARMACEUTICALS INC,731252,2835
GENIZ,GENETICS INSTITUTE INC,731336,2836
CAHR,CARIBBEAN AMERN HLTH RESORTS,731446,3845
MCDTA,MCDATA CORP  -CL A,731502,3669
MYLX,MYLEX CORP,731619,3576
HSSI,HOSPITAL STAFFING SVCS INC,731625,8082
ECGP,ENVIT CAPITAL GROUP INC,731647,6799
UBCP,UNITED BANCORP INC/OH,731653,6020
ACHV.1,ARCHIVE CORP,731655,3572
SPIR.1,SPIRE CORP,731657,3674
EESO,CUCOS INC,731724,5812
SLGLF,SILVERADO GOLD MINES LTD,731727,1040
UNH,UNITEDHEALTH GROUP INC,731766,6324
ATO,ATMOS ENERGY CORP,731802,4924
FPBN.1,FP BANCORP INC,731804,6020
MSII.,MEDICINE SHOPPE INTL INC,731841,6794
AMPLQ,AMPAL-AMERICAN ISRAEL CORP,731859,5160
MWSS,MID-WEST SPRING MFG CO,731895,3490
TIN,TEMPLE-INLAND INC,731939,2631
TRT,TRIO-TECH INTERNATIONAL,732026,3559
QUSTQ,QUESTRON TECHNOLOGY INC,732152,5072
TOOD,THERMWOOD CORP,732240,3550
MBND.1,MULTIBAND CORP,732412,4841
GENZ,GENZYME CORP,732485,2836
SFX.2,SANTA FE PACIFIC CORP,732639,4011
BNKF,BANKERS FIRST CORP,732640,6035
PHKW,POWERHOUSE RESOURCES INC,732700,1311
VZ,VERIZON COMMUNICATIONS INC,732712,4812
BLS,BELLSOUTH CORP,732713,4813
NYN,NYNEX CORP,732714,4813
AIT.1,AMERITECH CORP,732715,4813
PAC.2,PACIFIC TELESIS GROUP,732716,4813
T,AT&T INC,732717,4812
UMG.Z,MEDIAONE GROUP INC,732718,4841
FLTI.1,FLIGHT INTERNATIONAL GROUP,732775,4522
MTLX,MARINE TRANSPORT CORP,732780,4400
BUGX,BARRIER SCIENCE & TECH INC,732786,2842
CLR,CONTINENTAL RESOURCES INC,732834,1311
PIOG,PIONEER GROUP INC,733060,6282
RCI,ROGERS COMMUNICATIONS  -CL B,733099,4812
FEEN,FRIES ENTERTAINMENT INC,733267,7812
RAMP,LIVERAMP HOLDINGS INC,733269,7370
GNR.1,GLOBAL NATURAL RESOURCES INC,733289,1311
3RPGDF,REPUBLIC GOLDFIELDS,733314,9995
TCI,TRANSCONTINENTAL RLTY INVS,733590,6513
3SETC.,SIERRA REAL ESTATE TRUST 84,733594,6798
9370B,TCS ENTERPRISES INC,733729,6163
RVR.2,CRUISE AMERICA INC,733775,7510
MKCO,KAMENSTEIN (M.) INC,734101,3089
GYNX,GYNEX PHARMACEUTICALS,734194,2834
FORB.,FORTUNE BANCORP,734370,6036
RHC.2,RIO HOTEL & CASINO INC,734380,7990
BOOL,BOOLE & BABBAGE INC,734394,7372
9086B,CHEMDESIGN CORP,734541,2800
FAJ,FRONTIER ADJUSTERS OF AMER,735349,6794
PMUSC,POLYMUSE INC,735422,7812
FFHC,FIRST FINANCIAL CORP/WI,735553,6035
3WTEC,WARRANTECH CORP,735571,7389
LOTS,LOTSOFF CORP,735584,5331
3TKAT.,TECHNOLOGY 80 INC,735703,3823
IDNX,IDENTIX INC,735780,7373
WBAT.1,WESTPORT BANCORP INC,735961,6020
INTZ,INTRUSION INC,736012,7372
LESR,MEGO FINANCIAL CORP,736035,6532
JHF,HANCOCK JOHN FINL SVCS INC,736260,6311
CMPC,COMPUCOM SYSTEMS INC,736291,5045
FMBN.,F & M BANCORP/MD,736473,6020
TGA,TRANSGLOBE ENERGY CORP,736744,1311
HEAT.1,PETROLEUM HEAT &POWER  -CL A,736768,5900
CCNE,CNB FINANCIAL CORP/PA,736772,6020
BLUD1,IMMUCOR INC,736822,2835
TELC.,TELCO SYSTEMS INC,736893,3661
DBHI,HICKAM (DOW B.) INC,736915,2834
TUXS,TUXIS CORP,736952,6500
AQTN,AEQUITRON MEDICAL INC,736970,3842
ALLP,ALLIANCE PHARMACEUTICAL,736994,2835
QTEC.1,QUESTECH INC,737033,8711
TSAR,TRISTAR CORP,737203,2844
LNBB,LNB BANCORP INC,737210,6020
PCBC.2,PENN CENT BANCORP INC,737220,6020
VSYN,VALENTEC SYSTEMS INC,737243,3480
CJCL,CELLCOM CORP,737275,9995
7622B,ATI MEDICAL INC,737276,7350
LBNA,LIBERTY BANCORP INC/OK,737287,6020
COVR,COVER-ALL TECHNOLOGIES INC,737300,7372
WASH,WASHINGTON TR BANCORP INC,737468,6020
UCIA,UCI MEDICAL AFFILIATES INC,737561,8093
ELN,ELAN CORP PLC,737572,2834
ITRN.1,INTERTRANS CORP,737573,4731
CUSI,CUISINE SOLUTIONS INC,737602,2030
AVTH.1,ADVANCED TOBACCO PRODUCTS,737717,6794
ML.4,METROMAIL CORP,737755,7331
TTC,TORO CO,737758,3523
FBGIA,FINL BENEFIT GROUP  -CL A,737823,6311
LI.3,LAIDLAW INTERNATIONAL INC,737874,4100
SGII.1,SGI INTERNATIONAL,737955,3569
CKDN,CIRCADIAN INC,738014,3845
COMS.,3COM CORP,738076,3576
DMDS,DENTAL MED DIAGNOSTIC SYS,738194,3843
AMTX,AEMETIS INC,738214,2860
CBHR,CALIFORNIA BEACH RESTAURANT,738274,5812
VRSY.,VARITRONIC SYSTEMS INC,738633,2670
CYE.2,CHEYENNE SOFTWARE INC,738830,7372
3FPMI.,FIREPLACE MANUFACTURERS INC,738992,3433
3PROSE,PROSPECT GROUP INC,739169,4011
MASY,MARKETING SYSTEMS OF AMERICA,739281,7389
3CSAI,COGNITIVE SYSTEMS INC,739371,7372
CCA.Z,CORRECTIONS CORP OF AMERICA,739404,8744
CZFS,CITIZENS FINANCIAL SVCS INC,739421,6020
CAU,CANYON RESOURCES CORP,739460,1040
PENX,PENFORD CORP,739608,2040
MGN.1,MORGAN PRODUCTS LTD,739790,5031
KIDBQ,KID BRANDS INC,739878,3990
MTOX,MEDTOX SCIENTIFIC INC,739944,8071
3ANSY,AMERICAN NURSERY PRODS INC,740055,100
SSS.4,MSA REALTY CORP,740074,6798
UTLV,UNITEL VIDEO INC,740103,7812
CE.2,CONCORD EFS INC,740112,6099
FHT,FINGERHUT COMPANIES INC,740126,5961
VTR,VENTAS INC,740260,6798
UFR,UNIFORCE SERVICES INC,740285,7363
3MICRE,MICROENERGY INC,740622,3679
FLIC,FIRST LONG ISLAND CORP,740663,6020
RFIL,R F INDUSTRIES LTD,740664,3678
TBY.,TCBY ENTERPRISES INC,740693,2024
KDN,KAYDON CORP,740694,3562
BCST,BROADCAST INTERNATIONAL INC,740726,4899
9392B,LDB CORP,740745,5812
BUCY,BUCYRUS INTERNATIONAL INC,740761,3532
3STCIA,SALIENT 3 COMMUN INC  -CL A,740763,3663
EXC.2,EXCEL INDUSTRIES INC,740868,3714
FWBI.,FIRST WESTN BANCORP INC,740876,6020
TOBC,TOWER BANCORP INC,740942,6020
OPOF,OLD POINT FINANCIAL CORP,740971,6020
TCTE,TRANS CONTINENTAL ENTMT GRP,741012,7370
TAPPE,TOTAL ASSETS PROTECTION INC,741330,8711
ALRN.,ALTRON INC,741339,3672
9049B,METROPOLITAN FINL CORP/DE,741341,6035
IBNJ,INDEPENDENCE BANCORP INC/NJ,741356,6020
OSKY,MIDWESTONE FINANCIAL GP-OLD,741390,6020
NVE,NV ENERGY INC,741508,4911
AMNB,AMERICAN NATL BANKSHARES,741516,6020
ARIB,ASPEN IMAGING INTL INC,741517,3950
TRCI,TECHNOLOGY RESEARCH CORP,741556,3613
AMTA,AMISTAR CORP,741559,3559
AFSC.1,ANCHOR FINANCIAL CORP/SC,741561,6020
0223B,TNP ENTERPRISES INC,741612,4911
APSG.1,APPLIED SIGNAL TECHNOLOGY,741696,3663
TSNG,TSENG LABORATORIES INC,741742,3577
HPHWQ,HOOPER HOLMES INC,741815,8090
CADE.2,CADENCE FINANCIAL CORP,742054,6020
WBKC.1,WESTBANK CORP,742070,6020
IVCRQ,INVACARE CORP,742112,3842
FFHS,FIRST FRANKLIN CORP,742161,6036
MATE.1,MATEWAN BANCSHARES INC,742246,6020
LBSC,L S B BANCSHARES INC/SC,742263,6020
BNV,BEVERLY NATIONAL CORP,742275,6020
RES,RPC INC,742278,1389
CBIV,COMMUNITY BANKSHARES INC/VA,742279,6020
IISLF,IIS-INTELLIGENT INFORMATION,742358,3575
3GAMBY,GAMBRO AB  -ADR -OLD,742364,3845
HMO,HMO AMERICA INC,742415,6324
XETA,XETA TECHNOLOGIES INC,742550,3661
FNBF,FNB FINANCIAL SERVICES CORP,742679,6020
CHLN.1,CHALONE WINE GROUP LTD,742685,2084
TRVL.1,TRAVLANG INC,742686,7370
3USSI,UNITED SOFTWARE SECURITY INC,742714,7372
DECO.1,DECORA INDUSTRIES INC,743029,3089
DGCT,DIGITAL COMMUNICATIONS TECH,743051,7819
RSFC,REPUBLIC SECURITY FINANCIAL,743136,6036
3ABVE,ABOVE TECHNOLOGIES INC,743213,7372
GLE.2,GLEASON CORP,743239,3541
3MKEY,MAST/KEYSTONE INC,743250,3841
MXIM,MAXIM INTEGRATED PRODUCTS,743316,3674
OENY,OXFORD ENERGY CO,743332,4991
BHB,BAR HARBOR BANKSHARES,743367,6020
ROBOF,ROBOGROUP TEK LTD,743399,3569
HALFE,HALE RESOURCES LTD,743445,9995
TUR.2,TURNER CORP,743475,1540
BLYDY,BLYVOORUITZICHT GOLD MINING,743507,1040
ALFA.1,ALFA CORP,743532,6331
CNX.3,CONVEX COMPUTER CORP,743653,3571
TCNX,TRICONEX CORP,743739,3823
HM,HOMESTAKE MINING,743872,1040
3MACM,MACROCHEM CORP/DE,743884,2834
XLNX,XILINX INC,743988,3674
OUCH,OCCUPATIONAL URGENT CARE HEA,744040,6411
FJCC,FEDDERS CORP,744106,3585
FCEC,FIRST CHESTER CNTY CORP,744126,6020
REX,REX AMERICAN RESOURCES CORP,744187,2860
CLDX,CELLDEX THERAPEUTICS INC,744218,2836
BNBX,BNB PLUS CORP,744452,8731
CDSCY,CADBURY PLC,744473,2060
NSFC,NORTHERN STATES FINANCIAL CP,744485,6020
BLGMY,BUFFELSFONTEIN GOLD MINES,744527,1040
TBIT,TELEBIT CORP,744550,3661
ITCM,INTERCIM CORP,744731,7373
CFB.2,COMMERCIAL FEDERAL CORP,744778,6035
SRTDQ,STUARTS DEPARTMENT STORES,744795,5331
AMS,AMERICAN SHARED HSPTL SERV,744825,8090
VRSI,VIRAL RESPONSE SYSTEMS INC,744956,3842
NXXIQ,NUTRITION 21 INC,744962,2834
NSS.1,NS GROUP INC,745026,3312
FNBR,FNB ROCHESTER CORP,745087,6020
HWL,HOWELL CORP,745113,1311
HC.1,HELENE CURTIS INDS,745142,2844
PHXT,PHOENIX MEDICAL TECHNOLOGY,745167,3089
MEGT,MEGATEST CORP,745213,3825
CDMS,CADMUS COMMUNICATIONS CORP,745274,2721
COBI.,COBANCORP INC,745276,6020
INMTQ,INTERMET CORP,745287,3320
JOE,ST JOE CO,745308,7011
SBIT.1,SUMMIT BANCSHARES INC/TX,745344,6020
KTCO,KENAN TRANSPORT CO,745379,4213
LSCO,LESCO INC,745394,2870
0410B,METALDYNE CORP,745448,3714
3ALNI,ALLIANCE NORTHWEST INDS INC,745452,5700
MROE,MONROE BANCORP,745456,6020
3DPRX,DIRECT PHARMACEUTICAL CORP,745460,5122
METS,MET-COIL SYSTEMS CORP,745469,3540
INLK,INTERLINK COMPUTER SCIENCES,745597,3576
3MLLEQ,MARTIN LAWRENCE LTD EDITIONS,745600,2741
SCSL,SUNCOAST SVGS & LN ASSN FSA,745607,6035
GMET.1,GENERAL METAL & ABRASIVES CO,745612,3290
SFSW,STATE FINANCIAL SVCS CP-CL A,745614,6020
ABAT.1,ADVANCED BATTERY TECH INC,745651,3690
SMBXQ,SYMBOLICS INC,745664,3577
ROST,ROSS STORES INC,745732,5651
VENT,VENTURIAN CORP,745756,5080
3CSTP.,CONGRESS STREET PPTYS INC,745770,6799
HYPRQ,HYPERFEED TECHNOLOGIES INC,745774,6200
COR.2,CRYSTAL GAS STORAGE INC,745907,1311
MSL,MIDSOUTH BANCORP INC,745981,6020
GESJ,GENISCO TECHNOLOGY,746071,3575
ISER,INNOSERV TECHNOLOGIES INC,746072,7600
3PEER,PEERLESS INDUSTRIAL GRP INC,746156,3490
TWAV,TAOWEAVE INC,746210,7370
NREB,NORTHERN EMPIRE BANCSHARE,746253,6020
GGGO,GOLDEN GENESIS CO,746255,3620
DMCD,DETWILER FENTON GROUP INC,746425,6211
UNIZ,UNIZAN FINANCIAL CORP,746481,6020
NEN,NEW ENGLAND REALTY ASSC  -LP,746514,6513
EXPD,EXPEDITORS INTL WASH INC,746515,4731
8102B,GALACTIC RESOURCES LTD,746529,1040
SIGA.,SIGMA CIRCUITS INC,746549,3672
BLVD.,BOULEVARD BANCORP,746594,6020
BRC,BRADY CORP,746598,3990
3TTORE,TRANSTECTOR SYSTEMS INC,746630,3674
OGNG,BRAVO ENTERPRISES LTD,746631,3585
CGE.1,CARRIAGE INDUSTRIES INC,746650,2273
3MIGA.,MEDICAL IMAGING CTRS OF AMER,746712,8071
HBSI.,HAMPTONS BANCSHARES INC,746715,6020
COGN,COGNOS INC,746782,7372
LRGI.1,LRG RESTAURANT GROUP INC,746783,5812
NGAS,NGAS RESOURCES INC,746834,1311
UIS,UNISYS CORP,746838,7373
AOG.2,AMERICAN OIL & GAS,746896,4923
PSGQ,PEGASUS GOLD INC,746961,1040
DLOV,DALECO RESOURCES CORP,746967,1311
OK.2,OLD KENT FINANCIAL CORP,746969,6020
NNET,NOSTALGIA NETWORK INC,747178,4833
CARY.1,CAREY INTERNATIONAL INC,747201,4100
CIVC,CIVIC BANCORP,747205,6020
SMTB,SMITHTOWN BANCORP INC,747345,6020
AHIX,ALUF HOLDINGS INC,747435,3944
VERA.1,VERAMARK TECHNOLOGIES INC,747605,7372
PPCI,PRESSURE PIPING COMPONENTS,747675,9995
SRL.3,SCEPTRE RESOURCES LTD,747836,1311
CCEM,COMPUCHEM CORP,747902,8071
BXM,BIOMATRIX INC,747952,2836
ZZ,SEALY CORP,748015,2510
EESV,ENVIRONMENTAL ENERGY SERVICE,748055,6792
KWGI,ABC DISPENSING TECHNOLOGIES,748103,7600
MRC.1,MOORCO INTERNATIONAL INC,748132,3824
TCOR,TREECON RESOURCES INC,748212,5084
NSAT,NORSAT INTL INC,748213,3679
RCAT,RED CAT HOLDINGS INC,748268,3721
MDCI,MEDICAL ACTION INDUSTRIES,748270,3842
CNSB.,CENTENNIAL SVGS BK F S B,748354,6035
CABK.,CAPITAL BANCORPORATION INC,748529,6020
MRTI,MAXUS REALTY TRUST INC,748580,6798
NER.2,NERCO INC,748581,1221
ERNA,ERNEXA THERAPEUTICS INC,748592,2836
IFRA.1,INFRASONICS INC,748618,3842
KF,KOREA FUND,748691,6726
DRKN,DURAKON INDS INC,748792,3714
TXLI,TEXOIL INC,748856,1311
FISNY,FISONS PLC,748950,5047
LLND,LANDMARK LAND CO,749028,9995
ORBK,ORBOTECH LTD,749037,3823
CCUR,CCUR HOLDINGS INC,749038,6500
MGA,MAGNA INTERNATIONAL INC,749098,3714
SERV.2,SERVING SOFTWARE INC,749169,7373
IT,GARTNER INC,749251,8700
3AEMI,ACCESS TO MONEY INC,749254,7200
3NZYM,SYNTHETECH INC,749290,2860
DS.3,DALLAS SEMICONDUCTOR CORP,749420,3674
LMRK.,LANDMARK GRAPHICS CORP,749510,7373
IMNN,IMUNON INC,749647,2836
ICAD,ICAD INC,749660,7372
GDLA,GUARDIAN BANCORP,749751,6020
DFZ,BARRY (R G) CORP,749872,3140
9232B,CLUB MED INC,749877,7011
3BYNH,BANYAN SHORT TERM INCOME TR,749882,6798
MMZ.A,METRO MOBILE CTS INC  -CL A,749922,4812
WELX,WINLAND HOLDINGS CORP,749935,3829
LNWO,LIGHT & WONDER INC,750004,3570
EPL,EPL OIL & GAS INC,750199,1311
BWY.1,BROADWAY STORES INC,750217,5311
USC.1,USLICO CORP,750234,6311
3RAZR,AMERICAN SAFETY RAZOR,750339,3420
WPSL,STEWART (W P) & CO LTD,750443,6282
SCPTC,SCRIPT SYSTEMS INC,750485,7373
STI.1,SUNTRUST BANKS INC,750556,6020
PLLL.1,PARALLEL PETROLEUM CORP,750561,1311
AUBN,AUBURN NATIONAL BANCORP,750574,6020
HWC,HANCOCK WHITNEY CORP,750577,6020
CAC,CAMDEN NATIONAL CORP,750686,6020
3HRIZE,HORIZON RESOURCES CORP,750740,9995
3SELA,SEITEL INC,750813,1382
FIMG,FISCHER IMAGING CORP,750901,3844
ZSIF,ZYTEC SYSTEMS INC,750914,7370
PPSI.1,PACIFIC PHYSICIAN SERVICES,751078,8011
MAG.3,MAGNETEK INC,751085,3612
HENI.,H-ENTERTAINMENT INC,751145,9995
TSSW,TOUCHSTONE SOFTWARE CORP,751160,7372
MX.1,MEASUREX CORP,751190,3823
3GCAPZ,GOLD CO OF AMERICA  -LP,751260,5094
TBDI,TMBR/SHARP DRILLING INC,751288,1381
NNN,NNN REIT INC,751364,6798
VIRC,VIRCO MFG. CORP,751365,2531
ISLH,INTERNATIONAL HLDG CAP CORP,751417,6036
STR.3,QUESTAR CORP,751652,4923
BBB.2,BALTIMORE BANCORP,751926,6020
3GKRVF,GOLDEN KNIGHT RESOURCES INC,751959,1040
GAL.1,GALOOB TOYS INC,751968,3944
NHL,NEWHALL LAND &FARM  -LP,751976,6552
VICR,VICOR CORP,751978,3679
FBH,HALL (FRANK B.) & CO,752180,6411
COMB.1,COMMUNITY BANCSHARES INC/DE,752195,6020
ADIA.,ADIA SERVICES INC,752200,7363
DYNX.1,DYNATEC INTERNATIONAL INC,752208,3661
IPI.,IPC COMMUNICATIONS INC,752268,3661
UMR,UNIMAR CO  -LP,752290,1311
NECB.1,NEW ENG CMNTY BANCORP  -CL A,752324,6020
CHCAQ,CONSD HEALTH CARE ASSOC INC,752346,8093
GRDN.,GARDEN STATE BANCSHARES INC,752390,6020
NWK,NETWORK EQUIPMENT TECH INC,752431,3576
UMH,UMH PROPERTIES INC,752642,6798
MILT,MILTOPE GROUP INC,752692,3577
MGRC,MCGRATH RENTCORP,752714,7359
XCRP,XCORPOREAL INC,752789,9995
AXIHQ,AXION INTL HOLDINGS INC,753048,3089
SNDTF,SAND TECHNOLOGY INC  -CL A,753050,7372
OCENY,OCE NV,753058,3861
3RGFX,RASTER GRAPHICS INC,753081,3577
CNGL.2,CHINA NUTRIFRUIT GROUP LTD,753224,2030
BAIB,BAILEY CORP,753237,3714
AII.3,AMER INSD MTG SER 85  -LP,753281,6799
NEE,NEXTERA ENERGY INC,753308,4911
EXAR,EXAR CORP,753568,3674
OISO,OIS OPTICAL IMAGING SYSTEMS,753601,3679
VLVLY,VOLVO AB,753762,3711
CSTL.1,CONSTELLATION BANCORP,753766,6020
SNDS.1,SANDS REGENT,753899,7990
SIE,SIERRA HEALTH SERVICES,754009,6324
OLCC,OLYMPUS CAPITAL CORP,754019,6035
BRGS,BARRISTER GLOBAL SVCS NTWK,754128,7370
ROSX,ROSS INDUSTRIES,754365,3550
3OMCA,OCCUPATIONAL MED CORP AMER,754438,8011
BRKT,BROOKTROUT INC,754516,3661
HABC,HABERSHAM BANCORP INC,754597,6020
SCNB,SUFFOLK BANCORP,754673,6020
SCG,SCANA CORP,754737,4931
GROW,U S GLOBAL INVESTORS INC,754811,6282
LATX.,LATEX RESOURCES INC,754881,1311
3PMCX,PAK MAIL CNTRS AMERICA INC,754921,6794
UTL,UNITIL CORP,755001,4931
MASC,MATERIAL SCIENCES CORP,755003,3470
PCTL.1,PICTURETEL CORP,755095,3661
ORNHQ,ORION HEALTHCORP INC,755113,8011
TMG.1,TRANSMONTAIGNE INC,755199,4610
REO.3,REA GOLD CORP,755227,1040
VPGC,VPGI CORP,755229,9995
SAND.1,SANDATA TECHNOLOGIES INC,755465,7374
SKII,S-K-I LTD,755499,7990
ROTO,ROTO ROOTER INC,755548,7600
SPCO.,SOFTWARE PUBLISHING CORP,755659,7372
PARD,PONIARD PHARMACEUTICALS INC,755806,2835
EQKR,EQK REALTY INVESTORS,755926,6798
IFCJ,INTERCHANGE FINL SVCS CP/NJ,755933,6020
ZING.1,ZING TECHNOLOGIES INC,756055,3674
IKOS,IKOS SYSTEMS INC,756365,7373
3MGXI,MICROGRAFX INC,756497,7372
BTY10,BT GROUP PLC,756620,4813
HMGCQ,HMG WORLDWIDE CORP,756680,3990
DMET,DIGITAL METCOM INC,756759,7385
KWP,KING WORLD PRODUCTIONS INC,756764,7822
HCNP,HAMPTON CONSULTING CORP,756767,6200
CFER,CONFERTECH INTERNATIONAL INC,756768,7389
FFBG,FIRST FED SVGS BK BRUNSWICK,756775,6035
B,BARRICK MINING CORP,756894,1040
FKBC,FIRST KNOX BANC CORP,756899,6020
NUVI.1,NUVISION INC,756918,5990
NLWP,PCC GROUP INC,756972,5045
USG.1,USG CORP,757011,3270
CTZ.1,CORPUS CHRISTI BNCSHARES INC,757012,6020
DOCP,DELAWARE OTSEGO CORP,757189,4011
WFSB,1ST WASHINGTON BANCORP INC,757762,6035
3YUKN,YUKON ENERGY CORP,757763,3585
CUNB.1,CUPERTINO NATL BANCORP,757790,6020
NOVL,NOVELL INC,758004,7370
GBAN,GATEWAY BANCORP INC,758029,6020
3IVCIB,IVCI CORP  -CL B,758249,5812
STJC,SAINT JAMES CO,758256,2080
CHIK.1,GOLDEN POULTRY CO INC,758292,2015
7419B,DELTA RENTAL SYSTEMS INC,758328,7990
GPSI.,GREAT PLAINS SOFTWARE INC,758540,7372
BINDQ.1,BUSH INDUSTRIES  -CL A,758604,2511
3PLHCQ,PARACELSUS HEALTHCARE CORP,758722,8062
VIDE,VIDEO DISPLAY CORP,758743,3670
3SYNL.,SYNTELLECT INC,758830,3661
QBAK,QUALSTAR CORP,758938,3572
3NEKDA,NEUROTECH DEVELOPMENT CORP,758953,1540
PDRT,PARTICLE DRILLING TECH INC,759153,9995
3VIPIS,VININGS INVESTMENT PPTYS TR,759174,6798
GMI.,GEMINI II,759277,6726
PDAS,PDA ENGINEERING,759436,7372
FCCX,FIRST CENTRAL FINANCIAL CORP,759441,6331
GRM.1,GRAND METROPOLITAN PLC,759492,2050
LAFCB,LOAN AMERICA FINANCIAL -CL B,759578,6162
3IVES,INVESTMENT TECHNOLOGIES INC,759672,6282
BERK,BERKSHIRE BANCORP INC,759718,6020
MPD.1,MERIDIAN POINT REALTY TR IV,759819,6798
JHI,JOHN HANCOCK INVESTORS TRUST,759828,6726
QBAL,JILLIANS ENTERTAINMENT CORP,759855,7990
JHS,HANCOCK (JOHN) INCOME SEC,759866,6726
CFG,CITIZENS FINANCIAL GROUP INC,759944,6020
3AJRLE,ROSS (A.J.) LOGISTICS INC,760031,3440
FLFC,FIRST LIBERTY FINANCIAL CORP,760077,6035
SBOS,BOSTON BANCORP,760079,6036
OUTD,OUTDOOR CHANNEL HLDGS INC,760326,4833
MAIJ,MAI SYSTEMS CORP,760436,7373
PNTK,PENTECH INTERNATIONAL INC,760461,3950
7182B,LEO'S INDUSTRIES INC,760487,4812
BANF,BANCFIRST CORP/OK,760498,6020
ACCN,AMERICAN CAPITAL CORP,760684,6036
WLRF,WLR FOODS INC,760775,2015
ANBC,ANB CORP,760992,6020
INB.2,COMMUNITY INDEPENDENT BANK,760993,6020
CGUL,MARGATE INDUSTRIES INC,761198,3470
CJER,CENTRAL JERSEY BANCORP-OLD,761201,6020
IRMC,IMCOR PHARMACEUTICAL CO,761237,2835
RADA,RADA ELECTRONIC INDUSTRIES,761238,3812
ATMD.1,ATTENTION MEDICAL CO,761272,5047
PRBC.,PREMIER BANCORP,761332,6020
CDR,CEDAR REALTY TRUST INC,761648,6798
GMBS,GEORGE MASON BANKSHARES INC,761651,6020
IPT.1,IP TIMBERLANDS  -LP-CL A,761860,800
STNX,STARTRONIX INTERNATIONAL INC,761895,4899
RPIC,REPUBLIC PICTURES,761915,7822
PBTC,PEOPLES BANCTRUST INC,762128,6020
AES1,CILCORP INC,762129,4931
SHCID,SALICK HEALTH CARE INC,762131,8093
IGLSF,INSITUFORM GROUP LTD  -ORD,762151,1700
3ACFY,AMERICAN CONFECTIONERY CORP,762404,2060
AQSIC,AQUASCIENCES INTL INC,762831,3580
ITC.EC,INTELLIGENT CONTROLS INC,762953,3824
BCL.1,BIOCRAFT LABORATORIES INC,763043,2834
ROIX,RESPONSE ONCOLOGY,763098,8011
MVSTC,MULTIVEST CORP,763135,5030
MTMI.1,MICROTEK MED INC,763180,3842
XLDC,XL DATACOMP INC,763358,5045
RGCM,REGAL COMMUNICATIONS CORP,763414,5961
LYTS,LSI INDUSTRIES INC,763532,3640
CHMG,CHEMUNG FINANCIAL CORP,763563,6020
RAWA,RENT A WRECK OF AMERICA INC,763567,6794
CBOG.,COMMUNITY BANCSHARES INC/TN,763585,6020
HIST,GALLERY OF HISTORY INC,763730,5990
3PNTHE,PANTHEON INDUSTRIES INC,763733,6162
EVI.1,EQUIVEST INC,763738,6798
3MRNKQ,MORRISON KNUDSEN CORP OLD,763739,1540
LCII,LCI INDUSTRIES,763744,3711
PICOA,PHYSICIANS INS CO/OH  -CL A,763842,6351
BPOP,POPULAR INC,763901,6020
FUNC,FIRST UNITED CORP,763907,6020
UNDT,UNIVERSAL DETECTION TECHNOL,763950,3823
3JNZZ,GRUBB & ELLIS REALTY INCOME,763977,6798
3ENCC.,ENCORE COMPUTER CORP,764037,3571
SSB,SOUTH STATE BANK CORP,764038,6020
SIMC,SIMCLAR INC,764039,3679
CLF,CLEVELAND-CLIFFS INC,764065,3310
MO,ALTRIA GROUP INC,764180,2111
VBIVQ,VBI VACCINES INC,764195,2836
BNHB,BNH BANCSHARES INC,764205,6020
EMBR.1,EMBRACE SYSTEMS CORP,764218,3089
IBNKQ,INTEGRA BANK CORP,764241,6020
INTV.1,INTERVOICE INC,764244,3661
BTRE,BROOKTREE CORP,764271,3674
SHKIF,SHL SYSTEMHOUSE INC,764371,7373
IIIN,INSTEEL INDUSTRIES,764401,3310
GRNB.1,GREEN BANKSHARES INC,764402,6020
ETW.1,E'TOWN CORP,764403,4941
BBY,BEST BUY CO INC,764478,5731
3PERL,PERLE SYSTEMS LTD,764485,3576
3DTIAE,DIGITAL TRANSMISSION  -CL A,764577,3661
CASM,CAS MEDICAL SYSTEMS INC,764579,3845
CSTM.1,CLEAN SYSTEMS TECHNOLOGY GP,764587,3564
RPAML,ROYAL PALM BEACH COLONY  -LP,764606,6532
PNW,PINNACLE WEST CAPITAL CORP,764622,4911
LDG,LONGS DRUG STORES CORP,764762,5912
NPSI,NORTH PITTSBURGH SYSTEMS,764765,4813
COB,COMMUNITYONE BANCORP,764811,6020
PSWS,PURESAFE WATER SYSTEMS INC,764839,3580
SDNA,SEDONA CORP,764843,7370
FPWBQ,FOUNTAIN POWERBOAT INDS INC,764858,3730
AMQT,AMERIQUEST TECHNOLOGIES INC,764864,5045
DEP.A,DAMSON ENERGY CO  -LP-CL A,764865,1311
ITCC.1,ITC LEARNING CORP,764867,5045
PMORQ,PHAR-MOR INC,764960,5912
3ATNN,ATNN INC,765028,5500
HMHC.1,HALLMARK HEALTHCARE CORP,765052,8062
FNLC,FIRST BANCORP INC/ME,765207,6020
CCTVY,CARLTON COMMUNICATIONS PLC,765245,4833
IMCL.1,IMCLONE SYSTEMS INC,765258,2836
OMET,ORTHOMET INC,765353,3842
LAB.A,NICHOLS INSTITUTE,765410,8071
STMIQ,STM WIRELESS INC,765414,3663
JAMY,JAM INC,765449,7373
MJK,MAGICWORKS ENTERTAINMENT INC,765803,7900
3PMCI,PMC INTL INC,765815,6282
DOC,HEALTHPEAK PROPERTIES INC,765880,6798
SHIP.2,REGENCY CRUISES INC,765881,4400
3HIGH,HIGHLAND SUPERSTORES INC,766003,5731
0053A,SBARRO INC,766004,5812
CMCL,CALEDONIA MINING CORP PLC,766011,1040
CNSP.1,CENTRAL SPRINKLER CORP,766041,3490
MSOF,MULTI SOFT INC,766404,7372
ALK,ALASKA AIR GROUP INC,766421,4512
AMK.2,AMERICAN TECHNICAL CERAMICS,766430,3670
ENVE,ENVENTIS CORP,766561,4813
OXCI,OXFORD CONSOLIDATED,766585,1311
RNDM.1,RANDOM ACCESS INC,766588,5045
CMO,CAPSTEAD MORTGAGE CORP,766701,6798
WELL,WELLTOWER INC,766704,6798
GECMQ,GENICOM CORP,766738,3577
CVV,CVD EQUIPMENT CORP,766792,3559
3OMPO,OMNIPOWER INC,766822,1311
3NYTSE,NYTEST ENVIRONMENTAL INC,766823,8734
HTO,H2O AMERICA,766829,4941
CVII.1,CONVERSION INDS INC,766849,6799
3UQSTE,UNIQUEST INC,766887,7372
MMI.2,MMI COMPANIES INC,767308,6351
SBFG,SB FINANCIAL GROUP INC,767405,6020
SERO,SEROLOGICALS CORP,767673,2836
CERE.1,CERES INC,767884,100
PMCS,PMC-SIERRA INC,767920,3674
CHPS.1,CHIPS & TECHNOLOGIES INC,767965,3674
DATC,DATATEC SYSTEMS INC,768119,7373
LAN.1,LANCER CORP/TX,768162,3585
SBNK.,SUBURBAN BANCSHARES INC/MD,768177,6020
KLHC,KLH COMPUTERS INC,768178,5045
ALTR.1,ALTERA CORP,768251,3674
HPPS,HEALTHY PLANET PRODUCTS INC,768260,2771
SY.3,SYBASE INC,768262,7372
SUNT.,SUNWARD TECHNOLOGIES,768263,3679
BJICA,BEN & JERRY'S HOMEMDE  -CL A,768384,2024
CYAN,CYANOTECH CORP,768408,2833
CYBE,CYBEROPTICS CORP,768411,3827
FCBIA,FIRST COMM BANCSHARES  -CL A,768532,6020
3GBNC,GUARANTY BANCSHARES CORP,768536,6020
TCCEA,TOWN & COUNTRY CORP  -CL A,768608,3911
MIP.1,MIP PROPERTIES INC,768680,6798
RELV,RELIV INTERNATIONAL INC,768710,2834
ICSI.,INTL CONTAINER SYSTEMS INC,768832,3089
BIGGQ,BIG LOTS INC,768835,5331
DOCG,DOCUGRAPHIX INC,768841,7373
HAXS,BPO MANAGEMENT SERVICES/PA,768892,7374
TBI,TRUEBLUE INC,768899,7363
TCGN,TECHNOLOGY GENERAL CORP,768914,6510
WFDS,WORTHINGTON FOODS INC,768978,2090
COP.2,COPLEY PROPERTIES INC,769017,6798
KURZ,KURZWEIL APPLIED INTEL INC,769191,3577
FSBI,FIDELITY BANCORP INC/PA,769207,6036
AEG,AEGON LTD,769218,6311
LAC.1,LAC MINERALS LTD,769271,1040
AMBJ,AMERICAN CITY BUS JOURNALS,769339,2711
ADSK,AUTODESK INC,769397,7370
GDYN.1,GEODYNAMICS CORP,769409,8711
COU,COURTAULDS PLC,769417,2800
NRDRF,CONSOLIDATED NRD RESOURCES,769508,1311
MIDD,MIDDLEBY CORP,769520,3580
COMX,COMTREX SYSTEMS CORP,769525,3578
CYM.1,CYPRUS AMAX MINERALS CO,769589,1000
NTTYY,NTT INC,769594,4813
3WELSE,WELLSTEAD INDUSTRIES INC,769626,5099
CNJ,COLE NATIONAL CORP,769644,5990
HII.2,HEALTH IMAGES INC,769689,8071
CPSA.1,CENTRAL PA FINANCIAL CORP,769751,6036
GNBC.1,GLENDALE BANCORPORATION,769800,6020
3REMC,REMEC INC,769874,9995
RECQQ,RECYCLING INDUSTRIES INC,769879,5093
RHAB,REHABILITY CORP,769908,8093
7553B,NEWMARK & LEWIS INC,769940,5731
ISTC,INSTRUCTIVISION INC,770183,8200
CRWTF,SPI SUSP & PARTS INDS  -ORD,770320,3790
ADIC,ADVANCED DIGITAL INFO CORP,770403,3572
PFBX,PEOPLES FINANCIAL CORP/MS,770460,6020
SEAM,SEAMAN FURNITURE CO,770504,5712
HPLX10,HEALTHPLEX INC,770506,6324
CLOS,AMERN SAFETY CLOSURE,770701,3089
TDCXE,TECHNOLOGY DEVELOPMENT CORP,770719,3825
BFTH,BALLY TOTAL FITNESS HLDG CP,770944,7990
RBK,REEBOK INTERNATIONAL LTD,770949,3021
ROTC,ROTECH MEDICAL CORP,771142,8082
VCELA,VANGUARD CELLULAR SYS  -CL A,771178,4812
ELMS.1,ELMER'S RESTAURANTS INC,771214,5812
SPRI,SPORTS RESORTS INTL INC,771249,3714
DOC.4,DIGITAL ANGEL CORP -OLD,771252,3669
KOPN,KOPIN CORP,771266,3674
IJL,INTERSTATE/JOHNSON LANE INC,771296,6211
BSN.1,BOSTON TECHNOLOGY INC,771470,3661
PDGE,PDG ENVIRONMENTAL INC,771485,4955
ABM,ABM INDUSTRIES INC,771497,7340
BMG.1,BATTLE MOUNTAIN GOLD CO,771498,1040
SRSK,STAR STRUCK LTD,771504,5063
BRBW,BRUNSWICK BANCORP,771614,6020
PRT.1,PRUDENTIAL REALTY TRUST,771641,6798
SOCI,SOUTHERN ENERGY CO INC,771642,1220
AHM.1,AHMANSON (H F) & CO,771667,6035
3MPHO,MEDPHONE CORP,771674,3845
CHOL,CENTRAL HOLDING CO,771722,6035
AAIIQ,ALABAMA AIRCRAFT INDUSTRIES,771729,3721
3CLSR.,CALSTAR INC,771777,5961
STTX.,STEEL TECHNOLOGIES INC,771790,3310
NWSLF,NOWSCO WELL SERVICE LTD,771796,1389
FAI.3,FAI INSURANCE LTD,771810,6331
CSBR,CHAMPIONS ONCOLOGY INC,771856,2836
3DBDBE,DBRIT CORP,771858,7370
AGLFQ,ATLANTIC GULF COMMUNITIES CP,771934,6532
STT.3,SUPERIOR TELETEC INC,771935,3357
DIAL.1,WESTWOOD ONE INC,771950,4832
3CPFTF,CONSOLIDATED PROFESSOR MINES,771965,1040
PAAS,PAN AMERICAN SILVER CORP,771992,1040
3ILGCE,INTELOGIC TRACE INC,771993,7370
DSS,DSS INC,771999,7373
IVX.2,IVAX CORP,772197,2834
NICH,NITCHES INC,772263,2330
CRXM,TAXUS CARDIUM PHARMACEUTICLS,772320,2836
ABFIQ,AMER BUSINESS FINL SVCS INC,772349,6141
XUPS,EXIDE ELECTRONICS GROUP INC,772372,3620
TPCA.,TOTAL PHARMACEUT CARE,772377,8082
CRUS,CIRRUS LOGIC INC,772406,3674
EQNX.,EQUINOX SYSTEMS INC,772465,3576
EDAC,EDAC TECHNOLOGIES CORP,772572,3829
3RMBC,ROCKY MTN BEVERAGE CO,772831,2086
EASI.1,ENGINEERED SUPPORT SYSTEMS,772891,3585
HTCH,HUTCHINSON TECHNOLOGY INC,772897,3679
VDCY,VIDEO CITY INC,773135,7841
RYOU,RAMSAY YOUTH SERVICES INC,773136,8060
MDC,MDC HOLDINGS INC,773141,1531
FORLQ,FORELAND CORP,773326,1311
DSP.1,DIAMOND SHAMRCK OFFSHOR  -LP,773350,1311
ENSA,ENVIRONMENTAL SERVICES AMER,773399,4955
IDMCQ,INDYMAC BANCORP INC,773468,6162
ETCIA,ELECTR TELE-COMMUNCTN,773547,3661
CKRB,CHECKROBOT INC,773548,3578
KREN,KINGS ROAD ENTERTAINMENT,773588,7812
HEKN,HEEKIN CAN INC,773594,3411
RCP.1,ROCKEFELLER CENTER PPTYS INC,773652,6798
NAM.1,NORTH AMERICAN TRUST,773654,6798
CSYI,CIRCUIT SYSTEMS INC,773657,3672
3799B,HEALTHMARKETS INC,773660,6321
DSPT,DSP TECHNOLOGY INC,773720,3829
HAUSQ,HAUSER INC,773723,2833
ISKO,ISCO INC,773730,3823
HON,HONEYWELL INTERNATIONAL INC,773840,9997
GFLS,GREATER COMMUNITY BANCORP,773845,6020
APC.1,ANADARKO PETROLEUM CORP,773910,1311
TNXS,TRANSAXIS INC,774055,7389
CX.2,CENTERIOR ENERGY CORP,774197,4911
WB.1,WACHOVIA CORP-OLD,774203,6020
UTH.,UNION TEXAS PETRO HLDGS INC,774214,1311
AWII,AMERIWOOD INDS INTL CORP,774487,2511
ALRN.1,AMERICAN LEARNING CORP,774517,8300
CSELQ,CARIBBEAN SELECT INC,774554,2033
CLDB,CORTLAND BANCORP,774569,6020
GRP.2,ALLIED GROUP INC,774624,6331
MPG.1,MERIDIAN POINT RLTY TR VII,774653,6798
DOCKS,CHICAGO DOCK & CANAL TRUST,774658,6798
PCLE,PINNACLE SYSTEMS INC,774695,3577
7556A,ENVIRONMENTAL SYSTEMS CO,774709,4955
ISHI,BIOZHEM COSMECEUTICALS INC,774740,5990
ELED,EXELED HOLDINGS INC,774937,4512
ALTX,ALTEX INDUSTRIES INC,775057,1311
OSK,OSHKOSH CORP,775158,3711
INTS.1,INTEGRATED SYSTEMS INC,775163,7372
HBT,HBT FINANCIAL INC,775215,6020
PLP.1,PLAINS PETROLEUM CO,775272,1311
SWH.3,SPAGHETTI WAREHOUSE INC,775298,5812
Y,ALLEGHANY CORP,775368,6331
GBBK.1,GREATER BAY BANCORP,775473,6020
ARC.3,ATLANTIC RICHFIELD CO,775483,2911
NRC.2,NAC RE CORP,775542,6331
3HIWDF,HIGHWOOD RESOURCES LTD,775614,1400
COVI.,CONTINENTAL VENTURES INC,775616,6799
VIST.1,VIST FINANCIAL CORP,775662,6020
RFIN,ROCK FINANCIAL CORP/NJ,775663,6020
CPFR,CAMERA PLATFORMS INTL INC,775714,3861
CDCR,CHILDRENS DISCOVERY,775820,8351
DEFI.1,DEFIANCE INC,775995,3714
RCPIQ,ROCK CREEK PHARMACEUTICALS,776008,2834
CDV.A,CHAMBERS DEVELOPMENT  -CL A,776074,4953
3CWEXE,CWE INC,776208,5734
RSCR,RES-CARE INC,776325,8050
VISRF.1,VISCOUNT RESOURCES LTD,776764,1311
CBNH,COMMUNITY BANKSHARES INC/NH,776815,6036
KLY,KELLEY OIL & GAS PTRS  -LP,776818,1311
PNB.,PREMIER NATIONAL BANCORP,776848,6020
WTM,WHITE MTNS INS GROUP LTD,776867,6331
ADT.1,ADT LTD,776873,7380
OSHSF,OSHAP TECHNOLOGIES LTD,776900,7373
INDB,INDEPENDENT BANK CORP/MA,776901,6020
FAH,FIRST AMER HEALTH CONCEPTS,776997,7389
BSC.1,BEAR STEARNS COMPANIES INC,777001,6211
EDMK,EDMARK CORP,777249,7372
SPEK,SPEC'S MUSIC INC,777277,5735
3AOIC,AOI COAL CO,777358,1221
SKFRY,SKF AB,777504,3562
TCAR,TENDERCARE INTERNATIONAL INC,777513,2670
SRLX.,SUMMA RX LABORATORIES INC,777517,2834
3PWSPE,POWER SPECTRA INC,777527,8731
STKY,STOKELY USA INC,777538,2033
SAM.2,SAMSON ENERGY CO  -LP,777568,1311
3POKI,POCI INC,777623,4522
YFED,YORK FINANCIAL CORP,777876,6035
ADB.1,ADOBE RESOURCES CORP,777877,1311
SDY.1,SANDY CORPORATION,778107,8700
IRNE,INTRENET INC,778161,4213
ALTO,ALTO INGREDIENTS INC,778164,2860
RCKE,ROCK ENERGY RESOURCES INC,778165,1040
CYTB,CRYSTAL BRANDS,778169,2320
CNVLZ,CITY INVESTING CO LIQ TR,778171,6726
SLP.1,SUN ENERGY PARTNERS  -LP,778201,1311
SRRI,SYNERGY RENEWABLE RESOURCES,778208,1000
NRL.1,NORRELL CORP,778397,7363
HOST,ARLINGTON HOSPITALITY INC,778423,7011
USI.2,U S INTEC INC,778424,2950
AGIS,AEGIS COMMUNICATIONS GROUP,778426,7389
GRG.2,GREENERY REHABILITATION GRP,778433,8051
IND.3,AMERICAN INDL PPTYS REIT,778437,6798
LOG.2,RAYONIER TIMBERLANDS  -LP,778439,800
FOLI,FOLIAGE PLUS INC,778702,3990
3ADIE,AUTODIE CORP,778705,3540
GDMK.,GOODMARK FOODS,778709,2013
3XXDTB,BANYAN MTG INVESTORS  -LP II,778714,6799
TOWRQ,TOWER AIR INC,778718,4512
MEAS,MEASUREMENT SPECIALTIES INC,778734,3829
CRAN.1,CROWN ANDERSEN INC,778808,3564
BXG,BLUEGREEN VACATNS CORP,778946,7011
FBMI,FIRSTBANK CORP,778972,6020
JKHY,HENRY (JACK) & ASSOCIATES,779152,7389
PROI,PROTERION CORP,779164,3829
HIRD,DIVERSIFIED CORP RESOURCES,779226,7361
GWCC,GWC CORP,779244,4941
DIAN,DIANON SYSTEMS INC,779282,8071
ICBI,INTL CONSUMER BRANDS INC,779314,3540
3BIRS,BIRMINGHAM STEEL CORP,779334,3312
GDVTZ,GOULD INVESTORS  -LP,779335,6512
IAF,ABRDN AUSTRALIA EQUITY FUND,779336,6726
3DCIS,DELTA COMPUTEC INC,779338,7370
ASPT.,ASPECT COMMUNICATIONS CORP,779390,7372
ARKR,ARK RESTAURANTS CORP,779544,5812
9085B,COLUMBIA REAL ESTATE INVS,779608,6798
3ZENOE,ZENOX INC,779676,8051
CYSG,CAPE SYSTEMS GROUP INC,779681,7372
ORGG.,ORGANOGENESIS INC,779733,2836
USTS,U S TRANSPORTATION SYS,779954,4100
NHP,NATIONWIDE HEALTH PPTYS INC,780053,6798
NEOL.,NEOLENS INC,780068,3851
WRC.2,WORLD COLOR PRESS INC-OLD,780117,2750
AMWT,AMWEST INSURANCE GROUP INC,780118,6351
SYNO,SYNOVIS LIFE TECH INC,780127,3842
7435B,BETHLEHEM RESOURCES CORP,780129,1000
OFLD,OFFICELAND INC,780260,5900
FACE.1,FACELIFTERS HOME SYSTEMS INC,780261,2430
7503B,BLAU (BARRY) & PARTNERS INC,780265,7331
3LATN,LATIN FOODS INTL INC,780376,5141
SFP.,SANTA FE ENERGY PRTNRS  -LP,780391,1311
VTX.1,VERTEX COMMUNICATIONS CORP,780416,3663
RESP.,RESPIRONICS INC,780434,3842
ITRI,ITRON INC,780571,3824
8151B,INTERNATIONAL TELECHARGE INC,780853,4813
GPKUF,GRAND PEAK CAPITAL CORP,781885,6799
IMJX,IMAGEXPRES CORP,781890,5065
LMLP.1,LML PAYMENT SYSTEMS INC,781891,6099
7630B,C & E FURNITURE INDUSTRIES,781893,6795
3VXTKE,VERONEX TECHNOLOGIES INC,781894,7373
3TEQEF,TRIAN EQUITIES LTD,781895,6799
IBAL,INTERNATIONAL BALER CORP,781902,3569
WGLF,WOMENS GOLF UNLIMITED INC,782126,3949
PLYI,PLAYNET TECHNOLOGIES INC,782145,7372
VCTRQ,VECTRA TECHNOLOGIES INC,782379,4955
GLG.2,GLAMIS GOLD LTD,782819,1040
GLCH,GLEACHER & COMPANY INC,782842,6211
BWLR,BREAKWATER RESOURCES LTD,782875,1000
ATCM,AT COMM CORP,782995,3576
3MGGRF,MANAGEMENT GRAPHICS INC,782999,7372
EMMS,EMMIS CORP,783005,4832
FAL.1,FALCON CABLE SYSTEMS  -LP,783008,4841
ACCC.,ACC CORP,783233,4813
AACI.1,ALL AMERICAN COMMUNICATIONS,783265,7812
3GDCXQ,GROWTH DEVELOPMENT CORP,783266,7997
DRE,DUKE REALTY CORP,783280,6798
COGRA,COLONIAL GROUP  -CL A,783282,6282
SBNR,SUNBELT NURSERY GROUP INC/DE,783319,5200
VGZ,VISTA GOLD CORP,783324,1040
WEC,WEC ENERGY GROUP INC,783325,4931
DJCO,DAILY JOURNAL CORP,783412,7372
ALC.2,ALC COMMUNICATIONS INC,783425,4813
ASI,AMERICAN SAFETY INS HLDG LTD,783603,6331
EBSI.1,EAGLE BANCSHARES INC,783604,6035
GBMT,GLOBAL MAINTECH CORP,783738,3571
BTFG,BANCTRUST FINANCIAL GRP INC,783739,6020
PBK.,PONCEBANK,783850,6035
ENTI.,INTERCONTINENTAL ENTERPRISES,783994,6211
FAMF,FIRST AMFED CORP,783995,6035
POPE,POPE RESOURCES/DE  -LP,784011,800
GNTRF,GENTERRA CAPITAL INC,784012,6510
AIJ,AMER INSD MTG SER 86  -LP,784014,6799
PBS.2,PILGRIM AMER BANK & THRIFT,784055,6726
AORT,ARTIVION INC,784199,3842
3SWAL,STATESWEST AIRLINES,784259,4512
BRCK,BROCK CANDY CO  -CL A,784275,2060
VCR.3,SENSORY SCIENCE CORP,784721,3651
DPAC,DPAC TECHNOLOGIES CORP,784770,3674
SRYP,SURETY CAPITAL CORP,784932,6020
3TVTGE,TREND VISION TECHNOLOGIES,784958,3690
VDCI,VDC COMMUNICATIONS INC,784961,4813
POR,PORTLAND GENERAL ELECTRIC CO,784977,4911
KMDC,KIRSCHNER MEDICAL CORP,785022,3842
RFTN,REFLECTONE INC,785037,3690
CTYA,CENTURY COMMUN  -CL A,785080,4841
VRGE,VIRAGEN INTERNATIONAL INC,785081,2836
EHC,ENCOMPASS HEALTH CORP,785161,8060
DRTK,DURATEK INC,785186,4955
CRTV,CREATIVE TECHNOLOGIES CORP,785321,5020
IFRS.,IFR SYSTEMS INC,785546,3825
DLHC,DLH HOLDINGS CORP,785557,8090
PLXS,PLEXUS CORP,785786,3672
AEPI,AEP INDUSTRIES INC,785787,3081
CTRY,CENTURY BANCSHARES INC,785813,6020
IHSVQ,INTEGRATED HEALTH SVCS INC,785814,8051
ELGT,ELECTRIC & GAS TECHNOLOGY,785819,3310
3MALUZ,MANAGEMENT ASSISTANCE LIQ TR,785852,3571
UFRM,UTD FED SVGS BK ROCKY MT NC,785854,6035
ITA.2,ITALY FUND INC,785855,6726
GGUY,GOOD GUYS INC,785931,5731
ARYTF,ARYT INDUSTRIES LTD,785938,3480
3CRCC,CRAFTMATIC INDUSTRIES INC,785939,2510
JJSF,J & J SNACK FOODS CORP,785956,2050
FOAM,LAMONTS APPAREL INC,785962,5651
MILLQ,MILLER ENERGY RESOURCES INC,785968,1311
3EFIC,EFI ELECTRONICS CORP,785970,3620
ASG,LIBERTY ALL-STAR GROWTH FUND,786035,6726
MPF.1,MERIDIAN POINT REALTY TR VI,786050,6798
0160A,GYMBOREE CORP,786110,2300
TTI.4,TYCO TOYS INC,786130,3944
SUA.1,SUMMIT TAX EXEMPT BOND,786156,6726
PRPEF.,PRAIRIE PACIFIC ENERGY CORP,786283,1311
GANS,GAINSCO INC,786344,6331
3DSCSE,DISCAS INC,786364,3080
CRTP,CHINA RITAR POWER CORP,786368,3690
3GLXIE,GLENEX INDUSTRIES INC,786423,1311
LIPO.1,LIPOSOME CO INC,786557,2836
HFI.2,HUDSON FOODS INC  -CL A,786617,2015
3ATEXE.,ATLANTIC EXPRESS,786618,4100
3CMRT,CENTRAL REALTY INVESTORS INC,786714,6798
BUTLQ,BUTLER INTERNATIONAL INC,786765,7363
8110B,DEL PAINT CORP,786767,2851
CFLX,CURAFLEX HEALTH SERVICES INC,786836,8082
HDS.1,HILLS STORES CO,786877,5331
ACUR,ACURA PHARMACEUTICALS INC,786947,2834
MONE.1,MATRIXONE INC,786998,7372
VSTA.1,VISTACARE INC,787030,8082
FFCH,FIRST FINANCIAL HOLDINGS-OLD,787075,6020
AES5,DPL INC,787250,4911
CNEP,CHINA NORTH EAST PETRO HLDG,787251,1311
NAII,NATURAL ALTERNATIVES,787253,2834
EPIE,ESKIMO PIE CORP,787520,2080
TRBS,TEXAS REGL BCSHS INC  -CL A,787648,6020
KPG,KING POWER INTL GROUP LTD,787690,5990
ACR.1,AMERICAN RETIREMENT CORP,787784,8300
HTPI,HOME THEATER PRODS INTL INC,787793,3651
MIKR,MIKRON INFRARED INC,787809,3823
YANB,YARDVILLE NATIONAL BANCORP,787849,6020
CELS,COMMNET CELLULAR INC,787912,4812
WEL.1,WELLCOME PLC,787976,2834
AB.3,ALEX BROWN INC,787977,6211
VWRX,VWR SCIENTIFIC PRODUCTS CORP,788043,5040
WNNB,WAYNE BANCORP INC/OH,788134,6020
GCCC.1,GENERAL COMPUTER CORP INC,788306,7374
JOUT,JOHNSON OUTDOORS INC  -CL A,788329,3690
BUTI,BEAUTICONTROL COSMETICS INC,788330,2844
HCENQ.,HOME CENTERS INC,788588,5700
UMG.1,UNIVERSAL MATCHBOX GROUP LTD,788592,3944
NTRP,NEXTTRIP INC,788611,7372
PEG,PUBLIC SERVICE ENTRP GRP INC,788784,4931
GFXPZ,PLM EQUIPMENT GROWTH FD  -LP,788813,4700
PNNW,PENNICHUCK CORP,788885,4941
PDEX,PRO-DEX INC/CO,788920,3841
MHCO,MOORE HANDLEY INC,788951,5072
OHM,OHM CORP,788964,4955
HNRG,HALLADOR ENERGY CO,788965,4911
MSFT,MICROSOFT CORP,789019,7372
OFSLY,ORANGE FREE STATE INVTS LTD,789029,6799
BEAM.2,BEAM INC,789073,2085
IWHM,INTERWEST HOME MEDICAL INC,789092,8082
GSCX,GENERAL SCIENCES CORP,789096,7371
SPNC,SPECTRANETICS CORP,789132,3845
CPKI,CALIFORNIA PIZZA KITCHEN INC,789356,5812
0139A,SUNGARD DATA SYSTEMS INC,789388,7372
WKC,WORLD KINECT CORP,789460,5172
RLAB.,ROYCE LABORATORIES INC,789462,2834
3MCLN.,MCLAREN PERFORMANCE TECH INC,789547,3714
SECT.,SEACOAST HOLDING CORP,789562,3600
MGM,MGM RESORTS INTERNATIONAL,789570,7990
GSSC.1,GRENADA SUNBURST SYSTEMS CP,789575,6020
MOXB,MOXHAM BANK CORP,789594,6020
PBFI.1,PARIS CORP,789660,2761
FINB,FIRST INDIANA CORP,789670,6020
FFLB,FAIRFIELD FST BK & TR CO/CT,789759,6020
COPE,COPE INC,789847,7373
VSTH.,VITALSTREAM HOLDINGS INC,789851,7370
CHNAQ,CHINA PACIFIC INC,789857,3312
CAV.2,CAVALIER HOMES INC,789863,2451
ADY,FEIHE INTERNATIONAL INC,789868,2020
CABL.,COMMUNICATION CABLE INC,789869,3357
RCFO,RICA FOODS INC,789881,2015
NC,NACCO INDUSTRIES  -CL A,789933,1221
IES.2,IES INDUSTRIES INC,789943,4931
EPAR,EUROPEAN AMERICAN RESOURCES,789949,1000
AFPFZ,AMERICA FST PART PFD EQUITY,789951,6726
3CLRXQ.,COLOROCS CORP,789990,3861
PARO,PACIFIC AEROSPACE&ELECTR INC,790023,3360
CSHZ,CHINA SHEN ZHOU MINING & RES,790024,1400
CPMG,CAPITAL MEDIA GROUP LTD,790025,4833
EFSS,LONG LAKE ENERGY CORP,790044,4991
CSL,CARLISLE COS INC,790051,2950
EMC.2,EMC CORP/MA,790070,3572
ARTL.1,ARISTOTLE CORP,790071,5110
WTI.2,WHEELABRATOR TECHNOLOGIES,790159,4991
DSBC,D S BANCOR INC,790168,6036
3EGEXF,ENERGEX MINERALS LTD,790170,6792
PFNC,PROGRESS FINANCIAL CORP,790183,6035
FOFI,FIRST OPPORTUNITY FUND INC,790202,6726
3SHPI,SPECIALIZED HEALTH PRODUCTS,790228,3089
3NAVH,NAVTECH INC,790272,7373
3SONNF,SONORA DIAMOND CP LTD,790307,1400
NBTB,N B T BANCORP INC,790359,6020
SMJWQ,SAMUELS JEWELERS INC,790360,5944
MSCA.1,M S CARRIERS INC,790372,4213
SECMZ,SECOM GENERAL CORP,790375,3540
MRLL,MERRILL CORPORATION,790406,2750
GOTTQ,GOTTSCHALKS INC,790414,5311
WCSI,WORLDWIDE COMPUTER SVCS INC,790423,7363
DTLN,DATA TRANSMISSION NETWORK,790498,7370
FAX,ABRDN ASIA PACIFIC INCOME FD,790500,6726
IWCR,IWC RESOURCES CORP,790523,4941
RDNT,RADNET INC,790526,8071
SWBS,SIERRAWEST BANCORP,790555,6020
SNG.1,SOUTHERN NEW ENG TELECOMM,790650,4813
TECD,TECH DATA CORP,790703,5045
CLMW10,COLUMBIA WESTERN INC,790704,4955
TKLC,TEKELEC,790705,3663
GBKF,GOLDEN BOOKS FAMILY ENTMT,790706,2731
BERS,BERES INDUSTRIES INC,790710,3089
SIGM,SIGMA DESIGNS INC,790715,3674
AMN.2,AMERON INTERNATIONAL CORP,790730,3270
3HLIS,HALIS INC,790733,6411
3FTTRE,FRETTER INC,790815,5731
BDN,BRANDYWINE REALTY TRUST,790816,6798
BSRTZ,BANYAN STRATEGIC REALTY TR,790817,6798
XRIT,X-RITE INC,790818,3861
ATVC.1,AMERICAN TRAVELLERS CORP,790928,6321
IK,INTERLAKE CORP,790929,2540
SHLY,SHELLY ASSOCIATES INC,790940,5065
HTAC,HEALTHTRAC INC,790948,7374
PRFS.1,PENNROCK FINANCIAL SVCS,790988,6020
PRME10,PRIME CAPITAL CORP,791013,6172
MAIL.,MAIL BOXES ETC,791014,6794
3HOSN,HOME SHOPPING NETWORK,791024,5961
3TRPCE,TROPIC AIR CARGO INC,791027,4512
ARBR.1,ARBOR DRUGS INC,791048,5912
3PHTW,PHOTOWORKS INC,791050,7384
3HMIS,HEALTH MANAGEMENT/DE,791164,5912
GTOS.1,GANTOS INC,791182,5621
CIMC,CIMCO INC,791243,3080
MIDS.1,MID SOUTH INSURANCE CO,791254,6321
UTD,UNITED INVESTORS MGMT CO,791262,6282
C.3,CHRYSLER CORP,791269,3711
LSS,LONE STAR TECHNOLOGIES,791348,3317
3HSRC,HALSTEAD ENERGY CORP,791350,5900
EOSI,EOS INTERNATIONAL INC,791398,5960
ANSLY,ANSELL LTD,791440,3842
SGDE,SPORTSMANS GUIDE INC,791450,5961
PCEP,PERCEPTION TECHNOLOGY CORP,791453,3661
SPLS,STAPLES INC,791519,5110
KORIY,KOOR INDUSTRIES LTD,791531,9997
STRM.1,STRATACOM INC,791594,3661
RMI.3,RESIDENTIAL MORTGAGE INV INC,791681,6798
NTKI.1,N2K INC,791704,5961
LACE,ALPINE LACE BRANDS INC,791714,5140
EEA,EUROPEAN EQUITY FUND INC,791718,6726
LINN.,LINCOLN FOOD SERVICE PRODS,791726,3580
VGBK.,VILLAGE GREEN BOOKSTORE INC,791731,5940
BRDLQ,BRENDLES INC,791851,5331
MBSI,MILLER BUILDING SYSTEMS INC,791905,3272
LLTC,LINEAR TECHNOLOGY CORP,791907,3674
XOMA,XOMA ROYALTY CORP,791908,2836
CY,CYPRESS SEMICONDUCTOR CORP,791915,3674
SOMA,SOMATIX THERAPY CORP,791925,2836
GATT,GRAND ADV TOUR&TRVL PBLG CP,791958,4700
OPY,OPPENHEIMER HOLDINGS INC,791963,6211
HGIC,HARLEYSVILLE GROUP INC,792013,6331
3INVG,INVG MORTGAGE SECURITIES CP,792014,6798
9255B,ARI HOLDINGS INC,792126,6331
DWCH,DATAWATCH CORP,792130,7372
ALET,ALOETTE COSMETICS INC,792160,2844
NNUTU,HAWAIIAN MCADM NT ORCHRD LP,792161,100
UCMP,UNICOMP INC,792341,7373
GSBI,GRANITE ST BANKSHARES INC,792360,6020
EGFC,EAGLE FINANCIAL CORP,792369,6035
3ADETE,ADVANCED DETECTORS INC,792381,8731
CNR.2,CONNER PERIPHERALS,792397,3572
ATL.1,ATALANTA SOSNOFF CAPITAL CP,792449,6282
3CFSI,CROWLEY FINANCIAL SERVICES,792455,7812
CMALQ,CASUAL MALE CORP,792570,5600
BRLI.1,BIO REFERENCE LABS,792641,8071
MCIO,AMERICANA GLD&DIAMOND HLDGS,792642,1040
IBIN.,INTEGRATED BRANDS INC  -CL A,792643,2024
OCTL.,OCTEL COMMUNICATIONS CORP,792723,3661
PCOR.1,PSICOR INC,792853,8090
CHANF,CHANDLER INSURANCE LTD,792854,6331
XLACF,XCELERA INC,792857,7370
IFXC,IFX CORP,792861,7370
INF.1,INFINITY BROADCASTING  -CL A,792863,4832
DOSE,PHARMERICA INC -OLD,792932,5122
FMAO,FARMERS & MERCHANTS BCP/OH,792966,6020
MRTA,MARIETTA CORP,792969,7389
AMAG,AMAG PHARMACEUTICALS INC,792977,2834
RDVA,RADVA CORP,792984,3086
HMA.2,HEALTH MANAGEMENT ASSOC,792985,8062
3CUWRE,COMPUTER POWER INC,792986,3640
ASTE,ASTEC INDUSTRIES INC,792987,3531
KNT,KENT ELECTRONICS CORP,793024,5065
RUDY,RUDYS RESTAURANT GROUP INC,793026,5812
ATOQ,ANDOVER TOGS INC,793029,2300
ECF,ELLSWORTH GRWTH INCM FD LTD,793040,6726
HS.1,HOPPER SOLIDAY CORP,793042,6211
CKXE,CKX INC,793044,7812
FMBK,F & M BANCORPORATION INC,793049,6020
WERN,WERNER ENTERPRISES INC,793074,4213
PALM.,PALFED INC,793075,6035
9092B,SUBURBAN BNKSHRS/FL,793080,6020
LNV,LINCOLN NATIONAL CV SEC,793158,6726
PGY.,GLOBAL YIELD FUND,793159,6726
EBCP,EASTERN BANCORP INC,793169,6035
CMR.2,COMMTRON CORP  -CL A,793277,7822
CLZR,CANDELA CORP,793279,3845
RBCO.1,RYAN BECK & CO INC,793280,6211
BDCO,BLUE DOLPHIN ENERGY CO,793306,4922
NGC.2,NEWMONT GOLD CO,793308,1040
VNTX,VENTRITEX INC,793354,3845
3QBIOE,QUEST BIOTECHNOLOGY INC,793395,2836
PLP.2,PHOSPHATE RES PARTNERS  -LP,793421,2870
EQSB,EQUITABLE BANK/MD,793495,6035
FHPC,FHP INTERNATIONAL CORP,793499,6324
NSSX,NATIONAL SANITARY SUPPLY CO,793500,5110
COCQ,COSMETIC CENTER INC  -CL C,793520,5990
COLZQ,COLUMBIAN ENERGY CO  -LP,793521,1311
AYCP,ALLOY COMPUTER PRODUCTS INC,793522,3576
LXUH,PRIMESOURCE HEALTHCARE INC,793523,5047
REFR,RESEARCH FRONTIERS INC,793524,8731
AMXI,AMNEX INC,793526,4899
NAVG,NAVIGATORS GROUP INC,793547,6331
MIDL,MIDLANTIC CORP,793548,6020
ELDC,ELDEC CORP,793575,3812
WATFZ,WATERFORD WEDGWOOD PLC,793586,3260
ARIT,ARITECH CORP-DEL,793592,3669
LEAF.1,INTERLEAF INC,793604,7372
JMED,JONES PHARMA INC,793613,2834
CHNR,CHINA NATURAL RESOURCES INC,793628,1000
NTM,NUTMEG INDUSTRIES INC,793652,2320
IFEI,IMAGINE FILMS ENMT INC,793726,7812
SKYW,SKYWEST INC,793733,4512
KSEVQ,KAFUS INDUSTRIES LTD,793762,2400
KLLM,KLLM TRANSPORT SERVICES INC,793765,4213
7477B,CONSTON CORPORATION  -CL A,793925,5621
CEMX,CEM CORP,793933,3826
LAGR,L A GEAR INC,793937,3021
HOG,HARLEY-DAVIDSON INC,793952,3751
ASAL,ASA INTERNATIONAL LTD,793961,7373
SUND.1,SOUND ADVICE INC,793971,5731
OTF.1,OXFORD TAX EXEMPT FD II  -LP,793977,6726
PKAU,POLK AUDIO INC,793982,3651
3CHBD,CHAUS (BERNARD) INC,793983,2330
WMBS,WEST MASS BANKSHARES,793992,6036
9069B,JEWELMASTERS INC,794048,5944
NFSF,NFS FINANCIAL CORP,794103,6035
3DMII,DIAGNOSTIC MEDICAL INSTR INC,794147,3845
SPGN,SEPRAGEN CORP  -CL A,794154,3826
TOL,TOLL BROTHERS INC,794170,1531
VIVO,MERIDIAN BIOSCIENCE INC,794172,2835
UVAL,UNION VALLEY CORP,794223,1531
IUTL,IOWA SOUTHERN INC,794248,4931
VLU.1,WORLDWIDE VALUE FUND,794279,6726
LVLT,LEVEL 3 COMMUNICATIONS INC,794323,4813
M,MACY'S INC,794367,5311
NWCM,NEWS COMMUNICATIONS,794487,2711
AMWD,AMERICAN WOODMARK CORP,794619,2430
MRBL,MARBLE FINANCIAL CORP,794620,6036
SYNT.,SYNTRO CORP,794627,2836
GAB,GABELLI EQUITY TRUST,794685,6726
3AARC,AMERICAN AIRCRAFT CORP,794803,3721
7629B,AMERICAN LEARNING CORP -OLD,794881,8200
CITI,CANTERBURY CONSULTING GROUP,794927,5045
CSIM,CONSILIUM INC,795090,7371
3BPCO,BONNEVILLE PACIFIC CORP,795182,5172
CGCA,COGENERATION CORP OF AMERICA,795185,4991
KSPN,KASPIEN HOLDINGS INC,795212,5961
ARWD,ARROW RESOURCES DEVLPMT INC,795255,800
8106B,POLESTAR EXPLORATION INC,795261,1040
NCEL.1,NATIONWIDE CELLULAR SVC INC,795265,4812
KBH,KB HOME,795266,1531
WTS,WATTS WATER TECHNOLOGIES INC,795403,3490
MVII,MARK VII INC,795425,4731
AMVC,ADV MACHINE VISION CORP-CL A,795445,3823
3CVSCF,COVESCO CAPITAL CORP,795544,9995
TGX,THERAGENICS CORP,795551,3842
MNPI.,MICROCOM INC,795571,3661
AVSS,AVESIS INC,795574,6411
FDGT,FLUOR DANIEL/GTI INC,795579,8711
PCZ,PETRO-CANADA,795615,2911
APB,ASIA PACIFIC FUND,795618,6726
3STXXQ,STERLING CHEMICALS HLDGS INC,795662,2860
MM.1,METAL MANAGEMENT INC,795665,5093
3CEXYE,CELEREX CORP,795711,3578
3UMAPE,ULTIMAP CORP,795820,7373
USRV,US SERVIS INC,795965,7374
3EDCO,EDISON CONTROL CORP,795968,3531
THI.2,THERMO INSTRUMENT SYSTEMS,795986,3827
TTT.1,THERMO TERRATECH INC,796038,8711
STGO,STARS TO GO INC,796040,7841
MXAL,METAL RECOVERY TECHN INC,796117,5093
CON.1,CONTINENTAL HOMES HOLDING CP,796122,1531
LFAY,LESLIE FAY COMPANIES INC,796226,2330
TRSN,TRANSNATIONAL INDUSTRIES INC,796228,3861
ALTI.,ALTAI INC,796313,7372
ALNC,ALLIANCE FINANCIAL CORP/NY,796317,6020
GEOX,GEONEX CORP,796318,7389
PPLS.,PEOPLES BK CORP INDIANAPOLIS,796322,6020
CNCJQ,CONCORD ENERGY INC,796334,1600
DEGA,DEGA TECHNOLOGY INC,796337,7372
ADBE,ADOBE INC,796343,7370
EATS,EATERIES INC,796369,5812
UAM.1,UNITED ASSET MGMT CORP,796370,6282
PRRR,PIONEER RAILCORP  -CL A,796374,4011
ADELQ,ADELPHIA COMMUN  -CL A,796486,4841
WTBK,WESTERBEKE CORP,796502,3621
CLFD,CLEARFIELD INC,796505,3679
NKSH,NATIONAL BANKSHARES INC VA,796534,6020
QUIP,QUIPP INC,796577,3559
DVRFS,DOVER REGIONAL FINL SHARES,796578,6726
TIGR.1,TIGER DIRECT INC,796624,5961
IREP,INTEREP NATL RADIO SALES INC,796735,4832
PRXIQ,PREMIER EXHIBITIONS INC,796764,7990
PLAY.,PLAYERS INTERNATIONAL INC,796912,7990
EPLN,EPOLIN INC,797079,2810
AREE.,AMERICAN RESOURCE CORP INC,797088,1040
MET.1,MEMTEC LTD,797109,3569
MEGZ,MEGAHERTZ HOLDING CORP,797164,3661
SAEA,STRATEGIA CORP,797221,9995
CHEL,CHELL GROUP CORP,797313,4841
BPAOQ,BALDWIN PIANO & ORGAN CO,797315,3931
FBR.2,FIRST BRANDS CORP,797320,3081
3LSGT,LASERGATE SYSTEM INC,797324,7372
GVF,GOLDN VALLEY MICROWAV,797394,2090
3HDTV.,HI-DEF ENTERPRISE INC,797422,7830
VRSOQ,VERSO TECHNOLOGIES INC,797448,7373
PFR.,PERKINS FAMILY RESTS  -LP,797460,5812
HUFK,HUFFMAN KOOS INC,797462,5712
STLY,HG HOLDINGS INC,797465,6361
OXY,OCCIDENTAL PETROLEUM CORP,797468,1311
FTERQ,FRONTIER INSURANCE GROUP INC,797496,6331
DWYR,DWYER GROUP INC,797502,6794
PSBK.,PROGRESSIVE BANK INC,797507,6036
PBKC.1,PREMIER BANKSHARES CORP,797541,6020
3TRES.,TREESOURCE INDUSTRIES INC,797543,2421
HSTC,HST GLOBAL INC,797564,2836
NLN.1,NEW LINE CINEMA CORP,797658,7812
3NRCX,NEW RETAIL CONCEPTS,797659,6794
AREM,AMERICAN RARE EARTHS & MTRLS,797662,1090
VSAT,VIASAT INC,797721,4899
TSFG,SOUTH FINANCIAL GROUP INC,797871,6020
JAKS,JACKS INC,797894,5731
RAY.2,RAYTECH CORP,797917,3490
ARMR.1,ARMOR ALL PRODUCTS CORP,797975,2842
TAD.1,TADIRAN LTD,797984,3661
3ENVTE,ENVIROPACT INC,797989,4955
CSCI.1,CRYENCO SCIENCES INC,798044,3679
NLMP,NATIONAL LAMPOON INC,798078,6794
LAKE,LAKELAND INDUSTRIES INC,798081,3842
CGE.2,CENTRIS GROUP INC,798085,6351
TLDG,TELEDIGITAL INC,798122,7372
SMTQQ,SMITH TECHNOLOGY CORP,798139,8711
BIM.1,ICN BIOMEDICALS INC,798166,2800
JOL,JOULE INC,798168,7363
LECH,LECHTERS INC,798186,5700
3FSMN,FORSTMANN & CO INC,798246,2200
PAMT,PAMT CORP,798287,4213
NXL.,NEW PLAN EXCEL REALTY TR,798288,6798
CTF.1,COUNSELLORS TANDEM SECS FD,798311,6726
FISV,FISERV INC,798354,7389
CSR,CENTRESPACE,798359,6798
2185B,SCOR US CORP,798363,6331
AINN,APPLIED INNOVATION INC,798399,3661
DFTS,DATAWORLD SOLUTIONS INC,798438,3679
OMEX,ODYSSEY MARINE EXPLORATION,798528,4400
TWRX,SOFTWARE TOOLWORKS INC,798534,7372
RCA.,RETIREMENT CARE ASSOC INC,798540,8051
3RMAKA,ROBERT-MARK INC  -CL A,798542,6531
BPTR,BRANDPARTNERS GROUP INC,798600,9995
MAWS,MID-AMERICAN WASTE SYS INC,798671,4953
MANA.,MANATRON INC,798736,7373
SAF.1,SCUDDER NEW ASIA FUND INC,798738,6726
JDEC,EDWARDS J D & CO,798757,7372
UHT,UNIVERSAL HEALTH RLTY INCOME,798783,6798
TPOA,TRAVEL PORTS OF AMERICA INC,798935,5500
FCNCA,FIRST CITIZENS BANCSH  -CL A,798941,6020
UNTC,UNIT CORP,798949,1381
LOYC,LOYOLA CAPITAL CORP,798953,6035
CPWM,COST PLUS INC,798955,5700
CSKI,CHINA SKY ONE MEDICAL INC,798985,2834
9498B,CBC BANCORP INC,799026,6020
ACPI.,AMER CONSUMER PRODUCTS INC,799028,3420
KFV,QUEST VALUE DUAL FUND,799029,6726
AIRL.1,AIRLEASE LTD  -LP,799033,7359
3219B,PIONEER FINANCIAL SVCS INC,799036,6321
CKEC,CARMIKE CINEMAS INC,799088,7830
ASCL,ASCENTIAL SOFTWARE CORP,799089,7372
3INNSE,KRISCH AMERICAN INNS INC,799099,7011
AIPN,AMERICAN INTL PETROLEUM CORP,799119,2911
3UCCAF,UNAVEST CAPITAL CORP  -CL A,799128,9995
DWSN,DAWSON GEOPHYSICAL CO,799165,1382
MASB,MASSBANK CORP,799166,6036
MRTN,MARTEN TRANSPORT LTD,799167,4213
LQP,LA QUINTA MOTOR INNS  -LP,799169,7011
USA,LIBERTY ALL-STAR EQUITY,799195,6726
ABCO.1,AMERICAN BUILDINGS CO,799208,3448
KMLCF,CARMEL CONTAINER SYS  -ORD,799210,2650
VSTR.1,VESTAR INC,799229,2834
AFAM,ALMOST FAMILY INC,799231,8082
HTLD,HEARTLAND EXPRESS INC,799233,4213
3AGPC,AGP & CO INC,799241,3990
MPML,MPM TECHNOLOGIES INC,799268,3564
LE,LANDS' END INC,799288,5961
NELL,NELLCOR PURITAN BENNETT INC,799290,3845
MHO,M/I HOMES INC,799292,1531
ASCR,AMERICAN SCREEN CO,799296,7812
UFN,UNICARE FINANCIAL CORP,799297,6331
CRA.1,CRITICAL CARE AMER INC,799300,8082
IDBX.,IDB COMMUNICATIONS GROUP INC,799319,4899
CFFS.1,COLUMBIA FST BK WASH D C,799321,6035
CYOIA,CRYOTECH INDUSTRIES  -CL A,799365,6411
ASEA10,ABB AB,799368,6799
CBLI.1,CHESAPEAKE BIOLOGICAL  -CL A,799485,2834
MAJJ,MICHAEL ANTHONY JEWELERS INC,799515,3911
FLDR.1,FLANDERS CORP,799526,3564
9388B,INTEGRATED HLTHCR FACS  -LP,799642,1540
CRB.2,CAP RLTY INV TAX EXFD  -SER2,799690,6726
SODA.1,A & W BRANDS INC,799692,2080
OCLG,ONCOLOGIX TECH INC,799694,8082
LADX,LADRX CORP,799698,2836
NOTE.1,AUTOBANC INC,799699,6153
PRXL,PAREXEL INTERNATIONAL CORP,799729,8731
CRMT,AMERICA'S CAR-MART INC,799850,5500
ARINA,ARISTA INVESTORS CORP,799902,6411
DRMD.1,DURAMED PHARMACEUTICALS INC,799903,2834
POPX,POP RADIO CORP,799937,7310
BAE,BAE SYSTEMS CANADA INC,800031,3812
CFX.2,CFX CORP,800042,6036
GTNOQ,GLOBAL TECHNOVATIONS INC,800055,3651
BURMY,BURMAH CASTROL PLC,800093,2911
CPMNY,CENTRAL PACIFIC MINERALS NL,800115,1311
CSKKY,CSK CORP,800136,7371
NGD,NEW GOLD INC,800166,1040
DAIEY,DAIEI INC,800167,5411
MDDVQ,MED DIVERSIFIED INC,800181,8082
3TAPIE,TAPISTRON INTERNATIONAL INC,800193,3550
ODP,ODP CORP,800240,5940
SWD.2,SHOREWOOD PACKAGING CORP,800266,2670
SEDN,SED INTERNATIONAL HLDGS INC,800286,5045
CHW.1,CHEMICAL WASTE MANAGEMENT,800287,4955
FC.2,FORD MOTOR CO OF CANADA LTD,800351,3711
FUJIY,FUJIFILM HLDGS CORP,800365,3861
3JANXE,JANEX INTERNATIONAL INC,800454,3944
DGICA,DONEGAL GROUP INC,800457,6331
RENT.1,RENTRAK CORP,800458,7370
HAR,HARMAN INTERNATIONAL INDS,800459,3651
CAMD,CALIFORNIA MICRO DEVICES CP,800460,3670
PMI.2,PREMARK INTERNATIONAL INC,800575,3580
HGVLY,EVRAZ HIGHVELD STEEL AND VAN,800630,3312
JALSQ,JAPAN AIRLINES CO LTD,800673,4512
SANYY,SANYO ELECTRIC CO LTD,800863,3579
KLOFY,KLOOF GOLD MINING CO LTD,800898,1040
KNBWY,KIRIN HOLDINGS CO LTD,800901,2082
NSANY,NISSAN MOTOR CO LTD,800937,3711
CNNG,CONNING CORP,801051,6282
INMC,INMAC CORP,801121,5045
IRW,IBT BANCORP INC,801122,6020
9573B,VANGUARD R E FUND I,801124,6798
BHAG,BHA GROUP HOLDINGS INC,801128,3564
3ITSCE,INDUSTRIAL TRAINING SYSTEMS,801309,7812
PCAI.1,CAPROCK CORP,801310,1000
TMAX.1,TELEMATICS INTL INC,801313,3576
MILW,MILWAUKEE INSURANCE GROUP,801321,6331
WBS,WEBSTER FINANCIAL CORP,801337,6020
GDLN,GUIDELINE INC,801338,8700
SPKR,SPINNAKER SOFTWARE CORP,801343,7372
TTGI,THUNDER GROUP INC,801350,3842
WRC,WARNACO GROUP INC,801351,2300
3SAZZ,SAZTEC INTERNATIONAL INC,801354,7370
CRCP,CAROLCO PICTURES INC-OLD,801441,7812
OGNB,ORANGE NATIONAL BANCORP,801443,6020
EWTLQ,ELCOTEL INC,801448,3661
PRTWZ,PRINTWARE INC,801529,3861
DVIXQ,DVI INC,801550,6172
TTNT,BERNARD HALDANE ASSOC INC,801557,6794
CEXP,CANNON EXPRESS INC,801558,4213
AD.1,ADVO INC,801622,7331
MNRCY,MINORCO SA,801693,5200
HEMA,HEMACARE CORP,801748,8090
NWOR,NEWORLD BANCORP INC DEL,801771,6020
RMI.1,ROTONICS MANUFACTURING INC,801873,3089
JOY,JOY GLOBAL INC,801898,3532
BRSI,BALLISTIC RECOVERY SYSTEMS,801907,3728
MFM,MFS MUNICIPAL INC TR,801961,6726
NGLOY,ANGLO AMERICAN PLC,801973,1000
VELCF,VELCRO INDUSTRIES NV,802100,3960
LRCZY,LAGUNA RESOURCES NL,802127,1311
3PRTCE,PROTECH INC,802142,3825
UNFD,UNIONFED FINANCIAL CORP,802223,6035
CNM.1,CONTINENTAL MEDICAL SYSTEMS,802284,8060
SGICQ,SILICON GRAPHICS INC,802301,7370
FRSH.3,FRESH JUICE CO INC,802354,2030
PARL,PARLUX FRAGRANCES INC,802356,2844
JTV.1,JONES INTERCABLE  -LP-CL A,802361,4841
PPC,PILGRIM'S PRIDE CORP,802481,2015
EACO.,EA ENGINEERING SCI & TECH,802492,8711
3PRXCE,PREMIUM RESTAURANT CO,802517,5810
3NYMRE,RYAN MURPHY INC,802524,1700
SCOT.2,SCOTT & STRINGFELLOW FINL,802555,6211
VMOZE,BANYAN MTG INVEST  -LP III,802678,6512
BMTC,BRYN MAWR BANK CORP,802681,6020
GQRF,CONSOL GOLDEN QUAIL RES LTD,802700,1040
INSV,INSITE VISION INC,802724,2834
8576B,CF INCOME PARTNERS  -LP,802779,6510
RHT.2,RIGHT MANAGEMENT CONSULTANTS,802806,8742
3PAER,PRECISION AEROTECH INC,802825,3728
LOGC.1,LOGIC DEVICES INC,802851,3674
EZCIA,EZ COMMUNICATIONS INC  -CL A,802896,4832
FPGI,FIRST PROVIDENT GROUP INC,802904,5961
INTE.2,INDUSTRIAL TECHNOLOGIES INC,802916,3823
0084A,ASSOCIATED MATERIALS LLC,802967,3089
CSGI.,CITIZENS SEC GROUP INC,802971,6331
WSPS,WINTER SPORTS INC,803003,7990
CMVT,COMVERSE TECHNOLOGY INC,803014,7372
CFNB,CALIFORNIA FIRST LEASNG CORP,803016,6159
MGP.2,MERCHANTS GROUP INC,803027,6331
3FMTGE,FARRAGUT MORTGAGE CO INC,803046,6162
TOTL.1,TOTAL RESEARCH CORP,803058,8700
SECD.1,SECOND BANCORP INC,803112,6020
COFS,CHOICEONE FINANCIAL SERVICES,803164,6020
VDSAQ,VIDEO SUPERSTORES OF AMER,803167,7841
IGMM,INTL GAMING MGMT INC,803168,7990
FTWB,F2 BROADCAST NETWORK INC,803170,7370
SCPAE,SCORPION TECHNOLOGIES  -CL A,803190,3571
ITN,INTERTAN INC,803227,5731
DPRS,DEFAULT PROOF CREDIT CRD SYS,803260,7389
BOXW,BOX WORLDWIDE INC,803266,4833
HDRP,HDR POWER SYSTEMS INC,803348,3620
SHC.3,SCHULT HOMES CORP,803349,2451
CNU,CONTINUCARE CORP,803352,8093
FTSC,FIRST SVGS BK FSB SC GRN,803354,6035
MTSI.1,MICROTOUCH SYSTEMS INC,803395,3577
LBTF,LEASING SOLUTIONS INC,803443,7377
SKC.2,SKYLINE CHILI INC,803497,5812
SEAS30,SCIENCE ACCESSORIES CORP,803498,3823
STRB.,STROBER ORGANIZATION INC,803515,5211
3AEGSY,AEGIS GROUP PLC,803521,7310
3PHPC,PHP HEALTHCARE CORP,803568,6324
AIFF,FIREFLY NEUROSCIENCE INC,803578,7371
3MRCNZ,MARINA  -LP,803605,6552
3MDPY,MEDICAL PROPERTIES INC,803608,6798
FCNB,FCNB CORP,803644,6020
VSRI,VERSAR INC,803647,8711
EQC,EQUITY COMMONWEALTH,803649,6798
3HKMEE,KEITH GROUP COMPANIES INC,803656,6510
3HESIE,HUNTER ENVIRONMENTAL SERVICE,803740,6799
OCOMA,OUTLET COMMUNICATION  -CL A,803743,4833
3WVMT,WAVEMAT INC,803957,3559
LEIX,LOWRANCE ELECTRONICS INC,804073,3812
PRIB.,PRIVATE BRANDS INC,804084,3911
RVT,ROYCE SMALL CAP TRUST INC,804116,6726
3TESI,TANGRAM ENTP SOLUTIONS,804121,7372
TWN,TAIWAN FUND INC,804123,6726
INVS.1,INVESTORS BK CORP MINNETONKA,804124,6035
ANLD,AMERICAN LAND LEASE INC,804138,6798
IMD,IMO INDUSTRIES INC,804151,3561
CAII,CAPITAL ASSOCIATES INC,804188,5045
VALH,VALUE HOLDINGS INC,804191,5031
ARG,AIRGAS INC,804212,5084
3PMPI,PRIME MOTOR INNS  -LP,804219,7011
8224B,ARTECH SYSTEMS INC,804237,4955
GM2,GENERAL MOTORS FINL CO INC,804269,6141
RODS,AMERICAN STEEL & WIRE CORP,804307,3312
OPTT.,OPTEK TECHNOLOGY INC,804312,3674
QCOM,QUALCOMM INC,804328,3674
OIVO,ONE IP VOICE INC,804331,5065
XQ,QUALITY FOOD CENTERS INC,804333,5411
7550B,MICRON PRODUCTS INC,804334,3679
NHES,NATIONAL HEALTH ENHANCE SYS,804368,7372
CVBK,CENTRAL VIRGINIA BANKSHARES,804561,6020
TNRA,TENERA INC,804731,8711
ALW.,ALLWASTE INC,804742,4950
CERN,CERNER CORP,804753,7373
AKLM,ACCLAIM ENTERTAINMENT INC,804888,7372
EPGRQ,ENVIRONMENTAL POWER CORP,805012,4991
UNI.2,UNI-MARTS INC,805020,5412
BPL,BUCKEYE PARTNERS LP,805022,4610
0097A,GUNDLE/SLT ENVIRONMENTAL INC,805023,3081
MME.,MID ATLANTIC MEDICAL SVCS,805037,6324
TEAM.1,TECHTEAM GLOBAL INC,805054,7370
MDI,MID-AMERICA REALTY INVTS INC,805057,6798
AXLL,AXIALL CORP,805264,2810
BLV.1,BELVEDERE CORP,805265,6331
LWIG,LAWRENCE INSURANCE GROUP INC,805266,6321
HQH,ABRDN HEALTHCARE INVESTORS,805267,6726
BOSA,BOSTON ACOUSTICS INC,805268,3651
7375B,VISTA CHEMICAL CO,805270,2821
ZQKSQ,QUIKSILVER INC,805305,2320
EMIS.1,EMISPHERE TECHNOLOGIES INC,805326,2834
ISLI,INTERSOLV,805330,7372
3DOTS,DISEASE DETECTION INTL,805383,2835
SIZ.1,SIZELER PROPERTY INVESTORS,805419,6798
DODV,DIGITAL ORIGIN INC,805574,7372
CPST.,CPC REXCEL INC,805645,3089
FIRE.2,FINANCIAL INSTNS INS GROUP,805647,6351
PRK,PARK NATIONAL CORP,805676,6020
3BPPNZ,BPP LIQUIDATING TRUST,805730,9995
BLD.2,BALDWIN TECHNOLOGY CO  -CL A,805792,3555
RJI.1,REEDS JEWELERS INC,805900,5944
NDVR,NEW DOVER CAPITAL CORP,805907,3751
SYRA.1,SYRATECH CORP,805914,3910
AXGN,AXOGEN INC,805928,3842
CNTDQ,CELLNET DATA SYSTEMS INC,805956,7389
3ALCS,ALLIANT COMPUTER SYSTEMS CP,806002,3571
EQUI,EQUIFIN INC,806011,6153
3MDWZZ,MIDWEST R E SHOPPNG CTR  -LP,806029,6512
CISI,C I S TECHNOLOGIES INC,806072,6411
EQXXF,EQUINOX RESOURCES LTD,806084,1040
LEHMQ,LEHMAN BROTHERS HOLDINGS INC,806085,6211
ATLI.,ATL ULTRASOUND INC,806086,3845
MDTC.1,MDT CORP,806089,3842
HHC.2,HORIZON/CMS HEALTHCARE CORP,806151,8060
SAFE.1,INVIVO CORP,806168,3845
SOTK,SONO-TEK CORP,806172,3690
NALR,NAYLOR INDUSTRIES INC,806173,1700
CVLY,CODORUS VALLEY BANCORP,806279,6020
COTI.,COMPRESSION TECHNOLOGIES INC,806302,3661
JLMCQ,JLM COUTURE INC,806384,2330
NRES.1,NICHOLS RESEARCH CORPORATION,806388,8711
ATE.2,ATLANTIC ENERGY INC,806393,4911
SEMUF,SIEM INDUSTRIES SA,806398,4412
GOOI,CSC INDUSTRIES INC,806400,3312
CHXS,CHECK EXPRESS INC,806439,6099
ADMGQ,ADVANCED MATERIALS GROUP INC,806514,3086
PMDI,PSYCHEMEDICS CORP,806517,8071
MTCI.,MANAGEMENT TECHNOLOGIES INC,806566,7372
DLWI,DELTA WOODSIDE INDUSTRIES,806624,2211
7620B,EMERALD HOMES  -LP,806627,1531
DNP,DNP SELECT INCOME FUND INC,806628,6726
ONCR.1,ONCOR INC,806637,2835
5872B,JENNIFER CONVERTIBLES INC,806817,5712
3CRON.,CROWN BRANDS INC,806839,2090
DATV,DATATREND SERVICES INC,806842,5045
3NORT,NORTON DRILLING SERVICES INC,806850,1381
A.3,ATTWOODS PLC,806891,4953
WPP,WPP PLC,806968,7311
PWRB,POWERBRIEF INC,807144,9995
AVE.2,AVENTIS SA,807198,2834
MSRR,MIDSOUTH CORP,807359,4011
IGLPA,INTERSTATE GENERAL CO  -LP,807364,6552
MHDG.,MARK HOLDINGS INC,807397,3448
OCLB,OFFICE CLUB INC,807450,5110
ALLG.,ALLEGIANCE BANCORP INC,807522,6020
NMIL,NEWMIL BANCORP INC,807524,6036
MEMRY,RAMTRON HLDGS LTD,807605,3674
MHJ,MAN SANG INTL (BVI) LTD,807630,5094
VOXX,VOXX INTERNATIONAL CORP,807707,3651
3KWND,KENETECH CORP,807708,1600
ADII,ADVA INTERNATIONAL INC,807732,7372
BRA,BRANDON SYSTEMS CORP,807782,7363
ATHN.1,ATHENA NEUROSCIENCES INC,807807,2834
MITK,MITEK SYSTEMS INC,807863,7372
SCRI.,SICOR INC,807873,2834
BYUA,BAYOU STEEL CORP  -CL A,807877,3312
JACK,JACK IN THE BOX INC,807882,5812
CSH.1,CASH AMERICA INTL INC,807884,5900
INSMA,INSITUFORM MID-AMER  -CL A,807903,1700
3USCGE,US CAPITAL GROUP INC,807906,6331
WWIN.2,WINNER MEDICAL GROUP INC,808011,3842
NAMC,NORTH AMERICAN TECHNOLOGIES,808013,3089
MMTC,MICRO IMAGING TECHNOLOGY INC,808015,3823
QKLS,QKL STORES INC,808047,5411
CHHP.1,C&D TECHNOLOGIES INC,808064,3690
SSAXQ,SYSTEM SOFTWARE ASSOC INC,808207,7372
MHGU,MERITAGE HOSPITALITY GROUP,808219,5812
SSET.,SSE TELECOM INC,808220,3663
AHE,AMERICAN HEALTH PROPERTIES,808240,6798
PTG.2,PORTAGE INDUSTRIES CORP,808241,3080
FESX,FIRST ESSEX BANCORP INC,808246,6036
PDRR,ALPINE MEADOWS TAHOE INC,808302,7990
3ELXCE,ELEXIS CORP,808305,3690
IFSH,IFS INTL HOLDINGS INC,808310,7372
EMKR,EMCORE CORP,808326,3674
PHTO,PHOTON TECHNOLOGY INTL INC,808338,3827
SWSH.,SWISHER INTERNATIONAL INC,808356,6794
BHI,BAKER HUGHES INC,808362,1381
MTCL,FIRST NATL BANK CORP/DE,808364,6020
TATT,TAT TECHNOLOGIES LTD,808439,4581
NAV,NAVISTAR INTERNATIONAL CORP,808450,3711
GLIBA.1,GCI LIBERTY IN -OLD,808461,4812
TVX,TVX GOLD INC,808462,1040
CCBEF,CLEARLY CDN BEVERAGE CORP,808464,2086
MRGO,MARGO CARIBE INC,808493,100
PRTI,PHOENIX RESOURCE TECH INC,808575,9995
3ODDEE,ODDS-N-ENDS INC,808598,5331
MPTT,MPTV INC,808715,6532
EDCI,EDCI HOLDINGS INC,808918,9995
ENLU,ENERLUME ENERGY MANAGEMENT,809012,3620
3NTCRA,NETCOR INC  -CL A,809060,3678
NYCO,NYCOR INC,809066,3585
AZS,ARIZONA STAR RESOURCE CORP,809103,1040
MMT,MFS MULTIMARKET INCOME TR,809173,6726
7235B,CROSSLAND SAVINGS FSB,809222,6035
LAIS,ADVANCED INTERVENTIONAL SYS,809243,3845
TCAM,TRANSPORT CORP AMERICA INC,809246,4213
TAST,CARROLS RESTAURANT GROUP INC,809248,5812
FNF.1,FIDELITY NATIONAL FINL INC,809398,6361
VPI,VINTAGE PETROLEUM INC,809428,1311
TSI,TCW STRATEGIC INCOME FUND,809559,6726
AMMRQ,AMRE INC,809572,1700
MGC.2,INVESTORS FIRST FUND INC,809584,6726
3XXQXA,GALAXY CABLEVISION  -LP,809608,4841
EMF,TEMPLETON EMERGING MKTS FUND,809708,6726
HCLL,HOMECALL INC,809716,8082
3RVRB,RIVERBEND INTL CORP,809719,2033
8705B,ADTEC INC,809796,3442
MIGI.1,MERIDIAN INS GROUP INC,809801,6331
SIND,SYNTHETIC INDUSTRIES INC,809803,2200
CMU,MFS HIGH YIELD MUNICIPAL TR,809844,6726
ATRX.1,ATRIX LABORATORIES INC,809875,2834
EEI,ECOLOGY AND ENVIRONMENT INC,809933,8711
TLNT.1,TELENETICS CORP,810018,3663
SATH,SUMMIT AMERICA TELEVISON INC,810029,5961
BJCT,BIOJECT MEDICAL TECHNOLOGIES,810084,3841
3FCIIE,FIBERCORP INTERNATIONAL INC,810111,3661
TUG.1,MARITRANS INC,810113,4400
USXX,US TECHNOLOGIES INC,810130,3672
PLAB,PHOTRONICS INC,810136,3674
DIAAF,DIAMANT ART CORP,810269,2750
STIV,STARINVEST GROUP INC,810270,8742
3AXXN,ACTION AUTO RENTAL,810309,7510
DRM.1,DIAMOND SHAMROCK INC,810316,2911
CAIRE,CONQUEST INDUSTRIES INC,810328,5099
RJET,REPUBLIC AIRWAYS HLDINGS INC,810332,4512
3AMFNE,AFN INC,810351,7370
SOCS,SOCIETY FOR SAVINGS BANCORP,810354,6020
HRTT,HEART TRONICS INC,810365,3845
ADGR,ADAL GROUP INC,810370,3341
BLU.1,BLUE CHIP VALUE FUND INC,810439,6726
DLNK,DIGITAL LINK CORP,810467,3576
NAVBQ,NAVIDEA BIOPHARMACEUTICALS,810509,2835
FFEDQ,FIRSTFED FINANCIAL CORP/CA,810536,6035
SPBC.1,ST PAUL BANCORP INC,810578,6035
ANDB,ANDOVER BANCORP INC/DE,810589,6036
MSAM,MARSAM PHARMACEUTICALS INC,810590,2834
SSBG,SOUTHERN STARR BROADCASTG GP,810622,4832
3UNSI,UNSI CORP,810624,9995
3GBLD,GENERAL BUILDING PRODUCTS CP,810625,5211
ADDR,ADDINGTON RESOURCES INC,810665,4953
3MMRHQ,MMR HOLDING CORP,810666,1731
BNTY,BOUNTY GROUP INC,810674,1311
GRAN.1,BANK OF GRANITE CORP,810689,6020
APBI.1,APPLIED BIOSCIENCE INTL INC,810723,8734
RED.,RED LION INNS  -LP,810724,7011
CIK,CREDIT SUISSE ASST INCOME FD,810766,6726
3LSCZZ,SHOPCO LAUREL CENTRE  -LP,810781,6512
CROP.1,CROP GENETICS INTL CORP,810818,8731
3SMDD,SUPRA MEDICAL CORP,810822,3841
DRJ,DREAMS INC,810829,5990
MMAN,MINUTEMAN INTERNATIONAL INC,810876,3580
9093B,WETTERAU PROPERTIES INC,810907,6798
PCF,HIGH INCOME SECURITIES FUND,810943,6726
3CWTVE,COUNTRY WIDE TRANSPORT SVCS,810950,4731
XLGX,XYLOGICS INC,810957,3576
CZNC,CITIZENS & NORTHERN CORP,810958,6020
STLG.1,STERLING BANCSHARES CORP/MA,810962,6036
3ALST,ALLSTAR INNS INC,810992,7011
3DLNKQ,DECISIONLINK INC,811014,3829
HFMD,HOME FEDERAL CORP/MD,811097,6035
CMS,CMS ENERGY CORP,811156,4931
3ADRE.1,AUDRE RECOGNITION SYS INC,811206,7372
3ATTNF,AMER TRANSPRT TV NETWORK INC,811207,4833
AGPH,AGOURON PHARMACEUTICALS INC,811210,2834
UNIB,UNIVERSITY BANCORP INC,811211,6020
THMO,THERMOGENESIS HOLDINGS INC,811212,3821
FRMLQ,FREYMILLER TRUCKING INC,811213,4213
BIOLQ,BIOLASE INC,811240,3843
CDTX.1,COLONIAL DATA TECHNOLOGIES,811243,3661
NTRC,NATURAL RESOURCES USA CORP,811419,1400
PDA.1,PRINCETON DIAGNOSTIC LABS,811421,8071
3LABB,BEAUTY LABS INC,811422,3990
REXW,REXWORKS INC,811432,3531
RARB,RARITAN BANCORP INC/DE,811434,6036
BNKW,BANKWORCESTER CORP,811436,6036
AIK,AMER INSD MTG SER 88  -LP,811437,6799
DVRS,DIVERSCO INC,811515,8744
3189B,METROPOLITAN REALTY CO LLC,811516,6798
QZMRF,QUARTZ MOUNTAIN RESOURCES,811522,1040
WBNC,WASHINGTON BANCORP INC,811553,6036
KMMS,KIMMINS CORP,811562,1623
3HCFO,HEALTH CONCEPTS IV INC,811565,8060
FBNC,FIRST BANCORP/NC,811589,6020
KALU,KAISER ALUMINUM CORP,811596,3350
CGI.1,COMMERCE GROUP INC/MA,811612,6331
CRTO.1,CONCERTO SOFTWARE INC,811640,7372
ICCC,IMMUCELL CORP,811641,2835
NALF,NAL FINANCIAL GROUP INC,811644,6141
WDCP,WORLDCORP INC,811664,4522
UST.1,UST INC,811669,2100
SLFI,STERLING FINANCIAL CORP,811671,6020
SHRPQ,SHARPER IMAGE CORP,811696,5940
ACCUF.1,ACCUGRAPH CORP  -CL A,811703,7373
OSBN,OSBORN COMMUNICATIONS,811714,4832
SQNT,SEQUENT COMPUTER SYSTEMS INC,811716,3571
8886B,JETBORNE INTERNATIONAL INC,811786,5080
MAY,MALAYSIA FUND,811797,6726
SUDS,SUDBURY INC,811801,3320
SMMF,SUMMIT FINANCIAL GROUP INC,811808,6020
BHP,BHP GROUP LTD,811809,1000
ATPL,ATLANTIS PLASTICS INC,811828,3081
STD2,SANTANDER HOLDINGS USA INC,811830,6020
NBN,NORTHEAST BANK,811831,6020
XXFPL,FFP PARTNERS  -LP-CL A,811863,6512
CSOL.,CONVERGENT SOLUTIONS INC,811870,7371
PEBW,PEOPLES BANCORP OF WORCESTER,811908,6036
NDB,NATIONAL DISC BROKERS INC,811917,6211
MGF,MFS GVT MKTS INCOME TR,811922,6726
ALS.1,ALLEGHENY LUDLUM CORP,811929,3312
MIKL,MICHAEL FOODS INC,811930,2015
ENVI.,ENVIROSAFE SERVICES INC,811932,4955
GMLI,MAGIC LANTERN GROUP INC,811933,7812
3NAMVF,NORTH AMERICAN METALS CORP,811983,1040
MTN,VAIL RESORTS INC,812011,7990
GFYPZ,PLM EQUIP GROWTH FD II  -LP,812072,7510
OI,O-I GLASS INC,812074,3221
UNO,UNO RESTAURANT CORP,812075,5812
TOPP.1,TOPPS CO INC,812076,2750
3LGTK,LOGITEK INC,812083,3825
ZF.1,ZWEIG FUND INC,812090,6726
CMD.2,CRITICARE SYSTEMS INC,812121,3845
IMWL,JACOBS (JAY) INC,812127,5651
SAFM,SANDERSON FARMS INC,812128,2015
ABBK,ABINGTON BANCORP INC-OLD,812146,6036
BNP.2,BNP RESIDENTIAL PROPERTIES,812150,6798
SYSE,SYSTEMS EQUIPMENT CORP,812156,3669
AVTI.1,ADVENT TECHNOLOGIES INC,812186,6411
RHB,REHABCARE GROUP INC,812191,8060
PSTX.1,PATIENT SAFETY TECHNOLOGIES,812301,3845
NJST,NEW JERSEY STEEL CORP,812310,3312
CNBKA,CENTURY BANCORP INC/MA,812348,6020
RDMM,REAL DEL MONTE MINING CP,812356,1040
AMGC.,AMERICAN CONSOLIDATED GROWTH,812407,7363
NKOT,NU-KOTE HOLDING INC  -CL A,812423,3861
SEQU.1,SEQUUS PHARMACEUTICALS INC,812444,2834
ONPRQ,ONE PRICE CLOTHING STORES,812446,5621
ARHN,ARCHON CORP,812482,7990
NEW.2,NVEST  -LP,812488,6799
BROD.,BRODERBUND SOFTWARE INC,812490,7372
FIBR.1,SORRENTO NETWORKS CORP,812491,3661
DTCD10,DTC DATA TECHNOLOGY CORP,812544,3576
SITN,SITI-SITES.COM INC,812551,9995
AHT.1,AIRCOA HOTEL PARTNRS  -LP-A,812591,7011
HBI.1,HOUSTON BIOTECHNOLOGY INC,812594,2834
BDNI,BUILDERS DESIGN INC,812629,5020
HTWN,HOMETOWN BANCORPORATION INC,812699,6020
GCR.2,GAYLORD CONTAINER CP,812700,2650
CCC.1,CALGON CARBON CORP,812701,2810
STXN,STRATEX NETWORKS INC,812703,3663
3WMANQ,WELLMAN INC,812708,2820
WHO.,WATERHOUSE INVESTORS SVCS,812712,6211
AMRI.,AMRION INC,812788,2834
3ACPXE,AMERICAN COMPLEX CARE INC,812790,8082
SNGX,SOLIGENIX INC,812796,2836
NUV,NUVEEN MUNI VALUE FUND INC,812801,6726
NDCP,NATIONAL DATACOMPUTER INC,812880,3571
SHOWQ,SHOWSCAN ENTERTAINMENT INC,812882,7812
MDLK.,MEDIALINK WORLDWIDE INC,812890,7380
SKS,SAKS INC,812900,5311
HKFIQ,HANCOCK FABRICS INC,812906,5940
FHCC,FIRST HEALTH GROUP CORP,812910,6411
SMLE.1,SEMELE GROUP INC,812914,7350
IMPX.1,IMP INC,812927,3674
PCAM.,PHYSICIAN CORP AMERICA/DE,812929,6324
JOY.1,JOY TECHNOLOGIES INC  -CL A,812944,3532
SAGB,SBC TECHNOLOGIES INC/DEL,812955,4832
BSBLQ,SCORE BOARD INC,813013,5090
0096A,GREYHOUND LINES INC,813040,4100
MVAT,MEDIVATORS INC,813118,3842
UPAC,ULTRA PAC INC,813134,2670
DXLG,DESTINATION XL GROUP INC,813298,5651
BINI.1,BASIN INDUSTRIES INC,813309,1311
GOV.3,GLOBAL GVT PLUS FUND,813339,6726
MSCDE,MEMBERS SERVICE CP,813342,7385
HOLA.1,HOLCO MTG ACCEPT CP-1  -CL A,813418,6799
WES.2,WESTCORP,813461,6035
JASN.,JASON INC,813471,2200
NMHC,NATIONAL MED HEALTH CARD SYS,813562,6411
VPGI,VELOCITY PORTFOLIO GROUP INC,813565,6153
PFPJZ,PRIME FINANCIAL PTNRS  -CL A,813616,6411
SWTX.1,SOUTHWALL TECHNOLOGIES,813619,3081
ACO,AMCOL INTERNATIONAL CORP,813621,1400
SWZ,TOTAL RETURN SECURITIES FUND,813623,6726
IAX,INTL ABSORBENTS INC,813634,2820
NSR,NOMAD ROYALTY COMPANY LTD,813639,1040
ALDC,ALDUS CORP,813656,7372
CDNS,CADENCE DESIGN SYSTEMS INC,813672,7372
PLXXE,POLYMERIX INC,813719,3089
MPAC.1,IMPACT SYSTEMS INC,813740,3823
MYCO.1,MYCOGEN CORP,813742,100
MDTN10,MIDWEST COMMUNICATIONS CORP,813745,5065
EINF,ENTERPRISE INFORMATICS INC,813747,7373
7567B,FIRST FEDERAL BANCORP INC,813749,6035
IEP,ICAHN ENTERPRISES LP,813762,9997
PIFI.,PIEMONTE FOODS INC,813765,2050
FTUSQ,FACTORY 2-U STORES INC,813775,5651
CXPO,CRIMSON EXPLORATION INC,813779,1311
XIDEQ,EXIDE TECHNOLOGIES,813781,3690
RBNC.1,REPUBLIC BANCORP INC,813808,6020
ELUXY,ELECTROLUX AB,813810,3630
UBMPY,UBM PLC,813811,7389
THP.2,THERMO POWER CORP,813895,3669
MBN.2,METROBANK,813898,6020
VALK,VALCO COMMUNICATIONS INC,813901,1623
BEAM.1,SUMMIT TECHNOLOGY INC,813902,3845
9614B,CEC ENTERTAINMENT INC,813920,5812
CPHJ,CAPITAL PACIFIC HOLDINGS INC,813945,1531
AVTI,AVITAR INC,814008,2835
SEC,SPECIALTY EQUIPMENT COS INC,814013,3585
ESSF.,ESSEF CORP,814037,3580
ECGN,ECOGEN INC,814050,2870
TEF,TELEFONICA SA,814052,4812
UBET,YOUBET.COM INC,814055,7990
PMDL,PACE MEDICAL INC,814057,3845
ISPC.1,INTERSPEC INC,814059,3845
CJHBQ,CHAMPION ENTERPRISES INC,814068,2451
3KNITE,TECHKNITS INC,814081,2253
CLM,CORNERSTONE STRGT INV FD INC,814083,6726
MCPC,MET CAPITAL CORP,814085,2510
PZA.2,PROVENA FOODS INC,814139,2013
3MTEK.,MONITEK TECHNOLOGIES,814180,3823
PTYA,PENN TREATY AMERN CORP,814181,6321
CHFC,CHEMICAL FINANCIAL CORP,814184,6020
MPHD,RICH COAST INC,814186,4953
3VLMIE,VALUE MERCHANTS INC,814228,5331
7548B,GREAT AM BK SAN DIEGO,814242,6035
CMDT.1,COMDATA HOLDINGS CORP,814246,6099
SWIS,ST IVES LABORATORIES CORP/DE,814248,2844
MICAQ,MICROAGE INC,814249,5045
LDSH,LADISH CO INC,814250,3724
CNXS.1,CNS INC,814258,3842
TTCH.1,QUADRAX CORP,814273,3640
MNT.1,MONTEDISON SPA - OLD,814287,2000
REE.2,RELIANCE ELECTRIC CO  -CL A,814331,3621
AMNF,ARMANINO FOODS DISTINCTION,814339,2030
TBL,TIMBERLAND CO  -CL A,814361,3140
NMFG,NATIONAL MFG TECHNOLOGIES,814427,3672
INEL.2,INTELLIGENT ELECTRONICS INC,814430,5045
NWL,NEWELL BRANDS INC,814453,3630
PCMEF,PRINCETON MEDIA GROUP INC,814456,9995
HOMZQ,HOME PRODUCTS INTL INC,814457,3089
GRINY,GRAND TOYS INTL LTD  -ADR,814463,2670
GFCT,GREENWICH FINANCIAL CORP,814479,6035
UCOAE,UNITED COAST CORP,814497,6331
LDIC,LDI CORP,814500,7377
FICO,FAIR ISAAC CORP,814547,7373
EBIXQ,EBIX INC,814549,7372
PA.5,PIMCO ADVISORS HOLDINGS  -LP,814562,6799
GWT,GW UTILITIES LTD,814567,6799
AU.3,AMAX GOLD INC,814577,1040
3ENTCE,ENTREE CORP,814579,5140
MKTSQ.,ADVANCED MARKETING SERVICES,814580,5190
MBI,MBIA INC,814585,6351
LWAY,LIFEWAY FOODS INC,814586,2020
AUDK,AUDIO KING CORP,814611,5731
CPSH,CPS TECHNOLOGIES CORP,814676,3679
PLM.3,PLM INTERNATIONAL INC,814677,6799
FFGI,FIREBRAND FINANCIAL GRP INC,814774,6211
UKM,UNITED KINGDOM FUND,814830,6726
3COVTE,COVINGTON DEV GROUP INC,814849,1531
DIGM,CONTROL CHIEF HOLDINGS INC,814853,3620
3TLCNE,TALCON  -LP,814855,6799
BFET,BF ENTERPRISES INC,814856,6512
3STNP,SHOP TELEVISION NETWORK INC,814893,7819
7569B,BEAZER PLC  -ADR,814897,1540
HRH.1,HILB ROGAL & HOBBS CO,814898,6411
GORV.1,GOLDEN RIVER RESOURCES CORP,814904,1040
WEGI,WINDSWEPT ENVIRONMENTAL GRP,814915,4955
MENA.1,MILLENNIA INC-OLD,814920,3442
3GHCIE,GLACIER HOLDINGS INC,814924,5094
BCAS,BROADCASTER INC,814929,9995
NDLQE,NDL PRODUCTS INC,814930,3842
VKSI,VIKONICS INC,814932,3669
PACT.1,PACIFICNET INC,815017,7389
8784B,CATALYST ENERGY SVCS,815029,3490
CSBC.,CENTRAL & SOUTHN HLDG CO GA,815032,6020
MGCD,MGC DIAGNOSTICS CORP,815093,3845
ABMD,ABIOMED INC,815094,3841
CCL,CARNIVAL CORPORATION & PLC,815097,4400
MDLG,MEDIA LOGIC INC,815185,3829
EESI.1,EASTN ENVIRONMENT SVC,815272,4953
CSOF.1,CORPORATE SOFTWARE INC,815273,5045
WRS.1,WINSTON RESOURCES INC,815274,7363
BPURQ,BIOPURE CORP,815508,2836
PNET,PRONET INC,815553,4812
NAIG,NATIONAL INFORMATION GROUP,815555,7370
FAST,FASTENAL CO,815556,5000
3213B,ENGLISH CHINA CLAYS PLC,815757,1400
ICAR,INTERCARGO CORP,815787,6331
NOVN.1,NOVEN PHARMACEUTICALS INC,815838,2834
MTLG,METROLOGIC INSTRUMENTS INC,815910,3577
3AICX,APPLIED IMAGING CORP,816066,3826
LABS.3,LABONE INC-OLD,816151,8071
AIRM,AIR METHODS CORP,816159,4522
3KIXXE,KERKHOFF INDUSTRIES INC,816236,6552
RVL.1,REVELL-MONOGRAM INC,816245,3944
KIDS.,CHILDRENS COMPREHENSIVE SVC,816247,8200
CELG,CELGENE CORP,816284,2834
CCHI,CAMBRIDGE CAPITAL HLDGS INC,816330,1040
OFII,OMNI FILMS INTL INC,816348,3861
ABIO.1,APPLIED BIOMETRICS INC,816568,9995
ACG,ALLIANCEBERNSTEIN INCOME FD,816754,6726
TDC,TERADATA CORP,816761,7370
EVXS,EVEREX SYSTEMS INC,816762,3571
TTG.1,TUTOGEN MEDICAL INC,816949,3842
MTWO.1,MELAMINE CHEMICALS INC,816955,2810
CNMD,CONMED CORP,816956,3845
TSTC,TELESTONE TECHNOLOGIES CORP,817129,3663
TFA.,MORGAN STANDW MUNI INCOME TR,817130,6726
LII.2,LARIZZA INDUSTRIES INC,817134,3714
AIQ.1,ALLIANCE HEALTHCARE SVCS INC,817135,8071
AMI.2,ALARIS MEDICAL SYSTEMS INC,817161,3841
WOOF.1,VCA INC,817366,700
ASR.2,ASR INVESTMENTS CORP,817383,6798
ACAS,AMERICAN CAPITAL LTD,817473,6797
SMTK.,SIMTEK CORP,817516,3674
STCH,SHARED TECH FAIRCHILD INC,817632,7385
BWF.1,BW/IP INC  -CL A,817637,3561
SVEIA,STEVENS INTL INC  -SER A COM,817644,3555
SYNA,SYNAPTICS INC,817720,3674
OCHTQ,ORCHESTRA THERAPEUTICS INC,817785,2836
USTX,UST LIQUIDATING CORP,817820,9995
BEP.2,BET PLC,817897,7359
YLD.1,MORGAN STANLY HIGH INCM ADV,817908,6726
BOR.1,BURNS INTL SERVICES CORP,817945,7381
MYR,MAYORS JEWELERS INC/DE,817946,5944
ACW,ACCURIDE CORP,817979,3714
APX.2,BLACKROCK APEX MUNICIPAL FD,817998,6726
LVC,LILLIAN VERNON CORP,818008,5961
3NRCNA,NORTHLAND CRANBERRIES  -CL A,818010,100
3AHNT,ACCESS HEALTHNET INC,818014,7373
WFCI,WINSTON FURNITURE INC/DE,818015,2510
3INTK,INOTEK TECHNOLOGIES CP,818017,5084
GRNA.,INTERNATIONAL PRECIOUS METLS,818029,1090
HRTX,HERON THERAPEUTICS INC,818033,2836
3MEMXY,MEMOREX TELEX NV  -ADR,818035,3575
SEMIQ,ALL AMERICAN SEMICONDUCTOR,818074,5065
ETEX,EASTEX ENERGY INC,818075,4922
UNSA,UNITED FINANCIAL CORP/SC,818096,6035
SNF,IBERO-AMERICA FUND INC,818105,6726
ISEF,ISTEC INDUSTRIES & TECH LTD,818146,7372
WALS.1,WALSHIRE ASSURN CO,818155,6331
REIN,RECOVERY ENGINEERING INC,818203,3580
TM.1,TOASTMASTER INC,818268,3634
VMT,VAN KAMPEN MUN INCOME TR,818305,6726
RDMG,RDM SPORTS GROUP INC,818350,3751
MIF.1,MUNIINSURED FUND INC,818436,6726
NETF,NETFRAME SYSTEMS INC,818456,3576
3NMPCQ,NUTRAMAX PRODUCTS INC,818467,2844
3CLCP,CALCOMP TECHNOLOGY INC,818470,3577
XRAY,DENTSPLY SIRONA INC,818479,3843
SMTG.,SOMATOGEN INC,818594,2836
CVIS,CARDIOVASCULAR IMAGING SYS,818625,3845
ELBI,ELDORADO BANCSHARES INC,818633,6020
IHHI,IN HOME HEALTH INC,818645,8082
WWCO,WIRELESS WEBCONNECT INC,818674,9995
TMTM,THIRD MILLENIUM TELECOMMUN,818675,8711
HRLSQ,HAROLDS STORES INC,818682,5651
TEVA,TEVA PHARMACEUTICALS,818686,2834
MCAWA,MCCAW CELLULAR COMM  -CL A,818687,4812
SUNR.1,SUNRISE EDUCATIONAL SVCS INC,818695,8351
CLHC,CLINICAL HOMECARE LTD,818725,8082
CIND,CHINA INDUSTRIAL GROUP INC,818726,5150
ATKM,ATEK METALS CENTER INC,818730,5051
3BRAUE,PAVICHEVICH BREWING,818786,2082
3AFFFZ,AMER 1ST FINL FD 1987 LTD PT,818789,6726
BITS.1,BITSTREAM INC  -CL A,818813,7372
ICPXQ,INACOM CORP,818815,9995
NNY,NUVEEN N Y MUNI VALUE FUND,818850,6726
NCA,NUVEEN CALIFORNIA MUN VAL FD,818851,6726
UMC.,UNITED MERIDIAN CORP,818885,1311
FSVC,FRESHSTART VENTURE CAP CORP,818897,6799
HRDG.1,HARDING LAWSON ASSCIATES INC,818968,4955
PBKS,PROVIDENT BANKSHARES CORP,818969,6020
DVTC.1,DEV-TECH CORP,818970,6531
LEO,BNY MELLON STRATEGIC MUNS IN,818972,6726
3CGRDE,COMPONENTGUARD INC,818973,7389
METB,METROBANCORP,818999,6020
DIEG,DIEHL GRAPHSOFT INC,819005,7372
AFTC.,AMERICAN FILM TECHNOLOGIES,819028,7819
FRTX,FRESH TRACKS THERAPEUTIC INC,819050,2834
3MTNA.,MONTANA NATURALS INTL,819182,2834
UNBS,UNITED BUYING SERVICE INTL,819187,5960
CDSJ,MEMORY SCIENCES CORP,819203,3572
LABL,MULTI-COLOR CORP,819220,2750
STLG.2,STERLING MEDICAL SYSTEMS INC,819221,3841
ACRTQ,ACTRADE FINL TECHNOLGIES LTD,819255,5070
CADA.,CAM COMM SOLUTIONS INC,819334,7373
SYBA,SYMBIAT INC,819479,3576
RDRTQ,READ-RITE CORP,819480,3572
PIED,PIEDMONT MINING CO INC,819517,1040
HDVS,HD VEST INC,819521,6211
3GXYF,GALAXY NUTRITIONAL FOODS INC,819527,2020
ETCO.1,EARTH TECHNOLOGY CORP-USA,819541,8711
RCM.1,ARCO CHEMICAL CO,819544,2860
GBBS,GREAT BAY BANKSHARES INC,819550,6036
ILXRQ,ILX RESORTS INC,819551,6532
RFH,RICHFOOD HOLDINGS INC,819632,5140
NLP.1,NATIONAL REALTY  -LP,819671,6513
MFO.,MFS INCOME & OPT TR,819673,6726
GLTX.1,GOLDTEX INC,819676,2200
MICR,MICRON SOLUTIONS INC,819689,3845
CF.6,CHARTER ONE FINANCIAL INC,819692,6020
PHO.1,PEOPLES TELEPHONE CO INC,819694,4899
RNBO,RAINBOW TECHNOLOGIES INC,819706,3577
CNTX.1,CENTEX TELEMANAGEMENT INC,819724,8742
ICE.2,ARCTIC ALASKA FISHERIES,819790,2092
AIN,ALBANY INTL CORP  -CL A,819793,2221
FLTR.1,FILMSTAR INC,819794,7822
DTC.,DOMTAR INC,819817,2621
KPTL,KEPTEL INC,819840,3661
SVN.2,SPECTRAVISION INC,819898,4841
HALL,HALLMARK FINANCIAL SERVICES,819913,6331
MEDS.1,MEDSTONE INTERNATIONAL INC,819939,3845
MCON.1,EMCON,819977,8711
SPSG,SPARTA SURGICAL CORP,819981,3841
PDG,PLACER DOME INC,819996,1040
VIN,VAN KAMPEN INCOME TR,820026,6726
AMP,AMERIPRISE FINANCIAL INC,820027,6282
BZF.1,BRAZIL FUND,820028,6726
SBGA,SUMMIT BANK CORP/GA,820067,6020
NYB.,NEW YORK BANCORP INC,820068,6035
CBM,CAMBREX CORP,820081,2833
3MLDH,MALLARD COACH CO,820082,3716
3GARN,GARNET RESOURCES CORP,820084,1311
LAAC.1,LLOYDS ACCEPTANCE CORP,820087,6159
XTX,N Y TAX EXEMPT INCOME,820090,6726
NOIZ,MICRONETICS INC,820097,3679
FIN.1,FRANKLIN R E INC FD  -SER A,820206,6798
SDRC.1,STRUCTURAL DYNAMICS RESEARCH,820235,7372
GPRO.2,GEN-PROBE INC,820237,2835
FSFI.1,FIRST STATE FINANCIAL SVCS,820240,6035
FTSP.,FIRST TEAM SPORTS,820242,3949
3CTIA,COMMUNICATIONS TRANSMISSION,820285,4813
APH,AMPHENOL CORP,820313,3678
COHR,COHERENT CORP,820318,3827
FUSC,FIRST UNITED BANCORPORATION,820379,6020
UNTH,UNITED THERMAL CORP,820411,4961
3INVN,INVITRON CORP,820413,2836
OPMC,OPTIMUMCARE CORP,820474,8060
LUND10,LUND INTL HOLDINGS INC,820526,3714
HYI.1,HIGH YIELD INCOME FUND,820537,6726
VFI.3,VERIFONE INC,820580,3578
FIRM,FIRSTMARK CORP,820588,6799
OMAGQ,OMAGINE INC,820600,6552
IGL,IMC GLOBAL INC,820626,2870
IBF.1,SCUDDER SPAIN&PORTUGAL FUND,820675,6726
CICC.,COMPUTER INTEGRATION CORP,820735,5045
ORB,ORBITAL SCIENCES CORP,820736,3760
TIGR.3,TIGERLOGIC CORP,820738,7372
FYBR.,CRITICAL INDUSTRIES INC,820739,5190
7507B,MISSION RESOURCE PRTNRS  -LP,820745,1311
DFI.2,DUTY FREE INTERNATIONAL INC,820756,5990
AMHN,AM-CH INC,820757,9995
EDAT,ELECTRONIC DATA TECHNOLOGIES,820759,3578
ASHW,ASHWORTH INC,820774,2320
SSBC,SHELTON BANCORP,820786,6036
BFSI,BFS BANKORP INC,820900,6035
EBIC,ELECTRO BRAIN INTL,820902,7372
CIIG.1,COLOR IMAGING INC,820906,2890
PVSA,PARKVALE FINANCIAL CORP,820907,6036
EQUI.,EQUIVEST FINANCE INC,820917,6531
ONTAQ,ONEITA INDUSTRIES INC,820957,2253
SWVA,STEEL OF WEST VIRGINIA,820960,3312
DMC.1,DIMAC CORP,820999,7331
GIII,G-III APPAREL GROUP LTD,821002,2300
HTG.1,HERITAGE MEDIA CORP  -CL A,821020,7310
ANDE,ANDERSONS INC,821026,5150
GEXA,GEXA CORP,821113,4991
SKNSE,SKOLNIKS INC,821124,5812
3TEMK,TEMPEST TECHNOLOGIES INC,821126,3571
BPFH,BOSTON PRIVATE FINL HOLDINGS,821127,6020
AD,ARRAY DIG INFRASTRUCTURE INC,821130,4812
EOG,EOG RESOURCES INC,821189,1311
3BCPUE,BORDEN CHEM&PLAST  -LP COM,821202,9995
IVTO,INNOVET INC,821243,6799
UTLX,UTILX CORP,821361,1623
WLVTQ,WOLVERINE TUBE INC,821407,3350
CIM.1,CIM HIGH YIELD SECURITIES,821466,6726
PARR,PAR PACIFIC HOLDINGS INC,821483,2911
3CODL,CODE-ALARM INC,821509,3669
GMGW,GERAGHTY & MILLER INC,821527,8711
SST.1,SHELTER COMPONENTS CORP,821530,5072
HEARQ,HEARUSA INC,821536,5990
TUSC,TUSCARORA INC,821538,3086
YOCM,YOCREAM INTERNATIONAL INC,821572,2024
HU.1,HAMPTON UTILITIES TRUST,821600,6726
HMNY.,HARMONY GROUP LTD,821609,2890
BNT.3,BENTLEY PHARMACEUTICALS,821616,2834
JNP,JUNIPER PHARMACEUTICALS INC,821995,2834
FORS.,FORSOFT LTD,822039,7371
LIFF,LIFSCHULTZ INDS INC,822046,3826
RVEE,HOLIDAY RV SUPERSTORES INC,822076,5500
JA,JOHN ALDEN FINANCIAL CORP,822079,6321
IDYN.1,INNERDYNE INC,822084,3841
IDMI,IDM PHARMA INC,822206,2834
INFC,INFRACOR INC,822367,1623
EMMA,EMMAUS LIFE SCIENCES INC,822370,2834
LIDA,LIDA INC/DEL,822372,2221
NAMS.1,NAMSCO CORP,822373,3651
RVTK,REVOTEK INC,822374,2013
EQP,HEALTH EQUITY PPTYS INC,822415,6798
PHM,PULTEGROUP INC,822416,1531
BIOC.1,BIOCLINICA INC,822418,8071
CCXLA,CONTEL CELLULAR INC,822419,4812
PA.1,PIMCO ADVISORS  -LP,822426,6282
CRL.3,CAP RLTY INV TAX EXFD LP III,822522,6726
CUTS,SUPERCUTS INC,822553,7200
USWNA,US WEST NEWVECTOR GRP  -CL A,822661,4812
LION.1,FIDELITY SOUTHERN CORP,822662,6020
IPAR,INTERPARFUMS INC,822663,2844
CALAQ,CATALINA LIGHTING INC,822665,3640
ADHC.,ADVANTAGE HEALTH CORP,822668,8060
SLFC,SHORELINE FINANCIAL CORP,822697,6020
ZTNO,ZOOM TECHNOLOGIES INC,822708,3663
AMNI,AMERICAN NOBLE GAS INC,822746,1311
TTF,THAI FUND INC,822794,6726
CLH,CLEAN HARBORS INC,822818,4955
3BKCIE,BUCKEYE COMMUNICATIONS INC,822822,5130
LPRO.1,LEGEND PROPERTIES INC,822829,1531
CECS,CECS CORP,822935,9995
CCIR.1,CONTINENTAL CIRCUITS CORP,822973,3672
BID,SOTHEBY'S,823094,7389
SYNX.1,SYNERGX SYSTEMS INC,823130,3669
STBV,AMERICAN CONSOLIDATED LABS,823187,3851
MWEB,MYWEB INC.COM,823190,7372
PLG.3,POLYGRAM NV,823197,3652
CLFI,COUNTRY LAKE FOODS INC,823248,2020
3AVFI.,ADVANCED FINANCIAL,823314,6162
8693B,WESTERN ACCEPTANCE CP,823386,6141
SNC.1,SHAWMUT NATIONAL CORP,823393,6020
VRT.,VANGUARD REAL ESTATE FD II,823488,6798
3RPAPF,REPAP ENTERPRISES,823534,2621
PBNK.,PRIME BANCORP INC,823550,6035
EMIC,ENCORE MARKETING INTL INC,823553,7997
AAI.1,AQUA ALLIANCE INC  -CL A,823556,8711
MTSI.2,MTS MEDICATION TECHNOLOGIES,823560,3842
3PHRM.,PHARMETICS INC,823754,3842
WM,WASTE MANAGEMENT INC,823768,4953
APN.3,AQUAPENN SPRING WATER INC,823844,2086
FFB,FIRST FIDELITY BANCORP,823870,6020
ATCS,APOGEE TECHNOLOGY INC,823876,3841
HSX,HOOK SUPERX INC,823883,5912
ELSI,ELECTROSOURCE INC,823927,8731
EGY.1,COLUMBUS ENERGY CORP,823975,1311
ITSY,INNOVATIVE TECH SYSTEMS INC,824008,7372
LVMUY,LVMH MOET HENNESSY LOUIS V,824046,2330
ATSI,ATS MEDICAL INC,824068,3842
3YALE,SPRECKELS INDUSTRIES  -CL A,824096,3530
EMCO,OPTIMAX INDUSTRIES INC,824103,100
3TBMHE,TBM HOLDING INC,824109,3537
AAON,AAON INC,824142,3585
NXTL,NEXTEL COMMUNICATIONS INC,824169,4812
TUXX,AL'S FORMAL WEAR INC,824185,7200
RICQ30,AMERICAN RICE INC,824206,5140
OAKT,OAK TECHNOLOGY INC,824225,3572
WSBK.,WESTERN BK COOS BAY OR,824335,6020
SASR,SANDY SPRING BANCORP INC,824410,6020
3NHER,NATIONAL HERITAGE INDUSTRIES,824428,1531
OROA,OROAMERICA INC,824435,3911
PMT.2,PUTNAM MASTER INCOME TR,824463,6726
3LREFE,L REX INTERNATIONAL INC,824498,2732
CLBD,COLLEGE BOUND INC,824575,8200
IMTK,INFORMATION MGMT TECH  -CL A,824578,2750
GGO.2,GETCHELL GOLD CORP -OLD,824590,1040
BKFR,BANKFIRST CORP,824719,6020
TDRLF,TUDOR CORP LTD,824726,1311
PRGY,PRODIGY COMMUN CORP -CL A,824740,7370
3GLOAE,GLOBAL A INC,824768,5122
AOT,APOGENT TECHNOLOGIES INC,824803,3821
ADVT.,ADVANTAGE LIFE PRODUCTS,824840,5712
HHHEF,37 CAPITAL INC,825171,1000
FUND,SPROTT FOCUS TRUST INC,825202,6726
AB,ALLIANCEBERNSTEIN HOLDING LP,825313,6799
FMLY.1,FAMILY BANCORP,825314,6035
GTIM,GOOD TIMES RESTAURANTS INC,825324,5812
HYB,NEW AMERICA HI INCOME FUND,825345,6726
GVT.1,MORGAN STANLY GVT INCOME SBI,825353,6726
CMCI.2,CARE-MED CENTERS INC,825391,8000
LDR,LANDAUER INC,825410,8734
SEV.4,SEVCON INC,825411,3620
ONPH,ONCOLOGY PHARMA INC,825517,2836
OBDE.1,OBSIDIAN ENTERPRISES INC,825521,3713
POBS,PORTSMOUTH BK SHS INC,825534,6036
CNB.,COMMUNITY NATIONAL BANCORP,825539,6020
SMG,SCOTTS MIRACLE-GRO CO,825542,2870
GSF.1,ACM GOVT SECURITIES,825650,6726
CSARQ,CARAUSTAR INDUSTRIES INC,825692,2631
PLAT.1,PLATINUM TECHNOLOGY INTL INC,825703,7372
CM.2,COLES GROUP LTD - OLD,825777,5399
3JERI,JOURNEYS END RESORTS INC,825797,7011
ATRAE,ATRATECH INC,825830,1700
BRW,SABA CAPITAL INCM & OPP FUND,826020,6726
BTIC,BRUNSWICK TECHNOLOGIES INC,826075,3290
ORRF,ORRSTOWN FINANCIAL SVCS INC,826154,6020
AUSI,AURA SYSTEMS INC,826253,3621
RMTO,RM2 INTERNATIONAL INC,826326,3490
FIR.,FIRST CITIZENS BANCSTOCK INC,826328,6020
PION,PIONEER FINANCIAL CORP,826329,6035
CCOR.1,CORE TECHNOLOGIES INC/PA,826330,3564
WCWEF,WESTERN CANADA BEVERAGE CORP,826337,5140
3ABTE,ABLE TELCOM HOLDING CORP,826411,1731
HTI.2,HEALTHTRUST INC-THE HSPTL CO,826490,8062
FGHC,FIRST GEORGIA HOLDINGS,826491,6020
FGNT,FRAGRANCENET.COM INC,826495,5961
APK.1,GREEN (A.P.) INDUSTRIES INC,826619,3250
DX,DYNEX CAPITAL INC,826675,6798
MERR,MERRIMAN HOLDINGS INC,826683,6211
3CJBCF,CANSORB INDUSTRIES,826727,2400
MIN,MFS INTERM INCOME SBI,826735,6726
BFCS,BOSTON FIVE BANCORP INC,826756,6035
WBAN,WEST COAST BANCORP INC/FL,826764,6020
LXCL,LUXCEL GROUP INC,826771,4812
UNTKQ,UNITEK GLOBAL SERVICES INC,826773,1700
CERB,CERBCO INC  -CL A,826821,1700
MLRM,MUTUAL RISK MANAGEMENT LTD,826918,6331
EIX,EDISON INTERNATIONAL,827052,4911
3MNTKE,MENTORTECH INC,827053,8200
MCHP,MICROCHIP TECHNOLOGY INC,827054,3674
ZVXI,ZEVEX INTERNATIONAL INC,827056,3845
PINN.1,PINNACLE BANC GROUP INC,827085,6020
NCRU,NETCRUISE.COM INC,827100,7370
ZILA,ZILA INC,827156,2834
SNBR,SLEEP NUMBER CORP,827187,2510
MFI.3,MICROFINANCIAL INC,827230,6172
NN.1,NEWBRIDGE NETWORKS CORP,827301,3661
PPT,PUTNAM PREMIER INCOME TR,827773,6726
BSNX,BASIN EXPLORATION INC,827795,1311
NVLNF,NOVELION THERAPEUTICS INC,827809,2834
GAFA,GATES/F A DISTRIBUTING INC,827838,5045
EGRX,EAGLE PHARMACEUTICALS INC,827871,2834
CLSK,CLEANSPARK INC,827876,7370
ROFO,ROCKFORD CORP,828064,3651
TWAV.,THERMA WAVE INC,828119,3823
LINK,INTERLINK ELECTRONICS,828146,3679
KOSM,CASCADE INTERNATIONAL INC,828174,5621
GRBUQ,GREEN BUILDERS INC,828189,6552
3DCARE,DREAMCAR HOLDINGS INC,828220,3711
SHO.3,SHOWPOWER INC,828360,7359
ATSM10,ATS MONEY SYSTEMS INC,828509,3578
FSCXQ,FASTCOMM COMMUNICATIONS CORP,828529,3576
PNTGF,PETROMET RESOURCES LTD,828598,1311
FCFC,FIRSTCITY FINANCIAL CORP,828678,6153
RBI,SPORT SUPPLY GROUP INC,828747,5961
GSIC,GSI COMMERCE INC,828750,5961
CGF,CREDIT SUISSE ASSET MGMT STR,828781,6726
SABA,SABA CAPITAL IN & OP FUND II,828803,6726
NSSB,NORWICH FINANCIAL CORP,828808,6036
GDTG,GRANDETEL TECHNOLOGIES INC,828809,4822
ATCS.,ATC GROUP SERVICES INC,828828,8711
LATK,LATOKA INC,828879,1311
WRI,WEINGARTEN REALTY INVST,828916,6798
DTCI,DOCUMENT TECHNOLOGIES INC,828934,3577
EDSE,ESELCO INC,828941,4911
MGINQ,MEGA GROUP INC,828942,6162
WSFS,WSFS FINANCIAL CORP,828944,6035
TXCS,TOTALAXCESS.COM INC,828956,4899
MPH.1,MERIDIAN POINT RLTY TR VIII,828957,6798
CFHC,CALIFORNIA FINANCIAL HOLDING,828976,6035
HYP.1,HIGH YIELD PLUS FUND,828990,6726
PLUAQ,PLUMA INC,829044,2253
PRNI,PRINTRON INC,829088,3845
0099A,HUNTSMAN POLYMERS CORP,829218,2821
TTRR,TRACOR INC,829221,3812
SBUX,STARBUCKS CORP,829224,5812
NOEL,NOEL GROUP INC,829269,2200
KRE.1,CAPITAL RE CORP,829277,6351
SKAN,SKANEATELES BANCORP INC,829282,6036
INUV,INUVO INC,829323,7370
AGF.1,AMERICAN GVT INCOME FD,829344,6726
NTPIF,NAM TAI PROPERTY INC,829365,6512
PTNM.1,PUTNAM TR CO GREENWICH CT,829406,6020
AVDL.1,AVONDALE INDUSTRIES INC,829444,3730
IBCIQ,INTERSTATE BAKERIES CORP,829499,2050
ATISZ,ADVANCED TISSUE SCI  -CL A,829549,2836
PSYS.1,PSYCHIATRIC SOLUTIONS INC,829608,8093
CTMI.,CONTOUR MEDICAL INC,829649,5047
3NTLOQ,NTELOS INC,829676,4812
NBB.1,NBB BANCORP INC,829732,6036
BCNJ,BANCORP NEW JERSEY INC,829753,6036
CTEK.1,COMPOSITECH LTD,829764,2891
OMS,OPPENHEIMER MULTI-SECTOR,829801,6726
SFFD,SFFED CORP,829803,6035
MDOW,MEADOW GROUP INC,829903,5961
3CLML,CLARK MELVIN SECURITIES CP,829956,6211
CIN2,PSI RESOURCES INC,829966,4911
CPLY.,COPLEY PHARMACEUTICAL INC,829987,2834
RFED,ROOSEVELT FINANCIAL GROUP,830055,6035
RGI.2,RANDERS KILLAM GROUP INC,830104,8711
VWTR,VIDLER WATER RESOURCES INC,830122,6552
2270B,BROOKSTONE INC,830134,5990
PONR,PIONEER COS INC  -CL A,830141,2810
ZIF,WESTERN ASST ZENIX INCOME FD,830142,6726
DNFC,D & N FINANCIAL CORP,830143,6035
FCT.2,FIRST CITY BANCORP INC/TN,830154,6020
LABS.1,LABONE INC,830158,8071
KHI,DEUTSCHE HIGH INCOME TRUST,830160,6726
IFSL.,INDIANA FEDERAL CORP,830250,6035
BSBN,BSB BANCORP,830257,6020
OS.1,OREGON STEEL MILLS INC,830260,3312
NNM,NUVEEN NY MUNI INCOME FD INC,830264,6726
NCM.2,NUVEEN CAL MUNI INCOME FD,830266,6726
NMI,NUVEEN MUNICIPAL INCOME FUND,830271,6726
CMBK,CUMBERLAND FEDERAL BANCORP,830315,6035
3IWRK,IWERKS ENTERTAINMENT INC,830404,7830
HIS,BLACKROCK HIGH INCOME SHARES,830474,6726
NUMR,NUMAR CORP,830476,1389
MHF,WESTERN ASST MUNI HI INCM FD,830487,6726
NTWK.,NETWORK LONG DISTANCE INC,830488,4813
3ESVS,ENHANCED SERVICES INC,830489,7370
CCF,CHASE CORP,830524,2891
PIM,PUTNAM MASTER INTERM INCOME,830622,6726
SI.2,ACM GVT SPECTRUM FUND,830624,6726
PBIO,PRESSURE BIOSCIENCES INC,830656,8731
TSQ.1,T2 MEDICAL INC,830735,8082
PCFO,PACIFIC OFFICE PROPERTIES TR,830748,6798
WRNB,WARREN BANCORP INC,830750,6036
PSBN,PIONEER BANCORP INC N C,830751,6036
CPF.2,COMSTOCK PTNRS STRATEGY,830779,6726
MFLX.,MULTI-FINELINE ELECTRON INC,830916,3672
TFB,MORGAN STANDW MUNI INC TR II,830975,6726
8107B,SPINDLE OIL & GAS,830985,1311
3ATLAE,ATLANTIS GROUP INC,830991,4955
EBCI,EAGLE BANCORP INC,830996,6035
C,CITIGROUP INC,831001,6199
UBMSQ,USA BIOMASS CORP,831002,4953
HDTCQ,HEARTLAND TECHNOLOGY INC,831115,3674
ITG.1,INTEGRA FINANCIAL CORP,831231,6020
ELAS.,ELECTRONIC ASSEMBLY SERVICES,831241,3679
CLTLF.1,CONTINENTAL TYRE LTD,831243,5010
FCMCQ,FRANKLIN CREDIT HOLDING CP,831246,6159
TWOI,2 I INC,831256,3312
FCX,FREEPORT-MCMORAN INC,831259,1000
LPF,LANDSING PACIFIC FUND,831300,6798
3UEAT,RESTAURANT HOTLINE SYS INC,831320,7389
SGHI10,SILK GREENHOUSE INC,831323,5990
IPSU,IMPERIAL SUGAR CO,831327,2060
UMCN,UMC INC,831460,6411
JAVA.2,MR COFFEE INC,831463,3634
CNKT,CONNECTINC.COM CO,831529,7372
ATXI.1,ATRIX INTERNATIONAL INC,831532,3580
SPPI,SPECTRUM PHARMACEUTICALS INC,831547,2836
TTEK,TETRA TECH INC,831641,8711
MPV,BARINGS PARTICIPATON INVSTRS,831655,6726
RDAG.1,RED ALERT GROUP INC,831669,7372
3IJMS,INJECTO MATIC SYS INTL INC,831671,9995
BMRG.1,BMR FINANCIAL GROUP INC,831677,6020
DAWN.1,DAWN TECHNOLOGIES INC,831752,3579
MYTK,MITEK SURGICAL PRODUCTS INC,831777,3842
LENS.1,CONCORD CAMERA CORP,831861,3861
3HOMG,HOMEOWNERS GROUP INC,831906,6411
UNBJ,UNITED NATIONAL BANCORP/NJ,831959,6020
CDG.1,CLIFFS DRILLING CO,831964,1381
PWX,PROVIDENCE AND WORCESTER RR,831968,4011
GEMX,GEMINEX INDUSTRIES INC,831970,7990
VBNJ,VISTA BANCORP INC,831979,6020
SBUF,STACEYS BUFFET INC,831984,5812
PTRS,PARTNERS BANCORP,832090,6020
CTHZ,CANCER TREATMENT HOLDINGS,832092,6531
IEX,IDEX CORP,832101,3561
3RCLAE,RECLAIM INC,832149,5090
3TSCN.,TELESCAN INC,832175,7370
RSR.,RISER FOODS INC  -CL A,832177,5411
EGGS.,EGGHEAD.COM INC-OLD,832320,5961
3GLBN,GLOBALNET FINANCIAL.COM INC,832324,6211
BKT,BLACKROCK INCOME TRUST INC,832327,6726
NVTKQ,NOVATEK INTERNATIONAL INC,832334,3444
SILU,SPROTT RESOURCE LENDING CORP,832342,6162
GUL.2,GULL LABORATORIES INC,832404,2835
SIXX,SIXX HOLDINGS INC,832407,5812
BRIN.1,BROADCAST INTL INC/VT,832411,4899
CGRTQ,COOKER RESTAURANT/OH,832412,5812
SSP,EW SCRIPPS  -CL A,832428,4833
7513B,TRI-R SYSTEMS CORP,832438,5090
CBLMQ,CBL MEDICAL INC,832440,8011
UTGN,UTG INC,832480,6311
CCDC,CONCORDE CAREER COLLEGES INC,832483,8200
MMRX,MEDNET MPC CORP,832485,5961
MAMS,MAM SOFTWARE GROUP INC,832488,7370
GOVX,GEOVAX LABS INC,832489,2836
SLPF,SCINTILORE EXPLORATIONS LTD,832518,1000
GRER,GREENSTONE RESOURCES LTD,832519,1040
DSI.1,DREYFUS STRATEGIC GVT,832534,6726
PGT.,PUTNAM INTER GVT INCOME,832754,6726
PTEC.1,PHOENIX TECHNOLOGIES LTD,832767,7372
MSTR.2,MORNINGSTAR GROUP INC,832768,2020
HPBC,HOME PORT BANCORP INC,832769,6036
AFED.,ATLANFED BANCORP INC,832770,6035
3KDCR,KINDERCARE LEARNING CENTERS,832812,8351
EXCL.1,EXCAL ENTERPRISES INC,832813,6512
SYC.2,SYBRON CHEMICALS INC,832815,2840
KCS,KCS ENERGY INC,832820,1311
CPBK,COMMUNITY CAPITAL CORP,832847,6020
PHY,PROSPECT STREET HI INCOME,832904,6726
3DEMPE,DRUG EMPORIUM INC,832922,5912
KGT,SCUDDER INTERM GVT TR,832925,6726
QEIC,QUICKSILVER ENTRP,832985,3721
SIG,SIGNET JEWELERS LTD,832988,5944
LUSA,LIFE USA HOLDING INC,832989,6311
MLG.1,MUSICLAND STORES CORP,832995,5735
SHWK,SEAHAWK DEEP OCEAN TECH INC,833020,4400
CIF,MFS INTERMEDIATE HIGH INCOME,833021,6726
NABZY,NATIONAL AUSTRALIA BK,833029,6020
FT,FRANKLIN UNIVERSAL TRUST,833040,6726
FBD,FIBREBOARD CORP,833053,3089
IGF.1,INDIA GROWTH FUND INC,833072,6726
GLYT,GENLYTE GROUP INC,833076,3640
MTH,MERITAGE HOMES CORP,833079,1531
PDE,PRIDE INTERNATIONAL INC,833081,1381
TISM,TIS MORTGAGE INVESTMENT,833088,6798
NPTH.2,ENPATH MEDICAL INC,833140,3841
3GRAYE,GRAYHOUND ELECTRONICS INC,833216,3990
NPI,NUVEEN PREM INCOME MUN FD,833251,6726
CIMA,CIMA LABS INC,833298,2834
3SRGN,SERAGEN INC,833299,2836
BR.2,BURLINGTON RESOURCES INC,833320,1311
SSMR,SUNSHINE MINING & REFINING,833376,1044
APCO,AUTOMOBILE PROTECTION,833441,8741
BBGS,BABBAGES INC,833443,5734
JCI,JOHNSON CONTROLS INTL PLC,833444,3585
3MEGI,MEGAMATION INC,833498,3569
TRUV,TRUEVISION INC,833619,3577
POWI,POWER INTEGRATIONS INC,833640,3674
HOFD,HOMEFED CORP,833795,6552
7568B,BOND INTL GOLD,833796,1040
WIND.1,WIND RIVER SYSTEMS INC,833829,7373
WEL.2,BOOTS & COOTS INC,833845,1389
ENSW,ENTERPRISE SOFTWARE INC,833847,7372
CBMD,COLUMBIA BANCORP,834105,6020
NVT.1,NAVTEQ CORP,834208,7370
FIL.1,SANIFILL INC,834263,4953
FRBKQ,REPUBLIC FIRST BANCORP INC,834285,6020
BLFS,BIOLIFE SOLUTIONS INC,834365,2836
BXXXQ,BROOKE CORP,834408,6411
VIGN.,VIAGENE INC,834557,2836
AOF.1,ACM GVT OPPORTUNITY FD,834933,6726
MGPI,MGP INGREDIENTS INC,835011,2085
CWBS,COMMONWEALTH BANKSHARES INC,835012,6020
7475B,ENVIRONMENTAL CONTROL GP INC,835014,4955
DKB,DEKALB GENETICS CORP  -CL B,835015,100
3PTRH,PACESETTER HOMES INC,835170,1531
3CCPNE,CORCAP INC,835176,8711
RIF.2,COHEN & STEERS RLTY INCM FD,835268,6726
UTRX,UNITRONIX CORP,835270,7372
CDIO.1,CARDIOTRONICS SYSTEMS INC,835316,3845
SYBT,STOCK YARDS BANCORP INC,835324,6020
OIA,INVESCO MUNICIPAL INCOME OPP,835333,6726
3HAMS,SMITHFIELD COMPANIES INC,835342,2013
COMR,COMAIR HOLDINGS INC,835344,4512
COFD,COLLECTIVE BANCORP INC,835345,6020
DEO,DIAGEO PLC,835403,2085
ICR,INTERNATIONAL CORONA,835404,1040
PLI.3,POLYVISION CORP,835405,3260
CLAR.1,CLARION TECHNOLOGIES INC,835409,3089
ALOC,PLASTIGONE TECHNOLOGIES INC,835494,3081
GTGO,GETGO INC -OLD,835538,5065
BHODQ,B&H OCEAN CARRIERS LTD,835540,4400
SLR,SOLECTRON CORP,835541,3672
HMLD,HOMELAND HOLDING CORP,835582,5411
CFON,C-PHONE CORP,835585,3661
3INVI.,INTL MOVIE GROUP,835640,7822
CRO.4,CRT PROPERTIES INC,835664,6798
KU,KU ENERGY CORP,835715,4911
BMC,BMC SOFTWARE INC,835729,7372
AIX.1,ASTROTECH INTL CORP,835759,3443
MAIR,MAIR HOLDINGS INC,835768,4512
PGNX,PROGENICS PHARMACEUTICAL INC,835887,2836
TGO.2,TELEGLOBE INC,835904,4813
MIXX.,MEDICAL INNOVATIONS INC,835908,8082
APCC.,AMERICAN POWER CONVERSION CP,835910,3620
MVF,BLACKROCK MUNIVEST FUND INC,835948,6726
COSO.1,COMMERCESOUTH INC,836043,6020
WACC,WESTAMERICA CORP,836044,1311
TT.2,TRANE INC,836102,3585
NVLS.1,NOVELLUS SYSTEMS INC,836106,3559
GSLM,GRAND CENTRAL SILVER MINES,836123,6795
MBCN,MIDDLEFIELD BANC CORP,836147,6020
LNN,LINDSAY CORP,836157,3523
FWSTQ,FLORIDA WEST AIRLINES INC,836190,4522
GLI.2,GLOBAL INCOME PLUS FUND,836212,6726
TFC.2,SHELTON GREATER CHINA FUND,836267,6726
DPS.1,DR PEPPER/SEVEN UP,836400,2080
ZTR,VIRTUS TOTAL RETURN FUND INC,836412,6726
AAF.,AMERICAN GVT INCOME PORTFOL,836425,6726
SURG.2,SYNERGETICS USA INC,836429,3841
STFA,STRATFORD AMERICAN CORP,836435,1311
ORX,ORYX ENERGY CO,836442,1311
PMB,PREMIER BANCSHARES INC,836616,6020
NGA.1,ASSOCIATED NATURAL GAS CORP,836666,4922
ISSC,INNOVATIVE SOLTNS & SUPP INC,836690,3575
AFTM,AFTERMASTER INC,836809,7819
FFFG,F F O FINANCIAL GROUP INC,836819,6035
3GSAT.,GLOBESAT HOLDING CORP,836868,8731
3KBAZ,KITCHEN BAZAAR INC,837022,5700
TDXC,TDX CORP,837028,7200
GLOV.1,AHPC HOLDINGS INC,837038,3842
TRCDQ,TRICORD SYSTEMS INC,837166,7373
WLTGQ,WALTER ENERGY INC,837173,1220
KP.1,KEY PRODUCTION CO INC,837290,1311
3HQOSE,HQ OFFICE SUP WAREHSE  -CL A,837292,5110
3AMNT.,AMERICAN NETWORK GROUP INC,837298,7900
3RIIV,RESORT INCOME INVESTORS,837336,6798
MLKIQ,MATLACK SYSTEMS INC,837339,4213
FCIQE,F & C INTERNATIONAL INC,837429,2860
MODG,TOPGOLF CALLAWAY BRANDS CORP,837465,3949
BDLS,BOUNDLESS CORP,837472,2860
3VIPGE,VIP GLOBAL CAPITAL INC,837488,2750
ETOP,ENTROPIN INC,837600,9995
MTO.1,METRO BANCSHARES INC,837602,6035
3186B,HORSEHEAD RESOURCE DEV INC,837635,4955
VSBC.,VSB BANCORP INC,837676,6036
3MLRC,MALLON RESOURCES CORP,837759,1311
IDEXQ,IDEANOMICS INC,837852,3713
AHSI.,ALTA HEALTH STRATEGIES INC,837854,6411
GITA,GITANO GROUP INC,837912,2330
GGNS,GENUS INC,837913,3559
TVF.,TEMPLETON VALUE FUND,837949,6726
PHF,PACHOLDER HIGH YIELD FD INC,837951,6726
3WESCE,WASATCH EDUCATION SYS,837987,7373
EYE.1,VISX INC/DE,837991,3845
3AMCT.1,AMERICONNECT INC,837993,4813
JMM,NUVEEN MULTI-MKT INCM FD,838131,6726
AMF,ACM MANAGED INCOME FUND,838133,6726
SPFO,SPARTA FOODS INC,838171,2090
KTM,KETEMA INC,838224,3443
MMOA,MEDICAL MGMT OF AMER,838443,8011
8578B,ARIX CORP,838445,3571
FAIR.2,RENAISSANCE ENTMT CORP,838782,7990
MGMA,METRO GLOBAL MEDIA INC,838803,7812
UPEN,UPPER PENINSULA ENERGY CORP,838868,4911
WVVI,WILLAMETTE VALLEY VINEYARDS,838875,2084
TKS.1,PINAFORE HOLDINGS BV,838877,3714
RXPC,RADIENT PHARMACEUTICALS CORP,838879,2835
VASO,VASO CORP,839087,5047
CHBC,CHATTAHOOCHEE BANCORP INC,839091,6020
HMEC,HALL-MARK ELECTRONICS CORP,839100,5065
DMF,BNY MELLON MUNICIPAL INCOME,839122,6726
DCG,DREYFUS CAL MUNI INCOME,839123,6726
DNM,DREYFUS N Y MUNI INCOME,839124,6726
SSCO,SUNSTYLE CORP,839219,6552
SPZE,SPICE ENTERTAINMENT COS INC,839431,4833
COMT.1,COMAMTECH INC -OLD,839435,7372
BRCCC,BRISTOL RESEARCH CORP,839436,3577
LEPGY,LEP GROUP PLC  -ADR,839468,4731
WWR,WESTWATER RESOURCES INC,839470,3620
STG.1,STORAGE PROPERTIES INC,839477,6798
METC.1,METCALF & EDDY COS INC,839479,4953
WAH,WESTAIR HOLDING INC,839480,4512
KTF,DWS MUNICIPAL INCOME TRUST,839533,6726
LLSL,LAKELAND FIRST FINL GRP INC,839538,6036
TRIB.,TRISTATE BANCORP,839539,6035
GRRP,GRANITE BROADCASTING,839621,4833
BTT.1,BLACKROCK TARGET TERM TRUST,839636,6726
FMCO,FMS FINANCIAL CORP,839845,6036
WARR.1,WARRIOR ENERGY SERVICE CORP,839871,1389
VOD,VODAFONE GROUP PUBLIC LTD,839923,4812
NCEB,NORTH COAST ENERGY INC,839950,1311
REBC,REDWOOD EMPIRE BANCORP,840007,6020
RCSB,RCSB FINANCIAL INC,840068,6036
SUNY.1,SUNRISE BANCORP INC/DE,840115,6035
KYMDA,KENTUCKY MED INS CO  -CL A,840163,6351
CALCQ,CALIFORNIA COASTAL CMNTYS,840216,1531
VKC,VAN KAMPEN CALIF MUN TR,840248,6726
BWAI,BUILDERS WHSE ASSN INC,840249,3577
SFL.1,SANTA FE PAC PIPELINE PRTNRS,840251,4610
RFBK.1,RS FINANCIAL CORP,840252,6035
GSTN,GREYSTONE DIGITAL TECHNOLOGY,840254,7372
VNBCQ,VINEYARD NATIONAL BANCORP,840256,6020
LIVE.1,LIVE ENTERTAINMENT,840260,7822
CBCRQ,CAPITOL BANCORP LTD,840264,6020
APHTQ,APHTON CORP,840319,2836
JTAX,JACKSON HEWITT INC,840346,6794
GLK,GREAT LAKES BANCORP INC,840387,6036
AHLHQ,ACCUHEALTH INC,840401,5912
GRKA,GREKA ENERGY CORP,840402,2911
3VZEU,VISUAL EQUITIES INC/NV,840404,6799
FBCV.1,1ST BANCORP IND,840458,6035
BEC,BECKMAN COULTER INC,840467,3826
FCFS,FIRSTCASH HOLDINGS INC,840489,5900
RENL,REN CORP-USA,840491,8090
QSND,QSOUND LABS INC,840518,6794
CLRO,CLEARONE INC,840715,3663
FERT,NU WEST INDUSTRIES INC,840759,2870
3KIDZE,DIRECT CONNECT INTL INC,840815,3944
NETE.,NETEGRITY INC,840824,7372
DKAI,DAKA INTERNATIONAL INC,840826,5812
BTUI,BTU INTERNATIONAL INC,840883,3559
WLPI,WELLINGTON LEISURE PRODUCTS,840887,2200
DRLCQ,DORAL FINANCIAL CORP,840889,9995
ANM.,ANGELES MORTG INVT TR  -CL A,840997,6798
THRA,CHESTER HOLDINGS LTD,841054,5940
OWB,OPPENHEIMER WORLD BOND FD,841057,6726
DDC.2,DOMINION DIAMOND CORP,841071,1400
AMAG.2,ASPEN MARINE GROUP INC,841073,3730
CSA.1,COAST SAVINGS FINANCIAL INC,841074,6035
TAGI,TERMINAL APPLICATIONS GROUP,841075,7373
BIE.1,BIO ELECTRO SYSTEMS  -CL A,841076,3841
MEMOA,MONOCLONAL MEDICAL  -CL A,841112,2835
3SAMIE,UNITED SATELLITE AMER INC,841128,4841
ABTI.,ALPHA BETA TECHNOLOGY INC,841168,2834
TSIN,TSI CORP,841243,8734
3GLOC,GLOBAL OCEAN CARRIERS LTD,841390,4412
RLR,RELIASTAR FINANCIAL CORP,841528,6311
NCBR,NATIONAL COMMUNITY BANK,841534,6020
3CRCE,CROWN RESOURCES CORP,841555,6795
FSII.1,FSI INTL INC,841692,3559
INCC.,INTERNET COMMUNICATNS,841693,5065
GVGC,GRAND VALLEY GAS CO,841709,5172
WRKE,WORK RECOVERY INC,841712,3845
AVCR,ADVACARE INC,841883,6411
DIBK,DIME FINANCIAL CORP/CT,841909,6036
TCA,THERMO CARDIOSYSTEMS,841939,3845
KLOC,KUSHNER LOCKE CO,842009,7812
CGA.1,CORUS GROUP PLC,842021,3312
TECH,BIO-TECHNE CORP,842023,2836
LEA,LEAR CORP,842162,2531
BBVA,BANCO BILBAO VIZCAYA ARGENTA,842180,6020
RPT.1,RPT REALTY,842183,6798
3ABHG,AB HOLDING GROUP INC,842289,9995
EXMCQ,EXCEL MARITIME CARRIERS LTD,842294,4412
TORM,TOR MINERALS INTL INC,842295,2810
ESARC,ESARCO INTERNATIONAL INC,842310,6794
3IBARE,INTERNATIONAL BARRIER CORP,842396,3444
SENVE,SECURITY ENVIRONMENTAL SYS,842399,4955
EVBN,EVANS BANCORP INC,842518,6020
PCCWY,PCCW LTD,842519,4813
TRS,TRIMAS CORP,842633,3460
LYO,LYONDELL CHEMICAL CO,842635,2860
VSTI,VERSUS TECHNOLOGY INC,842638,3669
3FDTR,FEDERAL TRUST CORP,842640,6035
YRK,YORK INTERNATIONAL CORP,842662,3585
BLIS.1,BLISS & LAUGHLIN IND INC,842679,3310
LEGDA,LEGENDS CO OF CHICAGO  -CL A,842681,2320
CNLC,NEW WORLD POWER CORP,842691,3510
WUHN,WUHAN GENERAL GROUP INC,842694,2834
AVMC.1,AVINCI MEDIA CORP,842695,7373
SRCC,SORICON CORP,842696,3577
3LEAKE,LEAK-X ENVIRONMENTAL,842697,8711
PYX.2,PLAYTEX PRODUCTS INC,842699,2670
ANNB.,ANNAPOLIS BANCSHARES INC,842705,6020
BRBS,BLUE RIDGE BANKSHARES INC,842717,6020
TRE.2,TREMONT CORP,842718,3330
EGLOQ,EGLOBE INC,842807,7389
GALV,GALVEST INC,842808,1311
PESC.1,POOL ENERGY SERVICES CO,842815,1389
AGRS,AGRISTAR INC,842888,100
PIA,INVESCO MUNICIPAL PREM INCM,842891,6726
KMM,DEUTSCHE MULTI-MARKET INCOME,842905,6726
KASH,KASH N KARRY FOOD STORES INC,842913,5411
SKYT.,SKYTEL COMMUNICATIONS INC,842915,4812
ENCL,ENCLEAN INC,842916,4950
XMSP,XSTREAM MOBILE SOLUTIONS CP,842919,7372
IBDI,INTERACTIVE BRAND DEV INC,842927,9995
ACCS,ACCESS NEWSWIRE INC,843006,7370
ENT.2,ENTERTAINMENT PUBLISHING CP,843028,2741
YLH,MORGAN STNLY HGH INC ADV III,843063,6726
LHMS,LOEHMANN'S HOLDINGS INC,843081,5621
UFBK,UNITED FED BANCORP INC,843082,6035
7179B,AUTHORIZED DISTRIBUTN NETWRK,843086,7373
3ASIPY,ANANGEL AMER SHIPHLDGS  -ADR,843090,4412
FPT.1,FRANKLIN PRINCIPAL MATURITY,843287,6726
DIIBF,DOREL INDUSTRIES INC,843405,2511
QPDC,QUALITY PRODUCTS INC,843462,3569
ASCBQ,ASCENDIA BRANDS INC,843494,2844
MIDC.1,MIDCONN BK KENSINGTON CT,843495,6036
VIT.1,VAN KAMPEN HIGH INCOME TR,843506,6726
3ATAFZ,AUSTRIA FUND INC,843615,6726
REX.1,REXNORD CORP -OLD,843761,3560
9495B,AMERICAN GVT TERM TR,843766,6726
3IBSCE,IMAGE BUSINESS SYSTEMS CORP,843918,7372
OPSC,OPTICAL SECURITY GROUP,843961,3080
HTLLQ,HEARTLAND PARTNERS  -LP-CL A,843964,6552
CSGI,CONSYGEN INC,844008,3827
3WAVR,WAVERIDER COMMUNICATIONS INC,844053,3663
FRPH,FRP HOLDINGS INC,844059,6513
CTRCQ,CENTRIC BRANDS INC,844143,2300
NWG,NATWEST GROUP PLC,844150,6020
APEX.1,APEX GLOBAL BRANDS INC,844161,6794
NBF.1,NORTHBAY FINANCIAL CORP,844162,6035
MEN,BLACKROCK MUNIENHANCED FUND,844172,6726
WDS,WOODSIDE ENERGY GROUP LTD,844551,1311
NETG.,NETWORK GENERAL CORP,844643,3576
AST.1,AIM STRATEGIC INCOME FUND,844778,6726
EVIS,EVISION INTERNATIONAL INC,844780,7372
DGIX,DYNA GROUP INTERNATIONAL INC,844787,3960
CYUR,CYCLONE URANIUM CORP,844788,1040
USHS,U S HOME SYSTEMS INC,844789,2430
PMM,PUTNAM MANAGED MUNI INCOME,844790,6726
GOTK,GEOTEK COMMUNICATIONS,844843,4812
ARKS,ARCUS INC,844849,4220
HCMC,HEALTHIER CHOICES MNGMT CORP,844856,2111
DHCC,DIAMONDHEAD CASINO CORP,844887,7990
TTI,TETRA TECHNOLOGIES INC/DE,844965,1389
POSC,POSITRON CORP,844985,3845
BORA,ORIGIN ENERGY LTD,845033,4931
TLDT,TELIDENT INC,845047,3661
PIII.,PECO II INC,845072,3612
HNR,HARVEST NATURAL RESOURCES,845289,1311
CHN,CHINA FUND INC,845379,6726
INDR,IMAGING MANAGEMENT ASSOC INC,845401,8071
STCNQ,SA TELECOMMUNICATIONS INC,845414,4813
INFS,INFOCUS CORP,845434,3861
SP.3,SPELLING ENTMT INC  -CL A,845568,7812
3SKYSE,SKY SCIENTIFIC INC,845572,1040
NMTIE,NEUROMEDICAL TECHNLOGIES INC,845605,8093
CXE,MFS HIGH INCOME MUNI TRUST,845606,6726
LGNT,LEGENT CORP,845607,7372
GCV,GABELLI CONV & INCOME SEC FD,845611,6726
3FSNR.,FRANKLIN SELECT REALTY TRUST,845613,6798
AH.Z,ARMOR HOLDINGS INC,845752,3842
3XSCIE,XSIRIUS SUPERCONDUCT  -CL A,845753,8731
ABIX,ABATIX CORP,845779,5047
DRAX.1,DRAXIS HEALTH INC,845802,2834
RRR.1,RENAISSANCE COMMUNICATNS CP,845812,4833
COND,CONDOR SERVICES INC,845815,6331
RADS,RADIANT SYSTEMS INC,845818,7373
BAT.1,BLACKROCK ADVANTAGE TERM TR,845851,6726
AGM,FEDERAL AGRICULTURE MTG CP,845877,6162
3PRBX,PROBEX CORP,845880,2911
SNN,SMITH & NEPHEW PLC,845982,3842
RF.3,RAILROAD FINANCIAL CORP,846007,6035
3MSMD,MOTTS HOLDINGS INC,846340,6331
3MFNF,MFN FINANCIAL CORP,846378,6141
RSND,RESOUND CORP,846463,3842
USBG,USABG CORP,846464,1700
3HUDSE,HUDSON HOTELS CP,846469,7011
IFSB,COLOMBO BANK,846472,6035
ZYXIQ,ZYNEX INC,846475,3845
HCA.1,HCA HOSP CP OF AMER  -CL A,846489,8062
FFOM,FIRSTFED MICH CORP,846492,6035
3PATSE,INTERNATIONAL SUPERCONDUCTOR,846537,6799
ALUHQ,ALLOU HEALTHCARE INC,846538,5122
BNSOF,BONSO ELECTRONICS INTL INC,846546,3590
KSM,DWS STRATEGIC MUN INCM TRUST,846596,6726
ONBK,ONBANCORP INC,846609,6020
CNFO,CREATIVE GAMING INC,846614,5110
JPST.1,JPS INDUSTRIES INC,846615,3060
DCOM,DIME COMMUNITY BANCSHARES,846617,6020
ITHB,ITHACA BANCORP INC,846656,6035
ELJ.1,ELJER INDUSTRIES INC,846657,3430
SCZ.2,SCHWITZER INC,846659,3714
SCT.1,SCOTSMAN INDUSTRIES INC,846660,3585
VLT,INVESCO HIGH INCOME TRUST II,846671,6726
AEF,ABRDN EMERGING MKT EX-CHN FD,846676,6726
HEBC,HERITAGE BANKCORP INC,846677,6035
CSLR.1,CONSULIER ENGINEERING INC,846718,7372
AFWY,AMERICAN FREIGHTWAYS CORP,846729,4213
BDTE,BRENDAN TECHNOLOGIES INC,846732,7371
IROQ.1,IROQUOIS BANCORP INC,846753,6035
FFHP,FIRST HARRISBURG BANCOR INC,846768,6035
SNRS.1,SUNRISE TECHNOLOGY INTL INC,846771,3845
SMRL,SIMTROL INC,846775,7372
PBNB,PEOPLES SAVINGS FINL CORP/CT,846801,6036
UNSL,UNSL FINANCIAL CORP,846807,6036
MADB,MADISON BANCSHARES GROUP LTD,846809,6020
SGNL.2,SIGNAL CORP,846814,6035
CKCRQ,COLLINS & AIKMAN CORP,846815,3714
FCIT.,FIRST CITIZENS FINANCIAL CP,846869,6035
CID.1,CHIEFTAIN INTL INC,846871,1311
CLBC.1,CLUB CAR INC,846872,3790
PRST.1,PRESSTEK INC,846876,3555
PRGJ,VISITEL NETWORK INC,846878,4833
LBAI,LAKELAND BANCORP INC,846901,6020
CPA.1,CARLISLE PLASTICS INC  -CL A,846902,3081
FNFN,FRANKLIN FINANCIAL CORP/TN,846903,6020
ETS.1,ENTERASYS NETWORKS INC,846909,3576
FTEK,FUEL TECH INC,846913,3559
HVFD,HAVERFIELD CORP,846917,6035
SXC.1,ESSEX INTERNATIONAL INC,846919,3350
IBTVA,INTL BROADCAST SYSTEMS -CL A,846923,7822
DQE,DUQUESNE LIGHT HOLDINGS INC,846930,4911
LSBG,LAKE SUNAPEE BANK GROUP,846931,6035
SEVN.1,SEVENSON ENVIRON SVCS,846976,4955
RBNK.1,REGENT BANCSHARES CORP,846979,6020
CSAV.1,CONTINENTAL SVGS AMER A SLA,846980,6035
UXP,UNITED STATES EXPLORATION,847074,1311
FCBK.,FIRST COASTAL BANKSHARES INC,847260,6035
CMM.1,CRIIMI MAE INC,847322,6798
ESX,ESSEX BANCORP INC/DE,847325,6035
NOOF,NEW FRONTIER MEDIA INC,847383,4841
CLWB,CROWN LABORATORIES INC/DE,847385,2090
CXH,MFS INVESTMENT GRADE MUNI TR,847411,6726
LOGO.1,LOGICALOPTIONS INTL INC,847413,7361
RXAF,RX FOR AFRICA INC,847420,7822
NYM.1,NYMAGIC INC,847431,6351
GOAL.1,GOAL SYSTEMS INTL INC,847434,7372
3WSIIQ,WASTE SYSTEMS INTL INC,847468,4953
HEMD,HEMDALE COMMUNICATIONS,847469,7812
DYOLF,DYNAMIC OIL & GAS INC,847535,1311
STAX.1,STELAX INDUSTRIES LTD,847541,3312
IDPIQ,IDENTIPHI INC,847555,7373
UBS.3,U S BIOSCIENCE INC,847562,2834
OIB,INVESCO MUNI INCOME OPP II,847593,6726
CHEM.2,CHEMPOWER INC,847595,4955
BATTF,BATTERY ONE-STOP INC,847619,5990
CHCX,HARBOR BREWING CO INC,847777,2082
MCX.1,MC SHIPPING,847831,4412
3349B,OFFICIAL INFORMATION CO,847841,2741
NGH.2,NABISCO GROUP HOLDINGS CORP,847903,2052
TSPI,TWIN STAR PRODUCTIONS INC,847908,5961
ASCD,ASCONI CORP,847917,2084
3HLTK.,HEALTHTEK INC,847929,3841
CODDQ,CODED COMMUNICATIONS CORP,847931,3663
ALLI,ALLION HEALTHCARE INC,847935,5912
3TSSLE,TSS LTD,848013,7310
PYM,PUTNAM HI YIELD MUNI,848077,6726
UNTYQ,UNITY HEALTHCARE HLDG CO,848092,7363
VTEN,VISION TEN INC,848101,3844
3PXSYE,PHOENIX LASER SYSTEMS INC,848102,3845
VIDI.1,VIDIKRON TECHNOLOGIES GROUP,848135,3651
TLIOQ,TELIOS PHARMACEUTICALS INC,848207,2834
NUOA.1,NUOASIS RESORTS INC,848296,2090
VULC,VULCAN INTL CORP,848446,3060
DAKM,DAKOTA MINING CORP,848448,1040
3CPTX.,COMPTRONIX CORP,848462,3672
MAPX.1,MAPICS INC,848551,7372
AW,ALLIED WASTE INDUSTRIES INC,848865,4953
NRGN,NEUROGEN CORP,849043,2834
AVDO,AVADO BRANDS INC,849101,5812
AACE.,ACE CASH EXPRESS INC,849116,6099
VIG.1,VAN KAMPEN INVT GRADE MUN TR,849135,6726
HGBL,HERITAGE GLOBAL INC,849145,6799
LFVN,LIFEVANTAGE CORP,849146,2834
YES.2,YANKEE ENERGY SYSTEMS INC,849210,4924
3GRFC,GROWTH FINANCIAL CORP,849212,6020
PCL.2,PLUM CREEK TIMBER CO INC,849213,2400
HWK,HAWK CORP,849240,3490
BNGPY,BENETTON GROUP SPA,849314,2330
CFMT,CFM TECHNOLOGIES INC,849323,3559
3SFTHE,SAFETECH INDUSTRIES INC,849343,3089
CPSL.1,GOLF ENTERTAINMENT INC,849354,7990
CRH,CRH PLC,849395,3241
GEN,GEN DIGITAL INC,849399,7372
ADMT,ADM TRONICS UNLIMITED INC/DE,849401,3845
ANST,ANSOFT CORP,849433,7372
LIFC,LIFECELL CORP,849448,3842
UAECA,UNITED ARTISTS ENT  -CL A,849493,4841
RMTR,RAMTRON INTERNATIONAL CORP,849502,3674
8577B,CAPITAL HSG&MTG PRTNRS INC,849537,6798
BBOX,BLACK BOX CORP,849547,7370
RSPI,RESPIRERX PHARMACEUTICALS,849636,2836
3BALJ,BALI JEWELRY LTD,849642,3911
AIPC,AMER ITALIAN PASTA CO  -CL A,849667,2090
STGSC,STRINGS LTD,849682,5940
AFP.1,AFFILIATED PUBNS,849696,2711
AERT.1,ADVANCED ENVIR RECYCL  -CL A,849706,2430
CYTC,CYTYC CORP,849778,3826
PMB.1,PRIME BANCSHARES INC,849803,6035
FRCH,FRENCHTEX INC,849805,5130
VALY,VALLICORP HOLDINGS INC,849865,6020
SLGN,SILGAN HOLDINGS INC,849869,3411
WRTLQ,WEIRTON STEEL CORP,849979,3312
FECOF,FEC RESOURCES INC,849997,1311
NPP,NUVEEN PERFORM PLUS MUNI,849998,6726
GRF,EAGLE CAPITAL GROWTH FUND,850027,6726
BPPTU,BP PRUDHOE BAY ROYALTY TRUST,850033,6792
3NSAI,NSA INTERNATIONAL INC,850036,2834
GRNH,AUTHORISZOR INC,850083,7372
STXL,SPORTS-TECH INTERNATIONAL,850091,7373
HMN,HORACE MANN EDUCATORS CORP,850141,6331
3CFRL,CRI LIQUIDATING REIT INC,850143,6798
3GRVSF,ADVANCED GRAVIS COMPUTER TEC,850208,3577
FL,FOOT LOCKER INC,850209,5661
3ISTFE,INSTAFF INTL INC,850217,9995
CDDT,C-3D DIGITAL INC,850218,4841
AUYMF,AUDREY RESOURCES INC,850219,1000
SRNE,SORRENTO THERAPEUTICS INC,850261,2836
SFD.2,SMITHS FOOD & DRUG  -CL B,850309,5411
3MEEO,MERCOM INC,850315,4841
3HTHEQ,HOUSE2HOME INC,850316,5211
DINE.,MASCOTT CORP,850338,5400
TIBI,IMAGE BANK INC,850341,7389
NWRZ,NEW HORIZONS WORLDWIDE INC,850414,6794
ALII.1,ALLIED CAPITAL CORP II,850426,6726
TG,TREDEGAR CORP,850429,3350
MMGR,MEDICAL MANAGER CORP,850436,3089
WIRE,ENCORE WIRE CORP,850460,3357
PLTK.1,PLASTIC RECYCLING INC,850475,3089
REXLQ,REXHALL INDUSTRIES INC,850476,3716
GTSI,GTSI CORP,850483,5045
FIBI,FIRST INTER-BANCORP INC,850496,6035
SBLUQ,SONICBLUE INC,850519,3576
PLXT,PLX TECHNOLOGY INC,850579,3674
CFFC,COMMUNITY FINANCIAL CORP/VA,850606,6035
FCLX,FIRSTCOM CORP,850629,4813
PNSR,CONTINUUM GROUP INC,850645,3652
THMD,THERMADYNE HOLDINGS CORP,850660,3540
WCTV,WESTCOTT COMMUNICATIONS,850670,4841
AGN.2,ALLERGAN INC,850693,2834
SBH.2,SMITHKLINE BEECHAM (UK) PLC,850695,2834
3DYMO,DYNAMOTION/ATI CORP,850808,3690
V.2,VIVRA INC,850882,8090
CCAR,CCAIR INC,850922,4512
FJHL,FOVEA JEWELRY HOLDINGS LTD,850971,3861
APOD,A PEA IN THE POD INC,851091,5621
BKNG.1,BANKNORTH GROUP INC-OLD,851105,6020
HTR,BROOKFIELD TOTAL RETURN FUND,851169,6726
MCR,MFS CHARTER INCOME TR,851170,6726
SIRCQ,SIRICOMM INC,851199,7370
CGNX,COGNEX CORP,851205,3823
FTFC,FIRST FEDERAL CAPITAL CORP,851207,6035
FDVF,FORTUNE INDUSTRIES INC,851249,8700
SITM.1,SMITH CORONA CORP,851292,3579
HLIT,HARMONIC INC,851310,3663
CULS,COST-U-LESS INC,851368,5331
ETEC.,ETEC SYSTEMS INC,851397,3559
3TNDE,TANKNOLOGY-NDE INTL INC,851476,8734
BMED.1,BEI MEDICAL SYSTEMS CO INC,851478,3845
WOODE,WORLDWIDE FOREST PRODS INC,851479,2400
EXPO,EXPONENT INC,851520,8742
3TTLA,TARANTELLA INC,851560,7372
GIDL,GIDDINGS & LEWIS INC/WI,851588,3540
VNLPY,VERNALIS PLC,851616,2834
OPOAA,OFFICE PROD OF AMER  -CL A,851631,5110
CJFC,CENTRAL JERSEY FINL CORP,851635,6036
ALEN,AUTOLEND GROUP INC,851697,6411
SECA,SECURITY ASSOC INTL INC,851720,7380
SFEG,SANTA FE GOLD CORP,851726,1000
NPTH.1,NEOPATH INC,851729,3845
LSCP,LASERSCOPE,851737,3845
MCBN.,MID-COAST BANCORP INC,851785,6035
SSVC,SECURED SERVICES INC,851943,7373
OPI.1,OGDEN PROJECTS INC,851945,4991
KEN.2,KENDALL INTERNATIONAL INC,851961,3842
MHK,MOHAWK INDUSTRIES INC,851968,2273
GZEA,GZA GEOENVIRONMENTAL TECH IN,852004,8711
AAMC.,AMERICAN ASSET MGMT CORP,852015,6162
PLDS,PRIME TELECOMMUNICATIONS,852124,4813
TLYN,TELYNX INC,852164,7372
ACLB,ALLIED CLINICAL LABS,852187,8071
3SVNG,SEVENTH GENERATION INC,852196,5110
CBG.4,CB RICHARD ELLIS SVCS,852203,6531
HBTC.1,HARBOURTON FINANCIAL CORP,852220,6153
PWEI,PW EAGLE INC,852426,3080
CMCM.1,CM COMMUNICATIONS INC,852448,5065
FNCMQ,FINET.COM INC,852450,6163
STEC.,SERV-TECH INC,852485,7600
GEG.1,GRACE ENERGY CORP,852551,1381
UVIC,UNILENS VISION INC,852564,3851
HQOIA,HQ OFFICE INTL INC  -CL A,852574,5110
3PGMTE,PARAGON MORTGAGE CORP,852615,6162
CNBB.,CNB FLORIDA BANCSHARES INC,852618,6020
BVSI,BRITE VOICE SYSTEMS INC,852637,3661
YTBLQ,YTB INTERNATIONAL INC,852766,4700
DANY,DANDEES ENTERPRISES,852769,2670
DENN,DENNYS CORP,852772,5812
AZR.1,AZTAR CORP,852807,7990
WSPTQ,WESTPOINT STEVENS INC,852952,2390
DHFT,DIAMOND HILL FINL TRENDS FD,852954,6726
TFC.3,MORGAN STANDW MNI INC TR III,852984,6726
SATK.1,SUBSTANCE ABUSE TECH,853017,8071
MFSL,MARYLAND FED BANCORP INC,853020,6035
RPC.2,ROBERTS PHARMACEUTICAL CORP,853022,2834
3HASIE,HEALTH ADVANCEMENT SVCS INC,853074,8071
3DAYR,DAY RUNNER INC,853102,2780
EDIX,ELECTRONIC DESIGNS INC,853258,3674
IJIN,INTERNATIONAL JENSEN INC,853261,3651
MOSX,MOSAIX INC,853266,3661
BORL,BORLAND SOFTWARE CORP,853273,7372
GATW,GATEWAY FED CORP,853275,6035
EMSI,EFFECTIVE MGMT SYSTEMS INC,853372,7372
MMDI,MOMENTUM CORP,853436,5040
PNFI,PINNACLE FINANCIAL SERVICES,853461,6020
PDI.,PUTNAM DIVIDEND INCOME FUND,853474,6726
PRNSQ,PRINS RECYCLING CORP,853529,5090
3TRGP,TRANSIT GROUP INC,853532,4210
9726B,AMTROL INC,853547,3443
APPB.1,APPLEBEES INTL INC,853665,5812
TBUSQ,DRI CORP,853695,3663
3RSII,RSI HOLDINGS INC,853697,7363
3NIIS,NEW IMAGE INDUSTRIES,853706,7373
CMK,MFS INTERMARKET INCOME TR I,853770,6726
LSTR,LANDSTAR SYSTEM INC,853816,4213
FNAT,FIRST NATIONAL ENTERTAINMENT,853832,7812
DECA.1,DECOMA INTL INC  -CL A,853867,3714
AGAA,AG AUTOMOTIVE WHSES  -CL A,853892,5531
VIFS,VILLAGE FINANCIAL SVCS LTD,853935,6036
SMAN,STANDARD MANAGEMENT CORP,853971,9995
XPED,XPEDITE SYSTEMS INC,854009,4822
PBCI,PAMRAPO BANCORP INC,854071,6036
CWP,CABLE & WIRELESS COMM PLC,854088,4813
BONZ.,INTERPORE INTERNATIONAL,854093,3842
ECP.1,CENTRAL NEWSPAPERS  -CL A,854094,2711
CVAL,CHESTER VY BANCORP INC,854098,6020
SLTI,SURGICAL LASER TECH INC,854099,3845
OIF,AMERICAN OPPORTUNITY INCM FD,854125,6726
IATV,ACTV INC,854152,7372
3GDAF,GRANADA FOODS CORP,854153,2013
3GBIB,GRANADA BIOSCIENCES INC,854154,200
IDEV.1,INDEVUS PHARMACEUTICALS INC,854222,2834
3BTBTY,BT SHIPPING LTD  -ADR,854240,4412
MHR.1,MAGNUM HUNTER RESOURCES INC,854271,1311
FFKY,FIRST FINANCIAL SERVICE CORP,854395,6035
XRSC,XRS CORP,854398,7372
PREM.2,PREMIER CMNTY BANKSHARES INC,854399,6020
LDMK,LANDMARK SYSTEM CORP,854418,7372
WWWW.1,WEB.COM INC,854460,7374
ROBC,ROBEC INC,854462,5045
ADRNY,KONINKLIJKE AHOLD DELHAIZE,854499,5411
8103B,ILIO INC,854550,2330
BHQU,BRAKE HEADQUARTERS USA INC,854551,5013
9088B,ELECTRONIC TECHNOLOGY GROUP,854556,9995
GSBC,GREAT SOUTHERN BANCORP,854560,6020
PGF.1,PROGRESSIVE RETURN FUND INC,854580,6726
OOC,OEC COMPRESSION CORP,854661,7359
MAFB,MAF BANCORP INC,854662,6035
FFII,FALLS FINANCIAL INC,854666,6035
ARNX,ARONEX PHARMACEUTICALS INC,854691,2834
QHGI,QUORUM HEALTH GROUP INC,854694,8062
ISSI,INTEGRATED SILICON SOLUTION,854701,3674
DSUPQ,DAYTON SUPERIOR CORP,854709,3440
FIF.1,FINANCIAL FEDERAL CORP,854711,6159
SUPR.1,SUPER RITE CORP,854728,5140
DGII,DIGI INTERNATIONAL INC,854775,3576
TIOG,TINGO GROUP INC,854800,4812
EBP,EMPLOYEE BENEFIT PLANS INC,854807,6321
EMRI,EMRISE CORP,854852,3679
FMI.1,FRANKLIN MULTI-INCOME TR,854856,6726
AJAY,AJAY SPORTS INC,854858,6794
DBCOQ,DOMINION BRIDGE CORP,854859,1600
WMCO,WILLIAMS CONTROLS INC,854860,3714
AMHI,AMERICAN HEALTHCHOICE INC,854862,8011
RLLY.1,RALLYS HAMBURGERS INC,854873,5812
TCR,CORNERSTONE RLTY INCOME TR I,854875,6798
CNW.3,CHICAGO & NO WESTN TRANS CO,854884,4011
CAER,CAERE CORP,854916,7372
NCIS,NETCURRENTS INFO SVCS INC,854937,7370
EILL,ELEGANT ILLUSIONS INC,854941,5944
KNOW.1,KNOWLEDGEWARE INC  -CL A,854992,7372
PGM.1,PUTNAM INVT GRADE MUN TR,855048,6726
SHR.2,SCHERER (R P)/DE,855106,2834
MGXX,MIDGARDXXI INC,855109,3572
3TMSIE,MOVIE SUPERSTORE INC,855110,7841
IBIS,IBIS TECHNOLOGY CORP,855182,9995
FPF.1,FIRST PHILIPPINE FUND INC,855237,6726
NEXT.1,NEXTHEALTH INC,855272,8060
PACG,PACE AMERN GROUP INC,855334,6351
PDKL,PDK LABS INC,855352,2834
HSOA,HOME SOLUTIONS AMERICA INC,855424,7340
BHC.1,BHC COMMUNICATIONS  -CL A,855433,4833
3ANAFE,A & A INTL INDS INC,855569,2020
ASBI,AMERIANA BANCORP,855574,6036
MATTQ,MATTHEWS STUDIO EQUIP GROUP,855575,7819
3SEHGE,SITE HOLDINGS INC,855578,7310
FNXC,FONIX CORP,855585,4899
HS.,HEALTHSOURCE INC,855587,6324
MMICC,MASS MICROSYSTEMS INC,855610,3572
RECPC,RECEPTECH CORP,855611,2834
ZIXI,ZIX CORP,855612,7370
FPBK.,FIRST PATRIOT BANKSHARES CP,855645,6020
IMGN,IMMUNOGEN INC,855654,2836
LSCC,LATTICE SEMICONDUCTOR CORP,855658,3674
JAHI,JORDAN AMERICAN HLDGS INC,855663,6282
MLSS,MILESTONE SCIENTIFIC INC,855683,3843
QOBJ,QUERYOBJECT SYSTEMS CORP,855743,7372
TCFC,COMMUNITY FINANCIAL CORP,855874,6020
SKYF.,SKY FINANCIAL GROUP INC,855876,6020
PDT,HANCOCK J PREMIUM DIV FUND,855886,6726
DSM,BNY MELLON STRG MNPL BD FD,855887,6726
CONS,CONSERVATIVE SAVINGS CORP,855890,6035
SSTI.1,SILICON STORAGE TECHNOLOGY,855906,3674
HENG,HENLEY GROUP INC/DEL,855911,3728
FIBC,FINANCIAL BANCORP INC,855932,6035
3PRCY,PROCYTE CORP,856072,2834
MFV,MFS SPECIAL VALUE TRUST,856128,6726
DAWC,DAWCIN INTERNATIONAL CORP,856130,7389
CLMI,CELLMETRIX INC,856143,3841
ARVXQ,AEROVOX INC,856164,3620
KGHI,KAISER GROUP HOLDINGS INC,856200,1700
TKF,TURKISH INVESTMENT FUND INC,856218,6726
SUMM.,SUMMIT FINANCIAL CORP,856223,6020
NNP,NUVEEN N Y PERFORM PLUS MUN,856226,6726
NCP,NUVEEN CAL PERFORM PLUS MUN,856227,6726
CRFT,CRAFTMADE INTERNATIONAL INC,856250,3640
HHGR,HELIAN HEALTH GROUP INC,856288,8000
GPSAY,GRUPO SIDEK SA DE CV,856364,3312
GEHL,GEHL CO,856386,3531
GI.2,GIANT INDUSTRIES INC,856465,2911
BTZ.1,BERLITZ INTERNATIONAL INC,856529,8200
ENCO,ENCORIUM GROUP INC,856569,8731
NVX.1,NORTH AMERICAN VACCINE INC,856573,2836
ARK.3,ARKLA EXPLORATION CO,856592,1311
MNSI.1,BRAZOS SPORTSWEAR INC,856711,2330
WGR,WESTERN GAS RESOURCES INC,856716,4922
FKFS,FIRST KEYSTONE FINANCIAL INC,856751,6035
WIKD,PETES BREWING CO,856873,2082
3BSURE,BIOSECURE CORP,856979,9995
3PRSME,PRISM GROUP INC,856981,7370
MMSI,MERIT MEDICAL SYSTEMS INC,856982,3841
USAQ,AMER BIOGENETIC SCI  -CL A,856984,2835
GERI,GLOBAL ENERGY RESOURCES INC,856999,8000
PTC,PTC INC,857005,7372
HNSI,HOME NUTRITIONAL SVCS INC,857009,8082
MCF.3,TAURUS MUNI CALIF HLDGS,857066,6726
3IFDCA,INDUSTRIAL FUNDING CP  -CL A,857067,6172
AWCMY,ALUMINA LTD,857071,3330
HQSM,HQ SUSTAINABLE MARITIME IND,857073,2070
MNY.1,TAURUS MUNINEWYORK HLDGS,857099,6726
CRYYQ,CRAY COMPUTER CORP,857101,3571
EDT.1,EDISTO RESOURCES CP,857102,1311
CBMI.,CREATIVE BIOMOLECULES INC,857121,2836
3VRFTE,VITAFORT INTERNATIONAL CP,857139,9995
MOAFQ,MODATECH SYSTEMS INC,857166,7372
CVN.3,C & S SOVRAN CORP,857167,6020
ABLSQ,ABLE LABORATORIES INC,857171,2834
GTK,GTECH HOLDINGS CORP,857323,7370
8632B,CURRAGH INC,857325,1000
MIPS.,MIPS COMPUTER SYSTEMS INC,857327,3576
OMNN,OMNI NUTRACEUTICALS INC,857353,2834
NMA,NUVEEN MUN ADVANTAGE FD INC,857361,6726
KMCI,KMC ENTERPRISES INC,857400,2510
RMO.1,RAMSAY-HMO INC,857404,8011
BKCO,BANKERS CORP,857450,6036
ASFJ,VIRTUALFUND.COM INC,857470,9995
LUXTY,LUXOTTICA GROUP SPA,857471,3851
MUS.1,MARTECH USA INC,857475,4955
SFBC.1,SLADE'S FERRY BANCORP,857499,6020
HDX.1,HADSON ENERGY RESOURCES CP,857503,1311
MMF.1,ACM MANAGED MULTI-MKT TR INC,857540,6726
PULS.,PULSE BANCORP INC,857559,6036
WROC,WICHITA RIVER OIL,857566,1311
CFBX,COMMUNITY FIRST BANKSHARES,857593,6020
AOTI,ADVANCED ORTHOPEDIC TECH INC,857638,3842
3SHROE,SPORTS HEROES INC,857642,5940
TPP.1,TEPPCO PARTNERS  -LP,857644,5171
GFWQZ,PLM EQUIP GROWTH FD V  -LP,857645,7359
HMCI,HOMECORP INC,857667,6035
NEF,SCUDDER NEW EUROPE FUND INC,857690,6726
SEL,SELIGMAN SELECT MUN FD INC,857694,6726
IFLO.1,I-FLOW CORP,857728,3841
ICON.1,ICONIX BRAND GROUP INC,857737,6794
LUKN,LUKENS MEDICAL CORP,857802,3842
WRDP,WORLDPORT COMMUNICATIONS INC,857847,9995
UCB,UNITED COMMUNITY BANKS INC,857855,6020
3IITCE,IITC HOLDINGS LTD,857871,9995
EFIL,ENVIROFIL INC,857887,4953
MFIN.,METRO FINANCIAL CORP,857891,6020
WFI,WINTON FINANCIAL CORP,857907,6036
TALR.1,TALARIAN CORP,857914,7372
ENFY,ENLIGHTIFY INC,857949,2870
JMAR,JMAR TECHNOLOGIES INC,857953,3559
CLDRQ,CALDOR CORP,857954,5331
PPTIQ,PROTEIN POLYMER TECHNOLOGIES,858155,2820
CZR.3,CAESARS ENTERTAINMENT CORP,858339,7990
MPQ,MEREDITH ENTERPRISES INC,858346,6798
3MPRP,MILESTONE PROPERTIES INC,858387,6512
IHG,INTERCONTINENTAL HOTELS GRP,858446,7011
GDM.3,GOLDOME BUFFALO NY,858448,6035
TRCR,TRANSCEND SERVICES INC,858452,8090
GTF.1,AIM EASTERN EUROPE FUND,858461,6726
CTRA,COTERRA ENERGY INC,858470,1311
NRE.1,NATIONAL RE CORP,858473,6331
UTEC,URETHANE TECHNOLOGIES INC,858482,2821
0090A,READERS DIGEST ASSN INC,858558,2731
TROV.1,TROVER SOLUTIONS INC,858629,6411
HAYN,HAYNES INTERNATIONAL INC,858655,3310
MAM.2,MAXXIM MEDICAL INC,858660,3841
GF,NEW GERMANY FUND INC,858706,6726
IRL,NEW IRELAND FUND INC,858707,6726
DVLGQ,DEVLIEG-BULLARD INC,858710,3540
BDTC,BIO-DENTAL TECHNOLOGIES CORP,858752,5047
USLD,USLD COMMUNICATIONS CORP,858764,4813
EMCF,EMCLAIRE FINANCIAL CORP,858800,6020
AVNR,AVANIR PHARMACEUTICALS INC,858803,2834
GBSI.,GWINNET BANCSHARES INC,858862,6035
DERM.1,PENEDERM INC,858876,2834
CSCO,CISCO SYSTEMS INC,858877,3576
UCHM,UNIROYAL CHEMICAL CP,858905,2860
NEWZ.1,NEWSEDGE CORP,858912,7380
COOK.1,CALIFORNIA CULINARY ACADEMY,858915,8200
GSP.3,GROWTH FUND OF SPAIN INC,858998,6726
ADJ.1,AMERN ADJ RT TRM TR INC 1995,859000,6726
CPWR.1,COMPUWARE CORP,859014,7372
MEDS.2,MEDISYS INC,859049,8082
FCBC,FIRST CMNTY BANCSHARES INC,859070,6020
CFSB.,CFSB BANCORP INC(OLD),859083,6036
IC.1,ILLINOIS CENTRAL CORP,859119,4011
IF,ABERDEEN INDONESIA FUND INC,859120,6726
DFG,DELPHI FINANCIAL GROUP INC,859139,6311
AVX.1,AVX CORP,859163,3670
UPBI,UNITED POSTAL BANCORP INC,859168,6036
BYBK,BAY BANCORP INC,859222,6035
PFBC.,PIONEER FED BANCORP INC,859241,6035
DNSQE,DYNASTY CLASSICS CORP,859274,3640
VKNG.,VIKING OFFICE PRODUCTS INC,859303,5961
ILAS,INTL AIRLINE SUPPORT GROUP,859307,5080
LGTO.1,LEGATO SYSTEMS INC,859360,7372
MDGP,MEDGROUP INC,859364,8000
MRX.3,MEDICIS PHARMACEUT CP  -CL A,859368,2834
3BALB,BARRINGER LABORATORIES INC,859463,8734
TRIDQ,TRIDENT MICROSYSTEMS INC,859475,3674
FH.1,FOUNDATION HEALTH CORP,859493,6324
CKH,SEACOR HOLDINGS INC,859598,4412
TNSB,TNSB GROUP INC,859621,3620
PBIO.,PERSEPTIVE BIOSYSTEMS INC,859640,3826
SBRD.,SEABOARD OIL CO,859734,1311
GBURQ,GARDENBURGER INC,859735,2030
HOLX,HOLOGIC INC,859737,3844
OPMZ,1PM INDUSTRIES INC,859747,2834
3DLRTE,DOLLAR TIME GROUP INC,859791,5331
SLTZ,SOLAR THIN FILMS INC,859792,3674
JOF,JAPAN SMALL CAP FUND INC,859796,6726
MRGN,MERGENCE CORP,859915,7372
3PNDRQ,PONDER INDUSTRIES INC,859917,7359
DKTH,DAKOTAH INC,859944,2390
3JGFI,JAKARTA GROWTH FUND INC,860076,6726
VRC,VARCO INTERNATIONAL INC,860097,3533
LAUR.,LAUREL BANCORP INC,860106,6035
DRE.NX,DRESDNER RCM EUROPE FD INC,860127,6726
NMO,NUVEEN MUN MKT OPPORTNTY FD,860188,6726
RIVL,RIVAL CO,860194,3634
TMOSQ,TEAM AMERICA CORP,860235,8721
FIBK,FIRST INTERSTATE BANCSYSTEM,860413,6020
APSI.,APS HOLDING CORP  -CL A,860420,5013
VNTA,VENTANA GLOBAL INC,860427,5065
BIOI.,BIOSOURCE INTERNATIONAL INC,860451,2835
CEE,CENTRAL AND ESTRN EUR FD INC,860489,6726
EF.1,BLACKROCK EUROPE FUND INC,860510,6726
ITEX,ITEX CORP,860518,7389
SAVB,SAVANNAH BANCORP INC,860519,6020
CIP.2,CIPSCO INC,860520,4931
MRL.2,MARINE DRILLING CO INC,860521,1381
CDP,COPT DEFENSE PROPERTIES,860546,6798
WCHI,WORKINGMENS CAP HLDGS INC,860600,6035
HLN.3,HOLNAM INC,860602,3241
DOMZ,DOMINGUEZ SERVICES CORP,860673,4941
SNY.1,SNYDER OIL CORP,860713,1311
HCA,HCA HEALTHCARE INC,860730,8062
TYL,TYLER TECHNOLOGIES INC,860731,7373
FRF.1,FRANCE GROWTH FUND INC,860743,6726
KMPR,KEMPER CORP/DE,860748,6331
ASPXQ,AUSPEX SYSTEMS INC,860749,3576
HINF,HEALTHINFUSION INC,860983,8082
BLDA10,BUILDERS EXPRESS INC  -CL A,861041,5211
PMSV,PHARMACY MANAGEMENT SVCS,861049,6411
CKNN,CASH SYSTEMS INC,861050,6099
OIC.1,INVESCO MUNI INCOME OPP III,861069,6726
SEAB.,SEABOARD BANCORP/VA,861095,6035
AEF.2,ALLIANCE GLOBAL ENVIRON FD,861100,6726
3WALO,WAHLCO ENVIRONMENTAL SYSTEMS,861184,3444
IMC.3,INVESCO VALUE MUNI BD TR,861185,6726
AALR,ADVANCED LOGIC RESEARCH INC,861289,3571
SULL,SULLIVAN DENTAL PRODUCTS INC,861290,5047
SYLN,SYLVAN INC,861291,100
BEAV,B/E AEROSPACE INC,861361,2531
LGE,LG&E ENERGY CORP,861388,4931
STOR.,STOR FURNISHINGS INTL,861393,5712
OTBC,ON THE BORDER CAFES INC,861419,5812
3PCNIQ,PHYSICIAN COMPUTER NETWK INC,861438,7370
AMI.1,AMERICAN MEDICAL HOLDINGS,861439,8062
GVA,GRANITE CONSTRUCTION INC,861459,1600
ESBB,ESB BANCORP INC,861460,6036
CBC.2,CENTURA BANKS INC,861461,6020
JSB.,JSB FINANCIAL INC -OLD,861499,6035
HFSF,HOME FEDERAL FINANCIAL CORP,861625,6035
PYOC,PYROCAP INTERNATIONAL CORP,861631,2890
NEV.2,NUEVO ENERGY CO,861819,1311
ACGN,ACERAGEN INC,861838,2836
CATY,CATHAY GENERAL BANCORP,861842,6020
TF.1,THAI CAPITAL FUND INC,861865,6726
LVCI.,LASER VISION CENTERS INC,861875,7350
TGU.,TEMPLETON GLOBAL UTILS INC,861876,6726
SRCL,STERICYCLE INC,861878,4955
RS,RELIANCE INC,861884,5051
IWSI,INTEGRATED WASTE SVCS INC,861888,1700
VODK,MOUNTAINTOP CORP,861896,2080
IGLI,IG LABORATORIES INC,861992,8071
GFCO,GLENWAY FINANCIAL CORP,861997,6035
OWWH,OW OFFICE WAREHOUSE INC,862003,5110
HGTXU,HUGOTON ROYALTY TRUST,862022,6792
VCFC,VIRGINIA COMMONWEALTH FINL,862077,6020
OFP,OFFSHORE PIPELINES INC,862078,1623
CPRX.1,COMPSCRIPT INC,862147,5912
BUNM,EV ENVIRONMENTAL INC,862148,3580
USES,U S ENVIRONMENTAL SOLUTIONS,862150,4213
RNHDA,REINHOLD INDUSTRIES  -CL A,862255,3760
NCO,NUVEEN CA MUN MKT OPP FD INC,862313,6726
CHC.5,CHILES OFFSHORE CORP,862316,1381
VPEI,VANTAGE POINT ENERGY INC,862323,1311
NNO.1,NUVEEN NY MUN MKT OPP FD INC,862338,6726
3PARRE.,BULLET SPORTS INTL INC,862371,3949
LAWR.1,CMS/DATA CORP,862420,7373
ACA.4,ARCADIAN CORP,862450,2870
KSWS,K-SWISS INC  -CL A,862480,3140
FLER,FLEER CORP,862486,2741
TRH,TRANSATLANTIC HOLDINGS INC,862510,6331
SABR.1,SABER SOFTWARE CORP,862564,7372
LAQ,ABERDEEN LATIN AMER EQTY FD,862599,6726
ESMC,ESCALON MEDICAL CORP,862668,3845
CCEL,CRYO-CELL INTERNATIONAL INC,862692,8090
VTRA.,VECTRA BANKING CORP,862695,6020
NQM,NUVEEN INVT QUALITY MUN FD,862716,6726
ISSS.,INTEGRATED SILICON SYS INC,862803,7372
SQF,SELIGMAN QUALITY MUN FD INC,862813,6726
FISI,FINANCIAL INSTITUTIONS INC,862831,6020
SKYM,SKYMALL INC,862841,5961
ALTS,ALT5 SIGMA CORP,862861,6200
CTPEQ,CELLULAR TEL ENTERPRISES INC,862885,4812
BPC.4,BRADMAR PETROLEUM CORP,862913,1311
SWRT,SOFTWARE ARTISTRY INC,862928,7372
ISLE.1,ISLE OF CAPRI CASINOS INC,863015,7990
INFB,INTERFIRST BANKCORP INC,863022,6035
OPIX,ODYSSEY PICTURES CORP,863061,7822
RIO,RIO TINTO GROUP,863064,1000
ARTNA,ARTESIAN RESOURCES  -CL A,863110,4941
MGPR,M G PRODUCTS INC,863111,3640
AUTDA,AUTO DEPOT INC  -CL A,863112,5531
PETM,PETSMART INC,863157,5990
3RGNXE,REGENEX INC,863187,2890
NSCC,NSC CORP,863210,4955
DIV.2,HANCOCK J PATRIOT SELECT DIV,863328,6726
SMFC,SHO-ME FINANCIAL CORP,863370,6035
TRNZ,TRINZIC CORP,863371,7372
BHE,BENCHMARK ELECTRONICS INC,863436,3672
HCT.1,HECTOR COMMUNICATIONS CORP,863437,4813
BAR.2,BANNER AEROSPACE INC,863445,5080
WTSLQ,WET SEAL INC,863456,5621
SBRG,SANTA BARBARA RESTAURANT GRP,863483,5812
OSII.1,ORTHOPEDIC SERVICES INC,863516,8093
NSB.1,NORTHEAST FEDERAL CORP,863517,6035
SOS.,SUNDOWNER OFFSHORE SVCS INC,863527,1389
SWFT.1,SWIFT TRANSPORTATION CO INC,863557,4213
CTMCY,TELEFONICA CHILE SA,863614,4813
ADAM.1,A D A M INC,863650,7372
AMPG.,AMERIPAGE INC,863658,5961
CGCP.1,CARDIOGENESIS CORP,863680,3845
NTME,NETMED INC,863739,8731
3SPLEE,SPORTS/LEISURE INC,863745,2330
3ENVG,ENVIROGEN INC,863815,4955
AERN,AER ENERGY RESOURCES INC,863872,6794
ACO.1,ACORDIA INC,863881,6411
EECPQ,ENVIRONMENTAL ELEMENTS CORP,863893,3564
VERU,VERU INC,863894,2834
TMRK.1,TRIMARK HOLDINGS INC,863896,7822
MXE,MEXICO EQUITY & INCOME FUND,863900,6726
EWF,EUROPEAN WARRANT FUND INC,863903,6726
ADDDF.1,ALIAS RESEARCH INC,863928,7372
3NEXL,NEXELL THERAPEUTICS INC,864009,3841
RIOC,ROYAL INTL OPTICAL INC,864010,5990
CHUX,O'CHARLEY'S INC,864233,5812
SYPR,SYPRIS SOLUTIONS INC,864240,3714
SWWI,SIMON WORLDWIDE INC,864264,9995
BDY,BRADLEY PHARMACEUTICL  -CL A,864268,2834
FTMTQ,FANTOM TECHNOLOGIES INC,864300,3630
BJS.1,BJ SERVICES CO,864328,1389
PSL.2,PUB STRG PPTYS X  -SER A,864337,6798
SGF,ABERDEEN SINGAPORE FUND INC,864415,6726
SOFIE,SOLAR FINANCIAL SERVICES INC,864421,5500
3APHRE,AMERICAN PHARMACEUTICAL CO,864494,5122
MOC,COMMAND SECURITY CORP,864509,7381
CSCD,CASCADE MICROTECH INC,864559,3825
MDCD,MERIDIAN DATA INC,864568,7372
OHIFE,OHIO RESOURCES CORP,864699,1311
MECA.,MECA SOFTWARE INC,864704,7372
FPNQ,FIRST PACIFIC NETWORKS INC,864739,3661
TRMB,TRIMBLE INC,864749,3829
UXC,UNOCAL EXPLORATION CORP,864758,1311
PAM.3,PAMIDA HOLDINGS CORP,864760,5331
SGHL.1,SENTIGEN HOLDING CORP,864890,2836
CRES,CRESTMONT FINANCIAL CORP,864901,6035
VSNA,VISIONAMERICA INC,864902,8011
BMTI.1,BIRD MEDICAL TECHNOLOGIES,864903,3842
LUNR.1,LUNAR CORPORATION,864906,3845
JUNP.1,JUNIPER GROUP INC,864921,1731
XPRS,EXPRESS CASH INTL CORP,864926,5900
TCK.2,THERMO ECOTEK CORP,864960,4991
MURXF,INTL MUREX TECH CORP,864964,2835
3HCTVE,HEALTH CLUB TELEVISION NTWRK,864966,4833
VENS,VENTURE STORES INC,864968,5331
NSEC,NATIONAL SEC GROUP INC,865058,6331
BIOW,BIOMEDICAL WASTE SYSTEMS INC,865059,4955
FHCI,FUTURE HEALTHCARE INC,865072,8731
OHP,OXFORD HEALTH PLANS INC,865084,6324
RHS.1,REGENCY HEALTH SERVICES INC,865120,8051
CFED.1,CHARTER FSB BANCORP INC,865160,6035
EASL,EASEL CORP,865203,7372
CEGE,CELL GENESYS INC,865231,2836
CHCCQ,COMMUNITY HEALTH COMPUTING,865263,7373
ISL,ABERDEEN ISRAEL FUND INC,865277,6726
3ATCA,ATC II INC,865286,9995
ADEP,ADEPT TECHNOLOGY INC,865415,3560
GOG,GERRITY OIL & GAS CORP,865431,1311
WFM,WHOLE FOODS MARKET INC,865436,5411
HRY,HALLWOOD REALTY PTNRS  -LP,865439,6512
TESC,TESCORP INC,865457,4841
GBGLF,GREAT BASIN GOLD LTD,865492,1040
MEF,EMERGING MEXICO FUND,865531,6726
3BPXS,BIO-PLEXUS INC,865532,3841
THQIQ,THQ INC,865570,7372
MDEN,MEDENTA CORPORATION,865629,2835
MNST,MONSTER BEVERAGE CORP,865752,2086
DEMO,BURST.COM INC,865753,7372
SHS,SAUER-DANFOSS INC,865754,3590
RMHIQ,ROCKY MOUNTAIN HELICOPTERS,865766,4522
MONF,MONACO FINANCE INC  -CL A,865830,6153
VITL.1,VITAL SIGNS INC,865846,3841
3BUMME,B U M INTERNATIONAL INC,865886,2300
CACB,CASCADE BANCORP,865911,6020
VSNT.1,VERSANT CORP,865917,7372
CGIP,CELADON GROUP INC,865941,4213
JSBK,JOHNSTOWN SVGS BANK FSB/PA,865981,6035
PLM,POLYMET MINING CORP,866028,1000
0147A,LESLIES POOLMART,866048,5990
CNAF,COMMERCIAL NATL FINL CP/PA,866054,6020
FSEI,FIRST SEISMIC CORP,866088,1382
JEQ,ABRDN JAPAN EQUITY FUND INC,866095,6726
OA,ORBITAL ATK INC,866121,3480
TMX.,TELMEX-TELEFONOS DE MEXICO,866213,4813
ACFL,AMC FINANCIAL INC,866253,6162
TKCR,TAKECARE INC,866255,6324
MTRX,MATRIX SERVICE CO,866273,1623
ENG.1,DESTEC ENERGY INC,866282,4991
LROD,LIGHTNING ROD SOFTWARE INC,866283,7372
ALGM,ALLEGRO MICROSYSTEMS INC,866291,3674
BDJ.2,AMERN ADJ RT TRM TR INC 1996,866335,6726
PSB,PS BUSINESS PARKS,866368,6798
FLEX,FLEX LTD,866374,3672
LONDY,LONDON INTERNATIONAL GROUP,866385,3060
IDWK,INTL DISPLAYWORKS INC,866415,3679
FAD.1,FRNKLN ADV RE INC FD  -SER A,866456,6798
RTPRQ,RETAIL PRO INC,866535,7372
IOGPQ,ION GEOPHYSICAL CORP,866609,1382
WWTRQ,WESTERN WATER CO,866671,6795
ESE,ESCO TECHNOLOGIES INC,866706,3825
3ACQGE,ACQUA GROUP INC,866712,3585
3542B,GRANT GEOPHYSICAL INC,866722,1382
SCHL,SCHOLASTIC CORP,866729,2731
AW.1,AMERICAN WASTE SVCS  -CL A,866730,4953
SDMC10,STANDARD MINING CORP,866732,1040
BSMLQ,BSML INC,866734,3843
BPIE,BPI PACKAGING TECHNOLOGIES,866751,2673
VERD,VERDANT BRANDS INC,866752,2870
AZO,AUTOZONE INC,866787,5531
NEOZ,NEOZYME CORP,866817,2835
HLX,HELIX ENERGY SOLUTIONS GROUP,866829,1389
ENTN,ENTORIAN TECHNOLOGIES INC,866830,3571
3NMDW,NATIONAL MEDICAL WASTE INC,866917,4955
NSIX10,NEUROMEDICAL SYSTEMS INC,866933,8071
LSCG,LIGHTING SCIENCE GROUP CORP,866970,3674
NWTH,NETWORTH INC,866983,3576
MERQ.1,MERCURY INTERACTIVE CORP,867058,7372
PHSV,PHYSICIANS HEALTH SVC  -CL A,867098,6324
CYRX.,CYRIX CORP,867105,3674
FBII,FIRST BANCORP IND INC - OLD,867170,6035
CRNT.,CARENETWORK INC,867188,6324
WCG.,WILLIS CORROON GROUP PLC,867200,6411
BCHE.,BIOCHEM PHARMA INC,867202,2835
RBSI,REGENCY BANCSHARES INC,867238,6035
STEL.,STELLENT INC,867347,7372
BOYR,OLD YORK ROAD BANCORP INC,867351,6020
EFII,ELECTRONICS FOR IMAGING INC,867374,3577
MGLG,EASTWIND GROUP INC,867408,2732
3CGMI.,CAPITAL GAMING INTL INC,867443,7990
OUTL,OUTLOOK GROUP CORP,867490,2750
INCB,INDIANA COMMUNITY BANCORP,867493,6035
BRC.2,BAROID CORP,867516,2890
ABMIQ,AMERICAN BIOMED INC,867572,3841
TENB.1,TENNESSEE BANCORP INC,867662,6020
AXAS,ABRAXAS PETROLEUM CORP/NV,867665,1311
MK.1,MONK AUSTIN INC,867685,5150
AWSRQ,AMERICA WEST RESOURCES INC,867687,1220
PCFC,PIONEER COMMERCIAL FUNDING,867713,6163
SPWRQ,SUNPOWER CORP,867773,3690
POCI,PRECISION OPTICS CORP INC,867840,3845
ITDS.,INTL TELECOMM DATA SYSTM INC,867889,8721
NSBI,N S BANCORP INC,867905,6036
ARTHF,ARETHUSA (OFF-SHORE) LTD,867941,1381
UAHC,UNITED AMERICAN HEALTHCARE,867963,3841
JAKO,JAKO INC,867964,3612
TCGI,CLASSICA GROUP INC,868075,3550
ECGO,AMERICAN ECO CORP,868076,7600
UIRT,UTD INVESTORS REALTY TRUST,868196,6798
ALLA,ALLIED CAPITAL ADVISERS INC,868207,6282
NVI,NATIONAL VISION INC,868263,5990
VIFL,FOOD TECHNOLOGY SERVICE INC,868267,7389
PMTT,PAMET SYSTEMS INC,868268,7373
SVBI,SEVERN BANCORP INC,868271,6035
PRPH,PROPHASE LABS INC,868278,2834
TRKN.,TRIKON TECHNOLOGIES INC,868326,3559
ROCM,ROCHESTER MEDICAL CORP,868368,3841
VSNX,VISIONICS CORP,868373,3577
NQC,NUVEEN CA INVT QUAL MUN FD,868440,6726
NQN,NUVEEN NY INVT QUAL MUN FD,868449,6726
ASBK,ASPEN BANCSHARES INC,868453,6020
SUTMQ,SUN-TIMES MEDIA GROUP INC,868512,2711
PDF,HANCOCK J PATRIOT PREM DIV,868549,6726
MGNL,MAGNA BANCORP INC,868568,6035
EZS,E-Z SERVE CORP,868575,5500
TPC.4,TPC CORP  -CL A,868576,5172
PFD,FLAHERTY & CRUMRINE PFD INCM,868578,6726
SONC.1,SONIC CORP,868611,5812
ILDCY,LAND DEVELOPMENT OF NIMRODI,868612,2711
RHH,ROBERTSON CECO CORP,868635,3448
3407B,EMERALD CAPITAL HOLDINGS INC,868667,6411
GBCI,GLACIER BANCORP INC,868671,6020
TU,TELUS CORP,868675,4812
3URLPZ,UNITED REALTY GROUP  -LP,868686,6512
RTKHQ,RENTECH INC,868725,2400
COV.1,CONVEST ENERGY CORP/TX,868738,1311
3ITEQ,ITEQ INC,868755,3443
ETNLQ,INTL TESTING SERVICES INC,868756,8734
DORM,DORMAN PRODUCTS INC,868780,3714
3BROKZ,BLACKROCK STRATEGIC TERM TR,868784,6726
LNCT,LANCIT MEDIA ENTMT LTD,868796,7812
3WCIIQ,WINSTAR COMMUNICATIONS,868797,4813
XTO,XTO ENERGY INC,868809,1311
PSK.1,PUB STRG PPTYS IX,868811,6798
GOGY,RX MEDICAL SERVICES CORP,868825,8062
ACM,AECOM,868857,8711
JWLR,WHITEHALL JEWELLERS INC,868984,5944
PBNI,PEOPLES BANCORP AUBURN IN,869004,6035
BNDT,LAIDLAW GLOBAL CORP,869026,6211
MVK,MAVERICK TUBE CORP,869087,3317
PTMLY,PALMER TUBE MILLS LTD  -ADR,869102,3317
SPM.3,SAGA PETROLEUM A/S,869177,1311
3DIAM,DIAGNOSTIC IMAGING SVCS INC,869267,8071
CDDJ,CREDIT DEPOT CORPORATION,869276,6162
HSE,HS RESOURCES INC,869295,1311
TMR,MERIDIAN RESOURCE CORP,869369,1311
PSJ.,PUB STRG PPTYS VIII  -SER A,869403,6798
NQI,NUVEEN QUALITY MUNI FD INC,869405,6726
3BHFCE,BEVERLY HILLS FAN CO,869420,3634
EVMD,EVEREST MEDICAL CORP,869426,3845
BRI.3,BERKSHIRE REALTY CO INC,869446,6798
HRMIE,HEALTH RISK MANAGEMENT INC,869486,6411
TBACQ,TANDY BRANDS ACCESSORIES INC,869487,2300
DWOG,DEEP WELL OIL & GAS INC,869495,1311
CELT.1,CELTIC INVESTMENT INC,869497,6153
ACVC,ACTIVE VOICE CORP,869554,3661
RCCC.1,RURAL CELLULAR CORP  -CL A,869561,4812
SPSS,SPSS INC,869570,7372
CALQE,CALIFORNIA QUARTZ INC,869622,8200
ABKR,ANCHOR BANCORP INC/NY,869623,6035
PSP.2,PUB STRG PPTYS XIV  -SER A,869624,6798
AMT.1,ACME-CLEVELAND CORP,869676,3661
PSN.2,PUB STRG PPTYS XII  -SER A,869795,6798
PSV.1,PUB STRG PPTYS XVII  -SER A,869805,6798
QUAL.1,QUALITY SEMICONDUCTOR INC,869886,3674
CYII,CYCOMM INTERNATIONAL INC,869979,3571
API.1,ADVANCED PHOTONIX INC  -CL A,869986,3674
9572B,HEMLO GOLD MINES INC,870011,1040
PSU.1,PUB STRG PPTYS XVI  -SER A,870179,6798
3FSACF,FORMOSA RESOURCES CORP,870203,1000
RHE.1,RHI ENTERTAINMENT INC-OLD,870211,7812
3BRLGQ,BURLINGTON INDUSTRIES INC,870213,2200
DIGSQ,SOFTLOCK.COM INC,870227,7370
SYBRQ,SYNERGY BRANDS INC,870228,5140
MRLTZ,MYM LIQUIDATING TRUST,870246,6798
FTSW,QUALIX GROUP INC,870345,7372
BNF,BNF BANCORP INC,870382,6035
FONFE,FONIC INC,870383,3651
CARO,CAROLINA FINANCIAL CORP,870385,6020
ICIS,ICIS MANAGEMENT GROUP INC,870394,5013
FPRY,FIRST FINL BANCORP INC/FL,870461,6035
IFS.,INSIGNIA FINANCIAL GRP -CL A,870480,6531
PSQ.1,PUB STRG PPTYS XV  -SER A,870499,6798
FMAR.,FIRST FED ENTERPRISES INC,870501,6035
KRB,MBNA CORP,870517,6020
PSZ,PUB STRG PPTYS XX,870541,6798
DEER.1,DEERBANK CORP,870571,6035
PSB.1,PS BUSINESS PARK INC  -SER A,870576,6798
PSH.1,PUB STRG PPTYS VII  -SER A,870577,6798
PYB.,PARTNER PREF YIELD II  -CL A,870739,6798
NMRX,NUMEREX CORP  -CL A,870753,7370
3CYGN,CYGNUS INC,870755,2835
NEGI,NATIONAL ENERGY GROUP,870756,1311
3DAHI,DEPRENYL ANIMAL HEALTH INC,870758,2834
SZ,WORLDWIDE RESTAURANT CONCEPT,870760,5812
CCIL,CELLULAR COMMUNICATIONS INTL,870762,4812
BDMI,BDM INTERNATIONAL INC,870763,7373
COMMA,CELLULAR COMMUN INC  -CL A,870764,6799
NQJ,NUVEEN N J INVT QUAL MUN FD,870778,6726
NQF,NUVEEN FLA INVT QUAL MUN FD,870779,6726
NQP,NUVEEN PA QUAL MUN INCM FD,870780,6726
PL.4,PINELANDS INC,870822,4833
PYA.,PTRNS PREF YIELD INC  -CL A,870825,6798
IMBIQ,LEGACY IMBDS INC,870826,5961
PYC.2,PTRNS PREF YIELD III  -CL A,870871,6798
PSY.1,PUBLIC STOR PROP XIX  -CL A,870905,6798
DKBC,DAKOTA BANCORP INC,870920,6035
FFWM.1,FIRST FINL CORP WESTERN MD,870992,6035
CTRX.1,CELTRIX PHARMACEUTICALS,871395,2834
UFG.1,UNDERWRITERS FINANCIAL GP,871424,6411
INCL.,INCONTROL INC,871629,3845
MAN,MANPOWERGROUP,871763,7363
GRPS,OMEGA ENVIRONMENTAL INC,871826,1700
CGF.,CARR-GOTTSTEIN FOODS CO,871891,5411
KCN.1,INTERNATIONAL COLIN ENERGY,871981,1311
NQS,NUVEEN SELECT QUAL MUN FD,872064,6726
AXT.1,AMERICAN MUN TERM TR INC,872086,6726
LTT,LIBERTY TERM TR INC - 1999,872168,6726
3SEIS,SEISMED INSTRUMENTS INC/MN,872201,3845
CITY,AVALON CORRECTIONAL SVCS INC,872202,8744
PQUEQ,PETROQUEST ENERGY INC,872248,1311
CMFH,COMMUNITY FINANCIAL HLDG CP,872401,6020
3BVETE,BALLISTIVET INC,872440,3841
CTZN.1,CITFED BANCORP INC,872441,6035
ATML,ATMEL CORP,872448,3674
MMGI,MEDICAL MARKETING GROUP INC,872457,7370
ASZ.1,AMSCO INTERNATIONAL INC,872463,3842
8231B,NENDELS CORPORATION,872473,6794
NQCI,NATIONAL QUALITY CARE INC,872544,9995
3FRRG,FURRS RESTAURANT GRP  -CL A,872548,5812
LVEN.,LAS VEGAS ENTERTAINMNT NTWK,872588,8741
REGN,REGENERON PHARMACEUTICALS,872589,2834
9673B,BLACKROCK 1998 TERM TR INC,872604,6726
IVRO,INVITRO INTL,872610,2835
VH.1,VALUE HEALTH INC,872653,6324
CRGN.,CRAGIN FINANCIAL CORP,872802,6035
WL,WILMINGTON TRUST CORP,872821,6020
ESBF,ESB FINANCIAL CORP,872835,6036
SSPY.1,SPORT SUPPLY GROUP INC-OLD,872855,5961
LXEI,LXE INC,872865,3576
CRCL.1,CIRCLE FINANCIAL CORP,872866,6036
CHEZQ,SUPREMA SPECIALTIES INC,872867,2020
3EFAX,EFAX.COM INC,872901,7373
DCTH,DELCATH SYSTEMS INC,872912,3841
BMRQ,BENCHMARQ MICROELECTRONICS,872918,3674
APSN,APPLIED NEUROSOLUTIONS INC,872947,2836
RSYS,RADISYS CORP,873044,3577
FUSE.1,FUISZ TECHNOLOGIES LTD,873064,2834
NSCF,NORTHSTAR COMPUTER FORMS INC,873082,2761
XPLX,XYPLEX INC,873087,3576
SPTS.,SPORTS MEDIA INC,873105,2741
3ICGI.,INTL CANINE GENETICS INC,873166,2835
APVS,APPLIED VISUAL SCIENCES INC,873198,7373
IMTI10,IMAGYN MEDICAL TECHNOLOGIES,873209,3841
WAVO,WAVO CORP,873287,7370
SRPT,SAREPTA THERAPEUTICS INC,873303,2836
CEPH,CEPHALON INC,873364,2834
NVUE,NVIEW CORP,873371,3861
QHRI,QUANTUM HEALTH RESOURCES INC,873393,8082
KOKO.1,CENTRAL INDIANA BANCORP,873397,6035
MRET,MERIT HOLDING CORP,873398,6020
SCGN,SCIGENICS INC,873457,2836
NABC.1,NAB ASSET CORP,873458,6162
CENF.1,CENFED FINANCIAL CORP,873459,6035
DUR.1,DURACELL INTERNATIONAL,873482,3690
OPEN.3,OPEN SOLUTIONS INC,873538,7372
AISX,APPLIED IMMUNE SCIENCES/DE,873565,3826
CHPM.1,CHIPCOM CORP,873567,3576
VSLC,VSI LIQUIDATION CORP,873571,9995
3OESIE,OESI POWER CORPORATION,873573,4991
MEDI.1,MEDIMMUNE INC,873591,2836
ROSS.1,ROSS SYSTEMS INC,873594,7372
TSSTQ,TESSERACT GROUP INC,873601,8200
XLTC,EXCEL TECHNOLOGY INC,873603,3690
MDV.1,MEDEVA PLC,873613,2834
VGR.1,VIGORO CORP,873728,2870
SDG.1,SOFAMOR/DANEK GROUP INC,873730,3842
IMULZ,IMMULOGIC PHARMACEUTICAL CP,873731,2834
PRO.EC,PROFESSIONAL DENTAL TECH INC,873753,3843
ONIT,ONITY GROUP INC,873860,6162
ADPVQ,ADAPTIVE SOLUTIONS INC,873952,3576
3TCHPE,TELECHIPS CORP,873979,3661
ILI.1,INTERLOTT TECHNOLOGIES INC,873998,3580
IONS,IONIS PHARMACEUTICALS INC,874015,2836
JNY,JONES GROUP INC,874016,2330
LPWR.,LASER POWER CORP,874019,3827
3SMCS,STAR MULTI CARE SERVICES,874038,8082
SOTA,STATE OF THE ART INC,874097,7372
NVC,NUVEEN CA SELECT QTY MUN FD,874142,6726
NVN,NUVEEN N Y SELECT QTY MUN FD,874143,6726
HLO.,HI-LO AUTOMOTIVE INC,874188,5531
WCLX,WISCONSIN CENTRAL TRANSPORTN,874213,4011
ANN,ANN INC,874214,5621
STRL,STERLING INFRASTRUCTURE INC,874238,1700
ASI.2,AUTOMATED SECURITY HLDGS PLC,874240,7380
GLYC.1,GLYCOMED INC,874248,2834
MEDX.1,MEDAREX INC,874255,2836
WTXT,WHEATLEY TXT CORP,874258,3561
TAVA,TAVA TECHNOLOGIES INC,874263,7373
NCRX,NEIGHBORCARE INC,874265,5912
FTCFQ,FRUEHAUF TRAILER CORP,874268,3715
AEYGQ,ADDVANTAGE TECHNOLOGIES GP,874292,5065
ICOS,ICOS CORP,874294,2834
MQ.,QUAL-MED INC/DE,874315,6324
OPEN.2,OPENROUTE NETWORKS INC,874316,3576
3CNSI,CAMBRIDGE NEUROSCIENCE INC,874384,2834
RAGS,RAG SHOPS INC,874385,5945
ADLI,AMERICAN MEDICAL TECHNOL INC,874388,3845
AETCQ,APPLIED EXTRUSION TECH,874389,3081
3RJLEF,RIGEL ENERGY CORP,874392,1311
LCUT,LIFETIME BRANDS INC,874396,3420
PLSE.1,PULSE ENGINEERING INC,874441,3677
GNLB,GENELABS TECHNOLOGIES INC,874443,2834
CPCO.,COMPUTER PETROLEUM CORP,874445,7370
JFBC,JEFFERSONVILLE BANCORP,874495,6020
GPOR,GULFPORT ENERGY CORP,874499,1311
OSG,OCTAVE SPECIALTY GROUP INC,874501,6351
NQU,NUVEEN QUAL INCM MUN FD INC,874506,6726
3USHO,U S HOMECARE CORP,874507,8082
TNOLF,TECHNOPRISES LTD,874516,3690
OSI.1,OUTDOOR SYSTEMS INC,874534,7310
RCOQF,QUALITY DINO ENTERTNMT LTD,874666,3652
3AUDSE,AUDIOSCIENCE INC,874688,3842
ICST,INTEGRATED CIRCUIT SYSTEMS,874689,3674
SNTV,SUN TV & APPLIANCES INC,874690,5731
OSI.4,OSI RESTAURANT PARTNERS INC,874691,5812
AHPIQ,ALLIED HEALTHCARE PRODS INC,874710,3842
IDXX,IDEXX LABS INC,874716,2835
MEDW,MEDIWARE INFORMATION SYSTEMS,874733,7373
OSTE,OSTEOTECH INC,874734,8090
AFFC,AMERIFED FINANCIAL CORP,874735,6035
MCRN.1,MICRONICS COMPUTERS INC,874737,3672
CLWY,CALLOWAY'S NURSERY INC,874759,5200
AES,AES CORP (THE),874761,4991
HIG,HARTFORD INSURANCE GROUP INC,874766,6331
VBR.1,VARSITY BRANDS INC,874786,2330
3MICEE,MICEL CORP,874788,3825
ABDN,AMERICAN BIODYNE INC,874790,8093
3SRRG,SUNRISE ENERGY SERVICES INC,874792,1311
ELF.1,ELF AQUITAINE SA,874807,2911
MRV.1,MARVEL ENTERTAINMENT GROUP,874808,2750
PSUNQ,PACIFIC SUNWEAR CALIF INC,874841,5651
CORR.1,COR THERAPEUTICS INC,874865,2834
CRVL,CORVEL CORP,874866,6411
FNOW,FUTURE NOW INC,874868,5045
BERT,BERTUCCIS INC,874971,5812
STFC,STATE AUTO FINANCIAL CORP,874977,6331
APTV.1,ADVANCED PROMOTION TECH INC,874979,7310
REM.2,REMINGTON OIL&GAS CP  -CL B,874992,1311
NDRE,NAHDREE GROUP LTD,875043,2330
3VIRO,VIROGROUP INC,875044,8711
BIIB,BIOGEN INC,875045,2836
GTII.,GENETIC THERAPY INC,875046,2836
HHI910,HOME HOLDINGS INC  -CL A,875090,6211
AFMXF,AFFYMAX NV,875133,2836
XL.1,XL GROUP LTD,875159,6351
SSPE.,SOFTWARE SPECTRUM INC,875173,5045
3SUBS,MIAMI SUBS CORP,875174,5812
JF,JUNDT GROWTH FUND INC,875190,6726
SUMC.,SUMMIT CARE CORP,875192,8051
CATH.1,CATHERINES STORES CORP,875194,5621
3AVIT.,AVITAR INC  -OLD,875196,3842
LPAD,LAPOLLA INDUSTRIES INC,875296,2821
3TCSI,TCSI CORP,875315,7372
TKN.1,THERMOTREX CORP,875316,8731
VRTX,VERTEX PHARMACEUTICALS INC,875320,2836
ASV.2,AG SERVICES OF AMERICA,875354,5190
LDWY,LENDWAY INC,875355,6159
KOLL,KOLL MANAGEMENT SERVICES INC,875356,6531
BOKF,BOK FINANCIAL CORP,875357,6020
MLIN,MICRO LINEAR CORP,875359,3674
ASIC.2,ACCESS SOLUTIONS INTL INC,875385,3572
BSMTQ,FILENES BASEMENT CORP,875404,5651
3ITAT,ITEC ATTRACTIONS INC,875428,5812
PWRH,POWERHOUSE TECHNOLOGIES INC,875459,7990
BSRF,BIOSURFACE TECHNOLOGY INC,875475,2836
RELF,RELIFE INC  -CL A,875491,8060
3LSVI,LITTLE SWITZERLAND INC,875523,5944
0572B,SPECIAL DEVICES INC,875525,3714
CDJ,AMERN ADJ RT TRM TR INC 1997,875530,6726
PSFT.,PEOPLESOFT INC,875570,7372
CNDY,CANDYS TORTILLA FACTORY INC,875580,2090
NTIC,NORTHERN TECH INTL,875582,2890
PHCI.,PROVIDENCE HEALTH CARE INC,875615,8051
SBRNQ,SANBORN INC,875617,3569
MERSQ,MERIS LABORATORIES INC,875620,8071
BSTC,BIOSPECIFICS TECHNOLOGIES CP,875622,2834
ULBI,ULTRALIFE CORP,875657,3690
AGRI.,AGRIDYNE TECHNOLOGIES INC,875710,2870
LPAC,LASER-PACIFIC MEDIA CORP,875738,7819
GMIS,GMIS INC,875742,7372
SMF.1,SMART & FINAL INC,875751,5411
STHKQ,STARTECH ENVIRONMENTAL CORP,875762,3559
SPKKY,SPARK NEW ZEALAND LTD,875809,4812
LDSD,LEADINGSIDE INC,875942,7372
OWLD,ONEWORLD SYSTEMS INC,875983,3661
FNBC.1,FRANKLIN BANCORPORATION INC,875986,6020
UCTN,CTN MEDIA GROUP INC,876013,4833
WSTE.1,TRANSAMERICAN WASTE INDS INC,876032,4953
CONT,CONTINENTAL WASTE INDS INC,876035,4953
MDWV,MEDWAVE INC,876043,3841
ESSIE,ECO SOIL SYSTEMS INC,876103,3523
9298B,REDIFY GROUP INC,876134,7372
PRGS,PROGRESS SOFTWARE CORP,876167,7372
DFIB,CARDIAC SCIENCE INC,876188,3845
OPTQ,OCEAN OPTIQUE DISTRIBUTORS,876235,5040
MON.3,MONEY STORE INC,876297,6162
FPP.,FISHER-PRICE INC,876317,3944
PTEL.,POWERTEL INC,876318,4812
ABTXQ,AGRIBIOTECH INC,876320,5190
LCTX,LINEAGE CELL THERAPEUTICS IN,876343,2836
ADA.1,AMERIDATA TECHNOLOGIES INC,876346,5045
ASXC,ASENSUS SURGICAL INC,876378,3841
STIM.1,STIMSONITE CORP,876400,3827
MNRO,MONRO INC,876427,7500
STMX,SYSTEMIX INC,876428,8731
LSKI,LIUSKI INTERNATIONAL INC,876429,5045
MTG,MGIC INVESTMENT CORP/WI,876437,6351
SISK,SISKON GOLD CORP  -CL A,876459,1040
ARIOQ,AMERIRESOURCE TECHNLGIES INC,876490,8700
BAY.3,BAY NETWORKS INC,876516,3576
EZPW,EZCORP INC  -CL A,876523,5900
PRCN,PERCON INC,876573,3577
PCHM,PHARMCHEM INC,876645,8071
7543B,GRI CORP,876687,5961
MHI.3,MARINE HARVEST INTL INC,876688,200
FCO,ABRDN GLOBAL INCOME FUND INC,876717,6726
IGHC,INTERGROUP HEALTHCARE CORP,876718,6324
YSII,YOUTH SERVICES INTL INC,876726,8300
MGIC,MAGIC SOFTWARE ENTERPRISES,876779,7372
BPCGY,BANCO COMERCIAL PORTUGUES SA,876842,6020
STGW,STAGWELL INC,876883,7311
3WNMP,WESTWOOD CORP,876884,3621
GYMM,HEALTHTECH INTERNATIONAL INC,876889,7990
FFDB,FIRSTFED BANCORP INC,876947,6020
TRED,TREADCO INC,876948,5010
TCNL,TECNOL MEDICAL PRODUCTS INC,876968,3842
IQT,INVESCO QUALITY MUNI INVSTMT,876982,6726
SUBM,SUBMICRON SYSTEMS CORP,877210,3559
ZBRA,ZEBRA TECHNOLOGIES CP  -CL A,877212,3577
VANS,VANS INC,877273,3021
RTEX,RAILTEX INC,877326,4011
3ANML.,AMERICAN MUN TERM TR INC II,877346,6726
LFGRQ,LANDAMERICA FINANCIAL GP,877355,6361
3MBLYA,MOBLEY ENVIRNMTL SVCS  -CL A,877356,4953
SEPR,SEPRACOR INC,877357,2834
BMN.1,BLACKROCK MUN TARGET TRM TR,877358,6726
OSB,NORBORD INC,877365,2400
3AUSTE,AUSTINS INTL INC,877406,5812
UFBI,UF BANCORP INC,877412,6035
SPTN,SPARTANNASH CO,877422,5141
VQC,VAN KAMPEN CALIF QUALITY MUN,877461,6726
VKQ,INVESCO MUNICIPAL TRUST,877463,6726
VNM.1,VAN KAMPEN NY QUALITY MUN TR,877467,6726
ASGR,AMERICA SERVICE GROUP INC,877476,8090
3MNML,MINNESOTA MUN TERM TR INC,877533,6726
3WTCO,WTC INDUSTRIES INC,877542,3580
TSCC,TECHNOLOGY SOLUTIONS CO,877645,7370
VOQ,INVESCO VAN KAMPEN OHIO QTY,877649,6726
VFM,VAN KAMPEN FL QUALITY MUN TR,877701,6726
VPQ.Z,VAN KAMP AM CAP PA QUAL MUN,877703,6726
CLL,CELLTECH GROUP PLC,877799,2834
ESBK,ELMIRA SVGS BANK ELMIRA/NY,877808,6035
CNIT.,CENIT BANCORP INC,877834,6035
NHI,NATIONAL HEALTH INVESTORS,877860,6798
FCVG,FIRSTFED NORTHN KY BANCORP,877867,6035
CTXS,CITRIX SYSTEMS INC,877890,7372
NTEC.1,NEOSE TECHNOLOGIES INC,877902,2833
CGRM,CENTIGRAM COMMUNICATIONS CP,877908,3661
HOLO.1,HOLOPAK TECHNOLOGIES,877928,2670
ANRG.1,ANERGEN INC,877929,2836
MXP.,MESA INC,877930,1311
VRCC,VERTICAL COMMUNICATIONS INC,877931,7372
3XLCC,XEROGRAPHIC LASER IMAGES CP,877937,3674
RET.Z,PRICE REIT INC,878031,6798
BONTQ,BON-TON STORES INC,878079,5311
CEXP.,CORPORATE EXPRESS INC,878130,5961
NUP,NUVEEN PA QUALITY INC MUN FD,878179,6726
NUJ.1,NUVEEN NJ QUALITY INC MUN FD,878181,6726
MPRS,MICROPROSE INC,878197,7372
NUM,NUVEEN MICH QUAL MUN INCM,878198,6726
NUO,NUVEEN OH QUAL MUN INCM FD,878200,6726
NTX,NUVEEN TEX QL MUN INCM FD,878201,6726
HBRK.,HARMONY BROOK INC,878208,5960
MSLD,MASLAND CORP,878211,2273
3HCISQ,HEALTHCARE INTEGRATED SVCS,878230,8071
NIO.1,NUVEEN MUNI OPPORTUNITY FD,878242,6726
HAHO,HARMONY HOLDINGS INC,878246,7812
SFPI.,SALTON INC,878280,3634
SKO.1,SHOPKO STORES INC,878314,5331
GND,GRAND CASINOS INC,878321,7990
PAGE,PAGING NETWORK INC,878324,4812
TPH.1,CENTRAL TRANSPORT RENTAL PLC,878350,7510
AF.1,ARGENTINA FUND INC,878351,6726
TUTS,TUT SYSTEMS INC,878436,3661
3GOTH,GOTHIC ENERGY CORP,878482,1311
BARZ.,BARRA INC,878483,7370
TGB,TASEKO MINES LTD,878518,1000
SWS,SWS GROUP INC,878520,6211
LANTF,LANNET DATA COMMUNICATIONS,878521,3576
STEI,STEWART ENTERPRISES  -CL A,878522,7200
NTUS,NATUS MEDICAL INC,878526,3845
PLSIQ,PREMIER LASER SYSTEMS  -CL A,878543,3845
DM.4,DAMES & MOORE GROUP,878549,8711
HOEN,HOENIG GROUP INC,878551,6211
BGII.,BALLY GAMING INTL INC,878552,3990
PSTI.,PER-SE TECHNOLOGIES INC,878556,8741
CAA,CALATLANTIC GROUP INC,878560,1531
HYSW,HYPERION SOFTWARE CORP,878594,7372
BDRM,BODY DRAMA INC,878611,2340
CSYS,CLEARSTORY SYSTEMS INC,878612,7372
EROX,HUMAN PHEROMONE SCIENCES INC,878616,2844
IN.3,INTEGON CORP/DE,878660,6331
FSCC.1,F & C BANCSHARES INC,878671,6035
FAOOQ,FAO INC,878720,5600
EMBX.1,EMBREX INC,878725,3841
TUEMQ,TUESDAY MORNING CORP,878726,5331
FNSC.1,FINANCIAL SEC CORP/DE,878730,6035
FNLYQ,FINLAY ENTERPRISES INC,878731,5944
HCR.1,MANOR CARE INC,878736,8051
PLMD,POLYMEDICA CORP,878748,5961
AMOAQ,AMERICAN MORTGAGE ACCEPTANCE,878774,6798
3DATQE,DATEQ INFORMATION NETWORK,878775,6411
WTT,WIRELESS TELECOM GROUP INC,878828,3663
3BNTL,BENTLEY INTERNATIONAL INC,878838,7320
3JCGI,CRAIG (JENNY) INC,878865,7200
AMZ,AMERICAN MEDICAL SECURITY GP,878897,6324
9983B,KOO KOO ROO INC,878901,5812
SYNI,SYNVISTA THERAPEUTICS INC,878903,2834
ODFL,OLD DOMINION FREIGHT,878927,4213
MSF,MORGAN STAN EMERGING MKTS FD,878929,6726
ASP,AMERN STRATEGIC INCM PTF INC,878930,6726
EQS,EQUUS TOTAL RETURN INC,878932,6797
BARE.1,BAREFOOT INC,878944,700
3TNRGE,TIANRONG BLDG MATL HLDGS LTD,878945,4813
SUNL.1,SUNRISE INTL LEASING CORP,879022,7377
PNUT,JIMBOS JUMBOS INC,879027,2060
GNCR.,GENCARE HEALTH SYSTEMS INC,879028,6324
LBCI,LIBERTY BANCORP INC/DE,879041,6035
NUSA.1,NAMIC USA CORP,879044,3841
SMMT.,SUMMIT BANCORP INC/WA,879096,6036
KIM,KIMCO REALTY CORP,879101,6798
GC.3,GRANCARE INC,879102,8051
AIMM,AUTOIMMUNE INC,879106,2836
INFN.2,INDEPENDENT FINL NETWORK INC,879116,6020
GDYS,GOODYS FAMILY CLOTHING INC,879123,5651
BELL,BELL BANCORP INC,879130,6035
SHVA,SHIVA CORP,879136,3576
INCY,INCYTE CORP,879169,2836
3AHOM,AMERICAN HOMEPATIENT INC,879181,8082
MDIX.,MEDICAL DIAGNOSTICS INC,879205,8071
CFPI,CALIFORNIA STYLE PALMS INC,879206,5900
ACAM.1,AUTOCAM CORP,879235,3714
SG.3,GOLDWYN (SAMUEL) CO,879254,7812
HPFS,HEALTH PROFESSIONALS INC,879257,8011
ICOR.1,ISOCOR,879283,7372
LRST,LASERSIGHT INC,879301,3845
NMSCA,NUTRITION MGMT SVCS  -CL A,879303,5812
BTV.1,BET HOLDINGS INC  -CL A,879306,4833
BGO.1,BEMA GOLD CORP,879338,1040
9047B,EPIGEN INC,879354,2835
CSTM.,GLOBAL MOTORSPORT GROUP INC,879360,5013
MYD,BLACKROCK MUNIYIELD FUND INC,879361,6726
ARWR,ARROWHEAD PHARMACEUTICAL INC,879407,2836
SVFO,SILVERADO FOODS INC,879425,2052
IUSA.1,INFOGROUP INC,879437,7374
DYNE,DYNTEK INC,879465,7373
HMBQ,HAMBURGER HAMLET RESTR INC,879501,5812
MDLD,MIDLAND FINANCIAL GROUP INC,879522,6331
WNC,WABASH NATIONAL CORP,879526,3715
HIBNY,HIBERNIA FOODS PLC  -ADR,879529,2024
PCIS.,PCI SERVICES INC,879534,7389
DTF,DTF TAX-FREE IN 2028 T F INC,879535,6726
BWI,BIOWHITTAKER INC,879550,2835
CHKR.1,CHECKERS DRIVE-IN RESTAURANT,879554,5812
MSDX,MASON-DIXON BANCSHARES INC,879558,6020
CYCL.1,CENTENNIAL COMMUN CP  -CL A,879573,4812
TNH,TERRA NITROGEN CO  -LP,879575,2870
ATNI,ATN INTERNATIONAL INC,879585,4812
MPB,MID PENN BANCORP INC,879635,6020
ECNCF.1,EL CONDOR RESOURCES LTD,879667,1040
AAC.2,ARCADIA FINANCIAL LTD,879674,6153
VIVE,VIVEVE MEDICAL INC,879682,3845
INOW,INFONOW CORP,879684,7372
UWST,UNITED WASTE SYSTEMS INC,879688,4953
PBOX,PAYBOX CORP,879703,7370
GTSXQ,GOLF TRAINING SYSTEMS INC,879712,3949
TTE,TOTALENERGIES SE,879764,2911
INFO.2,INFORMATION AMERICA INC,879772,7370
FBPC,FIRST FINL BANCSHARES POLK,879784,6035
ARIS.1,ARI NETWORK SERVICES INC,879796,7370
IVBK,INTERVISUAL BOOKS INC  -CL A,879813,2731
NUN,NUVEEN NY QLTY INCM MUN FD,879819,6726
NUC,NUVEEN CA QLTY INCM MUN FD,879826,6726
TTES,T-3 ENERGY SERVICES INC,879884,3533
EDFY.1,EDIFY CORP,879898,7372
AERG,APPLIED ENERGETICS INC,879911,3600
IPS.2,IPSCO INC,879933,3312
CMDCQ,CAREMATRIX CORP,879969,8300
VTK.1,VITALINK PHARMACY SVCS INC,879970,5912
AMBS.,AMITY BANCSHARES INC,879984,6035
ACX.1,ARGUSS COMMUNICATIONS INC,879986,1731
DUSA.1,DUSA PHARMACEUTICALS INC,879993,2834
0154A,INSURANCE AUTO AUCTIONS INC,880026,5010
3THCX,HOCKEY CO,880036,3949
JCDS,INTERNATURAL WTRS & BEVERAGE,880039,5140
EDMCQ,EDUCATION MANAGEMENT CORP,880059,8200
4994B,BELDEN & BLAKE CORP,880114,1311
CWEI,CLAYTON WILLIAMS ENERGY INC,880115,1311
JBSS,SANFILIPPO JOHN B&SON,880117,2060
PMRX.,PHARMACEUTICAL MARKETING SVC,880119,7370
GNCI.,GENERAL NUTRITION COS  -CL A,880120,5400
ARAM,ARAMED INC,880122,2834
IMT,INVESCO VALUE MUNICIPAL TR,880161,6726
WPIN,WASTE PROCESSOR INDS INC,880162,4210
SG.2,SCIENTIFIC GAMES HLDGS CORP,880174,2750
PSMI,PEREGRINE SEMICONDUCTOR CORP,880177,3674
SBSE,SBS TECHNOLOGIES INC,880208,3577
ITPOF,INTERTAPE POLYMER GROUP INC,880224,2670
CAYN,CAYENNE SOFTWARE INC,880229,7372
3UTPM,UTOPIA MARKETING INC,880241,3140
BLGO,BIOLARGO INC,880242,2860
BTRNQ,BIOTRANSPLANT INC,880259,2836
AGCO,AGCO CORP,880266,3523
SHP.1,STOP & SHOP COS,880267,5411
BNA,BLACKROCK INCOME OPP TR,880280,6726
EEP,ENBRIDGE ENERGY PRTNRS  -LP,880285,4610
3TMAVA,TREMONT ADVISERS INC  -CL A,880320,6282
DRTE,DENDRITE INTERNATIONAL INC,880321,7372
CPU,COMPUSA INC,880323,5734
HERZ,HERZFELD CREDIT INCM FND INC,880406,6726
AMBR.1,AMBAR INC,880414,2810
OBTLY,ORBITAL CORP LTD,880419,3510
FSH.2,FISHER SCIENTIFIC INTL INC,880430,5040
GENR,GENAERA CORP,880431,2836
MSON,MISONIX INC,880432,3841
JSKO,JANSKO INC,880433,2522
VTSS,VITESSE SEMICONDUCTOR CORP,880446,3674
CRLS,CHRYSALIS INTL CORP,880456,8734
HYDN,VERTEL CORP,880458,7372
PERFQ,PERFUMANIA HOLDINGS INC,880460,5990
ENQ.1,AMERICAN MEDIA INC  -CL A,880555,2721
DAEG,DAEGIS INC,880562,7370
3MVNAE,METROVISION OF NORTH AMERICA,880581,5122
VIEW.,VIEWLOGIC SYSTEMS INC,880594,7372
INFM.,INFORUM INC,880601,7372
WT,WISDOMTREE INC,880631,6282
GNTAQ,GENTA INC,880643,2836
0061A,DECRANE AIRCRAFT HLDGS INC,880765,3728
SCLN,SCICLONE PHARMACEUTICALS LLC,880771,2834
PGI,PREMIERE GLOBAL SERVICES INC,880804,4899
AMSC,AMERICAN SUPERCONDUCTOR CP,880807,3621
AMRS.,AMERICAN RESIDENTIAL HLDG CP,880837,6162
NIF,NUVEEN PREMIER MUNI OPPY FD,880843,6726
NPF,NUVEEN PREMIER MUN INCM FD,880845,6726
SEMX.,SEMX CORP,880858,3460
SYQTQ,SYQUEST TECHNOLOGY INC,880865,3572
3PPOIE,PINPOINT RETAIL SOLUTIONS,880867,3578
3HRMY.,HARMONY PRODUCTS INC,880882,2870
VGM,INVESCO TRUST FOR INV GR MUN,880892,6726
VIM,INVESCO VAN KAMPEN TR VL MN,880893,6726
BFRSQ,BEN FRANKLIN RETAIL STORES,880928,5090
SGL,STRATEGIC GLOBAL INCM FD INC,880943,6726
PHIP,PROVIDENTIAL CORP,880956,6162
IAGHX,INVESCO ADV GLBL HLTH SCI FD,880968,6722
ACFN,ACORN ENERGY INC,880984,3812
ATREQ,APPLETREE COMPANIES INC,881106,2030
3NARLE,NORTH AMERICAN RECYCLING SYS,881165,4953
DFCO.1,DESTRON FEARING CORP,881283,3663
KIF,KOREAN INVESTMENT FUND INC,881304,6726
SFSB,SUBURBFED FINANCIAL CORP,881397,6035
3PHYCQ,PHYCOR INC,881400,8011
ECA.1,ELECTROCOM AUTOMATION INC,881404,3579
OCAD,ORCAD INC,881411,7372
HTT.1,HYPERION 1999 TERM TR INC,881413,6726
MENJ,MENLEY & JAMES INC,881462,2834
AMLN,AMYLIN PHARMACEUTICALS INC,881464,2834
SPLT,SPATIALIGHT INC,881468,8731
MRG.2,MARGARETTEN FINANCIAL CORP,881469,6162
DDJ,AMERN ADJ RT TRM TR INC 1998,881471,6726
PSFC.,PLAINS SPIRIT FINANCIAL CORP,881513,6035
VVUSQ,VIVUS INC,881524,2834
MRNTY.1,MERANT PLC,881581,7372
ADSI.1,AMERICAN DISPOSAL SVCS INC,881655,4953
PMTI,PALOMAR MED TECHNOLOGIES INC,881695,3845
NEXQ,NEXIQ TECHNOLOGIES INC,881771,3829
CRT,CROSS TIMBERS ROYALTY TRUST,881787,6792
HFFC,HF FINANCIAL CORP,881790,6020
USFC.1,USF CORP,881791,4213
SPHX,SPHINX PHARMACEUTICALS CORP,881793,2835
CLNI,CLINICORP INC,881808,8000
VARS,VARSITY SPIRIT CORP,881887,2330
EFS.1,ENHANCE FINANCIAL SVCS GRP,881889,6351
ABAX,ABAXIS INC,881890,3845
AADV,ADVANTAGE BANCORP,881892,6035
OTRX,OTR EXPRESS INC,881895,4213
URGI,UNITED RETAIL GROUP INC,881905,5621
PETS.,PET PRODUCTS INC,881915,2040
SHED,SMT HEALTH SERVICES INC,881917,8071
LODG,SHOLODGE INC,881924,1520
PFO,FLAHERTY & CRUMR PFD INCM OP,882071,6726
RESB,RELIABLE FINANCIAL CORP,882072,6036
PNOI,PANACO INC,882074,1311
CUMB.1,CUMBERLAND TECHNOLOGIES INC,882087,6351
GILD,GILEAD SCIENCES INC,882095,2836
DURA.1,DURA PHARMACEUTICALS INC,882098,2834
RDCR,RADIATION CARE INC/DE,882099,8093
CVAS.,CORVAS INTERNATIONAL INC,882100,2836
PDLI,PDL BIOPHARMA INC,882104,2836
MYN,BLACKROCK MUNIYLD NY QLTY FD,882150,6726
MYM,BLACKROCK MUNIYLD MI QLTY II,882151,6726
MYC,BLACKROCK MUNIYIELD CALIF FD,882152,6726
MYF,BLACKROCK MUNIYIELD INV FUND,882153,6726
POWR.1,POWERSECURE INTL INC,882154,4991
DAWKQ,DAW TECHNOLOGIES INC,882159,1540
FILM.,INTELEFILM CORP,882160,7372
DHI,D R HORTON INC,882184,1531
MATX.1,MATRIX PHARMACEUTICAL INC,882194,2834
HKYIF,CANSTAR SPORTS INC,882208,3949
LNCR,LINCARE HOLDINGS INC,882235,8090
TGET,TARGET THERAPEUTICS INC,882238,3841
CTKI,CHEMTRAK INC,882242,2835
HFBS,HERITAGE FED BANCSHARES INC,882246,6035
UNVX,UNIVAX BIOLOGICS INC,882254,2836
BTRY.1,BUTTREY FOOD & DRUG STORES,882256,5411
ECSC.,ECOSCIENCE CORP/DE,882259,100
NAC.2,NORTH AMERICAN MTG CO,882261,6162
AKSEF,ARAKIS ENERGY CORP,882264,1311
3MHCA,MARINER HEALTH CARE INC,882287,8051
3274B,APRIA HEALTHCARE GROUP INC,882289,3841
AEMD,AETHLON MEDICAL INC,882291,3841
ALBK,ALBANK FINANCIAL CORP,882293,6035
SBI,WESTERN ASSET INTERM MUNI FD,882300,6726
ACCS.1,ACCESS HEALTH INC,882304,8090
FRAM,FRAME TECHNOLOGY CORP/CA,882321,7372
AIH.1,AMERICAN INCOME HOLDING INC,882322,6311
EFMC,E FOR M CORP,882323,5040
BMT,BLACKROCK INSD MUN TM TR INC,882346,6726
APTOF,APTOSE BIOSCIENCES INC,882361,2836
PRLN,PARACELSIAN INC,882362,2835
DPGE,DIAL PAGE INC,882363,4812
STAT,I-STAT CORP,882365,3845
HSOG,HOME STAKE OIL & GAS CO,882378,1311
MNB,MINNESOTA MUN TERM TR INC II,882386,6726
CLIN.,CLINICOM INC,882387,3577
IPEC.1,INTEGRATED PROCESS EQ,882389,3559
MCM.1,CONTROLADORA COMERCIAL MEX,882390,5399
CXT.1,AMERICAN MUN TERM TR INC III,882418,6726
OCLR.,OCULAR SCIENCES INC,882484,3851
BCBHF,CARIBBEAN INVESTMENT HOLDING,882505,6020
QUIK,QUICKLOGIC CORP,882508,3674
IMMP.1,IMMTECH PHARMACEUTICALS INC,882509,2836
LTCH.,LITCHFIELD FINANCIAL CORP,882515,6162
CTORF,CREATOR CAPITAL LTD,882537,7372
3MIDI,MIDISOFT CORP,882692,7372
THCIQ,THC HOMECARE INC,882707,5122
PAY.1,SPS TRANSACTION SERVICES INC,882741,7389
BCRX,BIOCRYST PHARMACEUTICALS INC,882796,2836
PACK.1,GIBRALTAR PACKAGING GROUP,882830,2650
ROP,ROPER TECHNOLOGIES INC,882835,7370
BNCM,VITAL LIVING PRODUCTS INC,882838,3580
EVRG.1,EVERGREEN INFO TECHNOLOGIES,882852,7370
MGNB,MAHONING NATIONAL BANCORP,882859,6020
PFX.1,PILGRIM CAPITAL CORP,882860,6282
ULGX,UROLOGIX INC,882873,3845
APEY,APOLLO EYE GROUP INC,882970,8000
MXWF,PRIMELINK SYSTEMS INC,882991,1700
AMST.,AMERICAN STUDIOS INC,883032,7200
AIRG.1,AIRTECH INTERNATIONAL GROUP,883041,3564
BISYQ,BIOSYS INC,883076,2870
SLSN,SOLESENCE INC,883107,2810
ALPS.1,ALLEGIANT PHYSICIAN SERVICES,883168,8011
FUS,FIRST USA INC,883172,6141
DSGIF,DSG INTERNATIONAL LTD,883230,2670
3CZNL.,CITIZENS NATIONAL CORP,883231,6020
VRTS,VIRTUS INVESTMENT PTNRS INC,883237,6282
SNPS,SYNOPSYS INC,883241,7372
CDSW,CEDARA SOFTWARE CORP,883261,7372
VTN,INVESCO TRUST FOR INV GR NY,883265,6726
VIC,VAN KAMPEN TR INVT GRADE CA,883266,6726
VTP.1,VAN KAMPEN AM CAP TR INVT PA,883267,6726
VTF,VAN KAMPEN TR INVT FLA MUN,883268,6726
VTJ,INVESCO VAN KAMPEN GRADE NJ,883269,6726
VCI,VALASSIS COMMUNICATIONS INC,883293,7310
ACRO.1,ACRODYNE COMMUNICATIONS INC,883296,3663
PAPA.,BACK BAY RESTAURANT GRP INC,883299,5812
PCOL,PROTOCOL SYSTEMS INC,883322,3845
PRVLQ,PROVELL INC  -CL A,883324,5961
OPTS,OPTA FOOD INGREDIENTS INC,883326,2090
SIGB,SIGNATURE BRANDS USA INC,883327,3634
HRTT.,HEART TECHNOLOGY INC,883330,3845
BQT,BLACKROCK INVT QLTY TERM TR,883368,6726
FMOR,FIRST MORTGAGE CORP/CA,883369,6162
MYI,BLACKROCK MUNYLD QLTY FD III,883412,6726
ESON,ENDOSONICS CORP,883420,3845
CSNT,CRESCENT BANKING CO,883476,6020
GWSV,GLACIER WATER SERVICES,883505,5960
PTET,PLATINUM ENTERTAINMENT INC,883558,3652
FOSL,FOSSIL GROUP INC,883569,3873
BSG.Z,BISYS GROUP INC,883587,6200
NXP,NUVEEN SLCT TX FR INCM PTL,883618,6726
CLTX.,CELLCOR INC,883640,2836
STAR.1,LONE STAR STEAKHOUSE SALOON,883670,5812
EAGL.,EAGLE HARDWARE & GARDEN INC,883683,5211
RGBOQ,REGEN BIOLOGICS INC,883697,2836
3FNVG,FINOVA GROUP INC,883701,6159
AMIIQ,ACME METALS INC,883702,3312
SHLR,SCHULER HOMES INC  -CL A,883705,1531
3TEMDE,TELMED INC,883719,8082
PPMD,PROTIDE PHARMACEUTICALS INC,883720,2836
3ZMBA,ZAMBA CORP,883741,7370
CNBF,CNB FINANCIAL CORP/NY,883756,6020
TCCC,3CI COMPLETE COMPLIANCE CORP,883787,4955
ICII,IMPERIAL CREDIT INDS INC,883811,6162
CHMD.,CHRONIMED INC,883813,5912
GSTY,GREEN ST. ENERGY INC,883842,9995
DMK.2,DIMARK INC,883899,7311
FUBC.,1ST UTD BANCORP,883900,6020
CNR.5,CORNERSTNE BULDNG BRNDS INC,883902,3448
XIRC,XIRCOM INC,883905,3576
CRTCF,CURRENT TECHNOLOGY CORP,883907,3663
NESFE,INTL NESMONT INDUSTRIAL CORP,883908,3330
BZL,BRAZILIAN EQUITY FUND INC,883925,6726
CBKCQ,CHRISTOPHER & BANKS CORP,883943,5621
KSQR,KENDALL SQUARE RESH CORP/DE,883944,3571
USAK,USA TRUCK INC,883945,4213
TREV,TREEV INC,883946,7373
AUB,ATLANTIC UNION BANKSHRS CRP,883948,6020
ARA.1,ARACRUZ CELULOSE SA,883952,2611
HCRC,HALLWOOD CONS RES CORP,883953,1311
MBOT,MICROBOT MEDICAL INC,883975,3845
RARE.1,RARE HOSPITALITY INTL INC,883976,5812
POS,CATALINA MARKETING CORP,883977,7310
PMRY,POMEROY IT SOLUTIONS INC,883979,5045
FDC,FIRST DATA CORP,883980,7374
MRT.3,MORTONS RESTAURANT GROUP INC,883981,5812
AVEC.,AVECOR CARDIOVASCULAR INC,883982,3841
3ELVN.,ELEVON INC,883983,7372
ICUI,ICU MEDICAL INC,883984,3841
3SFWR,SOFTWARE ETC STORES INC,883999,5734
CSFT,CHIPSOFT INC/DE  -CL A,884005,7372
3SPTA.,SPARTA PHARMACEUTICALS INC,884019,2836
9896B,BELL SPORTS CORP,884063,3949
OPTN.,OPTION CARE INC,884064,8093
NXCO.,NEUREX CORP,884065,2836
HQL,ABRDN LIFE SCIENCE INVESTORS,884121,6726
3GYLDQ,GALEY & LORD INC,884124,2211
CRCV,CHROMCRAFT REVINGTON INC,884130,2511
3WAMAE,WATERMARC FOOD MGMT CO,884131,5810
CLTY,CELERITY SOLUTIONS INC,884142,7373
ASUR,ASURE SOFTWARE INC,884144,7370
VMO,INVESCO MUNICIPAL OPPTY TR,884152,6726
VMN,DELAWARE INV MIN MUN INCM,884174,6726
EFSB,ELMWOOD BANCORP INC,884182,6035
KNFL,KENFIL INC,884197,5045
YONK,YOUNKERS INC,884198,5311
MYJ,BLACKROCK MUNIYLD NJ FD INC,884216,6726
TLRDQ,TAILORED BRANDS INC,884217,5600
PRSU,PURSUIT ATTRC AND HSPTLY INC,884219,7000
YVRLF,LIQUID MEDIA GROUP LTD,884247,7370
IBAH,IBAH INC,884252,8731
TLDCF,TELEDATA COMMUNICATION LTD,884263,3661
RENO.1,RENO AIR INC,884264,4512
APT,ALPHA PRO TECH LTD,884269,3089
MCOMQ,METRICOM INC,884318,4822
EROI,ERO INC,884319,3944
KEGS,1812 BREWING COMPANY INC,884380,5047
PRM.2,PRIMEDIA INC,884382,2721
MBNY,MERCHANTS N Y BANCORP INC,884383,6020
SSPI,SPECTRUM SIGNAL PROCESSING,884455,3674
LDF,LATIN AMERICAN DISCOVERY FD,884461,6726
MEDQ,MEDQUIST INC,884497,7374
ADEX.,ADE CORP/MA,884498,3825
PHMC.1,PLAZA HOME MORTGAGE CORP,884500,6162
FAM.1,INTL FAMILY ENTERTAIN  -CL B,884506,4833
ITML.1,INTRAMED LABS INC,884509,3845
UGI,UGI CORP,884614,4932
CDTS,CONDUCTUS INC,884621,8731
OFIX,ORTHOFIX MEDICAL INC,884624,3841
3JPEIE,JPE INC,884637,3460
NYER,NYER MEDICAL GROUP INC,884647,5912
IMCI,INFINITE GROUP INC,884650,7373
EQCC,EQUICREDIT CORP,884656,6141
FCSEQ,FOCUS ENHANCEMENTS INC,884719,3576
ARIA,ARIAD PHARMACEUTICALS INC,884731,2836
SPTNQ,SPORTSTOWN,884801,5940
USAC.1,UNIVERSAL SEISMIC ASSOC INC,884802,1382
RCII.,REHABCLINICS INC,884831,8000
MZTH,MZT HOLDINGS INC,884847,2835
RCL,ROYAL CARIBBEAN GROUP,884887,4400
SUNP,SUNPHARM CORP,884888,2834
TNFG,TNFG CORP,884892,9995
SLHN,STEARNS & LEHMAN INC,884900,2080
HDIX,HOME DIAGNOSTICS INC,884909,3845
SNAP.1,SYNAPTIC PHARMACEUTICAL CORP,884939,2836
SMRTQ,STEIN MART INC,884940,5651
SSVR,SOLO SERVE CORP,884941,5331
DBGC,DYERSBURG CORP,884999,2221
ICAYY,EMPRESAS ICA SAB DE CV,885012,1600
CFBC.,CF BANCORP INC,885065,6035
TOCO,ALLIANCE ENTERTAINMENT CORP,885066,5099
ICIX,INTERMEDIA COMMUNICATNS INC,885067,4813
LGFB,LGF BANCORP INC,885072,6035
PRVOZ,PREVIO INC,885073,7372
LRNG,LEARNING CO,885075,7372
FFBZ,FIRST FEDERAL BANCORP INC/OH,885076,6035
NCON,ENCON SYSTEMS INC,885077,5063
SMU.1,SIMULA INC,885080,2531
PRNI.1,PREMIERE RADIO NETWKS,885084,7900
IQI,INVESCO QUALITY MUNI INCOME,885125,6726
MWDSQ,MED / WASTE INC,885195,4955
PTIH,PTI HOLDING INC,885239,3949
BKE,BUCKLE INC,885245,5651
TKTX,TRANSKARYOTIC THERAPIES INC,885259,2836
AIHI,AUTOMOTIVE INDS HLDGS  -CL A,885262,3714
MDYN,MOLECULAR DYNAMICS INC,885263,3826
3ZAMSE,ZAMS INC,885269,5940
WME,WASTE MANAGEMENT INTL PLC,885271,4953
BHCF,BHC FINANCIAL INC,885273,6200
CYNO,CYNOSURE INC,885306,3845
JCTC,JEWETT-CAMERON TRADING CO,885307,5031
3OISI,OPHTHALMIC IMAGING SYS INC,885317,3841
ABCW,ANCHOR BANCORP WISCONSIN INC,885322,6035
PYXS.1,PYXIS CORP,885367,3578
ONSI,ORION NETWORK SYSTEMS INC,885376,4899
MCSY,MEDIC COMPUTER SYSTEMS INC,885378,7373
VSHE,ALL FOR A DOLLAR INC,885399,5331
WCBI,WESTCO BANCORP INC,885413,6035
GURE,GULF RESOURCES INC,885462,2810
ARDT.1,ARDENT SOFTWARE INC,885474,7372
STRS,STRATUS PROPERTIES INC,885508,6552
NHCR,ALTERNATIVE TECHNOLOGY RES,885520,7370
ELTE,ELITE INFORMATION GROUP INC,885533,7373
SSUR,STATSURE DIAGNOSTIC SYSTEMS,885534,2835
DFNR,DF&R RESTAURANTS INC,885537,5812
HBGI,HOLSON BURNES GROUP INC,885539,2400
TMANQ,TODAY'S MAN INC,885546,5600
3IFFDE,INTL FAST FOOD CORP,885549,5812
CACC,CREDIT ACCEPTANCE CORP,885550,6141
VLNCQ,VALENCE TECHNOLOGY INC,885551,3690
NATW,NATURAL WONDERS INC,885566,5990
TGL.2,TRIANGLE BANCORP INC,885576,6020
BHC,BAUSCH HEALTH COMPANIES INC,885590,2834
SMAC.1,SUPERMAC TECHNOLOGY INC,885592,3577
IIM,INVESCO VALUE MUNI INCM TR,885601,6726
OSBF,OSB FINANCIAL CORP,885637,6035
ABCL.1,ALLIANCE BANCORP INC,885638,6035
KSS,KOHL'S CORP,885639,5311
KRYS.1,KRYSTAL CO,885640,5812
APWRQ,ASTROPOWER INC,885672,3674
COVB,COVEST BANCSHARES INC,885694,6020
ABCI.2,ALLIED BANK CAPITAL INC,885705,6036
6051B,NUVEEN INVESTMENTS INC,885708,6282
NPC,NUVEEN INSD CALIF PREM INCM,885711,6726
NNF,NUVEEN NY PREM INCM MUNI FD,885712,6726
MWFD,MIDWEST FEDERAL FINL CORP,885722,6035
BSX,BOSTON SCIENTIFIC CORP,885725,3845
FFSB,FF BANCORP INC,885727,6035
NXN,NUVEEN NY SEL TAX FREE INC,885731,6726
NXC,NUVEEN CA SEL TAX FREE INCM,885732,6726
NXQ,NUVEEN SELECT TX FR INCM PTL,885733,6726
NPM,NUVEEN PREM INCOME MUN FD 2,885734,6726
SPNS,SAPIENS INTERNATIONAL CORP,885740,7372
GLIAQ,GLIATECH INC,885741,2834
3ENVRE,ENVIRON TECHNOLOGIES USA INC,885769,3086
ECXJ,GLOBAL ENTERTAINMENT CORP,885780,7900
RMED.1,R2 MEDICAL SYSTEMS INC,885899,3842
SWBI.,SOUTHWEST BANCSHARES INC/DE,885942,6035
LSMJ,XXSYS TECHNOLOGIES INC,885976,1600
USPH,US PHYSICAL THERAPY INC,885978,8000
INMD.1,INTEGRAMED AMERICA INC,885988,8093
XCOM.1,CROSSCOM CORP,886033,3576
NRND.1,NORAND CORP,886034,3576
BGC.1,GENERAL CABLE CORP/DE,886035,3350
MDAL,MEDALLIANCE INC,886037,8071
MMU,WESTERN ASST MANAGED MUNI FD,886043,6726
PEAK.2,PEAK TECHNOLOGIES GRP,886044,5045
SALM.,SALEM SPORTSWEAR CORP,886045,2320
ARRO,ARROW INTERNATIONAL INC,886046,3841
3PSYS,PRECISION SYSTEMS INC,886074,3661
USAM,U S AUTOMOTIVE MFG INC,886113,3714
ALU,ALCATEL-LUCENT,886125,3661
FCEL,FUELCELL ENERGY INC,886128,3690
SGA,SAGA COMMUNICATIONS INC,886136,4832
FINL,FINISH LINE INC  -CL A,886137,5661
NCDI,NETWORK COMPUTING DEVICES,886138,3575
SLMD,SPACELABS MEDICAL INC,886142,3845
BBBYQ,BED BATH & BEYOND INC (OLD),886158,5700
LGND,LIGAND PHARMACEUTICAL INC,886163,2834
IQSW,IQ SOFTWARE CORP,886167,7372
0124A,UNIVERSAL HOSPITAL SERVICES,886171,7350
MEDR.2,MEDRAD INC,886192,3845
FC,FRANKLIN COVEY CO,886206,8200
3CADEF,HYAL PHARMACEUTICAL CP,886218,2834
ASPM,ASPECT MEDICAL SYSTEMS INC,886235,3845
PKF,PAKISTAN INVESTMENT FUND INC,886243,6726
3MUSSE,MUSICSOURCE U S A INC,886312,2750
EDIG,E DIGITAL CORP,886328,6794
KAI,KADANT INC,886346,3550
FIT.1,HEALTH FITNESS CORP,886432,7990
CMKG,MKTG INC,886475,7310
DTRK,DATATRAK INTERNATIONAL INC,886530,7370
VACI.1,VALUE-ADDED COMMUNICATIONS,886657,7385
GERN,GERON CORP,886744,2836
ETRC,EQUITRAC CP,886761,3571
SPNX,SUPERIOR ENERGY SERVICES INC,886835,1389
KRON.1,KRONOS INC,886903,7372
ZNCM,ZUNICOM INC,886912,5045
FBTC.1,F B & T FINANCIAL CORP,886933,6020
FLG.,FLEET MORTGAGE GROUP INC,886935,6162
CCP.1,CCP INSURANCE INC,886940,6311
LPG.1,LIFE PARTNERS GROUP INC,886941,6311
CNTB20,CANTAB PHARMACEUTICALS PLC,886942,2836
WINR.1,WINTHROP RESOURCES CORP,886948,6172
3AILA,AIR L A INC,886969,4512
MEOH,METHANEX CORP,886977,2860
GS,GOLDMAN SACHS GROUP INC,886982,6211
BSP,AMER STRATEGIC INCM PTFL II,886984,6726
TECK,TECK RESOURCES LTD,886986,1000
ENCY,ENCYSIVE PHARMACEUTICALS INC,887023,2836
GCAM,GAMING CORP OF AMERICA,887063,7990
DRAI.1,DATA RESEARCH ASSOC INC,887085,7373
NIN.1,NINE WEST GROUP INC,887124,5661
MIC.1,MUNIYIELD CALIF INSD FD INC,887126,6726
CFIN,CITIZENS FINANCIAL CORP/KY,887136,6311
DCRN.1,DIACRIN INC,887137,2836
HAMPQ,HAMPSHIRE GROUP LTD,887150,2253
CAPS,CAPSTONE THERAPEUTICS CORP,887151,5030
SIM,GRUPO SIMEC SA DE CV,887153,3312
MBB.1,MSB BANCORP INC,887202,6035
UDS,ULTRAMAR DIAMOND SHAMROCK,887207,2911
TGA.,TRIPLE A & GOVT SER-1995 INC,887217,6726
TGB.,TRIPLE A & GOVT SER-1997 INC,887218,6726
KEP,KEPCO-KOREA ELEC POWER CORP,887225,4911
PRCP,PERCEPTRON INC,887226,3827
CTEC.2,CHOLESTECH CORP,887227,3845
DMKPQ,DMK PHARMACEUTICALS CORP,887247,2834
CDAT,CONTROL DATA SYSTEMS INC,887309,7373
NTSR,NETSTAR INC,887331,3576
COLB,COLUMBIA BANKING SYSTEM INC,887343,6020
BLEEQ,BRADLEES INC,887356,5331
VCEL,VERICEL CORP,887359,2836
MQT,BLACKROCK MUNIYIELD QLTY II,887394,6726
EP,EMPIRE PETROLEUM CORP,887396,1311
PMH,PUTNAM TAX-FREE HEALTH CARE,887398,6726
DZTKQ,DAISYTEK INTL CORP,887403,5110
ALCC.1,ALLIED CAPITAL COML CORP,887429,6798
AMPXQ,AMPEX CORP/DE  -CL A,887433,3577
TENXF,TEE-COMM ELECTRONICS INC,887443,3663
HITK,HI TECH PHARMACAL CO INC,887497,2834
MYT.1,MUNIYIELD N Y INSD FD II INC,887535,6726
ASM.1,AUTHENTIC FITNESS,887538,2300
GCH,ABERDEEN GREATER CHINA FUND,887546,6726
EDUSF,EDUSOFT LTD,887558,7372
ZOLL,ZOLL MEDICAL CORP,887568,3845
BOW1.,BOWATER PULP & PAPER,887584,2621
LBF,DEUTSCHE GLOBAL HIGH INCM FD,887590,6726
3FMKIQ,FIBERMARK INC,887591,2621
CAKE,CHEESECAKE FACTORY INC,887596,5812
ACLO.,ACCELIO CORP,887614,7372
3AWCIQ,AMERICAN WHITE CROSS INC,887622,3842
RFP.2,RF POWER PRODUCTS INC,887627,3621
RA.3,RAILAMERICA INC,887637,4013
PALDF,NORTH AMERICAN PALLADIUM,887701,1090
CPD,CARACO PHARMACEUTICAL LABS,887708,2834
KEM.2,KEMET CORP,887730,3670
CENTA,CENTRAL GARDEN & PET CO,887733,5140
OHRI,OCCUPATIONAL HLTH &REHAB INC,887757,8000
CSCC.,CASCADE COMMUNICATIONS CORP,887763,3576
AURM.,AURUM SOFTWARE INC,887784,7372
ASUR.1,ADVANCED SURGICAL INC,887893,3841
3CYBR,CYBERCARE INC,887904,8060
LTC,LTC PROPERTIES INC,887905,6798
PFBI,PREMIER FINANCIAL BANCORP,887919,6020
TRGA,TREGA BIOSCIENCES INC,887920,2834
REVRQ,REVLON INC  -CL A,887921,2844
FCN,FTI CONSULTING INC,887936,8742
GIX.1,GLOBAL INDUSTRIAL TECH INC,887941,3290
3EZCOE,EZCONY INTERAMERICA INC,887947,5064
MRVC,MRV COMMUNICATIONS INC,887969,3661
SWP.1,SOUTH WEST PPTY TR INC,887983,6798
ETPOY,ENTERPRISE OIL PLC,887985,1311
BRBMF,BIG ROCK BREWERY INC,887997,2082
AXF.1,AXA FINANCIAL INC,888002,6211
NTPL,NETPLEX GROUP INC,888028,7370
SBT.3,SMITH BARNEY MUN FD INC,888127,6726
JFC,JPMORGAN CHINA REGION FD INC,888137,6726
MEGFQ,MEGAFOODS STORES INC,888139,5411
PGD.2,HANCOCK J PATRIOT GLOBAL DEV,888154,6726
UNFB,UNITED FINL BANCORP INC,888172,6035
CARD.,CARDINAL BANCSHARES INC,888184,6020
KMP,KINDER MORGAN ENERGY  -LP,888228,4922
HWD.1,HOLLYWOOD CASINO CORP  -CL A,888245,7990
CREAF,CREATIVE TECHNOLOGY LTD,888295,3577
CITA,CITATION COMPUTER SYS INC,888330,7373
3ACMI.,ACCUMED INTERNATIONAL INC,888335,3826
NVDM,NOVADIGM INC,888358,7372
MCA,BLACKROCK MUNIYLD CA QLTY FD,888410,6726
NXR,NUVEEN SLCT TX FR INCM PTL 3,888411,6726
OGSS,ONGARD SYSTEMS INC,888428,2673
PETC,PETCO ANIMAL SUPPLIES INC,888455,5990
ABRS,AMBERS STORES INC,888456,5945
TAPL,TOPS APPLIANCE CITY INC,888470,5731
OHI,OMEGA HEALTHCARE INVS INC,888491,6798
LAYN,LAYNE CHRISTENSEN CO,888504,8711
PREZQ,PRESIDENT CASINOS INC,888507,9995
ARBH.1,ARBOR NATIONAL HOLDINGS INC,888553,6162
EMLD.1,EMERALD FINANCIAL CORP,888632,6036
EMT.1,AMERICAN MEDICAL RESPONSE,888675,4100
MFO.1,MAFCO CONSOLIDATED GROUP INC,888676,2100
ISOOQ,ISCO INTERNATIONAL INC,888693,3825
CPXP,COUPON EXPRESS INC,888702,7373
EPRE.1,EPRESENCE INC,888711,7370
TRIB,TRINITY BIOTECH PLC,888721,2835
SFTIF,SOFTIMAGE INC,888741,7372
CCU,COMPANIA CERVECERIAS UNIDAS,888746,2082
TOM,TOMMY HILFIGER CORP,888747,2320
HAHN,HAHN AUTOMOTIVE WHSE INC,888781,5013
FNIS,FIDELITY NATL INFO SOLTNS,888793,7389
FMDDQ,F&M DISTRIBUTORS INC,888913,5331
DKHR,D&K HEALTHCARE RESOURCES INC,888914,5122
PCO.1,PLAYCORE INC,888916,3949
CGGIQ,CARBIDE/GRAPHITE GROUP INC,888918,3620
HCC.1,HCC INSURANCE HOLDINGS INC,888919,6331
FITT,FOOD INTEGRATED TECH INC,888952,2052
ORCC.1,ONLINE RESOURCES CORP,888953,7374
EVTC.1,ENVIRONMENTL TECHNOLOGIES CP,888956,5160
DGDN,DIGIDESIGN INC,888997,7373
MTRA.1,METRA BIOSYSTEMS INC,888999,2835
WRC.1,WESTPORT RESOURCES CORP,889005,1311
TLRK,TULARIK INC,889057,2834
INSS,INTERNATIONAL NETWORK SVCS,889085,7370
BTOP.,BESTOP INC,889086,3714
RSPNQ,RESPONSE USA INC,889087,7380
BTM.1,BLACKROCK 2001 TERM TR INC,889127,6726
PKX,POSCO HOLDINGS INC,889132,3312
MIFC.,MID-IOWA FINANCIAL CORP,889134,6035
BKCS.1,BKC SEMICONDUCTORS INC,889155,3674
IOF,INCOME OPPORTUNITIES FD 1999,889166,6726
3UHCIE,UNIVERSAL STD HEALTHCARE INC,889187,6324
FALB,FALCONBRIDGE LTD,889211,3330
FROK,FIRSTROCK BANCORP INC,889212,6035
ARN.3,AMERICAN RE CORP,889217,6331
NXWXQ,NX NETWORKS INC,889237,3576
3FOOQE,FOODQUEST INC,889266,5812
BCHP.1,BLUE CHIP COMPUTERWARE INC,889285,3640
TRUA,DANSKIN INC,889299,2330
CCCFF.,CHAI NA TA CORP,889329,100
IDBE,ID BIOMEDICAL CORP,889330,2835
LFUS,LITTELFUSE INC,889331,3613
CVU,CPI AEROSTRUCTURES INC,889348,3728
SNTL,JAMES MARITIME HOLDINGS INC,889353,9995
IRAT,IRATA INC  -CL A,889364,5960
DAP,DISCOUNT AUTO PARTS INC,889409,5531
3TIRED,ECO2 INC,889418,4953
SATCQ,SATCON TECHNOLOGY CORP,889423,3621
KRT.1,KRANZCO REALTY TRUST,889427,6798
3PGTR,PARAGON TRADE BRANDS INC,889429,2670
BRM,BLACKROCK INSD MUN 2008 TRM,889430,6726
HFMO,HOME FED BANCORP MO INC,889473,6035
VAP,VAN KAMPEN ADVANTAGE PA MUN,889518,6726
VKA,VAN KAMPEN ADVANTAGE MUN INC,889526,6726
VOV,VAN KAMPEN OHIO VALUE MUN IN,889527,6726
VJV,VAN KAMPEN NJ VALUE MUN INC,889529,6726
EDJ,AMERICAN ADJ RATE TRM TR INC,889531,6726
CPSS,CONSUMER PORTFOLIO SVCS INC,889609,6159
FNCO,FUNCO INC,889664,5945
SPYN,SPINE-TECH INC,889842,3842
GSMS,GULF SOUTH MED SUPPLY INC,889885,5047
TBAQ,GOTHAM APPAREL CORP,889898,2330
LSR.,LASER TECHNOLOGY INC,889899,3812
PTEN,PATTERSON-UTI ENERGY INC,889900,1381
KAP.1,CAPMAC HOLDINGS INC,889906,6351
VSEN,VIDEO SENTRY CORP,889927,3663
OVRL,OVERLAND STORAGE INC,889930,3572
PVTB,PRIVATEBANCORP INC,889936,6020
LPTH,LIGHTPATH TECHNOLOGIES INC,889971,3827
SYSF,SYSTEMSOFT CORP,889987,7372
FORBQ,FORTICELL BIOSCIENCE INC,889992,2836
GLBZ,GLEN BURNIE BANCORP,890066,6020
MTU.2,MANAGED MUN PORTFOLIO II INC,890068,6726
JSIB,JUMBOSPORTS INC,890093,5940
UTCIQ,UNIROYAL TECHNOLOGY CORP,890096,2200
NIM,NUVEEN SELECT MAT MUN FD,890119,6726
NXS.1,NUVEEN SLCT TX FR INCM PTL 4,890138,6726
IFUI,INFU-TECH INC,890152,8082
3CNCEQ1,CONSECO FINANCE CORP,890175,6141
MQY,BLACKROCK MUNIYIELD QLTY FD,890196,6726
MRX.1,MEDICAL CARE AMERICA,890207,8011
EXA,EXA CORP,890264,7372
HENL,HENLEY HEALTHCARE INC,890284,3845
3VFIN,VFINANCE INC,890285,6211
TCO.2,TAUBMAN CENTERS INC,890319,6798
3UDCHQ,UDC HOMES INC  -LP,890326,1531
HTA.1,HYPERION 1997 TERM TR INC,890336,6726
HTB.1,HYPERION 2002 TERM TR INC,890337,6726
EMD.1,WESTERN ASST EMG MKT IN -OLD,890340,6726
MIY,BLACKROCK MUNIYLD MI QLTY FD,890393,6726
PRSO,PERASO INC,890394,3674
3CREN,CORPORATE RENAISSANCE GROUP,890399,6726
LRE.1,LIFE RE CORP,890445,6311
STER.1,STERLING HEALTHCARE GRP INC,890446,8011
VTNRQ,VERTEX ENERGY INC,890447,5172
SWLH,SOUTHWESTERN LIFE HLDGS INC,890449,6311
NPSP,NPS PHARMACEUTICALS INC,890465,2836
BKS,BARNES & NOBLE INC,890491,5940
GEGP.,GOLDEN EAGLE GROUP INC,890508,4731
BFC.3,BLACKROCK CA INSD MUN 2008,890514,6726
VMV,INVESCO VAN KAMPEN MA VALUE,890515,6726
PPM.1,INVESTMENT GRADE MUN INCM FD,890516,6726
BRF.1,BLACKROCK FLA INSD MUN,890518,6726
BLN.2,BLACKROCK N Y INSD MUN 2008,890519,6726
DEGE10,DEGEORGE FINANCIAL CORP,890523,2452
BLX,BANCO LATINOAMERICANO DE COM,890541,6020
CK.1,CAREMARK INTL INC,890548,6411
ASGN,ASGN INC,890564,7370
PLDI.1,PLD TELEKOM INC,890568,4813
SPMTA,SPORTMART INC  -CL A,890572,5940
HCDV,HILCOAST DEVELOPMENT CORP,890575,1531
FFCP,FOUNDERS FINANCIAL GROUP,890578,6020
AHCI,ALLIED HEALTHCARE INTL INC,890634,8082
PCKO,JUST TOYS INC,890639,3944
CREL,COREL CORP,890640,7372
DEEP.1,DEEPTECH INTERNATIONAL INC,890647,1311
FRTZ,FRITZ COS INC,890662,4731
3PCLIQ,PHYSICIANS CLINICAL LAB INC,890685,8071
DDDDF,NEW DIMENSION SOFTWARE LTD,890691,7372
GSAC,GELSTAT CORP,890725,2834
GSII.,GENERAL SURGICAL INNOVATIONS,890763,3841
RCOCQ,RAMP CORP,890784,7370
MFE,MCAFEE INC,890801,7372
ENVB,ENVERIC BIOSCIENCES INC,890821,2836
AWG,ALLIANCE WORLD DLR GOVT FD,890881,6726
NTE.1,NUVEEN TEX PREM INCM MUN FD,890883,6726
NPE.,NUVEEN INSD PREM INCM MUN FD,890884,6726
NPN.,NUVEEN PREM INCOME MUN FD 3,890885,6726
NOH,NUVEEN OHIO PREM INCM MUN FD,890889,6726
NPA.1,NUVEEN PA PREM INCM MUN FD,890891,6726
NFL,NUVEEN INSD FLA PREM INCM,890893,6726
NMP.1,NUVEEN MICH PREM INCM MUN FD,890897,6726
NNJ,NUVEEN N J PREM INCM MUN FD,890898,6726
NIR.2,NUVEEN SELECT MATS MUN FD 2,890903,6726
DYII,DYNACQ HEALTHCARE INC,890908,8060
ZOLT,ZOLTEK COS INC,890923,3620
RACE.1,DATA RACE INC,890924,3576
MUL.2,MULTICARE COS INC,890925,8051
RDN,RADIAN GROUP INC,890926,6351
MWBI,MIDWEST BANCSHARES INC/DE,890980,6035
AMFF,AMFED FINANCIAL INC,890981,6035
MTX,MINERALS TECHNOLOGIES INC,891014,2860
PDCO,PATTERSON COS INC,891024,5047
CDIR,CONCEPTS DIRECT INC,891035,5961
MJI,BLACKROCK MUNIYLD NJ QLTY FD,891037,6726
MPA,BLACKROCK MUNIYLD PA QLTY FD,891038,6726
TACO.2,TACO CABANA  -CL A,891082,5812
SBIB,STERLING BANCSHARES INC/TX,891098,6020
MTCH,MATCH GROUP INC,891103,7370
HFS.,HFS INC,891104,6794
CMAG,CASINO MAGIC CORP,891105,7990
STSA.1,STERLING FINANCIAL CORP/WA,891106,6036
TRM.2,TCW/DW TERM TR 2002,891164,6726
UVE,UNIVERSAL INSURANCE HLDGS,891166,6331
EPIC,EPICOR SOFTWARE CORP -OLD,891178,7372
MFT,BLACKROCK MUNIYLD INVST QLTY,891188,6726
MTI.1,MUNIYIELD INSD FD II INC,891189,6726
3NTSI,NATIONAL TIRE SERVICES INC,891204,5090
3WFFI,WESTERN FIDELITY FUNDING INC,891276,6141
MNBB,MNB BANCSHARES INC,891284,6020
HMLOQ,HA2003 INC,891285,5090
CMBI,CENTRAL MTG BANCSHARES INC,891286,6020
QCOR,QUESTCOR PHARMACEUTICALS INC,891288,2834
APY.1,ALLMERICA PPTY &CASUALTY COS,891289,6331
RFI,COHEN & STEERS TOT RET RLTY,891290,6726
CTIC,CTI BIOPHARMA CORP,891293,2836
3RTLD,ROTTLUND CO INC,891329,1531
BKLYY,BERKELEY TECHNOLOGY LTD,891377,6282
SGMG,SPECTRE GAMING INC,891389,3990
NMGX,NANO MAGIC INC,891417,2842
FLWR.2,CELEBRITY INC,891422,5190
OLCMF,OLICOM A/S,891426,3576
GASIA,GREENWICH AIR SERVICES -CL A,891461,7600
OCTI,OCTUS INC,891462,7372
SAN,BANCO SANTANDER SA,891478,6020
FLL,FULL HOUSE RESORTS INC,891482,7990
TPPHQ,TAPESTRY PHARMACEUTICALS INC,891504,2833
TRUE.,CENTRUE FINANCIAL CORP-OLD,891523,6020
CBCO.,CB BANCORP INC,891525,6035
BDTTZ,BREED TECHNOLOGIES INC,891531,3714
PESI,PERMA-FIX ENVIRONMENTAL SVCS,891532,4955
BMTN,BOOMTOWN INC,891552,7990
HIF,WESTERN ASST HI INCM FD INC,891760,6726
WILK,WILSHIRE TECHNOLOGIES INC,891762,2842
LFBI.,LF BANCORP INC,891763,6035
BCAHY,BRILLIANCE CHINA AUTOMOTIVE,891765,3711
DCSR,DISC INC,891788,3572
AMXX,MAXX SPORTS TV INC,891915,2522
BAMM,BOOKS-A-MILLION INC,891919,5940
MTST.,MICROTEST INC,891920,3825
SHPH.1,SHAMAN PHARMACEUTICALS INC,891933,2834
EMRT,E MERGENT INC,892020,3861
MATK,MARTEK BIOSCIENCES CORP,892025,2833
3DGPVE,DIGITAL PRIVACY INC  -CL A,892038,3571
ODWA,ODWALLA INC,892058,2033
3OSPHE,OSPREY HOLDING INC,892072,9995
9196B,STN INC,892086,4813
RNAI.1,SIRNA THERAPEUTICS INC,892112,2836
UFEM,ULTRAFEM INC,892142,3089
ATN.2,ACTION PERFORMANCE COS INC,892147,5130
HFBA,HFB FINANCIAL CORP,892157,6020
LARL,LAUREL CAPITAL GROUP INC,892158,6036
DSCI,DERMA SCIENCES INC,892160,2834
BSAF,BRENTWOOD FINANCIAL CORP,892163,6036
FLC.1,FALCON DRILLING CO INC,892179,1381
OSII.,OBJECTIVE SYS INTEGRATRS INC,892191,7372
BREW,CRAFT BREW ALLIANCE INC,892222,2082
WRP.3,WELLSFORD RES PROP TRUST,892291,6798
GBOTQ,GARDEN BOTANIKA INC,892335,5990
TDMK,TIDEMARK BANCORP INC,892432,6035
AURLQ,AUREAL INC,892433,3674
KT,KT CORPORATION,892450,4813
QUMU,QUMU CORP,892482,7370
EQMD,EQUIMED INC,892493,8093
CCSI.,CHROMATICS COLOR SCIENCES,892495,2844
WCTI,WCT COMMUNICATIONS INC,892524,4813
HGGR,HAGGAR CORP,892533,2320
EZCH,EZCHIP SEMICONDUCTOR LTD,892534,3576
THMRQ,THORNBURG MORTGAGE INC,892535,6798
MANT,MANTECH INTL CORP,892537,7373
GTLS,CHART INDUSTRIES INC,892553,3443
SNPL,SNAPPLE BEVERAGE CORP,892563,2086
IFT.1,INCOME OPPORTUNITIES FD 2000,892565,6726
3WTXIQ,WORLDTEX INC,892604,2200
SPORQ,SPORT-HALEY HOLDINGS INC,892653,2320
BCT,BLACKROCK BROAD INVT GRADE,892789,6726
MYY.1,MUNIYIELD N Y INSD FD III,892791,6726
GPK.1,GRAPHIC PACKAGING INTL CORP,892793,2650
3PMNR,PORTER MCLEOD NATL RETAIL,892818,1540
HMGN,HEMAGEN DIAGNOSTICS INC,892822,2835
SDON,SANDSTON CORP,892832,9995
ACCT,ARGENT CAPITAL CORP,892833,7372
MWHS,MICRO WAREHOUSE INC,892872,5961
PMG.1,PUTNAM MUNICIPAL BOND FUND,892884,6726
FCL.1,FIRST COLONY CORP,892893,6311
MAY.1,MAYBELLINE INC,892906,2844
SPCHA,SPORT CHALET INC,892907,5940
USCL.1,USA CLASSIC INC,892957,2320
PMN.3,PUTNAM N Y INVT GRADE MUN TR,892960,6726
PCA.2,PUTNAM CALIF INVT GRADE MUN,892980,6726
WRESQ,WARREN RESOURCES INC,892986,1311
NAZ,NUVEEN ARIZ QTY MUN INCM,892992,6726
RWY,RENT WAY INC,893046,7359
VMSI.1,VENTANA MEDICAL SYSTEM INC,893160,2835
CMOS,CREDENCE SYSTEMS CORP,893162,3825
CRKR.,CROCKER REALTY INVESTORS INC,893181,6798
DINWY,CONSORCIO G GRUPO DINA SA,893188,3711
TTR.1,2002 TARGET TERM TR INC,893227,6726
OHSL,OHSL FINANCIAL CORP,893235,6035
IMNT,IMNET SYSTEMS INC,893329,7373
PNLG,PNI TECHNOLOGIES INC,893335,4812
PSAI,PEDIATRIC SVCS AMERICA INC,893430,8082
SM,SM ENERGY CO,893538,1311
3AQQAE,AQUANATURAL CO,893540,5122
ANLG,ANALOGY INC,893573,7372
CRE.4,CARRAMERICA REALTY CORP,893577,6798
JKCL,JOCKEY CLUB INC,893656,7997
DOOR,MASONITE INTERNATIONAL CORP,893691,2430
ANXB,ANTEX BIOLOGICS INC,893692,2836
BNN.,BLACKROCK 1999 TERM TR INC,893731,6726
TURN,180 DEGREE CPTL CORP,893739,6726
SALDQ,FRESH CHOICE INC,893741,5812
CMDI.1,COMPREHENSIVE MED DGNSTCS,893771,8071
POCC,PENN OCTANE CORP,893813,5171
IFOX,INFOCROSSING INC,893816,7374
RBMG,RESOURCE BANCSHARES MTG GRP,893817,6162
ATTU,ATTUNITY LTD,893821,7372
PWRS,POWERSOFT CORP,893824,7372
HWBK,HAWTHORN BANCSHARES INC,893847,6020
3EPOS,ATPOS.COM INC,893855,3578
CAF.2,CAPITOL AMERICAN FINL CORP,893906,6321
MD,PEDIATRIX MEDICAL GROUP INC,893949,8011
STU.2,STUDENT LOAN CORP,893955,6111
EXTR10,EXSTAR FINANCIAL CORP,893963,6351
MAMOC,ADVANCED MAMMOGRAPHY SYS INC,893964,3845
TUTR,PLATO LEARNING INC,893965,2741
3BGALF,BANCO GALICIA BUENOS AIRES,893967,6020
IPAH,INTERPHARM HOLDINGS INC,893970,2834
BEVT,BEV-TYME INC,893996,5140
DANKY,DANKA BUSINESS SYSTEMS PLC,894010,5040
ENDG,ENDOGEN INC,894020,2835
GBCT,GBC TECHNOLOGIES INC,894039,5045
ATSG,AIR TRANSPORT SERVICES GROUP,894081,4512
TRCW,TRANSCOR WASTE SERVICES INC,894096,1700
IIC,INVESCO CALIF MUNI INCM TR,894146,6726
TOVX,THERIVA BIOLOGICS INC,894158,2834
HABK,HAMILTON BANCORP INC/FL,894172,6020
3DYPR,DRYPERS CORP,894232,2670
3AATTZ,ALL-AMERICAN TERM TRUST INC,894233,6726
CGNT.1,COGENTIX MEDICAL INC,894237,3842
DUC,DUFF & PHELPS UTIL &CP BD TR,894239,6726
VKS,VAN KAMPEN STRATEGIC SECTOR,894241,6726
BKN,BLACKROCK INVT QULTY MUN TR,894242,6726
PER.1,PEROT SYSTEMS CORP,894253,7373
CWLZ,COWLITZ BANCORPORATION,894267,6020
SLNK,SPECTRALINK CORP,894268,3663
SITC,SITE CENTERS CORP,894315,6798
AFR.1,AMERICA FIRST REIT INC,894341,6798
MNP,WESTERN ASST MUNI PARTNRS FD,894351,6726
FSOU,FIRST SOUTHERN BANCORP INC,894355,6036
BLH.,BANKERS LIFE HOLDING CORP,894357,6321
MARN.,MARION CAPITAL HOLDINGS INC,894372,6035
ARCB,ARCBEST CORP,894405,4213
BKUNQ,BANKUNITED FINANCIAL CORP,894490,6035
SCB.1,COMMUNITY BANKSHARES INC/SC,894508,6020
3BTWLF,BETA WELL SERVICE INC,894541,1389
SEGU,SEGUE SOFTWARE INC,894572,7372
EGY,VAALCO ENERGY INC,894627,1311
GFR.1,GREAT AMERN FINL RESOURCES,894651,6311
OVBC,OHIO VALLEY BANC CORP,894671,6020
CGFC,CORAL GABLES FEDCORP INC,894673,6035
UVCL,UNIVERCELL HOLDINGS INC,894680,9995
3HOOPE,SURE SHOT INTERNATIONAL INC,894696,3949
SCOP.,SCOPUS TECHNOLOGY INC,894705,7372
ESIC,EASYLINK SERVICES INTL CORP,894738,7370
NWRE,NEOWARE INC,894743,3571
BCHXQ,BOSTON CHICKEN INC,894751,5812
XNVAY,XENOVA GROUP PLC,894770,2836
TYGN,TYLAN GENERAL INC,894776,3823
BYTE.1,CLASSICS INTL ENTMT INC,894789,5990
AREN,ARENA GROUP HLDNGS INC (THE),894871,7370
PHTA,PHOTRAN CORP,894906,3231
AFM.3,AMFM INC,894972,4832
WTU,WILLIAMS COAL SEAM RYL TRUST,895007,6792
MBNEQ,CENTURA SOFTWARE CORP,895021,7372
3COCN,COCENSYS INC,895034,2834
GTM.1,GULFTERRA ENERGY PARTNERS-LP,895040,4922
GLLC,GRILL CONCEPTS INC,895041,5812
USBH,US BIOMEDICAL CORP,895092,9995
SFSL,SECURITY FIRST CORP,895094,6035
IFUL,INSIGHTFUL CORP,895095,7372
EXE,EXPAND ENERGY CORP,895126,1311
CYPS,CYCLOPSS CORP,895319,3550
TFCO,TUFCO TECHNOLOGIES INC,895329,2750
MDLI.,MDL INFORMATION SYSTEMS INC,895330,7372
FLSH,MSYSTEMS LTD,895361,3572
DRD.1,DUANE READE INC,895364,5912
CKI.2,CASTLE & COOKE HOMES INC,895365,6552
ABDS,ALLEGRO BIODIESEL CORP,895380,2990
AGY,ARGOSY GAMING CO,895385,7990
FFWC,FFW CORP,895401,6035
HTO.1,HYPERION 2005 INVT GRADE OPP,895415,6726
PRXM.,PROXIMA CORP,895416,3577
ELS,EQUITY LIFESTYLE PPTYS INC,895417,6798
WOLF,WOLFSPEED INC,895419,3674
SHEN.,FIRST SHENANGO BANCORP INC,895420,6035
MS,MORGAN STANLEY,895421,6211
BTF.1,BOULDER TOTAL RETURN FUND,895422,6726
GHC.1,GALEN HEALTH CARE INC,895441,8062
SCVL,SHOE CARNIVAL INC,895447,5661
RCKY,ROCKY BRANDS INC,895456,3140
TCNO,TECNOMATIX TECHNOLOGIES LTD,895457,7372
CATP,CAMBRIDGE TECHNOLOGY PARTNER,895462,7370
CZC,CITIZENS CORP,895469,6331
JSBA,JEFFERSON SVGS BANCORP INC,895470,6036
THIR.1,THIRD FINANCIAL CORP,895471,6036
BLM.1,BLIMPIE INTL INC,895477,6794
SPGZ,SPECTRUM GROUP INTL INC,895516,7389
MLTNQ,MOLTEN METAL TECHNOLOGY INC,895517,4955
DUAP,DURANGO APPAREL INC,895519,2330
MHY.1,WESTERN ASST MANGD HI INC FD,895523,6726
VPV,INVESCO PA VALUE MUN INCM TR,895528,6726
VKV,VAN KAMPEN VALUE MUN INCOME,895529,6726
VNV.,VAN KAMPEN NY VALUE MUN INC,895530,6726
VCV,INVESCO CALIF VALUE MUN INCM,895531,6726
DEAR,DEARBORN BANCORP INC,895541,6020
SYGR,SYNAGRO TECHNOLOGIES INC,895565,4953
VFL,ABRDN NATIONAL MUNICI INCOME,895574,6726
VAZ,DELAWARE INV ARIZ MUN INCOME,895577,6726
3GRMT,GARMENT GRAPHICS INC,895641,2320
HEVVQ,ENER1 INC,895642,3690
TVSFF,TVSL SA,895649,4833
VISNQ,SIGHT RESOURCE CORP,895651,8011
FFEF,FFE FINANCIAL CORP/FL,895652,6035
JAH,JARDEN CORP,895655,3089
VMM,DELAWARE INV MIN MUN INCM II,895658,6726
DHSM.,DIAGNOSTIC HEALTH SVCS INC,895659,8071
GLBL.1,GLOBAL INDUSTRIES LTD,895663,1389
3ALES.,NOR'WESTER BREWING CO,895670,2082
3ENBCZ,ENCHIRA BIOTECHNOLOGY CORP,895677,8731
UBSC,UNION BANKSHARES LTD/CO,895688,6020
CMPO.,CAMPO ELECTRS APPLIAN & COMP,895693,5731
GTCMY,GREAT CENTRAL MINES NL,895723,1040
0403B,U S CAN CORP,895726,3411
ENB,ENBRIDGE INC,895728,4924
GTW,GATEWAY INC,895812,3571
BEOSZ,BE INC,895921,9995
3EPURE,ENVIROPUR WASTE REFNG TECH,895947,2990
EMS.2,C-MAC INDUSTRIES INC,896043,3674
NPT.3,NUVEEN PREM INCOME MUN FD 4,896061,6726
WTZ,WESTERN SILVER CORP,896066,1000
ETD,ETHAN ALLEN INTERIORS INC,896156,2510
CREC.1,CARECENTRIC INC,896157,7372
CB,CHUBB LTD,896159,6331
CSP,AMERN STRATEGIC INCM PTL III,896161,6726
GEPT,GLOBAL EPOINT INC,896195,3571
AMED,AMEDISYS INC,896262,8082
USNA,USANA HEALTH SCIENCES INC,896264,2834
PWTXQ,PILLOWTEX CORP,896265,2390
ENR.2,ENVIROTEST SYSTEMS CP  -CL A,896267,7500
NETK,NETWORK EXPRESS INC,896281,3576
TMT.,TCW/DW TERM TRUST 2003,896346,6726
SEHI.,SOUTHERN ENERGY HOMES INC,896397,2452
MGAM.1,MULTIMEDIA GAMES HOLDING CO,896400,3990
CTLP,CANTALOUPE INC,896429,7374
GPUS,HYPERSCALE DATA INC,896493,9997
BHWK,BLACK HAWK GAMING&DEV CO INC,896495,7990
CHGR,CONCORD HEALTH GROUP INC,896499,8050
3MARTE,NATIONSMART CORP,896502,7200
TSXX,TSX CORP,896560,3663
ATR,APTARGROUP INC,896622,3089
ASEC,ASECO CORP,896645,3825
ARK,BLACKROCK SENIOR HIGH INC FD,896665,6726
GGLR,GEOGLOBAL RESOURCES INC,896726,1311
ABMC,AMERICAN BIO MEDICA CORP,896747,2835
FBHC,FORT BEND HOLDING CORP,896766,6035
BTIQ,BRANDT TECHNOLOGIES INC,896771,3559
CPTS,CONCEPTUS INC,896778,3841
ORTH.,ORTHOPEDIC TECHNOLOGY INC,896840,3842
AVID,AVID TECHNOLOGY INC,896841,3861
OSHWQ,OSH 1 LIQUIDATING CORP,896842,5200
PBPH.1,PLANET BIOPHARMACEUTICALS,896861,8731
INTU,INTUIT INC,896878,7372
BNKS,FIRST UTD BK GROUP INC,896879,6020
DDF,DELAWARE INVST DIV & INCOME,896923,6726
EPTK,EP TECHNOLOGIES INC,896978,3841
DESTQ,DESTINATION MATERNITY CORP,896985,5621
CYMI,CYMER INC,897067,3559
3SOVIE,STYLES ON VIDEO INC,897074,3861
RPRX.1,REPROS THERAPEUTICS INC,897075,2834
ALG,ALAMO GROUP INC,897077,3523
SPEI,SAVOY PICTURES ENTMT INC,897079,7812
ETAD,ENTRADE INC,897265,7370
MVT,BLACKROCK MUNIVEST FUND II,897269,6726
GILT,GILAT SATELLITE NETWORKS LTD,897322,3663
NYP,NUVEEN INSD N Y PREM INCM 2,897418,6726
NMT,NUVEEN MASS PREM INCM MUN,897419,6726
NPW.,NUVEEN WASH PREM INCM MUN FD,897420,6726
NPV,NUVEENA VA QL MUN INCM FD,897421,6726
NCL.3,NUVEEN INSD CA PREM INCM MUN,897422,6726
NMY,NUVEEN MD QUAL MUN INCM FD,897424,6726
NJP,NUVEEN NJ PREM INCM MUN FD 2,897425,6726
NFP.1,NUVEEN INSD FLA PREM INCM 2,897426,6726
NPY,NUVEEN PA PREM INCM MUN FD 2,897427,6726
NMH,NUVEEN MICH PREM INCM MUN 2,897428,6726
CHS,CHICOS FAS INC,897429,5621
TIG.1,TIG HOLDINGS INC,897430,6331
INHMQ,INCO HOMES CORP,897432,1531
AMRN,AMARIN CORPORATION PLC,897448,2836
OASIQ,OLD AMERICA STORES,897506,5945
STAZQ,STARTER CORP,897507,2300
FLAG.1,FLAG FINANCIAL CORP,897509,6020
AMU.1,ACM MUN SEC INCOME FUND INC,897513,6726
WNWN,WINWIN GAMING INC,897545,7990
ADYN.,AVIDYN INC,897546,7370
TWAV.1,TITLE WAVE STORES INC,897582,5735
ML.3,MARTIN MARIETTA CORP,897599,3760
3187B,AT & T CAPITAL CORP,897708,7359
DAVD,DAVIDSON & ASSOCIATES INC,897722,7372
SANM,SANMINA CORP,897723,3672
EDNTF,EDUNETICS LTD,897725,7372
LIBT,LIBERTY TECHNOLOGIES INC,897730,3829
CRR.3,CONRAIL INC,897732,4011
WRN.1,WCI STEEL INC,897745,3312
IGCA,INNOVATIVE GAMING CORP AMER,897795,3990
GSI.1,GREENWICH STREET MUNI FUND,897800,6726
SPE,SPECIAL OPPORTUNITIES FD INC,897802,6726
FSNMQ,FIRST STATE BANCORPORATION,897861,6020
PRLS,PEERLESS SYSTEMS CORP,897893,7372
NFO.1,NFO WORLDWIDE INC,897940,8700
STFR.,ST FRANCIS CAPITAL CORP,897941,6035
MAF,PIMCO MUNICIPAL ADV FUND INC,897951,6726
GHI.1,GLOBAL HIGH INCOME FUND INC,897996,6726
MBLF,MBLA FINANCIAL CORP,897999,6036
3ESQS,ESQUIRE COMMUNICATIONS LTD,898015,7330
BNTT.1,BARNETT INC,898172,5961
ORLY,O'REILLY AUTOMOTIVE INC,898173,5531
RGA,REINSURANCE GROUP AMER INC,898174,6311
CTLI.,CTL CREDIT INC,898287,6141
JBL,JABIL INC,898293,3672
SAFT.1,SAFETY FIRST INC,898306,3842
3MRCFQ,MARTIN COLOR-FI INC,898311,2820
AXAHY,AXA SA,898427,6311
ANIK,ANIKA THERAPEUTICS INC,898437,2836
EWB,BLANCH E W HOLDINGS INC,898438,6411
THDOQ,3DO CO,898441,7372
ROSE.2,T R FINANCIAL CORP,898447,6036
IQM.1,INVESCO QUALITY MUNI SECS,898496,6726
ZRC,ZURICH REINS CENTRE HLDGS,898612,6331
IQC,INVESCO CALIF QUALITY MUNI,898618,6726
MFST.,MFS COMMUNICATIONS INC,898623,4813
NSDB,NSD BANCORP INC,898624,6020
FKLN,FRANKLIN OPHTHALMIC INSTRS,898630,5040
MVY,MUNIVEST N Y INSD FD INC,898631,6726
IQN,INVESCO NY QUALITY MUNI SECS,898659,6726
STN.1,STATION CASINOS INC,898660,7990
SUBCY,SUBSEA 7 SA,898685,1389
ABSO,ABSOLUTE ENTERTAINMENT INC,898739,7372
3ERSI.,ELECTRONIC RETAILNG SYS INTL,898747,3578
CSDS,CASINO DATA SYSTEMS,898756,3577
FFYF,FFY FINANCIAL CORP,898757,6035
SMED,SHARPS COMPLIANCE CORP,898770,4955
IPX.1,INTERPOOL INC,898777,7359
CMNFY,CORIMON CA SACA,898778,2851
OSYM,OSAGE SYSTEMS GROUP INC,898802,7373
AFCI,ADVANCED FIBRE COMM INC,898805,3661
3PRCEE,PEARCE SYSTEMS INTL INC,898901,1700
DLGC.1,DIALOGIC CORP-OLD,899042,3576
DIIG.,DII GROUP INC,899047,3672
ALL,ALLSTATE CORP,899051,6331
MVM,MUNIVEST MICH INSD FD INC,899150,6726
MVC.1,MUNIVEST CALIF INSD FD INC,899154,6726
MVJ,MUNIVEST N J FUND INC,899157,6726
HFSC,HAMILTON FINANCIAL SERVICES,899161,6162
TRI.3,TRINET CORP REALTY TRUST INC,899162,6798
PRFN.,PRESTIGE FINANCIAL CORP,899163,6020
PBSOQ,POINT BLANK SOLUTIONS INC,899166,3842
KSBK,KSB BANCORP INC,899167,6036
RXT.1,RENAL TREATMENT CTRS INC,899169,8090
MVS.,MUNIVEST FLORIDA FUND,899177,6726
3PMDTF,PARK MEDITECH INC,899183,3845
TSII.1,TSI INC/MN,899217,3823
RAYS.,SUNGLASS HUT INTL INC,899240,5990
IRGT.1,IRG TECHNOLOGIES INC,899283,5045
MAD,INVEXANS SA,899296,3080
OPTI.,OPTI INC,899297,9995
ATCI.1,AUTONOMOUS TECHNOLOGIES CORP,899381,3845
HRBR,HARBOR DIVERSIFIED INC,899394,4512
CBMC,CALYPTE BIOMEDICAL CORP,899426,2835
IMGI,IMAGINON INC,899444,7370
9325B,DELRINA CORP-OLD,899458,7372
MNKD,MANNKIND CORP,899460,2836
3LXRI,LXR BIOTECHNOLOGY INC,899504,2836
PPF,HANCOCK J PATRIOT PFD DIV,899581,6726
FNID,FNF INDUSTRIES INC,899595,5211
BKI.1,BUCKEYE TECHNOLOGIES INC,899597,2611
GCPL,GLOBAL CAPITAL PARTNERS INC,899627,6211
AKR,ACADIA REALTY TRUST,899629,6798
NHCI,NATIONAL HOME CENTERS INC,899630,5211
CATS.1,CATALYST SEMICONDUCTOR INC,899636,3674
RVHLQ,RIVIERA HOLDINGS CORP,899647,7990
DUK6,CINERGY CORP,899652,4911
ALBC.,ALBION BANC CORP,899654,6035
3HAVI,HARVARD INTL TECHNOLOGIES,899659,3580
SOA.2,SOUTHERN AFRICA FUND INC,899660,6726
3FFBS,FFBS BANCORP INC,899678,6035
GNK.1,GLOBALINK INC,899679,7372
3STYYE,STATORDYNE CORP,899684,3613
VNO,VORNADO REALTY TRUST,899689,6798
ULAB,UNILAB CORP,899714,8071
SKT,TANGER INC,899715,6798
3GASS,AMERICAN RESOURCES OFFSHORE,899717,1311
STTZF,SUTTON RESOURCES LTD,899718,1000
OMG,OM GROUP INC,899723,3341
TWI,TITAN INTERNATIONAL INC,899751,3523
NTC,NUVEEN CON QUAL MUN INCM,899752,6726
TDCA,THERAPEUTIC DISC CORP  -CL A,899753,2834
HURY,HURRY INC  -CL A,899755,5411
KPT,KIMSOUTH REALTY INC,899757,6798
NPG,NUVEEN GA PREM INCOME MUN FD,899758,6726
NPU,NUVEEN PREM INCOME MUN FD 5,899759,6726
LCI.1,LCI INTERNATIONAL INC,899760,4813
NNC,NUVEEN NC QUAL MUN INCM FD,899761,6726
3BBTCE,BOUNCEBACKTECHNOLOGIES.COM,899778,7990
NOM,NUVEEN MO QUAL MUN INCM FD,899782,6726
QSYSQ,QUAD SYSTEMS CORP,899823,3559
3PUBSF,ELEPHANT & CASTLE GROUP INC,899849,5812
ALXN,ALEXION PHARMACEUTICALS INC,899866,2836
MYGN,MYRIAD GENETICS INC,899923,2835
TGISQ,THOMAS GROUP INC,900017,8742
CPRT,COPART INC,900075,5010
EMCR.1,EMCARE HOLDINGS INC,900083,7363
HYBR,HYBRID NETWORKS INC,900091,7373
SUMA,SUMMA FOUR INC,900095,3661
ELCO,ELCOM INTERNATIONAL INC,900096,7370
3ORVX,ORAVAX INC,900122,2836
JCFS,JACKSON CNTY FSB MEDFORD ORE,900166,6035
NHYDY,NORSK HYDRO ASA,900268,3350
RDIOA,MULTI-MKT RADIO INC  -CL A,900302,4832
MRNR,MARINER HEALTH GROUP INC,900304,8050
HDTC.1,HEALTHDYNE TECHNOLOGIES INC,900307,3841
MYS.1,MASISA SA,900335,2400
OTIC.1,OLIVER TRANSPORTATION INC,900339,4213
HLY.1,HOLLY RESIDENTIAL PPTYS INC,900340,6798
PERY,ELLIS PERRY INTL INC,900349,2320
IXX,IVEX PACKAGING CORP,900367,3089
NTZ,NATUZZI SPA,900391,2510
DVZN,DISCOVERY ZONE INC,900392,7990
PMO,PUTNAM MUN OPPORTUNITIES TR,900422,6726
PTI.1,PUTNAM INVT GRADE INTER MUN,900426,6726
SMKG,EMARKETPLACE INC,900475,8700
SDHM,SUNDANCE HOMES INC,900616,1531
SENGQ,STORAGE ENGINE INC,900619,3572
OKSI,OKLAHOMA SAVINGS INC,900626,6035
BELM,BELL MICROPRODUCTS INC,900708,5065
COY,BLACKROCK CORP HIGH YLD FD,900724,6726
HAVN,HAVEN BANCORP INC,900741,6035
3SWMCE,SANCTUARY WOOD MULTIMEDIA,900748,7372
REGA.,REGIONAL ACCEPTANCE CORP,901077,6141
3INVR,INNOVIR LABORATORIES INC,901099,2835
PRMA,PRIMADONNA RESORTS INC,901118,7990
STCO.1,SIGNAL TECHNOLOGY CORP,901119,3825
RST.1,RUST INTERNATIONAL INC,901172,8711
HGSI,HUMAN GENOME SCIENCES INC,901219,2835
MUA,BLACKROCK MUNIASSETS FUND,901243,6726
MPFC,MOUNTAIN PARKS FINANCIAL CP,901375,6020
SYT.1,SITHE ENERGIES INC,901376,4991
TLZ,THERMOLASE CORP,901416,2844
PZZA,PAPA JOHNS INTERNATIONAL INC,901491,5812
BYBI,BACK YARD BURGERS INC,901495,5812
LSO.2,ENI LASMO PLC,901517,1311
REPYY,REPSOL SA,901576,2911
ESNJ,ESENJAY EXPLORATION INC,901611,1311
RXSD,REXALL SUNDOWN INC,901620,2834
MTICQ,MTI TECHNOLOGY CORP,901696,3572
PTM.2,PUTNAM MANAGED HIGH YIELD TR,901823,6726
MHE,BLACKROCK MASS TAX-EXEMPT TR,901824,6726
LFCT,LEADER FINANCIAL CORP,901829,6035
AZN,ASTRAZENECA PLC,901832,2834
VRII,VIRUS RESEARCH INSTITUTE INC,902010,2836
PGSVY,PGS ASA,902053,1382
3ELET,ELLETT BROTHERS INC,902055,5090
3LOCKE,SAF T LOK INC,902056,3420
LENXQ,LENOX GROUP INC,902270,3260
ALDA.1,ALDILA INC,902272,3949
LBYYQ,LIBBEY INC,902274,3220
MOND.,MONDAVI ROBERT CORP  -CL A,902276,2084
DLP,DELTA & PINE LAND CO,902277,100
LVFIQ,LEVITZ FURNITURE INC  -VTG,902279,5712
EGLSQ,ELECTROGLAS INC,902281,3559
ABTC.1,ABT BUILDING PRODUCTS CORP,902476,2400
ADZA,ADEZA BIOMEDICAL CORP,902482,3845
AKSY,AKSYS LTD,902600,3845
ICGN,ICAGEN INC,902622,2834
MODM,MODERN MEDICAL MODALITIES CP,902635,7373
RNY,BLACKROCK NY INV QLTY MUN TR,902717,6726
RFA,BLACKROCK INVESTMT QLTY MUN,902719,6726
RAA.1,BLACKROCK CA INV QLTY MUN TR,902722,6726
RNJ,BLACKROCK NJ INV QLTY MUN TR,902731,6726
XAA,AMERICAN MUN INCOME PTFL INC,902750,6726
VOT.1,VAN KAMPEN MUN OPPTY II,902754,6726
UPXE,UNAPIX ENTERTAINMENT INC,902787,5961
BBSI,BARRETT BUSINESS SVCS INC,902791,7363
NPPI,NORWOOD PROMOTIONAL PRODS,902793,3086
EMD.2,WESTERN ASST EMG MKT INCM FD,902978,6726
FLH,FILA HOLDINGS SPA,903126,2250
PPS,POST PROPERTIES INC,903127,6798
THRM,GENTHERM INC,903129,3714
TTEN.,3TEC ENERGY CORP,903267,1311
3PCTV,PEOPLES CHOICE TV CORP,903275,4841
ALRS,ALERUS FINANCIAL CORP,903419,6020
GSS,GOLDEN STAR RESOURCES LTD,903571,1040
INOD,INNODATA INC,903651,8700
RUSMF,RUSSEL METALS INC,903657,5051
VGCO,VIRGINIA GAS CO,903689,1311
SODK,SODAK GAMING INC,903856,5040
PITC,PITTENCRIEFF COMMUNICATIONS,903869,4812
IMAK,INTL IMAGING MATLS INC,904009,3950
FLYIQ,FLYI INC,904020,4512
MSPT,MILLENNIUM SPORTS MGMT INC,904075,6512
STEK.,STECK-VAUGHN PUBLISHING CP,904081,2731
JEFF,JEFFBANKS INC,904101,6020
MSD,MORGAN STAN EMG MKT DEBT FD,904112,6726
QEE,QUEENSTAKE RES LTD YUKON,904121,1040
JAKE.1,JAKES PIZZA INTL INC,904148,5140
ATI.1,AIRTOUCH COMMUNICATIONS-OLD,904255,4812
PNLEQ,PINNACLE MICRO INC,904344,3572
WCAI,WIRELESS CABLE ATLANTA INC,904355,4841
TOGA.1,SARATOGA BEVERAGE GP  -CL A,904362,2086
NRMI,NATIONAL RECORD MART INC,904535,5735
DSGR.,DISC GRAPHICS INC,904541,2631
PSRC.1,PRIMESOURCE CORP,904816,5040
YPF,YACIMIENTOS PETE FISCALES SA,904851,2911
NVIC,N-VIRO INTERNATIONAL CORP,904896,4953
EPYS,EMPLOYEE SOLUTIONS INC,904897,7389
PLNS,PLIANT SYSTEMS INC,904898,3661
BEI.1,BERG ELECTRONICS CORP,904900,3678
WTCT,WATCHIT TECHNOLOGIES INC,904901,6799
CACS.,CASINO & CREDIT SERVICES INC,904902,7320
RBIO,REVO BIOLOGICS INC  -REDH,904973,2836
TH.1,TITAN HOLDINGS INC,904975,6331
3TTXGQ,TRANSTEXAS GAS CORP,904977,1311
SUNH.1,SUN HEALTHCARE GROUP INC,904978,8051
SHLOQ,SHILOH INDUSTRIES INC,904979,3460
NCU,NUVEEN CA PREM INCOME MUN FD,905000,6726
NJU,NUVEEN NJ PREM INCM MUN FD 3,905002,6726
NAP.1,NUVEEN PA PREM INCM MUN FD 3,905008,6726
3615B,REGAL CINEMAS INC,905035,7830
SDH.1,SODEXHO MARRIOTT SVCS INC,905036,5812
CWN,CROWN AMER REALTY TRUST,905134,6798
CBZ.1,CORT BUSINESS SERVICES CORP,905401,7359
FFS,TENON LTD,905424,2400
BOPT,ECO-TRADE CORP,905428,9995
IMAG.,IMAGE INDUSTRIES INC,905435,2273
VOF,VAN KAMPEN FLA MUN OPPTY,905636,6726
3HCOIQ,HUNTCO INC  -CL A,905722,3312
FSFT,FOURTH SHIFT CORP,905724,7372
HLYW,HOLLYWOOD ENTERTAINMENT CORP,905895,7841
TEE.,NATIONAL GOLF PPTYS INC,905897,6798
AWF,ALLIANCEBERNSTEIN GLB HI INC,906013,6726
BPTI,BEST POWER TECHNOLOGY,906054,3620
EQR,EQUITY RESIDENTIAL,906107,6798
ISCX,INDUSTRIAL SCIENTIFIC CORP,906108,3823
TCT,TOWN & COUNTRY TRUST,906110,6798
KTR,KEYSTONE PROPERTY TRUST,906113,6798
TTII.2,TRANSPORT TECH INDS INC-REDH,906114,3714
NVR,NVR INC,906163,1531
SRX,SRA INTERNATIONAL INC,906192,7370
KTEC.1,KEY TECHNOLOGY INC,906193,3550
FCBF.,FCB FINANCIAL CORP,906195,6035
MCO.1,MOTOR COACH INDS INTL  -COM,906196,3711
SBG.2,WESTERN ASST 2008 WRLDWD DLR,906237,6726
MOC.2,MID OCEAN LTD,906247,6331
KICK,HPN HOLDINGS INC,906249,7990
MTMC,MTM TECHNOLOGIES INC,906282,5045
3GPWC,GREAT PINES WATER INC,906285,2086
PIT.1,PAINEWEBBER PREM INTER TF FD,906321,6726
MVP.1,MUNIVEST PA INSD FD,906322,6726
RCI.1,ROC COMMUNITIES INC,906325,6798
RURL,RURAL/METRO CORP,906326,4100
TVGT,TVG TECHNOLOGIES LTD,906332,7373
PILLQ,PROXYMED INC,906337,7374
TARO,TARO PHARMACEUTICL INDS LTD,906338,2834
CPT,CAMDEN PROPERTY TRUST,906345,6798
FFWD,WOOD BANCORP INC,906346,6035
GARI,GENERAL ATLANTIC RES INC,906353,1311
MSEA,METROPOLITAN BANCORP,906357,6035
COSB,CSB FINANCIAL CORP,906391,6035
RFS,RFS HOTEL INVESTORS INC,906408,6798
GFII,GREENFIELD INDS INC/DE,906419,3540
ONEC.1,ONECOMM CORP,906421,4812
VUOC,VU1 CORP,906448,3640
QCRH,QCR HOLDINGS INC,906465,6020
WNG,WASHINGTON GROUP INTL INC,906469,8711
DVC.2,DAVCO RESTAURANTS INC,906471,5812
STCR.,STARCRAFT CORP,906473,3714
FMDAY,FUTUREMEDIA PLC,906476,7370
WNDR,WONDERWARE CORP,906519,7372
DIVE.1,CEANIC CORP,906520,1389
ESFYY,ESPIRITO SANTO FINANCIAL GRP,906522,6020
STNT.1,STANT CORP,906523,3714
HOMH,HOME STATE HOLDINGS INC,906524,6331
MTOH,METROCALL HOLDINGS INC,906525,4812
GRDCY,GRUPO RADIO CENTRO SA DE CV,906526,4832
LUCK.2,LADY LUCK GAMING CORP,906527,7990
BRU.2,BURLINGTON RES COAL SEAM GAS,906547,6792
3DFCUE,DRUMMOND FINANCIAL CP,906549,6153
QRSI,QRS CORP,906551,7372
EKC.1,EK CHOR CHINA MOTORCYCLE CO,906552,6799
BYD,BOYD GAMING CORP,906553,7011
ARWTQ,ARROW TRANSPORTATION CO,906599,4213
HIRI,HI-RISE RECYCLING SYSTEMS,906605,3559
PREF.1,PREFERRED ENTERTAINMENT INC,906606,4841
FFPB,FIRST PALM BEACH BANCORP INC,906608,6035
MGGP,MORGAN GROUP INC  -CL A,906609,4213
DTL.2,DAL-TILE INTERNATIONAL INC,906611,3250
SGHT.1,STARSIGHT TELECAST INC,906612,6794
NKTR,NEKTAR THERAPEUTICS,906709,2834
LZTN,LAZER-TRON CORP,906730,3990
MRSIQ,MRS TECHNOLOGY INC,906768,3559
GCSAY,GRUPO CASA SABA SAB DE CV,906779,5122
NYNY,EMPIRE RESORTS INC,906780,7990
CYDS,CYGNE DESIGNS INC,906782,2330
CGY.1,CAPITAL GUARANTY CORP,906784,6351
OMGR,OMNI INSURANCE GROUP INC,906786,6331
RBOT.1,COMPUTER MOTION INC,906829,3841
ASAM.,ASAHI/AMERICA INC,906873,5070
MBTE,TRANSMEDIA EUROPE INC,906908,7389
SHU.4,SHURGARD STORAGE CTRS  -CL A,906933,6798
NPX,NUVEEN PREM INCM MUNI OPPY,906959,6726
NZPCY,ABANO HEALTHCARE GROUP LTD,907008,1311
PHT.1,MANAGED HIGH YIELD FUND,907015,6726
USCM,USCI INC,907069,4812
CRRP,CORRPRO COMPANIES INC,907072,8711
URB.2,URBAN SHOPPING CENTERS INC,907077,6798
LTCR,LEISURE TIME CASINOS & RESRT,907093,3990
GMED.1,GENEMEDICINE INC,907111,2836
EMED.,MEDCOM USA INC,907127,7373
PTSF,PETSTUFF INC,907147,5990
SRTI,SRTI BLOCKCHAIN GEN INC,907152,3825
MZA.1,MUNIYIELD ARIZ FD INC,907236,6726
3TDKM,TDK MEDIACTIVE INC,907237,7372
MCRI,MONARCH CASINO & RESORT INC,907242,7990
DUAL.1,DUAL DRILLING CO,907245,1381
BFS,SAUL CENTERS INC,907254,6798
APGX,APROGENEX INC,907285,2835
ITMUQ,ITEMUS INC,907358,7370
ESST,ESS TECHNOLOGY INC,907410,3674
3RETNE,RETAIL ENTERTAINMENT GRP INC,907435,9995
CASH,PATHWARD FINANCIAL INC,907471,6020
TDT,TCW/DW TERM TRUST 2000,907472,6726
DYAX,DYAX CORP,907562,2836
VCF,DELAWARE INV CO MUN INCM FD,907573,6726
KAYE,KAYE GROUP INC,907575,6411
SRI.3,SERENPET INC,907582,1311
SIMM,SIMMONS OUTDOOR CORP,907585,5090
MPT.Z,WESTERN ASST MUNI PTNR FD II,907608,6726
FXEN,FX ENERGY INC,907649,1311
ORKA,ORUKA THERAPEUTICS INC,907654,2836
VSMD,VASAMED INC,907658,3841
ACTL.1,ACTEL CORP,907687,3674
SUGN,SUGEN INC,908121,2836
GSG.1,GLOBAL SMALL CAP FUND INC,908158,6726
BZOF,BRAZAURO RESOURCES CORP,908177,1040
LUCY.1,LUCILLE FARMS INC,908179,2020
CCTX,CONCENTREX INC,908180,7372
PCM,PCM FUND INC,908187,6726
DTVN,DTVN HOLDINGS INC,908246,4899
HLTEF,HILAN LTD,908253,7370
BWA,BORGWARNER INC,908255,3714
CSHEF,CHINA ENTERPRISES LTD,908256,7990
TUC.,TUCKER PROPERTIES CORP,908257,6798
CRWFF,CINRAM INTL INCOME FUND,908262,3652
ROKF,RIVER OAKS FURNITURE INC,908309,2510
CMCT,CREATIVE MEDIA & COM TR CORP,908311,6798
AHCC,ARBOR HEALTH CARE CO,908312,8050
FSFC,FIRST SOUTHEAST FINL CORP,908314,6035
WINA,WINMARK CORP,908315,6794
APTX.1,APPAREL TECHNOLOGIES INC,908338,5040
MANU.1,MANUGISTICS GROUP INC,908440,7372
TRIC.,TRI-COUNTY BANCORP INC,908475,6035
FFSL,FIRST INDEPENDENCE CORP/DE,908486,6035
3FFBI,FIRST FINL BANCORP INC/DE,908489,6035
AHSI,AGES HEALTH SERVICES INC,908516,8000
BOGN,BOGEN COMMUNICATIONS INTL,908517,3661
SD.1,SPHERE DRAKE HOLDINGS LTD,908520,6331
ACOM.,A PLUS NETWORK INC,908526,4812
ATRM,ATRM HOLDINGS INC,908598,1520
CSTL.2,CASTELLE,908605,3576
SFXBA,SFX BROADCASTING INC  -CL A,908612,4832
ELEKQ,ELEK-TEK INC,908613,5734
LNY,LANDRYS RESTAURANTS INC,908652,5812
BPIX,BROADCASTING PARTNERS  -CL A,908663,4832
SHIIY,SINOPEC SHANGHAI PETROCHEM,908732,2911
POMH,POLAR MOLECULAR HLDG CORP,908754,6794
SLA,AMERICAN SELECT PORTFOLIO,908785,6726
COHIQ,COHO ENERGY INC,908797,1311
NBTF,NB & T FINANCIAL GROUP INC,908837,6020
BBDA.,BANK OF BERMUDA LTD,908844,6020
SIRI,SIRIUS XM HOLDINGS INC,908937,4832
LEVL.,LEVEL ONE COMMUNICATIONS INC,908985,3674
VKI,INVESCO ADV MUNI INCM TR II,908993,6726
SQM,SOC QUIMICA Y MINERA DE CHI,909037,2810
DHIL,DIAMOND HILL INVESTMENT GRP,909108,6282
PHLY,PHILADELPHIA CONS HLDG CORP,909109,6331
CLP,COLONIAL PROPERTIES TRUST,909111,6798
TEI,TEMPLETON EMERGING MKTS INCM,909112,6726
ONSE,ONSITE ENERGY CORP  -CL A,909171,8711
NXGN.1,NEXGEN INC,909183,3674
TCH.4,TEMPLETON CHINA WORLD FD INC,909226,6726
SAL.2,SENIOR HIGH INCOME PTFL II,909239,6726
CPTV,CAPTIVA SOFTWARE CORP,909276,7372
INBR.1,INBRAND CORP,909278,2670
OKS,ONEOK PARTNERS -LP,909281,4922
MCG.3,MCARTHUR/GLEN REALTY CORP,909283,6798
MRR,MID-ATLANTIC REALTY TRUST,909298,6798
ASYTQ,ASYST TECHNOLOGIES INC,909326,3559
SUZ,SUZANO SA,909327,2600
BUAEY,BAESA-BUENOS AIRES EMBOTELLO,909333,2086
PUODY,PROMOTORA Y OPERADORA DE,909388,1600
PUFF,GRAND HAVANA ENTERPRISE,909483,5812
TCX,TUCOWS INC,909494,7370
NETC.,NETCOM ON-LINE COMM SERVICES,909624,7370
EPIHY,EPI (HOLDINGS) LTD,909678,1311
SKYB,SKYBOX INTL INC,909687,2750
DIAU,DIASONICS ULTRASOUND INC,909722,3845
TLF,TANDY LEATHER FACTORY INC,909724,5990
3BUCK,BUCKHEAD AMERICA CORP,909725,7011
CCSTQ,CONSOLIDATED STAINLESS INC,909726,3312
TMLN,TIMELINE INC,909736,7372
QDRMY,BANCA QUADRUM SA,909739,6153
PFWA,PET FOOD WAREHOUSE INC,909752,5990
HOPR,HOLLY HOLDINGS INC,909753,7990
UTEK,ULTRATECH INC,909791,3559
NETM,NETMANAGE INC,909793,7372
IPCR,IPC HOLDINGS LTD,909815,6331
COST,COSTCO WHOLESALE CORP,909832,5399
AHIZQ,ALLIED HOLDINGS INC,909950,4213
FBAY,FRISCO BAY INDS LTD,909955,3669
ADTC,ADVANCED DEPOSITION TECH INC,909963,3490
OATS,WILD OATS MARKETS INC,909990,5411
BRCOQ,BEARD CO,909992,9995
PAIR.,PAIRGAIN TECHNOLOGIES INC,910032,3661
EBIO.1,EPOCH BIOSCIENCES INC,910057,2836
DDC.1,DETROIT DIESEL CORP,910058,3510
NGI.1,NATIONS GOVT INCM TM TR 2003,910067,6726
HIO,WESTERN ASST HI INCM OPP FND,910068,6726
NGCO,NATIONAL GYPSUM CO,910071,3270
CBRA.1,COBRA GOLF INC,910072,3949
FLG,FLAGSTAR BANK NA,910073,6036
BED,BEDFORD PROPERTY INVESTORS,910079,6798
LXP,LXP INDUSTRIAL TRUST,910108,6798
PRHB.,PACIFIC REHAB & SPORTS MED,910109,8000
PNG.1,PENN-AMERICA GROUP INC,910110,6331
FLNA,FUELNATION INC,910111,5171
ENML,ENAMELON INC,910168,2844
CSBK.1,CAROLINA STHRN BK SPARTN SC,910207,6020
SSMKQ,STYLESITE MARKETING INC,910319,2300
CMEL,CHECKMATE ELECTRS INC,910320,3577
AF,ASTORIA FINANCIAL CORP,910322,6035
MED,MEDIFAST INC,910329,2090
OPVN.,OPENVISION TECHNOLOGIES,910338,7372
VYM.1,DELAWARE INV MIN MUN INC III,910347,6726
NRGG,TRI-LITE INC,910350,3640
ONHN,ONHEALTH NETWORK CO,910391,7370
KESIQ,KENTUCKY ELECTRIC STEEL INC,910394,3312
HAIN,HAIN CELESTIAL GROUP INC,910406,2000
MHMI,MHM SERVICES INC,910408,8000
FRAE,FLOORING AMERICA INC,910468,5700
FDLB,FIDELITY FED BANCORP,910492,6035
DECK,DECKERS OUTDOOR CORP,910521,3140
LEDG,LEDGER CAPITAL CORP,910522,6036
LFPI,LIFEPOINT INC,910523,3826
ADF.1,ACM MANAGED DLR INCOME FD,910524,6726
HTBB,HOMETOWN BUFFET INC,910558,5812
ARMGQ,ARM FINANCIAL GROUP INC-CL A,910562,6311
AQCR,AQUA CARE SYSTEMS INC,910566,3580
GRIP,ROYAL GRIP INC,910568,3060
REG,REGENCY CENTERS CORP,910606,6798
CBL,CBL & ASSOCIATES PPTYS INC,910612,6798
CRARQ,CRESCENT AIRWAYS CORP,910614,4522
3USLNE,US LAN SYSTEMS CORP,910616,7372
NPAF,NATL PICTURE & FRAME,910617,3089
MCOAQ,MONACO COACH CORP,910619,3711
WIKSQ,WICKES INC,910620,5211
KOF,COCA-COLA FEMSA SAB DE CV,910631,2086
DDD,3D SYSTEMS CORP,910638,3559
TLSXF,TELEPANEL SYSTEMS INC,910641,3577
CTLO.1,CATTLEMANS INC,910646,2013
PRL.2,PAUL REVERE CORP,910648,6321
BTIO,BATTERY TECHNOLOGIES INC,910654,6794
NRVHQ,NATIONAL R V HOLDINGS INC,910655,3716
3AVVP,AVIVA PETE INC  -DEP,910659,1311
NAF,PRICE (T ROWE) MEDIA&TELECMS,910671,6726
CAX.1,COMMERCIAL ASSETS INC,910675,6798
WVFC,WVS FINANCIAL CORP,910679,6036
SHSC,SIERRA HOME SERVICE COS INC,910709,6351
JILL.1,J JILL GROUP INC,910721,5621
CRP.2,CARSON PIRIE SCOTT & CO/IL,910723,5311
OAS.1,OASIS RESIDENTIAL INC,910846,6798
LNETQ,LODGENET INTERACTIVE CORP,911002,4899
FRDMQ,FRIEDMANS INC  -CL A,911004,5944
3USDL,U S DIAGNOSTIC INC,911012,8071
VFFC,VIRGINIA FIRST FINANCIAL CP,911033,6035
MINI,MOBILE MINI INC,911109,7359
AHNCQ,ATCHISON CASTING CORP,911115,3320
CNTY,CENTURY CASINOS INC,911147,7990
KDUS,CADUS CORPORATION,911148,6552
MCTIQ,MICRO COMPONENT TECH,911149,3825
EMAKQ,EMAK WORLDWIDE INC,911151,7310
ADSP,ARIEL CORP,911167,3672
CWST,CASELLA WASTE SYS INC  -CL A,911177,4953
CPG.3,CHELSEA PROPERTY GROUP INC,911215,6798
PTN,PALATIN TECHNOLOGIES INC,911216,2836
3KAFE,COUNTRY STAR RESTAURANTS INC,911220,5810
MZA.2,BLACKROCK MNIYLD ARIZ FD INC,911308,6726
MBD.,MUNIBOND INCOME FUND INC,911310,6726
3SCES,SUCCESSORIES INC,911323,2750
GEVA,SYNAGEVA BIOPHARMA CORP,911326,2836
PEX.1,PETROCORP INC,911359,1311
PB.,PANAMERICAN BEVERAGES  -CL A,911360,2086
ALDN,ALADDIN KNOWLEDGE SYSTEM LTD,911364,7373
HGA,HERITAGE US GVT INCOME FUND,911374,6726
PRE.1,PARTNERRE LTD,911421,6331
HWRK,HOTELWORKS.COM INC,911434,7011
3GLAR,GLAS-AIRE INDS GROUP LTD,911441,3714
SFBM,SECURITY BANCORP/MT,911502,6035
COI10,COBRA INDUSTRIES INC,911505,3790
3GSTXQ,GST TELECOMM INC,911522,4813
AQP,AQUILA GAS PIPELINE CORP,911535,4922
AVN.4,AVALON PROPERTIES INC,911536,6798
DUCR,DURACRAFT CORP,911561,3634
HLP.1,HOLOPHANE CORP,911565,3640
OXFD.1,OXFORD RESOURCES CORP  -CL A,911570,7510
VTAIQ,VESTA INSURANCE GROUP INC,911576,6331
SBAS,STARBASE CORP,911577,7372
LVB,STEINWAY MUSICAL INSTRS INC,911583,3931
POYO,POLLO TROPICAL INC,911601,5812
SBLT,SUNBELT COS INC,911623,5211
GLXW,GALAXIWORLD.COM LTD,911625,7370
ULTEQ,ULTIMATE ELECTRONICS INC,911626,5731
TREX.,TRANSNATIONAL RE CORP  -CL A,911628,6331
TGIC,TRIAD GUARANTY INC,911631,6351
BUFE,BUFETE INDUSTRIAL SA,911632,1600
AEC.4,ASSOCIATED ESTATES RLTY CORP,911635,6798
SFSK,SAFESKIN CORP,911636,3060
GDF,WESTERN ASST GLBL PTNRS INCM,911638,6726
HGI.1,HORIZON GROUP INC,911645,6798
KEBI,KENTUCKY ENTERPRISE BANCORP,911646,6035
SDI,STANDARD DIVERSIFIED INC,911649,5190
SPDC,SPEED COMMERCE INC,911650,7370
3HARVE,HARVEY UNIVERSAL INC,911671,2890
ORCI,OPINION RESEARCH CORP,911673,8700
FOCL,FOCAL INC,911684,3841
HLGAF,HOLLINGER INC,911707,2711
3PMRE,PRIME RETAIL INC,911708,6798
GGCC,GRAND GAMING CORP,911760,7990
PRAC,PRODUCTIVITY TECHNOLOGIES CP,911787,3540
3ESHQE,EARTHSHELL CORP,911801,2650
8646B,EMARC INC,911875,7310
3CRTS,GOLDEN SYSTEMS INC,911876,3620
UNCB,UNCLE B'S BAKERY INC,911886,2050
ECNI.,EYECASHNETWORKS INC,911934,7370
GPT.1,GREENPOINT FINANCIAL CORP,911935,6036
RENX.,RENEX CORP,911953,8090
TK,TEEKAY CORPORATION LTD,911971,4412
3OILYF,ODYSSEY PETROLEUM CORP - OLD,911987,1311
VKL,INVESCO VAN KAMPEN SELECT,912022,6726
KEF,KOREA EQUITY FUND INC,912023,6726
ABR.2,ARBOR PROPERTY TRUST,912025,6798
MBEW,MALIBU ENTMT WORLDWIDE INC,912027,7996
TRRU,TORCH ENERGY ROYALTY TRUST,912030,6792
SSPC.1,SEDA SPECIALITY PACKAGING CP,912034,3080
EJD,DEBARTOLO REALTY CORP,912045,6798
CWL.4,CHARTWELL RE CORP,912047,6331
PCCI.1,PACIFIC CREST CAPITAL INC,912048,6020
NHTC,NATURAL HEALTH TRENDS CORP,912061,5122
ITEG,INTEGRACARE INC,912081,8000
USWCQ,U S WIRELESS CORP,912083,4899
IAC.1,IRVINE APARTMENT COMMUNITIES,912084,6798
SYMBA,SYMBOLLON PHARMA INC  -CL A,912086,2836
SOL.3,SOLA INTERNATIONAL INC,912088,3851
SNIFQ,AMERICAN SENSORS INC,912090,3669
MBLMQ,MOBILEMEDIA CORP  -CL A,912091,4812
VIAV,VIAVI SOLUTIONS INC,912093,3661
SUS.2,STORAGE USA INC,912116,6798
ASCA.1,AMERISTAR CASINOS INC,912145,7990
LEGL.1,CO COUNSEL INC,912146,7363
RMT,ROYCE MICRO-CAP TRUST INC,912147,6726
CFK,CE FRANKLIN LTD,912151,5084
FULCF,FULCRUM TECHNOLOGIES INC,912152,7372
HLCO.2,HAWAII LAND & FARMING CO INC,912153,1531
ALFC.1,ALLIED LIFE FINANCIAL CORP,912154,6311
PURS,PURUS INC,912156,9995
CBST,CUBIST PHARMACEUTICALS INC,912183,2834
FBCI.,FIDELITY BANCORP INC/DE,912219,6035
GLR,G & L REALTY CORP,912240,6798
PGICQ,PROGRESSIVE GAMING INTL CORP,912241,9995
MAC,MACERICH CO,912242,6798
SECP,SECURITY CAPITAL CORP/WI,912243,6036
GFSB,GFS BANCORP INC,912244,6035
SHFC,SEVEN HILLS FINANCIAL CORP,912261,6036
TSA,SPORTS AUTHORITY INC,912262,5940
TLB,TALBOTS INC,912263,5621
LD.1,LOUIS DREYFUS NAT GAS CORP,912264,1311
CRLN.,CARELINE INC,912275,4100
TBRL,TIMBER LODGE STEAKHOUSE INC,912287,5812
GCCXQ,GC COMPANIES INC,912295,7830
EVEIQ,EVERGREEN ENERGY INC,912365,9995
CPJ,CHATEAU COMMUNITIES INC,912393,6798
ACBI.1,ATLANTIC CMNTY BANCORP INC,912399,6020
WSTR.1,WESTERFED FINANCIAL CORP,912428,6035
PSBX,PSB HOLDINGS CORP,912430,6036
GES,GUESS INC,912463,2330
UNSW,UNION SWITCH & SIGNAL INC,912464,3743
QCBC,QUAKER CITY BANCORP INC,912465,6035
PML.2,PUTNAM INV GRADE MUNI TR III,912491,6726
CRYFQ,CRYSTALLEX INTERNATIONAL CP,912500,1040
ENIAY,ENEL AMERICAS SA,912505,4911
CYT.1,CYTEC INDUSTRIES INC,912513,2890
NSTM,NOVELSTEM INTERNATIONAL CORP,912544,2836
FTPS,FTP SOFTWARE INC,912548,7372
GRYP.1,GRYPHON HOLDINGS INC,912558,6331
ROCK,GIBRALTAR INDUSTRIES INC,912562,3310
SFFC,STATEFED FINANCIAL CORP,912567,6035
FGLF,RENAISSANCE GOLF PRODS INC,912592,3949
SUI,SUN COMMUNITIES INC,912593,6798
MAA,MID-AMERICA APT CMNTYS INC,912595,6798
PAG.1,PACIFIC GULF PROPERTIES INC,912597,6798
JL.1,J & L SPECIALTY STEEL,912599,3312
AMX.1,ALUMAX INC,912600,3334
AGAM.1,ACRES GAMING INC,912601,3577
RDUS,RADIUS RECYCLING INC,912603,5093
MACE,MACE SECURITY INTL INC,912607,3990
APBL,ATLANTIC PREMIUM BRANDS LTD,912609,5140
CAPS.2,CAPITAL SAVINGS BANCORP INC,912610,6035
KYT,CORPORATE HIGH YIELD FUND II,912612,6726
URBN,URBAN OUTFITTERS INC,912615,5651
NBSI,NORTH BANCSHARES INC,912623,6035
KMBC,KONTRON MOBILE COMPUTING INC,912643,3571
FWRD,FORWARD AIR CORP,912728,4210
GRR,ASIA TIGERS FUND INC,912729,6726
MSY,INVESCO HIGH YIELD INVEST FD,912734,6726
BCL.2,BLC FINANCIAL SERVICES INC,912737,6159
FFLC.1,FFLC BANCORP INC,912738,6035
NFX,OVINTIV EXPLORATION INC,912750,1311
KSBI,KS BANCORP INC,912764,6036
LAUR,LAUREATE EDUCATION INC,912766,8200
UFPI,UFP INDUSTRIES INC,912767,2421
WMAR,WEST MARINE INC,912833,5500
SOPN,FIRST SAVINGS BANCORP/NC,912836,6036
ASTX.,APPLIED SCI & TECH,912842,3559
IDEA,INVENT VENTURES INC,912844,6799
WITM,WITS BASIN PRECIOUS MINERALS,912875,1040
VTAL,VITAL IMAGES INC,912888,7372
TMRK,TERREMARK WORLDWIDE INC,912890,7370
TV,GRUPO TELEVISA SAB,912892,4841
CNT,CENTERPOINT PROPERTIES TRUST,912893,6798
BOLL,BOLLINGER INDUSTRIES INC,912894,3949
GRT,GLIMCHER REALTY TRUST,912898,6798
UTI.1,UTI ENERGY CORP,912899,1381
WSBI.,WSB BANCORP INC,912905,6035
FMXLQ,FOAMEX INTERNATIONAL INC,912908,3086
GBHDQ,GB HOLDINGS INC,912926,7990
RBDSQ,ROBERDS INC,912952,5712
RGTC,REAL GOODS TRADING CORP,912953,5961
HOAM,HEALTHWISE OF AMERICA INC,912955,6324
TIGO,MILLICOM INTL CELLULAR SA,912958,4812
BEAR,VERMONT TEDDY BEAR INC,912960,3942
FBSI,FIRST BANCSHARES INC/MO,912967,6020
BYDSQ,BOYDS WHEELS INC,913007,3714
PSTA,MONTEREY GOURMET FOODS INC,913032,2090
3TTMTE,TOWER TECH INC,913034,3089
AXPH,AXYS PHARMACEUTICALS INC,913056,2834
BBAR,BANCO BBVA ARGENTINA SA,913059,6020
EBY.1,ELSAG BAILEY PROCS AUTOMATN,913060,3823
TVGIA,TV GUIDE INC,913061,4841
MERB,MERRILL MERCHANTS BANCSHARES,913072,6020
AFFX,AFFYMETRIX INC,913077,3826
BDC,BELDEN INC,913142,3670
RNR,RENAISSANCERE HOLDINGS LTD,913144,6331
3MBRWQ,MBC HOLDING CO,913159,2082
3CPTV,CREATIVE PROGRM TECH VENTURE,913160,3944
EXAC,EXACTECH INC,913165,3842
TBA.1,TBA ENTERTAINMENT CORP,913201,7389
WNH,WESTERN NATIONAL CORP,913202,6311
SHOO,MADDEN STEVEN LTD,913241,3140
CAM.2,CAMCO INTERNATIONAL INC,913267,3533
CMCI.,CMC INDUSTRIES INC,913270,3661
3ATEL.,AMERICAN TELECASTING INC,913271,4841
SLXA,SOLEXA INC,913275,2836
CLAR,CLARUS CORP,913277,3949
WDN.1,WALDEN RESIDENTIAL PPTYS INC,913280,6798
WEA.,WESTFIELD AMERICA INC,913283,6798
KARE,KOALA CORP,913285,3949
FRO,FRONTLINE PLC,913290,4412
ALMC,ALIMCO FINANCIAL CORP,913293,6799
WHRC,WHITE RIVER CORP,913338,6411
WAI.1,WESTERN ATLAS INC,913340,1382
CFFI,C&F FINANCIAL CORP,913341,6020
ICS,INVESCO CALIF MUNI SECS,913342,6726
BGMTQ,BROTHERS GOURMET COFF,913344,2090
IMS.3,INVESCO VALUE MUNI SECS,913345,6726
CIGI,COLLIERS INTL GROUP INC,913353,6531
ZZZ1,ASSURED GUARANTY MUNI HLDGS,913357,6351
3TOFF,TATHAM OFFSHORE INC,913358,1381
AFCX,AFC CABLE SYSTEMS INC,913360,3357
ABCRQ,ABC-NACO INC,913364,3460
PMIL,PURINA MILLS INC,913437,2040
CAMH,CAMBRIDGE HEART INC,913443,3845
3MKRR,MK RESOURCES CO,913586,1040
CLHI,CLST HOLDINGS INC,913590,9995
ARCAY,ARCADIS NV,913596,8711
ASNL,ASANTE TECHNOLOGIES INC,913598,3576
ENCD,ENCAD INC,913599,3577
SORT,GUNTHER INTERNATIONAL LTD,913600,3579
SRC.3,SECURITY-CONNECTICUT CORP,913601,6311
CLB.2,COLUMBUS REALTY TRUST,913602,6798
SANG.1,SANGSTAT MEDICAL CORP,913610,2836
BTCA,BACTOLAC PHARMACEUTICAL INC,913614,2834
NADX,NATIONAL DENTEX CORP,913616,8000
3ARBC.,REPUBLIC BANK/CA,913656,6020
ABE,ABERDEEN EMG MKTS SM CO OPPS,913662,6726
TSTRQ,TERRESTAR CORP,913665,4899
TCIX,TOTAL CONTAINMENT INC,913666,3080
UUNT,UUNET TECHNOLOGIES INC,913692,7370
3LMBTE,LAMBERT COMMUNICATIONS INC,913755,4841
VITA.1,ORTHOVITA INC,913756,3841
SNEX,STONEX GROUP INC,913760,6200
THN.1,THERMORETEC CORP,913771,8711
AMRE.1,AMERICAN RECREATION CO HLDGS,913773,3751
CFGI,CROWN FINANCIAL HOLDINGS INC,913781,6211
GBP,GABLES RESIDENTIAL TRUST,913782,6798
LFRGY,LAFARGE SA,913785,3241
CNRG.1,COASTWIDE ENERGY SVCS INC,913851,5171
REPS,REPUBLIC ENGNRD STEELS INC,913883,3312
TQNT,TRIQUINT SEMICONDUCTOR INC,913885,3674
3GAMEE,GAMETEK INC,913887,7372
VS.,VIDEO SERVICES CORP,913888,4899
3GCERE,GROWTH ENVIRONMENTAL INC,913890,8711
GCREF,GCR HOLDINGS LTD,913912,6331
MACR.,MACROMEDIA INC,913949,7372
FLD.3,FULL LINE DISTRIBUTORS INC,913950,5130
FLAR,FLAIR CORP,913953,3564
AZK,AURIZON MINES LTD,913955,1040
TFCE,TFC ENTERPRISES INC,913958,6153
HVY,HARVEYS CASINO RESORTS,914022,7990
SHAW,SHAW GROUP INC,914024,8711
POLY,PLANTRONICS INC,914025,3661
ATLJ,JALATE LTD,914026,2330
PROX.,PROXIM INC,914027,3576
XUS,AMERICAS INCOME TR INC,914034,6726
SBW,WESTERN ASST WORLDWD INCM FD,914035,6726
FLMK,FOILMARK INC,914066,3490
ER,EXECUTIVE RISK INC,914069,6351
PPIH,PERMA-PIPE INTERNATIONAL HOL,914122,3490
MBRG,MIDDLEBURG FINANCIAL CORP,914138,6020
PRKR,PARKERVISION INC,914139,3663
GTAX,GILMAN CIOCIA INC,914142,6211
HUGO.1,HUGOTON ENERGY CORP,914144,1311
UFPT,UFP TECHNOLOGIES INC,914156,3842
DDDP,3-DIMENSIONAL PHARMACEUTICAL,914201,2834
IVZ,INVESCO LTD,914208,6282
CXIPY,COFLEXIP SA,914225,1623
TAR,TELEFONICA DE ARGENTINA SA,914242,4813
FFSI.1,FINANCING FOR SCIENCE INTL,914244,6172
CCIX.1,COMMUNICATIONS CENTRAL INC,914249,4899
QKTN,QUICKTURN DESIGN SYSTEMS INC,914252,3825
SVTV,SVT INC,914271,7370
MDSLF,MEDIS EL LTD,914272,3845
GLFWD.1,WIZ TECHNOLOGY INC,914282,5045
FEIC,FEI CO,914329,3826
SKINY,PHARMA PATCH PLC  -ADR,914336,9995
TCKF.1,F A TUCKER GROUP INC,914371,1731
JAMS,JAMESON INNS INC,914373,6798
OKSB,SOUTHWEST BANCORP INC,914374,6020
DVERQ,DAN RIVER INC  -CL A,914384,2211
GLUX,GREAT LAKES AVIATION LTD,914397,4512
ESYS,ELECSYS CORP,914398,3672
HWCR,HEADWAY CORPORATE RESOURCES,914435,7363
KZL,KERZNER INTERNATIONAL LTD,914444,7990
CNSO.,CONSO INTERNATIONAL CORP,914448,2200
NBIX,NEUROCRINE BIOSCIENCES INC,914475,2836
WTLC,COASTCAST CORP,914479,3949
TSMX.1,TRISM INC,914480,4213
PPGE,PREMIERE PAGE INC,914533,4812
SFN.2,SFN GROUP INC,914536,7363
BOBS,BRAZIL FAST FOOD CORP,914537,5812
NEWI.1,NEW WEST EYEWORKS INC,914538,5990
RPIN,ROTARY POWER INTL INC,914539,8731
BGLS,MANHATTAN BAGEL CO INC,914565,2040
TWOC,TRANS WORLD CORP/NV,914577,7990
MSK.1,GRUPO INDUSTRIAL MASECA,914596,2040
GTD.1,G T GLOBAL DEV MKTS FD INC,914597,6726
AAP.2,AMWAY ASIA PACIFIC LTD,914601,5122
TRUX.1,DEFLECTA-SHIELD CORP,914605,3714
3HAMM,HEALTHCARE AMER INC,914627,8060
3SNAXE,LINCOLN SNACKS CO,914642,2060
CSCQ,CORRECTIONAL SERVICES CORP,914670,8744
XYLN,XYLAN CORP,914698,3576
STCN,STEEL CONNECT INC,914712,7389
MLS.2,MILLS CORP,914713,6798
AML.4,AMLI RESIDENTIAL PPTYS TR,914724,6798
MAL,MALAN REALTY INVESTORS INC,914735,6798
3CWSS,CAI WIRELESS SYSTEMS INC,914749,4841
ILN,ILLINOVA CORP,914755,4931
SHF.1,SCHRODER ASIAN GRWTH FD INC,914764,6726
SFFB,SOUTHERN FINANCIAL BANCORP,914789,6035
WDV,WORLDWIDE DOLLARVEST FD INC,914797,6726
GPF.1,GLOBAL PRIVATIZATION FD INC,914834,6726
SLOT.1,ANCHOR GAMING,914923,7990
CSEP,CONSEP INC,914978,5190
NWIR,NWH INC,915016,6411
GMD920,GRUPO MEXICANO DESARROLLO,915064,1600
PHC.3,PHC INC/MA  -CL A,915127,8060
FRFHF,FAIRFAX FINANCIAL HOLDINGS,915191,6331
HILI.1,HILITE INDUSTRIES INC,915197,3714
CBNJ.1,CARNEGIE BANCORP,915277,6020
BWLK,BOARDWALK CASINO INC,915281,7990
CCRD.1,CONCORD COMMUNICATIONS INC,915290,7372
LKST.,LEUKOSITE INC,915320,2836
WRLS.1,TELULAR CORP,915324,3663
ORYX,ORYX TECHNOLOGY CORP,915355,3612
SGMA,SIGMATRON INTERNATIONAL INC,915358,3672
NXTR,NEXSTAR PHARMACEUTICALS,915359,2834
EMN,EASTMAN CHEMICAL CO,915389,2800
AMFC,AMB FINANCIAL CORP,915393,6020
3CLYS,CATALYST INTERNATIONAL INC,915508,7372
BFPT,BROOKS FIBER PROPERTIES INC,915509,4813
3TDXTC,3DX TECHNOLOGIES INC,915518,1311
3CNEZF,CALL-NET ENTERPRISES  -CL B,915594,4813
GRLFD,GREEN LEAF INNOVATIONS INC,915661,5140
3GZONE,GRAPHIX ZONE INC,915684,7372
RELY.,RELIANCE BANCORP INC,915765,6035
YFCM,YIFAN COMMUNICATIONS INC,915766,9995
SMT.2,SUMMIT PROPERTIES INC,915773,6798
MWT.,MCWHORTER TECHNOLOGIES INC,915775,2821
DSPG,DSP GROUP INC,915778,3663
DAKT,DAKTRONICS INC,915779,3990
RTWI.,RTW INC,915781,6331
QUIZ.1,QUIZNOS CORP,915803,6794
BZH,BEAZER HOMES USA INC,915840,1531
NGF,NATIONS GOVT INC TRM TR 2004,915842,6726
MVAC,MOTORVAC TECHNOLOGIES INC,915846,3559
INGA,INTEGRA INC,915859,8093
PTRY,PANTRY INC,915862,5500
LMSC,LIVE MICROSYSTEMS INC,915866,9995
ALT.3,ALERT CENTRE INC,915867,7380
3CPLX.,CERPLEX INC,915870,7370
SSN.2,SENIOR STRATEGIC INCM FD INC,915886,6726
IMA.2,INVERNESS MEDICAL TECHNOLGY,915901,2835
HRSH,HIRSCH INTL CORP  -CL A,915909,5084
ELTN,ELTRON INTERNATIONAL INC,915910,3579
AVB,AVALONBAY COMMUNITIES INC,915912,6798
ALB,ALBEMARLE CORP,915913,2810
NSTA,ANESTA CORP,915916,2834
APP.1,AMERICAN PAGING INC,916065,4812
CSLX,CSL LIGHTING MFG INC,916068,3640
LFSB,LFS BANCORP INC,916071,6035
ALTC,ALANTEC CORP,916073,3576
MLM,MARTIN MARIETTA MATERIALS,916076,1400
NWCG,NEW WORLD COMM GROUP  -CL A,916083,4833
HNT,HEALTH NET INC,916085,6324
RCS,PIMCO STRATEGIC INCOME FUND,916183,6726
OBBCQ,ORBITTRAVEL.COM CORP,916184,7370
PONE,PROTECTION ONE INC,916230,7380
MTNX,MELTRONIX INC,916232,3674
SNIC,SONIC SOLUTIONS,916235,7372
MAPS.1,MAPINFO CORP,916238,7372
SKYL.2,SKYLINE MULTIMEDIA ENTMT INC,916271,7830
ATOM.1,ATOMIC BURRITO INC,916298,5810
AFF.2,MORGAN STAN AFRICA INV FD,916301,6726
IGEN.,IGEN INC,916304,6794
WEBC,WEBCO INDUSTRIES INC,916314,3317
3OBJS,OBJECTSHARE INC,916354,7372
EFG.1,EMPHESYS FINANCIAL GROUP INC,916356,6324
TSCO,TRACTOR SUPPLY CO,916365,5200
9376B,EMERGING TIGERS FUND INC,916368,6726
DYXC,DIASYS CORP,916380,3826
BRBC,BAY RIDGE BANCORP INC,916391,6035
MFCX,MARSHALLTOWN FINANCIAL CP,916395,6035
MFBC,MFB CORP,916396,6035
SDSK,SOFTDESK INC,916397,7372
PDMI,PARADIGM MEDICAL INDS INC,916444,3845
8356B,CALPINE CORP,916457,4991
SGTN,SOLIGEN TECHNOLOGIES INC,916460,3360
CONE.2,CONESTOGA BANCORP INC,916481,6035
PMFI.,PERPETUAL MIDWEST FINL INC,916482,6035
GTFN,GREAT FINANCIAL CORP,916484,6035
TGSI.1,TRANS GLOBAL SERVICES INC,916485,7363
TCPS.1,TOTAL CONTROL PRODUCTS INC,916502,3823
NWEQ,NORTHWEST EQUITY CORP,916527,6036
ARTX,AROTECH CORP,916529,3690
ENN,EQUITY INNS INC,916530,6798
3OCTA,OCTAGON INC,916538,7363
DAR,DARLING INGREDIENTS INC,916540,2070
OVEN,TURBOCHEF TECHNOLOGIES INC,916545,3580
PERM.1,PERMANENT BANCORP INC,916604,6035
REDF.,REDFED BANCORP INC,916605,6035
TPMI,PERSONNEL MANAGEMENT INC,916606,7363
NELMQ,NATURES ELEMENTS HLDG CORP,916607,5990
CNCD,CONCORD HOLDING CORP,916610,6282
3IVCO.,IVC INDUSTRIES INC,916614,2834
IIF,MORGAN STAN INDIA INVT FUND,916618,6726
EMO.2,TCW/DW EMERGING MKTS OPP TR,916619,6726
MFUN,MORGAN FUNSHARES,916687,6726
DOCS.1,PC DOCS GROUP INTL INC,916691,7372
MSLV,METASOLV INC,916704,7372
DGF,DELAWARE INVST GLOBL DIV INC,916713,6726
MECK.1,MECKLERMEDIA CORP -OLD,916759,7389
HELE,HELEN OF TROY LTD,916789,3634
CHGNF,AES CHINA GENERTG LTD  -CL A,916792,4991
SILC,SILICOM LTD,916793,3576
HBFW,HOME BANCORP,916822,6035
UFMC,UNITED FINANCIAL MTG CORP,916823,6162
3CMTTE,COMET SOFTWARE INTL LTD,916833,7373
AFAS,ARDEN INDUSTRIAL PRODS INC,916835,5072
JDN.2,JDN REALTY CORP,916836,6798
LISB.,LONG ISLAND BANCORP INC,916837,6035
PAA.1,PAN AM CORP/FL,916844,4512
WEC3,INTEGRYS HOLDING INC,916863,4931
SMBC,SOUTHERN MISSOURI BANCP INC,916907,6036
3CWICE,CHILDRENS WONDERLAND INC,916933,8351
VSGN.,VISIGENIC SOFTWARE INC,917062,7372
IFN,INDIA FUND INC,917100,6726
IINV10,INTERACTIVE INVESTOR INTL,917124,7370
QDIN,QUALITY DINING INC,917126,5812
IMI.1,ISTITUTO MOBILIARE ITALIANO,917157,6020
VLDS,VL DISSOLUTION CORP,917173,3679
KTIC,KAYNAR TECHNOLOGIES INC,917193,3452
XPL,SOLITARIO RESOURCES CORP,917225,1000
EQEU,EQUISURE INC,917246,6351
ADC,AGREE REALTY CORP,917251,6798
RNWR.,RAINWIRE PARTNERS INC,917253,9995
RMBS,RAMBUS INC,917273,6794
FMST.1,FINISHMASTER INC,917321,5190
PNTE,POINTE FINANCIAL CORP,917331,6020
SAJFY,SAVIA SA DE CV,917333,100
CGW.3,CRISTALCHILE-CRISTALER CHILE,917335,3221
HLA,HIGHLANDER INCOME FUND INC,917388,6726
MECC,MINNESOTA EDL COMPUTING CORP,917390,7372
TLCM,TELCOM SEMICONDUCTOR INC,917415,3674
ZEUS,OLYMPIC STEEL INC,917470,5051
3EBTI,EBT INTERNATIONAL INC,917471,9995
FARO,FARO TECHNOLOGIES INC,917491,3829
SZF.1,SAFFRON FUND INC,917492,6726
IART,INTEGRA LIFESCIENCES HOLDNGS,917520,3842
RVLT,REVOLUTION LIGHTING TECHNLGS,917523,3640
TALX,TALX CORP,917524,8721
TYW.1,TAIWAN EQUITY FUND INC,917629,6726
CDCO.1,CIDCO INC,917639,3661
CHZ.1,CAREER HORIZONS INC  -VTG,917673,7363
3HPWR,HEALTH POWER INC,917674,6324
MAGI.,MCNAUGHTON APPAREL GROUP INC,917692,2330
NCNXQ,NUCENTRIX BROADBAND NETWORKS,917707,4841
NSA.1,NEW SOUTH AFRICA FUND INC,917715,6726
ICY.,PACKAGED ICE INC,917731,2090
3RIDE,RIDE INC,917734,3949
PNDA,PANDA PROJECT INC,917736,3674
FBCE,FIBERCORE INC,917770,3357
SLAW,UROMED CORP,917821,3842
PXXI,PROPHET 21 INC,917823,7373
VALE,VALE SA,917851,1000
DHOM,DOMINION HOMES INC,917857,1531
FAE,FIDELITY ADVR EMERG ASIA FD,917951,6726
PEET,PEET'S COFFEE & TEA INC,917968,2090
HSKL,HASKEL INTL INC  -CL A,918022,3590
BABC,BARRINGTON BANCORP INC,918023,6035
HSR.1,HI-SHEAR TECHNOLOGY CORP,918027,3760
UCM.2,UNICOM CORP,918040,4911
GLFD,GUILFORD PHARMACEUTICAL INC,918066,2834
FEETQ,JUST FOR FEET INC,918111,5661
NTII,NEUROBIOLOGICAL TECHN INC,918112,9995
AKS,AK STEEL HOLDING CORP,918160,3312
ISTN,INTERSTATE NATL DEALER SVCS,918184,6411
MPAA,MOTORCAR PARTS OF AMER INC,918251,3690
VRI.2,VASTAR RESOURCES INC,918252,1311
SWI.2,SCUDDER WORLD INCM OPTYS FD,918265,6726
KELLQ,KELLSTROM INDUSTRIES INC,918275,5080
3WIRLQ,WIRELESS ONE INC,918358,4841
3207B,INTEGRATED MICRO PRODS  -ADR,918374,3571
3LAFIE,LAFAYETTE INDUSTRIES INC,918377,3651
WGTI,WANDEL & GOLTERMANN TECHS,918381,3825
QLGC,QLOGIC CORP,918386,3570
DVNTF,DIVERSINET CORP,918387,7372
NNBR,NN INC,918541,3562
BISA,BALTIC INTL USA INC,918545,2810
GRVE,GROOVE BOTANICALS INC,918573,3690
RGIDQ,ROUGE INDUSTRIES INC,918577,3312
MAXS,MAXWELL SHOE CO INC  -CL A,918578,3140
GPIC,GAMING PARTNERS INTL CORP,918580,3990
CBRI,CMTSU LIQUIDATION INC,918581,7370
IMRIQ,INTEGRATED MEDICAL RESOURCES,918591,8000
KRSI,KELLY RUSSELL STUDIOS INC,918598,2741
EGO,ELDORADO GOLD CORP,918608,1040
TSSS,TRIPLE S PLASTICS INC,918642,3089
EXP,EAGLE MATERIALS INC,918646,3270
GSNX,GASONICS INTERNATIONAL CORP,918647,3559
CMPI.1,COLD METAL PRODUCTS INC,918653,3310
GLDFY,GOLD FIELDS SO AFRICA,918664,6799
RNE,MORGAN STAN EASTERN EUROPE,918686,6726
EFL.1,WESTERN ASST EMERG MKT FL RT,918708,6726
ACTT.1,ACT TELECONFERENCING INC,918709,4899
TDYH,LAS VEGAS MJR LEAGUE SPORTS,918764,7900
3RPRN,REPTRON ELECTRONICS INC,918765,3672
CAB.2,CAMERON ASHLEY BLDG PROD INC,918858,5030
CELL.1,BRIGHTPOINT INC,918946,5065
CEI.Z.,CRESCENT R E EQUITIES INC,918958,6798
ALRT.1,FIRST ALERT INC,918960,3669
SALX,SALEX HOLDING CORP,918963,6211
ITXN,INTERNATIONAL TEXTLE GRP INC,918964,2211
SCSC,SCANSOURCE INC,918965,5045
DTIIQ,DT INDUSTRIES INC,918999,3559
SRW,SMITH CHARLES E RES RLTY INC,919004,6798
RSVP,PREISS (BYRON) MULTIMEDIA,919005,7372
CENL,CENTENNIAL TECHNOLOGIES INC,919006,3577
SFUN.1,STANDARD FUNDING CORP,919007,6159
HERC,H E R C PRODUCTS INC,919010,7600
AEO,AMERN EAGLE OUTFITTERS INC,919012,5600
WAVXQ,WAVE SYSTEMS CORP  -CL A,919013,7372
BSMD,BIOSPHERE MEDICAL INC,919015,2890
MROC,MONROC INC,919016,3270
PWIR,PALMER WIRELESS INC  -CL A,919044,4812
OMRP,OMNI RAIL PRODUCTS INC,919045,3060
ADAX,APPLIED DIGITAL ACCESS INC,919048,3825
ONSM,ONSTREAM MEDIA CORP,919130,7370
RARE.2,BUGABOO CREEK STEAKHSE INC,919167,5812
3USMD,U S MEDICAL PRODUCTS INC,919168,3842
SVAFF,SCANVEC AMIABLE LTD,919173,7372
3GWLDE,GAMING WORLD INTL LTD,919229,7997
HIFI.1,CAMBRIDGE SOUNDWORKS INC,919234,3651
GG,GOLDCORP INC,919239,1040
OWN.1,OWEN HEALTHCARE INC,919242,5912
WRSI,WOODROAST SYSTEMS INC,919273,5812
USTL,USTEL INC,919274,4813
SKATA,SKYSAT COMM NETWORK  -CL A,919374,3663
BOOT.1,LACROSSE FOOTWEAR INC,919443,3021
PGMXY,PEPSI-GEMEX SA DE CV,919461,2086
HUMC,HUMMINGBIRD LTD,919548,7372
CAB.1,CAPCO AUTOMOTIVE PRODS,919549,3714
NMBS,NIMBUS CD INTERNATIONAL INC,919550,3695
HRBF,HARBOR FEDERAL BANCORP INC,919553,6035
MPO.1,MOTIVEPOWER INDUSTRIES INC,919563,3743
RCG,RENN FUND INC,919567,6726
DME.1,DIME BANCORP INC,919568,6035
EDIN,EDUCATIONAL INSIGHTS INC,919570,3944
STRB,STRASBAUGH,919583,3559
XKEM,XECHEM INTERNATIONAL INC,919611,2836
0573B,QUINTILES TRANSNATIONAL CORP,919623,8731
HHFC,HARVEST HOME FINANCIAL CORP,919624,6036
APO3,CKE RESTAURANTS INC,919628,5812
SPPR.1,SUPERTEL HOSPITALITY INC-OLD,919640,7011
RADA.1,RADICA GAMES LTD,919642,3944
MICN,MICRION CORP,919646,3559
KST,DEUTSCHE STRATEGIC INCOME TR,919708,6726
TENG.1,TRANS ENERGY INC,919721,4922
ASTX.1,ASTEX PHARMACEUTICALS INC,919722,2836
MCBS.1,MID CONTINENT BANCSHARES INC,919740,6035
WSGI,WORLD SURVEILLANCE GROUP INC,919742,3721
DARA,DARA BIOSCIENCES INC,919745,2836
XNET.1,XCELLENET INC,919746,7372
ENLV.1,ENLIVEN MARKETING TECH CORP,919794,7372
CBSA,COASTAL BANCORP INC,919805,6036
APF,MORGAN STAN ASIA PACIFIC FD,919808,6726
MKFCF,MACKENZIE FINANCIAL CORP,919859,6282
CHPP,CHAMPPS ENTERTAINMENT INC,919862,5812
FNWD,FINWARD BANCORP,919864,6020
MOFN,MOVIEFONE INC  -CL A,919867,7900
CRNS,CRONOS GROUP,919869,4700
WBCI,WFS BANCORP INC,919888,6035
TDF,TEMPLETON DRAGON FUND INC,919893,6726
CRF.Z,CORNERSTONE STRATEGIC RTN FD,919898,6726
NSTH,NEWSTATE HOLDINGS INC,919941,6162
MCLD.1,MCLEODUSA INC  -CL A,919943,4813
DVCR,DIVERSICARE HEALTHCARE SVCS,919956,8051
CMCAF.1,COMCAST UK CABLE PRTN  -CL A,919957,4841
BETT,BETTIS CORP,919964,3590
TTRI,THERMO TECH TECHNOLOGIES INC,919965,4953
GSLC.1,GUARANTY FINANCIAL CORP/VA,919967,6020
FSNO,FUSION ROAD INC,919988,6141
NSU,NEVSUN RESOURCES LTD,919991,1000
BOA,BUSH BOAKE ALLEN INC,919998,2860
PCSSQ,PC SERVICE SOURCE INC,919999,5045
FORE.1,FORE SYSTEMS INC,920000,3576
FUSN.,FUSION SYSTEMS CORP,920029,3559
JOSB,JOS A BANK CLOTHIERS INC,920033,2300
3LTWO,LEARN2.COM INC,920038,7372
3VUPDA,VIDEO UPDATE INC  -CL A,920042,7841
RCI.,RENAL CARE GROUP INC,920052,8090
GFIN.1,GAME FINANCIAL CORP,920106,6099
HTLF,HEARTLAND FINANCIAL USA INC,920112,6020
BCN.1,BEACON PROPERTIES CORP,920114,6798
LH,LABCORP HOLDINGS INC,920148,8071
FPAMQ,FPA MEDICAL MGMT INC,920173,8011
ARLCF,AREL COMMUNICATIONS & SFTWR,920214,7373
TNI,TRANSACTION NETWORK SVCS INC,920231,4822
BRKB,BROOKLYN BANCORP INC,920234,6035
CVOVQ,CENVEO INC,920321,2670
MROI,MRO SOFTWARE INC,920354,7372
SSD,SIMPSON MANUFACTURING INC,920371,3420
3OXBME,OPTEX BIOMEDICAL INC,920374,3845
ITG,INVESTMENT TECHNOLOGY GP INC,920424,6211
AECI,AMERICAN ELECTR COMPONENTS,920426,3674
UNTY,UNITY BANCORP INC,920427,6020
BVSN,BROADVISION INC,920448,7370
MTTRQ,METROTRANS CORP,920464,3713
LJPC,LA JOLLA PHARMACEUTICAL CO,920465,2836
3ALRC.,ALTERNATIVE RESOURCES CORP,920521,7363
ESS,ESSEX PROPERTY TRUST,920522,6798
FFEC,FIRST FEDERAL BNCSHS EAU CLR,920526,6035
PSSI,PSS WORLD MEDICAL INC,920527,5047
3PDSHQ,PARADISE HOLDINGS INC,920528,5812
PNTR,POINTER TELOCATION LTD,920532,7389
HZFS,HORIZON FINANCIAL SERVICES,920600,6035
STND.1,STANDARD FINANCIAL INC,920603,6035
OFCP,OTTAWA FINANCIAL CORP,920604,6035
WXH,WINSTON HOTELS INC,920605,6798
MICM,MICOM COMMUNICATIONS CORP,920611,3576
SCCB.,STH CAROLINA CMNTY BNCSHRS,920615,6035
MLBC,ML BANCORP INC,920616,6035
ANCR.1,ANCOR COMMUNICATIONS INC,920636,3576
NTEG,INTEG INC,920645,3841
3TRPS,TRIPOS INC,920691,7372
MMUS,MAKEMUSIC INC,920707,7372
DLV.1,U S DELIVERY SYSTEMS INC,920755,4210
MKS.3,MIKASA INC,920758,3260
LEN,LENNAR CORP,920760,1531
WOFC,WESTERN OHIO FINL CORP,920769,6035
FKFC,FIRST KENT FINANCIAL CORP,920770,6035
GVE,GROVE PROPERTY TRUST,920776,6798
AQIS,AQUIS COMMUNICATIONS INC,920854,4812
FSBF,FSB FINANCIAL CORP,920856,6035
MINT.1,MICRO-INTEGRATION CORP,920863,7373
BCBF.1,BCB FINANCIAL SERVICES CORP,920865,6020
BOYD.,BOYD BROS TRANSPORTATION INC,920907,4213
AVRT,AVERT INC,920909,7370
INDG.1,INDIGO NV,920910,3555
CINRB,CINAR CORP  -CL B,920913,7812
RRI.2,RED ROOF INNS INC,920941,7011
PFSB.,PENNFED FINANCIAL SVCS INC,920945,6035
NFLDQ,NORTHFIELD LABORATORIES INC,920947,2836
EMLTF,EMCO LTD,920982,5070
ATSW,ATRIA SOFTWARE INC,920984,7372
ABRX.,ABR INFORMATION SERVICES INC,920985,6411
TBFC.1,TELEBANC FINANCIAL CORP,920986,6035
WOWI,METRO ONE TELECOMM INC,920990,7372
TFRC,TECHFORCE CORP,920992,7373
MITY,MITY ENTERPRISES INC,921030,2522
PRTV,POSITIVE RESPONSE TELEVISION,921044,5961
3OWOS,OWOSSO CORP,921046,3621
THRD.1,TF FINANCIAL CORP,921051,6036
HIW,HIGHWOODS PROPERTIES INC,921082,6798
NBM.1,NATIONS BALANCD TARGT MAT FD,921083,6726
CCBN,CENTRAL COAST BANCORP,921085,6020
LPT,LIBERTY PROPERTY TRUST,921112,6798
ARMP,ARMATA PHARMACEUTICALS INC,921114,2836
ASND.1,ASCEND COMMUNICATIONS INC,921146,3576
CCSC.1,COHERENT COMMUNICATIONS SYS,921147,3661
CTA.1,CASTECH ALUMINUM GROUP,921150,3350
HMNF,HMN FINANCIAL INC,921183,6035
IOWA,IOWA BANCORP INC,921184,6035
MGB,MORGAN STAN GLBL OPTY BD FD,921187,6726
KYNB,KYNTRA BIO INC,921299,2836
WAVE.1,WAVEFRONT TECHNOLOGIES INC,921301,7372
VCST,VIEWCAST.COM INC,921313,3663
THBC,TROY HILL BANCORP INC,921363,6035
MERX,MERIX CORP,921365,3672
VFLX,VARIFLEX INC,921366,3949
CLTDF,COMPUTALOG LTD,921433,1389
BFSB.1,BEDFORD BANCSHARES INC,921435,6035
PDSG,PDS GAMING CORP,921438,7359
ZMTX,ZYMETX INC,921439,2835
SLIC,SEMICONDUCTOR LASER INTL CP,921445,3674
CGX,CONSOLIDATED GRAPHICS INC,921500,2750
BTH,BLYTH INC,921503,3990
CVTX,CV THERAPEUTICS INC,921506,2836
ERDIQ,ERD WASTE CORP,921512,4953
HEOP,HERITAGE OAKS BANCORP,921547,6020
TRMAQ,TRICO MARINE SERVICES INC,921549,4400
3MODL,MODEL IMPERIAL INC,921550,5122
RBCAA,REPUBLIC BANCORP INC/KY,921557,6020
KBKC,KBK CAPITAL CORP,921559,6153
INRSA,INTERIORS INC  -CL A,921563,9995
JEBC,JEFFERSON BANCORP INC/LA,921581,6035
IMAX,IMAX CORP,921582,3861
CGRO.1,CROP GROWERS CORP,921584,6411
VYFC,VALLEY FINANCIAL CORP,921590,6020
CDOC.,COMPANY DOCTOR,921612,8011
3FRES,FRESH AMERICA CORP,921614,5140
CCMZ,PACIFICAMERICA MONEY CENTER,921623,9995
SSRM,SSR MINING INC,921638,1040
GGT,GABELLI MULTIMEDIA TRUST INC,921671,6726
CDRB.1,CHILDROBICS INC,921685,3990
KCP,COLE KENNETH PROD INC  -CL A,921691,3140
LVSB,LAKEVIEW FINANCIAL CORP,921692,6036
PENN,PENN ENTERTAINMENT INC,921738,7990
CITC.,CITADEL COMMUNICATIONS CORP,921742,4832
PAO.1,PARAGON GROUP INC,921744,6798
BKCT.,BANCORP CONN INC,921746,6036
3IPIDZ,IPI INC,921753,6794
GLD.2,SANTA FE PACIFIC GOLD CORP,921754,1040
GLFE.,GOLF ENTERPRISES INC,921756,7990
CCT.1,CAPSTONE CAPITAL CORP,921767,6798
BBX.2,BBX CAPITAL CORP -OLD,921768,6035
FR,FIRST INDL REALTY TRUST INC,921825,6798
HCBK,HUDSON CITY BANCORP INC,921847,6035
EFCW,EAGLE FINANCE CORP,921863,6141
FMRX,FAMILYMEDS GROUP INC,921878,5122
ACLR,ACCENT COLOR SCIENCES INC,921898,3577
RAWL,RAWLINGS SPORTING GOODS INC,921915,3949
AAH,AMBASSADOR APARTMENTS INC,921946,6798
3MISAF,AERTE GROUP PLC,921947,5013
PECN,PHOTOELECTRON CORP,921960,3844
WIDE,WIDECOM GROUP INC,922023,3661
EFBI.1,ENTERPRISE FED BANCORP INC,922036,6035
VITK,FUTUREBIOTICS INC,922200,5122
RFMI,RF MONOLITHICS INC,922204,3663
PPL,PPL CORP,922224,4911
3399B,ISS WORLD SERVICES A/S,922226,7340
ENVS,ENOVA SYSTEMS INC,922237,3714
MSBK,MAIN STREET BANKS INC,922244,6020
CYTH,CYCLO THERAPEUTICS INC,922247,2836
FUSA,FOTOBALL USA INC,922251,3949
AMFB,AMERICAN FSB GREENVILLE SC,922265,6035
NCMV,GEOWORKS CORP,922285,9995
CSE.3,CASE CORP,922321,3523
SBLK.1,SEABULK INTERNATIONAL INC,922341,4400
CBJ.1,CAMBIOR INC,922354,1040
FGPR,FERRELLGAS PARTNERS  -LP,922358,5900
GCHI,GIANT CEMENT HOLDING INC,922405,3241
BDGPA,BUDGET GROUP INC  -CL A,922471,7510
ESINQ,ITT EDUCATIONAL SERVICES INC,922475,8200
RBPAA,ROYAL BANCSHARES/PA  -CL A,922487,6020
3TKSSE,TECHSYS INC,922488,7200
HSP.,HISPANIC BROADCASTING  -CL A,922503,4832
VRONY,VIDEOTRON HOLDINGS PLC  -ADR,922515,4841
CINE,CINERGI PICTURES ENTMT INC,922519,7812
OVID.1,OVID TECHNOLOGIES INC,922520,7370
FALC,FALCONSTOR SOFTWARE INC,922521,7373
MTBN,MOUNTBATTEN INC,922597,6351
SMIT,SCHMITT INDUSTRIES INC/OR,922612,3823
ERIE,ERIE INDEMNITY CO,922621,6411
AJL,AMWAY JAPAN LTD,922624,5122
ZICA,ZI CORP,922658,7372
UNMG,UNIMARK GROUP INC,922712,2030
CHDX,CHINDEX INTL INC,922717,8062
MEDP.,MEDPLUS INC/OH,922723,3577
GEER,GEERLINGS & WADE INC,922810,5961
TRAC,TRACK DATA CORP,922811,6200
AHMS,AMERICAN HOMESTAR CORP,922812,2452
VBAC,VIRBAC CORP,922814,2834
3WHMI,WELCOME HOME INC,922817,5700
ONM,ONCORMED INC,922821,8071
STON.1,GREENSTONE INDUSTRIES INC,922862,2670
QLTY.1,QUALITY DISTRIBUTION INC,922863,4213
AIV,APARTMENT INVST & MGMT CO,922864,6798
ITGR.1,INTEGRITY MEDIA INC,922865,3652
CRLC,CARLYLE GOLF INC,922867,2320
NESCQ.,NESCO INC,922868,1600
3MINSF,MINISTOR PERIPHERALS INTL,922871,3572
MSNS,MEDISENSE INC,922872,2835
STAF.1,CAREERSTAFF UNLIMITED,922888,7363
SILWF,SILENT WITNESS ENTERPRISES,922932,3669
NCX,NOVA CHEMICALS CORP,922960,2860
TRNDQ,TREND-LINES INC  -CL A,922978,5200
THTX.1,THERATX INC,922980,8051
NWCA,NEWCARE HEALTH CORP,923020,8051
HME,HOME PROPERTIES INC,923118,6798
GBX,GREENBRIER COS INC (THE),923120,3743
FFIC,FLUSHING FINANCIAL CORP,923139,6020
CSIS,CSI COMPUTER SPECIALISTS INC,923141,7370
MRSA.,MARISA CHRISTINA,923149,2253
TRCK.1,TRUCK COMPONENTS INC,923151,3714
UNLA,UNILAVA CORP,923168,4899
GMST,GEMSTAR-TV GUIDE INTL INC,923282,4841
IRC,INLAND REAL ESTATE CORP,923284,6798
FB.2,FALCON BLDG PRODS INC  -CL A,923286,3440
WCBO.,WEST COAST BANCORP/OR  -OLD,923336,6020
GRDG.1,GARDEN RIDGE CORP,923408,5990
PMTS.1,PMT SERVICES INC,923410,7389
TREE.,DOUBLETREE CORP,923472,7011
PHHMQ,PALM HARBOR HOMES INC,923473,2452
COOPQ,COOPERATIVE BANKSHARES INC,923529,6020
USX,US XPRESS ENTRPRS INC,923571,4210
RIME,ALGORHYTHM HOLDINGS INC,923601,3651
FCH,FELCOR LODGING TRUST INC,923603,6798
AQUX,AQUAGENIX INC,923604,4950
HAPY.1,HAPPINESS EXPRESS INC,923662,3944
DOMR,DOMINION RES BLACK WARRIOR,923680,6792
SCZ.3,SECURITY CAP GRP INC  -CL B,923687,6799
PHXYE,PHOENIX SHANNON PLC  -ADR,923794,3843
GEO,GEO GROUP INC,923796,8744
MACC.,MACC PRIVATE EQUITIES INC,923808,6799
FLRO,FLUOROSCAN IMAGING SYS INC,923855,3844
IIONQ,ION MEDIA NETWORKS INC,923877,4833
MDLIZ,MEDICALOGIC/MEDSCAPE INC,923899,9995
CVTL,CONVERSION TECHNOLOGIES INTL,923978,3231
MVCO,METAVESCO INC,924095,6726
3OSEE,OSE USA INC,924101,5065
DSYT,DORSEY TRAILERS INC,924117,3715
GADZQ,GADZOOKS INC,924140,5651
BGF.1,BIG FLOWER HOLDINGS INC,924146,2750
EFOI,ENERGY FOCUS INC,924168,3640
3CRHEQ,CORAM HEALTHCARE CORP,924174,8082
FFFC.,FFVA FINANCIAL CORP,924285,6035
FFHH,FSF FINANCIAL CORP,924370,6035
SCYL,SPORTS CLUB CO INC,924373,7990
CHSWQ,CHS ELECTRONICS INC,924374,5045
GTRNQ,GREAT TRAIN STORE CO,924380,5945
GNSS,GENASYS INC,924383,3651
TRDO,INTRADO INC,924505,7374
GTHP,GUIDED THERAPEUTICS INC,924515,3845
NOK,NOKIA OYJ,924613,3663
IFCIQ,INTL FIBERCOM INC,924632,3357
ERHOQ,ERNST HOME CENTER INC,924635,5200
MDA.2,MEDIA ARTS GROUP INC,924645,2750
MPS,MPS GROUP INC,924646,7363
CAST.1,CITATION CORP/AL,924648,3320
RBO,RIBOGENE INC,924654,2836
SCA.1,SECURITY CAP ATLANTIC INC,924664,6798
JANNF,JANNOCK LTD,924677,3440
SRDX,SURMODICS INC,924717,6794
SMID,SMITH-MIDLAND CORP,924719,3272
INZ910,INA-ISTITUTO NAZ ASSICURAZ,924767,6311
ALNK,AMERILINK CORP,924774,1623
FRHC,FREEDOM HOLDING CORP,924805,6211
MLR,MILLER INDUSTRIES INC/TN,924822,3713
PMTR.1,PEMSTAR INC,924829,3670
TVLI,TIVOLI INDUSTRIES INC,924835,3640
ALGO,ALGOS PHARMACEUTICAL CORP,924862,2834
BREW.,ROCK BOTTOM RESTAURANTS INC,924896,5812
CLNT.,CLEARNET COMMUN INC  -CL A,924900,4812
VRE,VERIS RESIDENTIAL INC,924901,6798
RAIN.1,RAINFOREST CAFE INC,924919,5812
TCPI.1,TCPI INC,924921,2835
LLF,LATIN AMERICA SMALLER COS FD,924926,6726
DTPI,DIAMOND MANAGEMENT & TECHNL,924940,8742
GITN,GLOBAL ITECHNOLOGY INC,925004,4899
IFTI,IONIC FUEL TECHNOLOGY INC,925006,3564
EKT,GRUPO ELEKTRA SA DE CV,925050,5331
LABZ,LABORATORY SPECIALISTS AMER,925052,8071
SPCT.2,SPECTRIAN CORP,925054,3663
MBTA,TRANSMEDIA ASIA PACIFIC INC,925063,7389
IMMI.1,INPHYNET MED MGMT INC,925170,7363
3MKRHZ,MKR HOLDINGS,925172,9995
3CVTAE,CORVITA CORP,925174,3842
MVGRQ,MOVIE GALLERY INC,925178,7841
DES.2,KUO SAB DE CV,925259,9997
TMC.3,TIMES MIRROR CO  -SER A,925260,2711
AKO.B,EMBOTELLADORA ANDINA SA,925261,2086
CDG,BIO PAPPEL SAB DE CV DE,925262,2631
EWR,EVANS WITHYCOMBE RESIDENTIAL,925267,6798
XMIT,OMNIAMERICA INC,925269,1623
ONTC.,ON TECHNOLOGY CORP,925288,7372
BCMPY,BELL CABLEMEDIA PLC  -ADR,925436,4841
SBKCQ,SECURITY BANK CORP,925464,6020
SEEC,SEEC INC,925524,7372
CGYRF,CHINA ENERGY RESOURCES CORP,925527,1220
HDSN,HUDSON TECHNOLOGIES INC,925528,5070
LORX,LORONIX INFORMATION SYS INC,925538,7373
SIRNQ,SIRENA APPAREL GROUP INC,925543,2330
PGDA,PIERCING PAGODA,925544,5944
TWRAQ,TOWER AUTOMOTIVE INC,925548,3460
WKS,WEEKS CORP,925558,6798
GNCN,GORAN CAPITAL INC,925600,6331
CCMTF,CABLETEL COMMUNICATIONS CORP,925601,5063
CMTI,COMMUNITY MEDICAL TRANSPORT,925602,4100
ROLL.1,ROLLERBALL INTERNATIONAL INC,925610,3949
CETV,CENTRAL EUROPEAN MEDIA,925645,4833
TGN.1,TRIGEN ENERGY CORP,925655,4961
3AGROE,AMERICAS GROWTH FUND INC,925677,6726
BTO,HANCOCK (JOHN) FINL OPPTY FD,925683,6726
RHPS,R H PHILLIPS INC,925712,2084
KWGBF,CANADIAN CHROME COMPANY INC,925721,1000
MFFC,MILTON FEDERAL FINANCIAL CP,925722,6035
BCDA,BIOCARDIA INC,925741,2836
AFLX,ADFLEX SOLUTIONS INC,925743,3678
HIRU,HIRU CORP,925779,5812
WAVT,WAVE TECHNOLOGIES INTL INC,925869,2731
NNBP,NANOBAC PHARMACEUTICAL INC,925894,2835
MOKA,COFFEE PEOPLE INC,925908,2090
TSCPQ,TELSCAPE INTERNATIONAL INC,925928,4899
ZEI,ZEIGLER COAL HOLDING CO,925942,1220
TIXC,TIX CORP,925956,7990
SZB,SOUTHFIRST BANCSHARES INC,925963,6035
SH.3,SHANDONG HUANENG POWER DEV,925964,4911
SYS.3,STERILE CONCEPTS HOLDING INC,925966,3841
PTPIY,CHANDRA ASRI PETROCHEMICAL,926008,2821
OMKT,OPEN MARKET INC,926019,7372
LIFB,LIFE BANCORP INC,926039,6035
TTM,TATA MOTORS PASSENGER,926042,3711
CHR.2,AES ANDES SA,926075,4911
PCBS,PROVIDENT COMMUN BANCSHS INC,926164,6020
BBHF,BARBERS HAIRSTYLING FOR MEN,926202,5122
PMGI,PRIME MANAGEMENT GROUP INC,926234,6531
SOLP,SOLOMON-PAGE GROUP LTD,926259,7363
ADTN,ADTRAN HOLDINGS INC,926282,3661
BRAI,BOSTON RESTAURANT ASSOC INC,926295,5812
3FMACQ.,FIRST MERCHANTS ACCEP CORP,926296,6159
OMCL,OMNICELL INC,926326,3559
VIZY,VIZACOM INC,926331,7372
GSMI,NORTHEAST DIGITAL NETWORKS,926366,4812
MIND,MIND TECHNOLOGY INC,926423,3829
FAK,FIDELITY ADVISOR KOREA FD,926431,6726
3MSPOE,MERIDIAN SPORTS INC,926474,3730
MFN,MINEFINDERS CORP LTD,926479,1040
GCM,GREENWICH STREET CA MUNI FD,926505,6726
3CNYB.,CENTURY BUILDERS GROUP INC,926613,1531
AWHL,ASPIRA WOMENS HEALTH INC,926617,2835
LBC.1,LABORATORIO CHILE SA,926683,2834
ASVI,A S V INC,926763,3531
HLMS,HOLMES PROTECTION GROUP INC,926764,7380
FBDS,FUSS BRANDS CORP,926844,9995
3DSYS,DATA SYSTEMS NETWORK CORP,926849,7373
FRW.1,FIRST WASHINGTON RLTY TR INC,926861,6798
EOCCY,ENEL GENERACION CHILE SA,926864,4911
KPA,INNKEEPERS USA TRUST,926866,6798
ALAB.1,ALABAMA NATL BANCORPORATION,926966,6020
FRBW,FREDERICK BREWING CO,926978,2082
AEIS,ADVANCED ENERGY INDS INC,927003,3679
DVA,DAVITA INC,927066,8090
AMV.3,AMERIVEST PROPERTIES INC,927102,6798
PSCM.,PROFESSIONAL SPORTS CARE MGM,927122,8000
CGFW,CYBERGUARD CORP,927133,7372
FFML,FIRST FAMILY FINANCIAL CORP,927313,6035
TESS,TESSCO TECHNOLOGIES INC,927355,5065
PRIA,PRI AUTOMATION INC,927362,3559
3POLGA,POLYMER GROUP INC,927417,2200
3CENMF,CENTRAL MINERA CORP,927426,1040
ADSV,ALLIED SECURITY INNOVATIONS,927454,2670
CDCM,CAREDATA.COM INC,927456,7370
SRTR,SENIOR TOUR PLAYERS DEVL INC,927471,7990
NHLI,NOUVEAU HOLDINGS LTD,927558,4100
AOG.3,ALBERTA ENERGY CO LTD,927600,1311
COF,CAPITAL ONE FINANCIAL CORP,927628,6141
3PLCOE,PLAY CO TOYS & ENTMT CORP,927643,5945
MCK,MCKESSON CORP,927653,5122
BFCX,BENSON FINANCIAL CORP,927717,6020
SBSAA,SPANISH BROADCASTING SYS INC,927720,4832
SOUDQ,STROUDS INC,927760,5700
MYMX,MYMETICS CORP,927761,2836
BSST,BABY SUPERSTORE INC,927806,5600
IBCA.1,INTERVEST BANCSHARES CORP,927807,6020
ASHEE,ASCHE TRANSPORTATION SVCS,927809,4213
EME.2,FORGN&CLNL EMRG MDDL EAST FD,927810,6726
NTMD,NITROMED INC,927829,2834
3ICNIE,INTEGRATED COMMUN NETWRK INC,927856,7812
AWGI.2,ALDERWOODS GROUP INC,927914,7200
SNM.1,SINTER METALS INC  -CL A,927970,3714
BMO,BANK OF MONTREAL,927971,6020
MRB,METALLICA RESOURCES INC,927993,1040
CPE,CALLON PETROLEUM CO/DE,928022,1311
FTK,FLOTEK INDUSTRIES INC,928054,2810
UOUT,UNIVERSAL OUTDOOR HLDGS INC,928063,7310
FTHR,FEATHERLITE INC,928064,3715
3MMRIE,MACHEEZMO MOUSE RESTAURANTS,928065,5812
EQU.1,EQUITY CORP INTERNATIONAL,928155,7200
CTFC,CENTRAL TRACTOR FARM & CTRY,928156,5200
CWCO,CONSOLIDATED WATER CO INC,928340,4941
GSB.2,GOLDEN STATE BANCORP INC,928358,6035
SMSMY,SIMS LTD,928366,3341
UFS.1,U S FOODSERVICE INC,928395,5141
LTTO10,LOTTO WORLD INC,928403,2721
COHT,COHESANT TECHNOLOGIES INC,928420,3560
MTSN,MATTSON TECHNOLOGY INC,928421,3559
WCSTF,WESCAST INDUSTRIES  -CL A,928422,3714
EQUUS,EQUUS GAMING CO  -LP,928423,7948
PURT.,PURETEC CORP,928451,3050
DIT,AMCON DISTRIBUTING CO,928465,5190
CMAX.,CABLEMAXX HOLDINGS INC,928507,4841
PVFC,PVF CAPITAL CORP,928592,6035
DCR.2,DUFF & PHELPS CREDIT RTNG CO,928599,7323
AMO.2,ALLIANCE ALL-MKT ADVANTGE FD,928609,6726
CVLG,COVENANT LOGISTICS GROUP INC,928658,4213
TLLEQ,TELETOUCH COMMUNICATIONS INC,928659,4812
3BWPSY,SCOTIABANK PERU SA,928663,6020
KHLR,KAHLER REALTY CORP,928697,7011
SEA.2,STORAGE TRUST REALTY,928735,6798
SNSR.,CONTROL DEVICES INC,928737,3613
BOBJY,BUSINESS OBJECTS SA,928753,7372
EEEUF,ESPRIT ENERGY TRUST,928810,1311
TSEM,TOWER SEMICONDUCTOR LTD,928876,3674
ORTL,ORTEL CORP,928878,3663
FLSCQ,FLORSHEIM GROUP INC,928908,3140
CASB,CASCADE FINANCIAL CORP,928911,6020
CSI.1,CHASE INDUSTRIES INC,928950,3350
PRLEQ,PILLARSTONE CAPITAL REIT,928953,6512
A.1,ASTRA AB,928966,2834
WCC,WESCO INTL INC,929008,5063
PFCO,PAULA FINANCIAL/DE,929031,6331
THOM,THOMPSON PBE INC,929035,5190
EDEL,EDELBROCK CORP,929037,3714
HNPIY,HUANENG POWER INTERNATIONAL,929058,4911
SMEV,5TH AVE CHANNEL CORP,929061,5122
SPO.,SALOMON PHIBRO OIL TR,929180,6726
FMR,FIRST MERCURY FINANCIAL CORP,929186,6331
3RPIA,RESURGENCE PROPERTIES INC,929223,6512
MTMD,MICROTEK MEDICAL HLDGS INC,929299,3089
ASIL.,ALCOHOL SENSORS INTL LTD,929313,3829
OMX.1,OFFICEMAX INC-OLD,929428,5940
GLB.1,GLENBOROUGH REALTY TRUST INC,929454,6798
EPIC.,EPIC DESIGN TECHNOLOGY INC,929457,7372
TSA.Z,SPORTS AUTHORITY INC-OLD,929470,5940
3TMXIQ,THERMATRIX INC,929473,3567
PBBSF.1,PACIFIC BASIN BLK SHIPNG LTD,929522,4412
3KTAXE,KAYE KOTTS ASSOCIATES INC,929528,8111
USAM.,USA MOBILE COMM HLDGS  -CL A,929544,4812
CDOR,CONDOR HOSPITALITY TR INC,929545,6798
DSTR,DUALSTAR TECHNOLOGIES CORP,929546,1700
INKP,INKINE PHARMACEUTICAL CO INC,929547,2834
ORPH.,ORPHAN MEDICAL INC,929548,2834
FOBC,FED ONE BANCORP INC,929549,6035
FFBT,EAST TEXAS FINL SERVICES INC,929646,6035
PLRE,PRICE LEGACY CORP,929647,6798
CNRSQ,CORNERSTONE INTERNET SOLTNS,929648,7370
GNMP,GENERAL CHEMICAL GROUP INC,929697,2810
PTINY,PT INDOSAT OOREDOO HUTCHISON,929700,4812
TNTX,T-NETIX INC,929757,4899
TNIS,TANISYS TECHNOLOGY INC,929775,3825
THS.,THERMOSPECTRA CORP,929807,3822
ISNR,INTEGRATED SENSOR SOLUTIONS,929846,3674
RELX,RELX PLC,929869,2721
RENX.2,RELX NV,929872,2721
APOL,APOLLO EDUCATION GROUP INC,929887,8200
VIDA.,VIDAMED INC,929900,3841
CHRT.,CHARTWELL LEISURE INC,929929,7011
FGCIQ,FAMILY GOLF CENTERS INC,929941,7990
GDT,GUIDANT CORP,929987,3841
ALC.3,ASSISTED LIVING CONCEPTS INC,929994,8300
IMIIQ,INTELLIGENT MED IMAGING INC,930090,3826
EDEN.1,EDEN BIOSCIENCE CORP,930095,2870
3GJCOE,GAYLORD COMPANIES INC,930114,5940
RTO,RENTOKIL INITIAL PLC,930157,7340
EXSO,CONSOLIDATED ECO-SYSTEMS INC,930159,4955
FKKY,FRANKFORT FIRST BANCORP INC,930182,6035
VRX.1,VALEANT PHARMACEUTICALS -OLD,930184,2834
CKFB,CKF BANCORP INC,930203,6035
RWT,REDWOOD TRUST INC,930236,6798
WPACQ,WESTERN PACIFIC AIRLINES INC,930239,4512
CSAOY,TELMEX CORP SA,930242,4813
AASP,AGASSI SPORTS ENTERTAIN CORP,930245,9995
CIBN,COMMUNITY INVS BANCORP INC,930277,6035
ARANY,ARAN ENERGY PLC,930278,1311
DEG,DELHAIZE GROUP - ETS DLHZ FR,930309,5411
TWIN.,TWIN CITY BANCORP INC,930373,6035
LSBI,LSB FINANCIAL CORP,930405,6035
KFRC,KFORCE INC,930420,7363
MBBC.,MONTEREY BAY BANCORP INC,930429,6035
NWST,NEWSTAR MEDIA INC,930436,3652
3SMPX,SYMPHONIX DEVICES INC,930481,3842
MSBF.1,MSB FINANCIAL INC,930541,6035
ILXI,INTERLOGIX INC,930542,3669
VCOYY,VINA CONCHA Y TORO SA,930543,2084
RA.1,RECKSON ASSOCS REALTY CORP,930548,6798
ISTA,ISTA PHARMACEUTICALS INC,930553,2834
ORRA,ORBIT SEMICONDUCTOR INC,930599,3674
PHYN,PHYSICIAN RELIANCE NETWORK,930610,8011
WEST.2,WESTERN SIZZLIN CORP,930686,5812
ADYNF.1,ANDYNE COMPUTING LTD,930708,7372
3CRPP,CROWN PACIFIC PARTNERS  -LP,930735,2421
WWCA.,WESTERN WIRELESS CORP  -CL A,930738,4812
ECIA,ENCISION INC,930775,3845
BIKEQ,CANNONDALE CORP,930795,3751
JQH,HAMMONS JOHN Q HOTELS  -CL A,930796,7011
HAUP,HAUPPAUGE DIGITAL INC,930803,3577
TRF,TEMPLETON RUSSIA & E EURO FD,930828,6726
SJSB,SJS BANCORP INC,930836,6035
FRAC.1,FRACTAL DESIGN CORP,930884,7372
DCTM,DOCUMENTUM INC,930885,7372
PII,POLARIS INC,931015,3790
LNTV,LIN TELEVISION CORP,931058,4833
RNVA,RENNOVA HEALTH INC,931059,8062
GWBC.1,GATEWAY BANCORP INC/KY,931066,6035
MGS.2,METROGAS SA,931069,4924
THLC,TELEHUBLINK CORP,931073,7389
PCBC.1,PERRY COUNTY FINANCIAL CORP,931074,6035
LUXYQ,CINEMASTAR LUXURY THEATERS,931085,7830
BPTM.,BRIDGEPORT MACHINES INC,931125,3541
EAF,GRAFTECH INTERNATIONAL LTD,931148,3620
IVIAF,INTL VERIFACT INC,931154,3578
AGRPA,ASSOCIATED GROUP INC  -CL A,931183,4812
DFODQ,DEAN FOODS CO,931336,2020
TGS,TRANSPORTADORA DE GAS DEL SU,931427,1311
BGA,BBVA COLUMBIA SA,931428,6020
UVSLQ,UNIVERSAL AUTOMOTIVE INDS,931457,3714
KTIE,KTI INC,931581,4991
EPP.1,ENRON GLOBAL PWR & PIPELINES,931583,8711
USAP,UNVL STAINLESS & ALLOY PRODS,931584,3312
PVD,ADMINISTRADORA DE FONDOS DE,931588,6199
VETS.1,PET PRACTICE INC,931612,700
LTFD,LITTLEFIELD CORP,931683,6512
DEPO.,DEPOTECH CORP,931686,2834
PCAD,BIG SMITH BRANDS INC,931688,2320
OCAI,ORTHOSYNETICS INC,931702,8000
MAXF,MAXCOR FINANCIAL GROUP INC,931707,6211
MCTH.,MEDCATH INC,931782,8060
CAPA.,CAPTARIS INC,931784,7372
0409B,BROWN JORDAN INTL INC,931814,2510
WSTF,WESTAFF INC,931911,7363
CHRN,CHINA HUAREN ORGANIC PRODS,931947,2090
SWC,STILLWATER MINING CO,931948,1090
GTLL,GLOBAL TECHNOLOGIES LTD,932021,3663
RSAS,RSA SECURITY INC,932064,7372
TNCXQ,NETWORK CONNECTION INC,932088,3576
PC.1,PRICELLULAR CORP  -CL A,932089,4812
KHKH,KITTY HAWK INC,932110,4731
MCRL,MICREL INC,932111,3674
APLX.1,APPLIX INC,932112,7372
VDNX,VIDEONICS INC,932113,3861
SMCC.1,SMC CORPORATION,932129,3716
NA.1,NABISCO HOLDINGS CORP  -CL A,932130,2052
CPLNY,CONCORDIA PAPER HLDGS  -ADR,932132,2631
3ESPIQ,E SPIRE COMMUNICATIONS INC,932140,4813
EGAS.,ENERGY SEARCH INC,932181,1311
MTEC.,MICROTEC RESEARCH INC,932203,7372
ENVY,ENVOY CORP,932277,6411
ACAR.,AEGIS CONSUMER FDG GROUP INC,932278,6141
BTGI.,BTG INC,932279,7373
PHAM,PHAMIS INC,932280,7373
CSCC,CENTERSPAN COMMUN CORP,932290,7372
7262B,URIGEN PHARMACEUTICALS -REDH,932352,2836
XSPY,SPY INC,932372,3851
BLLE,BOLLE AMERICA INC,932422,5090
STHC.,STAT HEALTHCARE INC,932424,7363
TEO,TELECOM ARGENTINA,932470,4812
HBCO,HUNGARIAN BROADCASTING CORP,932554,4833
RHCS,RED HOT CONCEPTS INC,932623,5812
APU,AMERIGAS PARTNERS  -LP,932628,5900
OSTX.1,OSTEX INTERNATIONAL INC,932631,2835
GGTS,ADVANCED VOICE TECHNOLOGIES,932694,3661
CYD,CHINA YUCHAI INTERNATIONAL,932695,3510
NSIT,INSIGHT ENTERPRISES INC,932696,5045
FBBC,FIRST BELL BANCORP INC,932697,6035
BYL.1,BRYLANE INC,932698,5961
APGI,AMERICAN POWER GROUP CORP,932699,5900
PSCO,PROTOSOURCE CORP,932772,7370
CFBN.,CFB BANCORP INC,932780,6020
FCCO,FIRST COMMUNITY CORP/SC,932781,6020
STM,STMICROELECTRONICS NV,932787,3674
NEOSQ,NEOSTAR RETAIL GROUP INC,932790,5734
BSY.1,SKY PLC,932793,4841
SJR,SHAW COMMUNICATIONS INC-CL B,932872,4841
AVGN,AVIGEN INC,932903,2836
ISDI.,INFORMATION STORAGE DEVICES,932980,3674
UASI,UNITED AIR SPECIALISTS INC,932985,3564
GPTX,GLOBAL PAYMENT TECHNOLOGIES,933020,3578
STRT,STRATTEC SECURITY CORP,933034,3714
UPBD,UPBOUND GROUP INC,933036,7350
CTRA.1,CONCENTRA CORP,933091,7372
CHST.,CREATIVE HOST SERVICES INC,933098,5812
COOP,MR COOPER GROUP INC,933136,6162
IBKC,IBERIABANK CORP,933141,6020
ADK.1,ALLIED DIGITAL TECHNOLOGIES,933151,7819
AOGSQ,AURORA OIL & GAS CORP,933157,1311
SIR.2,SIRROM CAPITAL CORP,933166,6726
IRS,IRSA INVERSIONES Y REPRESENT,933267,6512
USRX,U S ROBOTICS CORP,933353,3661
GSTRF.,GLOBALSTAR TELECOMM LTD,933401,4812
MIVI.,MISSISSIPPI VIEW HOLDING CO,933404,6035
ATAC.1,ATC TECHNOLOGY CORP,933405,4731
ACDU,ITALIAN OVEN INC,933425,5812
SOSO,STORAGE COMPUTER CORP,933452,3572
VOXW,VOXWARE INC,933454,7372
BDJI,FIRST FEDERAL BANCORP/MN,933461,6035
GMGCQ,GENERAL MAGIC INC,933524,7372
STCL,SHARED TECHNOLOGIES CELLULAR,933583,4812
OMMG,OMNI MULTIMEDIA GROUP INC,933586,7370
PSTV.1,PST VANS INC,933589,4213
YCB,YOUR COMMUNITY BANKSHARES,933590,6020
MVL,MARVEL ENTERTAINMENT INC,933730,6794
VTGG,VIANET TECH GROUP LTD,933733,7372
ENGCQ,ENGLOBAL CORP,933738,1311
MRVT,MIRAVANT MEDICAL TECHNOLGIES,933745,2834
AANI,AMEDIA NETWORKS INC,933955,3577
SCWO,374WATER INC,933972,3580
AZTA,AZENTA INC,933974,8731
IDII,INTERNATIONAL DIVERSIFIED,934006,7200
RFMC,R F MANAGEMENT CORP,934011,1540
EXGN.,EXOGEN INC,934094,3845
HFGI,HARRINGTON FINL GROUP INC,934203,6035
CYBS,CYBERSOURCE CORP,934280,7374
3FSTH.,FIRST SOUTHN BANCSHARES INC,934302,6020
CVNSQ,CONVERSION SERVICES INTL INC,934306,7374
THMZ.1,LAMINAIRE CORP,934379,3564
JLHC,JUST LIKE HOME INC,934380,8050
OPAL.,OPAL INC,934385,3559
PERC,PERCLOSE INC,934438,3841
GNVC,GENVEC INC,934473,2834
KTZ.1,KATZ MEDIA GROUP INC,934494,7310
PWHSQ,PAPER WAREHOUSE INC,934509,5940
KMGP,KNOWLEDGE MECHANICS GROUP,934520,7373
TSH,TECHE HOLDING CO,934538,6035
TAMSA,INTIME SYSTEMS INTL INC-CL A,934539,8742
3ATSB,AMTRUST CAPITAL CORP,934541,6035
BKYF,BANK KY FINANCIAL CORP,934547,6020
NMFS,NATIONAL MEDICAL FINL SVC CP,934548,7320
ACTG,ACACIA RESEARCH CORP,934549,6794
SMTL,SEMITOOL INC,934550,3559
JRM,MCDERMOTT (J RAY) S A,934590,1623
STBI.,STB SYSTEMS INC,934596,3577
BWFC,BANK WEST FINANCIAL CORP,934598,6035
SPHI.,STUDIO PLUS HOTELS INC,934599,7011
BRK3,BURLINGTON NORTHERN SANTA FE,934612,4011
NETVA,NETVANTAGE INC  -CL A,934620,3576
TRK,SPEEDWAY MOTORSPORTS INC,934648,7948
ADCO.1,ADCO TECHNOLOGIES INC,934649,2891
RVFD,RIVIANA FOODS INC,934650,2040
BHIX,BELMONT HOMES INC,934651,2452
WEFP,WELLS FINANCIAL CORP,934739,6020
SDLI,SDL INC,934741,3674
CMIN,COMMONWEALTH INDUSTRIES INC,934747,3350
MVCO.1,MEADOW VALLEY CORP,934749,1600
EVST,EVERLAST WORLDWIDE INC,934795,2330
EPHI,ELECTROPHARMACOLOGY INC,934849,3845
STEKQ,SYSTEMONE TECHNOLOGIES INC,934851,3569
OFISQ,U S OFFICE PRODUCTS CO,934852,5110
SELBE,SEL-LEB MARKETING INC,934853,5122
SOBI,SOBIESKI BANCORP INC,934860,6035
3TALWE,TAL WIRELESS NETWORKS INC,934924,9995
SCLR,SCOLR PHARMA INC,934936,2834
HCIA,HCIA INC,935001,7370
HORC,HORIZON HEALTH CORP,935007,8741
PHXI,PHOENIX INTL LIFE SCIENCES,935016,8731
ACIW,ACI WORLDWIDE INC,935036,7370
JRBK,JAMES RIVER BANKSHARES INC,935037,6020
DWNFQ,DOWNEY FINANCIAL CORP,935063,6035
SHLLQ,SHELLS SEAFOOD RESTRNTS INC,935066,5812
PPRT,PHARMAPRINT INC,935155,2836
BNHN,BENIHANA INC,935226,5812
ECOM.1,ECOMETRY CORP,935322,7372
VIAS.1,VIASOFT INC,935418,7372
RICK,RCI HOSPITALITY HLDGS INC,935419,5810
WVWCQ,AZZURRA HOLDING CORP,935493,9995
NATI,NATIONAL INSTRUMENTS CORP,935494,7372
TGVI.,TGV SOFTWARE INC,935495,7372
MMTS,MULTI-MEDIA TUTRIAL SVCS INC,935496,7389
MDSI.,MDSI MOBILE DATA SOLUTIONS,935497,7372
BMSS,WSR ENERGY RESOURCES INC,935499,5812
AGCH,AG CHEM EQUIPMENT INC,935503,3523
3PACEE,AMPACE CORP,935678,4213
DLTR,DOLLAR TREE INC,935703,5331
PPMIQ,PMI GROUP INC,935724,6351
ANIC,ANICOM INC,935802,5063
FUEL.,GRIFFITH CONSUMERS CO INC,935814,5172
CKT,CROCKER REALTY TRUST INC,935897,6798
CFCP,COASTAL FINANCIAL CORP/DE,935930,6035
TNA.2,TERRA NOVA BERMUDA  -CL A,935937,6331
LNCC,LINC CAPITAL INC,936094,5084
VSNI,VISEON INC,936130,3661
ENET,EQUALNET COMMUNICATIONS CP,936163,4813
DMM.B,DIA MET MINERALS LTD  -CL B,936167,1400
NSBK.1,NORTH SIDE SVGS BK BRONX N Y,936263,6036
CRK.2,CIRCLE K CORP,936287,5412
UTC.2,U S TRUST CORP,936301,6020
DTE,DTE ENERGY CO,936340,4931
L.3,LIBERTY FINANCIAL COS INC,936372,6311
CIEN,CIENA CORP,936395,3661
SHPG,SHIRE PLC,936402,2836
WCAP.1,WINFIELD CAPITAL CORP,936404,6726
IPMG,NUMBER NINE VISUAL TECH CORP,936448,3577
LMT,LOCKHEED MARTIN CORP,936468,3760
WAFD,WAFD INC,936528,6020
PGEN.1,PROGENITOR INC,936537,2836
RMDY,REMEDY CORP,936653,7372
DIMD,DIAMOND MULTIMEDIA SYS INC,936734,3577
FCBH10,FIRST CHARTER BANK NA,936836,6020
SRCP.,SOURCECORP INC,936931,7389
RVWD,RAVENSWOOD WINERY INC,937015,2084
TNET,TRINET GROUP INC,937098,8742
HDYNQ,HYPERDYNAMICS CORP,937136,1311
3LRSIE,LIFERATE SYSTEMS INC,937251,7372
EROQ,ENVIROQ CORP,937256,1700
HELO.1,HELLO DIRECT INC,937265,5961
CATX.1,C ATS SOFTWARE INC,937266,7372
SEMD,SEAMED CORP,937289,3845
MASI,MASIMO CORP,937556,3845
PERI.,PERIPHONICS CORP,937598,3661
BELR,BELL ROSE CAP INC,937599,5013
3SOCT,SOCRATES TECHNOLOGIES CORP,937603,7373
FFRV,FIDELITY FINL BANKSHARES CP,937688,6035
USBR,USA BRIDGE CONSTRUCTION/NY,937931,1700
PCMI,PCM INC,937941,5961
RENS.,RENAISSANCE SOLUTIONS INC,937948,8742
3ARHAF,ASIA PAC RES INTL HLD  -CL A,937951,2611
GACC,GENERAL ACCEPTANCE CORP,937965,6141
ASML,ASML HOLDING NV,937966,3559
AMNUQ,ACT MANUFACTURING INC,937971,3672
BRD.5,BRIGUS GOLD CORP,938113,1040
ESCO.1,EASCO INC,938145,3350
PRLO,PROLOGIC MANAGEMENT SYS INC,938320,9995
PSO,PEARSON PLC,938323,8200
FDB,FOODBRANDS AMERICA INC,938348,2013
PCV.1,PUTNAM HIGH INCOME OPP TR,938380,6726
DSTM,DATASTREAM SYSTEMS INC,938481,7372
HMSKQ,HOMESEEKERS.COM INC,938578,7370
SNKEQ,SNAKE EYES GOLF CLUBS INC,938605,3949
PRMS.1,PREMISYS COMMUNICATIONS INC,938733,3661
BOP.,BOISE CASCADE OFFICE PDS CP,938839,5110
IMI.2,SAN PAOLO-IMI SPA,939187,6020
WPEC.1,WESTERN PWR & EQUIP CORP,939729,5082
XPRT.1,EXPERT SOFTWARE INC,939730,7372
EXEL,EXELIXIS INC,939767,2836
CXSNF,STREET CAPITAL GROUP INC,939897,6162
NYNCY,NYNEX CABLECOMMS GROUP PLC,939915,4841
PEMFF,PEMBRIDGE INC,939927,6331
LOGN,LOGANSPORT FINANCIAL CORP,939928,6035
NSLB,NS & L BANCORP INC,939929,6035
PYYX,PYXUS INTERNATIONAL INC,939930,5190
OPEN.5,OPEN ENVIRONMENT CORP,940033,7372
ENA.1,ENOVA CORP,940170,4931
SOLR.1,SERENGETI EYEWEAR INC,940183,3851
MSV.2,MANUFACTURERS SERVICES LTD,940298,3679
ANAD,ANADIGICS INC,940332,3674
BGPIQ,BORDERS GROUP INC,940510,5940
3NVSN.,N VISION INC,940518,3690
APUUY,ASIA PULP & PAPER LTD,940519,2621
ECSI.,ENDOCARDIAL SOLUTIONS INC,940659,3845
IMPT,IMPRINT RECORDS INC,940672,3652
FTSB.1,FORT THOMAS FINANCIAL CORP,940711,6035
3PSIXQ,PSINET INC,940716,7370
MRCR,MORO CORP,940800,1700
HBS,HAYWOOD BANCSHARES INC,940941,6036
HUBG,HUB GROUP INC  -CL A,940942,4731
DRI,DARDEN RESTAURANTS INC,940944,5812
MNG,MIRAMAR MINING CORP,940947,1040
MSTG.,MUSTANG.COM INC,940986,7372
UNS,UNS ENERGY CORP,941138,4911
JTSC,JTS CORP,941167,3572
ICL,ICL GROUP LTD,941221,2870
KVIKA,KINNEVIK INDUSTRIFORVLTNINGS,941513,2631
HEMT,HF BANCORP INC,941547,6035
CAM.4,CAMERON INTERNATIONAL CORP,941548,3533
RL.3,RED LION HOTELS INC,941557,7011
OUTR,OUTERWALL INC,941604,3578
DYMTF,DYNAMOTIVE ENERGY SYS CORP,941625,2860
IWSY,IMAGEWARE SYSTEMS INC,941685,7373
WPSC,WHEELING PITTSBURGH CORP,941738,3312
DCCA.1,DATA CRITICAL CORP,941775,3663
ITDD.1,INTEGRATED DATA CORP,941814,4812
SMXC,SMITHWAY MTR XPRESS  -CL A,941914,4213
GCABY,GENERAL CABLE PLC,941919,4813
AGAI,AG ASSOCIATES INC,942124,3559
TAIT,TAITRON COMPONENTS  -CL A,942126,5065
GUPB,GFSB BANCORP INC,942129,6035
ANET.4,ACT NETWORKS INC,942132,3576
LTUS.,GARDEN FRESH RESTAURANT CORP,942133,5812
SFED,SFS BANCORP INC,942135,6035
CRAA,CRA MANAGED CARE INC,942136,6411
SLIXQ,CML HOLDINGS INTL LLC,942138,3640
MTINQ,MARTIN INDUSTRIES INC/DE,942143,3433
FFOX.1,FIREFOX COMMUNICATIONS INC,942167,7372
TRAV,INTRAV INC,942317,4700
3PVST.,PLAN VISTA CORP,942319,8742
THCG,THCG INC,942378,6799
3MIST,AVALON CAPITAL INC,942600,6726
RBBR,R B RUBBER PRODUCTS INC,942615,3060
TNKY,TN-K ENERGY GROUP INC,942650,1311
CIAQQ,CIAO CUCINA CORP,942659,5812
STMDQ,STORMEDIA INC  -CL A,942787,3695
NIDB,NORTHEAST INDIANA BANCORP,942898,6035
INBI.,INDUSTRIAL BANCORP INC,942899,6036
AGU,AGRIUM INC,943003,2870
PGLD,PHOENIX GOLD INTL INC,943032,3651
HSBI,HERITAGE SOUTHEAST BANCORP,943033,6020
AATC,AUTOSCOPE TECHNOLOGIES CORP,943034,3829
0994B,US ONCOLOGY INC,943061,5122
GTPS,GREAT AMERICAN BANCORP INC,943064,6035
IQ.2,IDEON GROUP INC,943097,7389
CRRSQ,CORPORATE RESOURCE SVCS INC,943110,7363
EVKG,EVER-GLORY INTL GROUP INC,943184,2300
CLCXQ,COMPUTER LEARNING CTRS INC,943206,8200
DSLGF,DISCREET LOGIC INC,943318,7373
TRMPQ,TRUMP ENTERTAINMENT RESORTS,943320,7990
CONM,CONMED HEALTHCARE MGMT INC,943324,8050
FTF.1,TEXARKANA FIRST FINANCIAL CP,943355,6035
MCCI10,MIDCOM COMMUNICATIONS INC,943357,4813
WAB,WABTEC CORP,943452,3743
DVXE.1,DEVX ENERGY INC,943548,1311
DFF.1,DOMINICKS SUPERMARKETS INC,943563,5411
LCRY,LECROY CORP,943580,3825
AFM.2,AMERICAN RADIO SYS CORP-CL A,943581,4832
MXIS,MAXIS INC,943583,7372
SORCQ,SOURCE INTERLINK COS INC,943605,7822
MAKO.1,MAKO MARINE INTERNATIONL INC,943689,3730
MEDC.,MED-DESIGN CORP,943736,3841
VCMP,VCAMPUS CORP,943742,2741
YESS,YES ENTERTAINMENT CORP,943747,3944
CRWF,CRW FINANCIAL INC,943809,9995
RMD,RESMED INC,943819,3845
SWW,SITEL CORP,943820,7389
GDP,GOODRICH PETROLEUM CORP,943861,1311
KYF,KENTUCKY FIRST BANCORP INC,943891,6035
AVNT.2,AVANT CORP,943892,7372
EZEN,EZENIA INC,943894,7372
USDC,USDATA CORP,943895,7372
0043A,BWAY CORP,943897,3411
PTEEF,PLAINTREE SYSTEMS INC,943946,3440
SCKT,SOCKET MOBILE INC,944075,3663
TSFT,TELESOFT CORP,944142,8721
CBZ,CBIZ INC,944148,8721
ANCCQ,AIRNET COMMUNICATIONS CORP,944163,3663
AMXC,AMX CORP,944248,3669
SQAX,SQA INC,944257,7372
ASBN,ASB FINANCIAL CORP,944304,6035
TPLQ,TPC LIQUIDATION,944310,3661
LSI,LIFE STORAGE INC,944314,6798
SFB.1,STANDARD FEDL BANCORP INC,944399,6035
RMTD,REMOTE DYNAMICS INC,944400,4899
PHYS.1,PHYSICIANS RESOURCE GRP INC,944402,8011
PVAT,PARAVANT INC,944405,3571
NSCP,NETSCAPE COMMUNICATIONS CORP,944458,7372
JCCIY,JILIN CHEMICAL INDUSTRIAL CO,944476,2860
GVP,GSE SYSTEMS INC,944480,7361
SNAK,INVENTURE FOODS INC,944508,2030
3VIONQ,VION PHARMACEUTICALS INC,944522,2836
FTD1,FTD INC,944537,7389
BAANF,BAAN CO NV,944624,7372
FFPC,FLORIDA FIRST BANCORP,944628,6035
THG,HANOVER INSURANCE GROUP INC,944695,6331
SPLX.1,SIMPLEX SOLUTIONS INC,944702,7371
UWBKQ,UNITED WESTERN BANCORP INC,944725,6035
KYZN,KYZEN CORP,944727,2842
TXCCQ,TRANSWITCH CORP,944739,9995
DLGX,DATALOGIX INTERNATIONAL INC,944740,7372
CIVB,CIVISTA BANCSHARES INC,944745,6020
PTGC,PHAROL SGPS SA,944747,4813
ENMC,ENCORE MEDICAL CORP,944763,3842
MRGE.1,MERGE HEALTHCARE INC,944765,7373
TSMA.,TESMA INTERNATNAL INC  -CL A,944802,3714
OPK,OPKO HEALTH INC,944809,8071
ICUT,INTERNATIONAL CUTLERY LTD,944838,5700
3ECNG,ENERGYCONNECT GROUP INC,944947,3640
TAGS.1,TARRANT APPAREL GROUP,944948,2330
3CLAC,CLICKACTION INC,944950,7372
LVNT,LIVENT INC,945024,7900
TINTA,TELE-COMMUN INTL INC  -SER A,945027,4841
BRGP.,BUSINESS RESOURCE GROUP,945028,5020
EGPT.1,EAGLE POINT SOFTWARE CORP,945066,7372
HNCS,HNC SOFTWARE INC,945093,7372
GIC,GLOBAL INDUSTRIAL CO,945114,5090
MASK.1,ALIGN-RITE INTERNATIONAL INC,945122,3220
CPCL,CLARE INC,945123,3679
3SEER,SEER TECHNOLOGIES INC,945127,7372
CRMLF.1,CHAMPION ROAD MACHINERY LTD,945179,3531
MFW,M & F WORLDWIDE CORP,945235,2780
BTF.,BT OFFICE PRODUCTS INTL INC,945248,5110
SPYG.,SPYGLASS INC,945256,7372
EPTG,EPL TECHNOLOGIES INC,945269,2673
3PBYPQ,PLAY BY PLAY TOYS &NOVELTIES,945276,3942
LWNT,LANGUAGEWARE NET CO LTD,945321,7372
3TONEE,TOUCH TONE AMERICA INC,945364,4813
SIG.2,SIGCORP INC,945372,4931
CMTOQ,COM21 INC,945379,3661
CUL.3,CULLIGAN WATER TECH INC,945382,3580
CICN,SMS ALTERNATIVES INC,945384,7371
SVC,SERVICE PROPERTIES TRUST,945394,6798
BNCC,BNCCORP INC,945434,6020
SUNEQ,SUNEDISON INC,945436,3620
SOSS,SOS STAFFING SERVICES INC,945437,7363
EMBR.,EMBRYO DEVELOPMENT CORP,945439,9995
IMSC.1,INTEGRATED MEASURMNT SYS INC,945441,3825
INFR.1,INFERENCE CORP  -CL A,945446,7372
3FNNR,FIRST NATIONAL CORP/CA,945475,6020
BLLI,BELL INDUSTRIES INC,945489,7373
LRCI,LEGAL RESEARCH CENTER INC,945506,8111
CCLN,COMMODORE HOLDINGS LTD,945524,4400
3USAB,USABANCSHARES.COM INC,945532,6036
CMTK,COM/TECH COMMUNICATIONS TECH,945640,7812
IBI.1,INTIMATE BRANDS INC  -CL A,945676,5600
SPLN.,SPORTSLINE.COM INC,945688,7370
IXYS,IXYS CORP,945699,3674
PTILY,PROTHERICS PLC,945725,2834
ICBC,INDEPENDENCE CMNTY BK CORP,945734,6035
DEN,DENBURY INC,945764,1311
EVR.1,EVEREN CAPITAL CORP,945770,6211
3VYTLQ,VIATEL INC,945771,4813
CCAI.1,COMMUNITY CARE AMERICA INC,945772,8051
MNMD.1,MINIMED INC,945801,3842
AMTY,AMERITYRE CORP,945828,3011
UNSN.,UNISON SOFTWARE INC,945837,7372
POOL,POOL CORP,945841,5090
ROCF.,ROCKFORD INDUSTRIES INC,945901,6172
HFDI,HOST FUNDING INC  -CL A,945980,7011
DLBIE,DLB OIL & GAS INC,945982,1311
CLMB,CLIMB GLOBAL SOLUTIONS INC,945983,5045
ATEA,ASTEA INTERNATIONAL INC,945989,7372
MSFI,MS FINANCIAL INC,946014,6141
KIDO,KIDEO PRODUCTIONS INC,946073,7812
FMARQ,FIRST MARINER BANCORP,946090,6020
CDSG,CHINA DONGSHENG INTL INC,946112,2834
FORC.,FORCENERGY INC,946140,1311
PIXT,PIXTECH INC,946144,3575
GUAR.,GUARANTEE LIFE COS INC,946149,6311
KERA,KERAVISION INC,946154,3851
APLD.,APPLIED COMPUTER TECH INC,946244,5045
MDWYQ,MIDWAY AIRLINES CORP,946323,4512
WFSI,WFS FINANCIAL INC,946343,6141
VLNT,VIDEOLAN TECHNOLOGIES INC,946345,3577
GBITQ,GLOBAL INTELLICOM INC,946355,5045
OO,OAKLEY INC,946356,3851
NHPI.1,NHP INC,946358,6531
CBXC.1,CYBEX COMPUTER PRODS,946360,3576
AAIR.2,AIRWAYS CORP,946362,4512
3GTLSQ,GLOBAL TELESYSTEMS INC,946392,4813
ELLO,ELLOMAY CAPITAL LTD,946394,4991
PUDGQ,PUDGIES CHICKEN INC,946395,5812
OMRX,ORTHOMETRIX INC,946428,3826
SRNN,SOUTHERN BANC CO INC,946453,6020
WINT,WINDTREE THERAPEUTICS INC,946486,2836
PASW.,PURE ATRIA CORP,946487,7372
OZIVF,OZ INVESTMENTS CO LTD,946488,7311
SHCR.1,SHERIDAN HEALTHCARE INC,946489,8011
NAHC,NATIONAL ATLANTIC HOLDINGS,946492,6331
RVP,RETRACTABLE TECHNOLOGIES INC,946563,3841
TTWO,TAKE-TWO INTERACTIVE SFTWR,946581,7372
MDN,MERIDIAN INDL TRUST INC,946637,6798
AIM,AIM IMMUNOTECH INC,946644,2836
PFC,PREMIER FINANCIAL CORP,946647,6020
GLGSQ,GLYCOGENESYS INC,946661,2836
VSIO,VISIO CORP,946665,7372
MDBF,MIDLAND BARING FINL GP LTD,946670,5010
SFIN.2,STATEWIDE FINANCIAL CORP,946672,6036
BANR,BANNER CORP,946673,6020
TLIC,TRANSPORT HOLDINGS INC -CL A,946676,6321
SFLX,SMARTFLEX SYSTEMS INC,946677,3678
NERAY,NERA AS,946678,3663
ONTK,ONTRAK SYSTEMS INC,946732,3559
VBRK,VACATION BREAK USA INC,946733,6531
SQNA,SEQUANA THERAPEUTICS INC,946736,2835
RGTH,PACIFIC CHEMICAL INC,946737,2741
FIFG.1,1ST INDEPENDENCE FINL GROUP,946738,6020
PSDS,PROSOURCE INC  -CL A,946763,5141
DTEGY,DEUTSCHE TELEKOM,946770,4813
LTEC,LOUD TECHNOLOGIES INC,946815,3663
USAD,USA DETERGENTS INC,946816,2840
VTNC,VITRAN CORP INC,946823,4213
MOOV.1,MOOVIES INC,946826,7841
VPHM,VIROPHARMA INC,946840,2834
AMIEQ,AMBASSADORS INTERNATIONL INC,946842,9995
KFBI,KLAMATH FIRST BANCORP INC,946924,6035
DSWL,DESWELL INDUSTRIES INC,946936,3651
UCOR,UROCOR INC,946945,8071
CRSCZ,CELERIS CORP,946994,8742
AFCB.1,AFFILIATED COMMUNITY BANCORP,947038,6035
HRBC,HARBINGER CORP,947116,7372
AHIS,AHI HEALTHCARE SYSTEMS INC,947119,6324
PTQMF,PETAQUILLA MINERALS LTD,947121,1040
CBSB,CHARTER FINANCIAL INC,947122,6036
SVSSF,SEVEN SEAS PETROLEUM INC,947156,1311
TD,TORONTO DOMINION BANK,947263,6020
3WLNKQ,WEBLINK WIRELESS INC,947268,4812
ESLRQ,EVERGREEN SOLAR INC,947397,3674
3AXSO,AXS-ONE INC,947427,7372
JSMFY,JEFFERSON SMURFIT GROUP PLC,947430,2631
3SISBY,SANTA ISABEL SA,947462,5411
3MTWK,METROWERKS INC,947471,7372
HPRI,HPR INC,947482,7372
CSIN,COMPUTATIONAL SYSTEMS INC,947483,3823
ACGL,ARCH CAPITAL GROUP LTD,947484,6331
VNTV.1,VANTIVE CORP,947549,7372
FBMS,FIRST BANCSHARES INC/MS,947559,6020
NUCO,NUCO2 INC,947577,5160
DDRX,DIEDRICH COFFEE INC,947661,5140
TBCOA,TRIATHLON BROADCST CO  -CL A,947718,4832
ACCL.,ACCELGRAPHICS INC,947798,7372
GTVCF,GLOBETECH VENTURES CORP,947994,1000
PDB,PIEDMONT BANCORP INC,948019,6036
ANBK,AMERICAN NATIONAL BANCORP,948020,6035
FIFS,FIRST INVESTORS FINL SVCS GP,948034,6153
CBUK,CUTTER & BUCK INC,948069,2320
MMCI,MULTIMEDIA CONCEPTS INTL INC,948070,2320
BDMS,BIRNER DENTAL MGMT SVCS INC,948072,8000
3CVANQ,CROWN VANTAGE INC,948073,2621
PAS.2,PEPSIAMERICAS INC-OLD,948086,2086
3GIGX,GIGA INFORMATION GROUP INC,948263,8742
AGR.2,ARGENTARIA CAJA POST BANC HP,948306,6020
DELI,JERRYS FAMOUS DELI INC,948308,5812
LFMD,LIFEMD INC,948320,8090
UROQ,UROQUEST MEDICAL CORP,948456,3841
CFCX.1,CENTER FINANCIAL CORP,948463,6036
BFD.1,BOSTONFED BANCORP INC,948515,6035
TALK.1,TALK AMERICA HOLDINGS INC,948545,4813
UDCI,UNITED DENTAL CARE INC/DE,948556,6324
CXP.1,CORPORATE EXPRESS NV,948634,5110
EUPH,EUPHONIX INC,948640,3651
TIIAY,TELECOM ITALIA SPA,948642,4813
TINO,TAMINO MINERALS INC,948703,1000
SMSI,SMITH MICRO SOFTWARE INC,948708,7372
PRMO.,PREMENOS TECHNOLOGY CORP,948722,7372
PLNTQ,PROLIANCE INTERNATIONAL INC,948844,3714
MEH,MIDWEST AIR GROUP INC,948845,4512
AAI,AIRTRAN HOLDINGS INC,948846,4512
CITP,COMSYS IT PARTNERS INC,948850,7363
ZCON,ZYCON CORP,948851,3672
SHP.,SCHEIN PHARMACEUTICAL INC,948929,2834
SIMW,SIMWARE INC,948944,7372
CIBN.,CALIFORNIA INDEPENDENT BNCP,948976,6020
EBAY.,EASTBAY INC,949008,5961
DO,DIAMOND OFFSHRE DRILLING INC,949039,1381
CAL.2,CALIFORNIA FED BANCORP INC,949058,6035
UPR.1,UNION PACIFIC RESOURCES GRP,949061,1311
SCHA.1,SMART CHOICE AUTOMOTIVE GRP,949091,5500
AMCN.1,AMERICAN COIN MERCHNDSNG INC,949112,7990
MIG.2,MEADOWBROOK INS GROUP INC,949156,6331
CENX,CENTURY ALUMINUM CO,949157,3350
CRAY,CRAY INC,949158,3571
WLDN.1,WALDEN BANCORP INC,949159,6020
AVIR.1,AVIRON,949173,2836
BFNBQ,BEACH FIRST NATL BANCSHRS/SC,949228,6020
CMSX,COMPUTER MGMT SCIENCES INC,949229,7370
WLDA,WORLD AIR HOLDINGS INC,949240,4522
ALTM.1,ALTERNATE MARKETING NETWORKS,949244,7310
APAC.1,APAC CUSTOMER SERVICES INC,949297,7389
CPC.2,CENTRAL PARKING CORP,949298,7500
SFAM,SPEEDFAM-IPEC INC,949301,3559
SRS.1,ARV ASSISTED LIVING INC,949322,8300
ACMM.,ACCOM INC,949335,3861
GSCN,GENERAL SCANNING INC,949337,3559
CKFR,CHECKFREE CORP,949341,7389
GTBX,GT BICYCLES INC,949369,3751
GCMI,GEOS COMMUNICATIONS INC,949371,4899
BAGL,EINSTEIN NOAH RESTAURANT GRP,949373,5812
AXN.2,ANDERSON EXPLORATION LTD,949417,1311
CDTI,CDTI ADVANCED MATERIALS INC,949428,3714
LCST.,LECSTAR CORP,949485,4899
VTEK.1,VODAVI TECHNOLOGY INC,949491,3661
PNWB,PACIFIC NORTHWEST BANCORP,949504,6020
HTV,HEARST-ARGYLE TELEVISION,949536,4833
PNU.1,PHARMACIA & UPJOHN INC,949573,2834
APQCF,ASIA PACIFIC RESOURCES LTD,949577,1400
BWSI,BLUE WAVE SYSTEMS INC,949587,3674
IFIN.1,INVESTORS FINANCIAL SVCS CP,949589,6020
PCYC,PHARMACYCLICS INC,949699,2835
3RTEC,ROSS TECHNOLOGY INC,949702,3674
ATIS,ATTIS INDUSTRIES INC,949721,8090
ACHV,ACHIEVE LIFE SCIENCES INC,949858,2834
CFCI.,CFC INTERNATIONAL INC,949859,3490
SAM,BOSTON BEER INC  -CL A,949870,2082
LGWX,LOGIC WORKS INC,949871,7372
ELNT,ELANTEC SEMICONDUCTOR INC,949872,3674
YDNT,YOUNG INNOVATIONS INC,949874,3843
NASMQ,NORTH AMERICAN SCIENTIFIC,949876,2810
OAKF,OAK HILL FINANCIAL INC,949953,6020
VRTY.,VERITY INC,949956,7372
IOR,INCOME OPPORTUNITY RLTY INVS,949961,6162
FMKT.1,FREEMARKETS INC,949968,7389
METG,META GROUP INC,1000015,8700
OMCC,OLD MARKET CAPITAL CORP,1000045,4899
TFF,TECH FLAVORS & FRAGRNCES INC,1000048,2080
CAGI,HOT PRODUCTS INC.COM,1000079,3577
SIMA.1,SONICS & MATERIALS INC,1000166,3690
NAT,NORDIC AMERICAN TANKERS LTD,1000177,4400
RHG,RENAISSANCE HOTEL GROUP NV,1000178,7011
3FIVE,5B TECHNOLOGIES CORP,1000179,7373
SNDK.1,SANDISK CORP -OLD,1000180,3572
SAP,SAP SE,1000184,7372
SGH.1,STERLING HOUSE CORP,1000185,8050
ESIX.1,ENTERPRISE SYSTEMS INC,1000188,7373
OCAL,OCAL INC,1000189,3640
MFIN,MEDALLION FINANCIAL CORP,1000209,6159
TBWC,TB WOOD'S CORP,1000227,3560
HSIC,HENRY SCHEIN INC,1000228,5047
OCC,OPTICAL CABLE CORP,1000230,3357
HCDC,HEALTHCARE.COM CORP,1000231,7372
IMPCQ,IMPERIAL CAPITAL BANCORP INC,1000234,6020
PBIX.1,PATRIOT BANK CORP,1000235,6020
AMNA.1,AMANDA CO INC,1000266,7372
RY,ROYAL BANK OF CANADA,1000275,6020
PHLI,PACIFICHEALTH LABORATORIES,1000278,2833
TRFX.,TRAFFIX INC,1000297,7389
IMPM,IMPAC MORTGAGE HOLDINGS INC,1000298,6162
LIHR.,LIHIR GOLD LTD,1000300,1040
AHCI.,AMBANC HOLDING CO INC,1000301,6035
MMWW,METAMOR WORLDWIDE INC,1000366,7373
FPFXQ,FIRSTPLUS FINANCIAL GROUP,1000368,5500
CFLO.,CARDIOMETRICS INC,1000369,3845
3XENO.,XENOMETRIX INC,1000370,2835
VNWK,VISUAL NETWORKS INC,1000495,3577
SIMNQ,SIMON TRNSPT SVCS INC  -CL A,1000577,4213
VGDAQ,VANGUARD AIRLINES INC,1000578,4512
GGIT,GEOGRAPHICS INC,1000621,2750
MATV,MATIV HOLDINGS INC,1000623,2800
BDRLQ,BLONDER TONGUE LABS INC,1000683,3663
HHCA,HOME HEALTH CORP AMER INC,1000685,8082
RGNT.1,REGENT ASSISTED LIVING INC,1000693,8300
NVAX,NOVAVAX INC,1000694,2836
ESAN,ENTRADA NETWORKS INC,1000695,3576
WAT,WATERS CORP,1000697,3826
CMX.1,CAREMARK RX INC,1000736,5912
NSP,INSPERITY INC,1000753,7363
CDV.1,CD&L INC,1000779,4210
CLFY,CLARIFY INC,1000782,7372
APMC,APPLIED MICROSYSTEMS CORP,1000787,7372
DWRX,DATAWORKS CORP,1000860,7373
HTVNQ,HISPANIC TV NETWORK INC,1000876,4833
AZUR.1,AZUREL LTD,1000897,2844
TEALQ,TRITEAL CORP,1000925,7372
ECHTA,ECHOCATH INC  -CL A,1000926,6794
DIG.3,DISNEY (WALT) INTERNET GROUP,1001039,7370
THIS,TERRACE FOOD GROUP INC,1001051,5140
DISH,DISH NETWORK CORP,1001082,4841
ABACQ,ABACAN RESOURCE CORP,1001084,1311
BN,BROOKFIELD CORP,1001085,6200
HAHI,HELP AT HOME INC,1001109,8300
USGA,US GLOBAL NANOSPACE INC,1001111,2820
HYSL,HYPERION SOLUTIONS CORP,1001113,7372
GEOS,GEOSPACE TECHNOLOGIES CORP,1001115,3829
STOKQ,STOCKWALK GROUP INC,1001136,6211
ITT.1,ITT CORPORATION,1001149,7011
BYFC,BROADWAY FINANCIAL CORP/DE,1001171,6035
IDXC,IDX SYSTEMS CORP,1001185,7373
PGNS,PATHOGENESIS CORP,1001186,2836
CGIX.1,CARNEGIE GROUP INC,1001188,7373
TMTA,TRANSMETA CORP,1001193,3674
SGMO,SANGAMO THERAPEUTICS INC,1001233,2836
VSEIF,VENTURE SEISMIC LTD,1001244,1382
EL,ESTEE LAUDER COMPANIES INC,1001250,2844
ASFI,ASTA FUNDING INC,1001258,6153
SANO,SANO CORP,1001259,2834
GEEK,INTERNET AMERICA INC,1001279,7370
FFBA,FIRST COLORADO BANCORP INC,1001287,6035
LXK,LEXMARK INTL INC  -CL A,1001288,3577
LUMI,LUMISYS INC,1001289,3825
BAP,CREDICORP LTD,1001290,6020
TGTX,TG THERAPEUTICS INC,1001316,2834
KAII10,KIDDIE ACADEMY INTL INC,1001320,8351
LSH.1,LASALLE RE HOLDINGS LTD,1001384,6331
NWPX,NWPX INFRASTRUCTURE INC,1001385,3317
GELX,GELTEX PHARMACEUTICALS INC,1001425,2834
PSEM,PERICOM SEMICONDUCTOR CORP,1001426,3674
DER.1,DE RIGO SPA  -ADR,1001462,3851
ACCA,ACACIA DIVERSIFIED HLDGS INC,1001463,2834
KKPNY,KONINKLIJKE KPN NV,1001474,4813
REDB,RED BRICK SYSTEMS INC,1001489,7372
FCWI,FIRST COMMONWEALTH INC,1001493,6324
LBMSY,LEARMONTH & BURCHETT MGMNT,1001539,7372
LGAM,LEXINGTON GLOBAL ASSET MGRS,1001540,6282
GUCG,GUCCI GROUP NV,1001576,3100
KIDQ,NEW HORIZON KIDS QUEST INC,1001579,8351
HFNC,HFNC FINANCIAL CORP,1001582,6035
NETTQ,NETTER DIGITAL ENTMT INC,1001592,7812
MGTI,MGT CAPITAL INVESTMENTS INC,1001601,7374
AMRN.,AMERIN CORP,1001603,6351
ESC,EMERITUS CORP,1001604,8300
BLT,BLOUNT INTL INC,1001606,3420
REPX,RILEY EXPL PERMIAN INC,1001614,1311
CLAS.1,CLASSIC BANCSHARES INC,1001627,6020
SAVLY,SAVILLE SYSTEMS PLC  -ADR,1001635,7371
EAGL.1,EGL INC,1001718,4731
3UNHC,UNISON HEALTHCARE CORP,1001769,8051
TLK,PERUSAHAAN PERSEROAN,1001807,4812
SCCO,SOUTHERN COPPER CORP,1001838,1000
FTGX,FIBERNET TELECOM GROUP INC,1001868,4813
ICH,INVESTORS CAPITAL HLDGS LTD,1001871,6211
DVNO,LASER STORM INC,1001879,3944
IVAC,INTEVAC INC,1001902,3559
ELUR,ELINEAR INC,1001903,5045
ASTC,ASTROTECH CORP,1001907,3829
ILXO,ILEX ONCOLOGY INC,1001915,2836
SCUR,SECURE COMPUTING CORP,1001916,7372
PMID,PYRAMID BREWERIES INC,1001917,2082
RTEL,RAYTEL MEDICAL CORP,1002017,8093
ICSN,INNOVATIVE CLINICAL SOLUTNS,1002022,8731
LTRE,LEARNING TREE INTL INC,1002037,8200
FFGI.,FOREFRONT GROUP INC,1002040,7372
INFM,INFINIUM SOFTWARE INC,1002044,7372
NTAP,NETAPP INC,1002047,3572
CPMI,COMPLETE MANAGEMENT INC,1002063,8741
PIXR,PIXAR,1002114,7812
ILUM.1,ILLUMINET HOLDINGS INC,1002119,4813
3ADLTQ,ADVANCED LIGHTING TECH INC,1002125,3640
3CFNIE,CONTIFINANCIAL CORP,1002130,6141
3LHSPQ,LERNOUT & HAUSPIE SPCH PD,1002131,7372
ALPH.,ALPHANET SOLUTIONS INC,1002132,7370
WSTL,WESTELL TECH INC  -CL A,1002135,3661
SRYI,SWISSRAY INTERNATIONAL INC,1002137,3844
3LABT,LABTEC INC,1002175,3577
YILD,YIELDUP INTL CORP,1002176,3559
BUNZQ,SCHLOTZSKY'S INC,1002178,5812
MADGQ,MADGE NETWORKS NV,1002210,3576
FNGB.1,FIRST NORTHERN CAPITAL CORP,1002213,6036
UT,UNITED TRANSNET INC,1002223,4210
ADVS,ADVENT SOFTWARE INC,1002225,7372
E,ENI SPA,1002242,1311
GYNE,GYNECARE INC,1002243,3841
CCHM.,COMBICHEM INC/DEL,1002276,8731
MAGZ,MAGNUM SPORTS & ENTMT INC,1002325,7900
ABLP,ABSOLUTE POTENTIAL INC,1002360,9995
ACCL.1,ACCELRYS INC,1002388,7372
INSGY,INSIGNIA SOLUTIONS PLC  -ADR,1002390,5190
CCS.1,CASTLE & COOKE INC,1002506,6552
NUAN,NUANCE COMMUNICATIONS INC,1002517,7372
CKSG.1,CKS GROUP INC,1002518,7311
SPDE,SPEEDUS CORP,1002520,3841
SPEH,MAY & SPEH INC,1002521,7370
APWD,APPLEWOODS INC,1002522,2844
MECN,MECON INC,1002524,7370
TLGD,TOLLGRADE COMMUNICATIONS INC,1002531,3825
OMPT,OMNIPOINT CORP,1002532,4812
INDV.1,INDIVIDUAL INC,1002536,7370
3ISEE,EMERGING VISION INC,1002554,5990
AXLE,T J T INC,1002577,3714
ESA.,EXTENDED STAY AMERICA -OLD,1002579,7011
SGU,STAR GROUP LP,1002590,5900
ATAR.,ATARI INC,1002607,7372
AHTCQ,AHT CORP,1002628,7372
3NETRZ,NETRADIO CORP,1002636,4832
MLNM,MILLENNIUM PHARMACEUTICALS,1002637,2835
OTEX,OPEN TEXT CORP,1002638,7370
3DALN,DALEEN TECHNOLOGIES INC,1002658,7372
3DEMI,DEM INC,1002659,6726
PHTN,PHOTON DYNAMICS INC,1002663,3825
GOAL,ASCENT ENTERTAINMENT GROUP,1002666,4841
HRZB,HORIZON FINANCIAL CORP/WA,1002682,6020
EIDSY,EIDOS PLC,1002717,7372
ACCI.1,ACC CONSUMER FINANCE CORP,1002760,6159
KNSY,KENSEY NASH CORP,1002811,3842
ESTR.1,ELECTROSTAR INC,1002812,3672
PWCCQ,POINT WEST CAPITAL CORP,1002813,6159
HIGPQ,HIGHLANDS INSURANCE GRP INC,1002816,6331
CVNGY,CHINA CONVERGENT CORP LTD,1002817,1540
VEXPQ,VELOCITY EXPRESS CORP,1002902,4210
TBH.1,TELEBRAS-TELECOM BRASILEIRAS,1002908,9995
CBCA.1,CHANCELLOR BROADCSTNG  -CL A,1002909,4832
AEE,AMEREN CORP,1002910,4931
FASIQ,FIELDS AIRCRAFT SPARES INC,1002911,5080
GDSCQ,GATEWAY DATA SCIENCES CORP,1002917,7373
HMS,HOST MARRIOTT SERVICES CORP,1002938,5812
ZRAN,ZORAN CORP,1003022,3674
MSM,MSC INDUSTRIAL DIRECT  -CL A,1003078,5084
NHSL,NHS FINANCIAL INC,1003084,6036
PHYS.2,PHYSIO-CONTROL INTL CORP,1003088,3845
NGI,NEON COMMUNICATIONS GROUP,1003111,7370
MDCC,MOLECULAR DEVICES CORP,1003113,3826
IMPHQ,IMPATH INC,1003114,8071
PPDI,PHARMACEUTICAL PROD DEV INC,1003124,8731
LCAV,LCA VISION INC,1003130,8093
BESIY,BE SEMICONDUCTOR INDUSTRIES,1003196,3559
MMAC,MMA CAPITAL HOLDINGS,1003201,6799
AMCS.,AMISYS MANAGED CARE SYS INC,1003202,7373
BNCM.,BNC MORTGAGE INC,1003213,6162
SIMG,SILICON IMAGE INC,1003214,3674
FPCG,FIRST PHYSICIANS CAPITAL GRP,1003226,8062
METF,METROPOLITAN FINL CORP/OH,1003233,6036
ELOQ.1,ELOQUENT INC,1003265,7372
ICCXQ,INTERNET COMMERCE & COMMUNIC,1003282,7370
LBFI,L&B FINANCIAL INC,1003292,6036
HW,HEADWATERS INC,1003344,3272
TDGO,3-D GEOPHYSICAL INC,1003382,1382
MWAR.,MICROWARE SYSTEMS CORP,1003383,7372
3400B,UNIONAMERICA HLDGS PLC  -ADR,1003388,6331
SSTRF,SILVERSTAR HOLDINGS LTD,1003390,7372
RUNI,REUNION INDUSTRIES INC,1003429,3490
HOMEF,HOME CENTERS (DIY) LTD,1003433,5200
ENDO.1,ENDOCARE INC,1003464,3841
PEHYY,PECHINEY SA,1003467,3350
3WCPSF,WORLD COLOR PRESS INC,1003470,2750
TPPPF,TRIPLE P NV,1003471,7373
PRXZ,PAINCARE HOLDINGS INC,1003472,8093
AIII.1,AUTOLOGIC INFORMATION INTL,1003477,3555
ANSS1,AAVID THERMAL TECHNOLOGIES,1003481,3679
HORTQ,HINES HORTICULTURE INC,1003515,100
HMCH,HOME CHOICE HOLDINGS INC,1003521,7359
TXM.2,TREX MEDICAL CORP,1003539,3844
CWG,CANWEST GLOBAL COM  -NVTG,1003565,4888
ATGN,ALTIGEN COMMUNICATIONS INC,1003607,4899
IDEA.,INNOVASIVE DEVICES INC,1003608,3842
AMLJ,AML COMMUNICATIONS INC,1003640,3663
HELI.1,FRASER INDUSTRIES INC,1003641,3559
IPXL,IMPAX LABORATORIES INC,1003642,2834
LCGI,LEARNING CARE GROUP INC -OLD,1003648,8351
VIFI,VIE FINANCIAL GROUP INC,1003740,6200
3STCHZ,SITE TECHNOLOGIES INC,1003754,7372
VIAP,VIA PHARMACEUTICALS INC,1003929,2836
XTEL,XETEL CORP,1003932,3672
BEEN,UNIDIGITAL INC,1003934,7330
NICE,NICE LTD,1003935,7372
PHFC,PITTSBURGH FINANCIAL CORP,1003936,6036
PTIX.1,PERFORMANCE TECHNOLOGIES INC,1003950,3576
WLMR,WILMAR INDUSTRIES INC,1003956,5070
3RISC,RISCORP INC  -CL A,1003957,6799
TRES.,TRESCOM INTERNATIONAL INC,1003958,4813
XO,360 COMMUNICATIONS CO,1003959,4812
3DAOU,DAOU SYSTEMS INC,1003989,7373
DMEI,DME INTERACTIVE HOLDINGS INC,1004124,7370
KSW,KSW INC,1004125,5070
SO7,SOUTHERN CO GAS,1004155,4924
CYCHZ,CYBERCASH INC,1004232,7372
HTST,HEARTSTREAM INC,1004313,3845
USSB,US SATELLITE BROADCST  -CL A,1004314,4841
NGG,NATIONAL GRID,1004315,4911
AMG,AFFILIATED MANAGERS GRP INC,1004434,6282
CEG.1,CONSTELLATION ENERGY GRP INC,1004440,4931
CFTP,COMMUNITY FEDERAL BANCORP,1004524,6035
MENS.,K&G MENS CENTER INC,1004526,5600
ABAN,AMERICAN BANCSHARES INC/FL,1004528,6020
MPVDF,MOUNTAIN PROVINCE DIAMONDS,1004530,1400
QZAFQ,Q-ENTERTAINMENT INC,1004545,3944
GLDI.1,GROUP LONG DISTANCE INC,1004570,4813
GLBE.1,GLOBE BUSINESS RESOURCES INC,1004571,6513
BSYT,BIOMETRICS SECURITY TECH INC,1004605,3576
PNS,PINNACLE DATA SYSTEMS INC,1004608,3672
EGT,ENTERTAINMENT GAMING ASIA,1004673,3990
OCFC,OCEANFIRST FINANCIAL CORP,1004702,6020
RHEP,REGIONAL HEALTH PROPERTS INC,1004724,8051
CCOWQ,CAPITAL CORP OF THE WEST,1004740,6020
NCE.1,NEW CENTURY ENERGIES INC,1004858,4931
NTGX,NET.GENESIS CORP,1004874,7372
DNCR,DYNACARE INC,1004938,8071
VST.1,VANSTAR CORP,1004939,5045
LMNS,LUMENIS LTD,1004945,3845
CNCT.,CONNETICS CORP,1004960,2836
WMDA,WATCHIT MEDIA INC,1004963,7371
PGEX,PACIFIC GATEWAY EXCHANGE INC,1004967,4813
FENT,FIRST ENTERPRISE FINL,1004968,6153
PFFBQ,PFF BANCORP INC,1004969,6035
PCG,PG&E CORP,1004980,4931
IDAI.,IDNA INC,1004981,4899
SGRP,SPAR GROUP INC,1004989,7389
3NCSS,NCS HEALTHCARE INC  -CL A,1004990,5912
WSH.1,WESTRN STAR TRUCKS HLDGS LTD,1004992,3711
ARZN,ARZAN INTERNATIONAL,1004993,5150
ARTC,ARTHROCARE CORP,1005010,3845
AVSV,AUDIO VISUAL SERVICES CORP,1005015,7359
FBER.1,1ST BERGEN BANCORP,1005016,6035
WHGB,WHG BANCSHARES CORP,1005018,6035
MGLD,MARYGOLD COMPANIES INC (THE),1005101,6282
CRZY,CRAZY WOMAN CREEK BNCRP INC,1005119,6035
EVTI.,ENDOVASCULAR TECH INC,1005122,3842
CHRI.,COHR INC,1005123,7600
CMSB.1,COMMONWEALTH BANCORP INC,1005126,6036
TRDT.,TRIDENT INTERNATIONAL INC,1005128,3555
3CCSE.,COMMUNITY CARE SERVICES INC,1005139,5047
DTSX,DIGITAL TRANSMISSION SYSTEMS,1005179,3661
MOSS,MOSSIMO INC,1005181,2320
ILGL,PACIFIC COAST APPAREL INC,1005185,2330
FFFD,NORTH CENTRAL BANCSHARES INC,1005188,6035
SPH,SUBURBAN PROPANE PRTNRS  -LP,1005210,5900
3BETM,AMERICAN WAGERING INC,1005214,7990
CMCO,COLUMBUS MCKINNON CORP,1005229,3530
CYLK,CYLINK CORP,1005230,3577
3SCBI,SCB COMPUTER TECHNOLOGY INC,1005268,7363
EAII,ENGINEERING ANIMATION INC,1005270,7372
TSGI,TECHNOLOGY SVC GROUP INC,1005274,3661
COGE,COMPARE GENERIKS INC,1005283,5122
OLED,UNIVERSAL DISPLAY CORP,1005284,3674
LFCR,LIFECORE BIOMEDL INC,1005286,2834
SE.1,STERLING COMMERCE INC,1005291,7372
GAF.1,GA FINANCIAL INC,1005313,6035
GNSM,GENSYM CORP,1005387,7372
ULTD,ULTRADATA CORP,1005406,7372
CHRX.1,CHIREX INC,1005407,2833
1231B,TOYS R US INC,1005414,5945
REPB.1,REPUBLIC BANCSHARES INC,1005501,6020
WIRX,WIRELESS XCESSORIES GRP INC,1005504,5063
JXVL,JACKSONVILLE BANCORP INC,1005507,6036
YFCB,YONKERS FINANCIAL CORP,1005508,6035
TMEIQ,TMCI ELECTRONICS INC,1005509,3460
CATB.1,CATSKILL FINANCIAL CORP,1005512,6035
BOSC,BOS BETTER ONLINE SOLUTIONS,1005516,5065
NAHHQ,NEW AMER HEALTHCARE CORP,1005653,8051
NKCI,NEWKIDCO INTL INC,1005690,7372
HSDC,HEALTH SYSTEMS DESIGN CORP,1005697,7372
UPHN,UPHONIA INC,1005698,7372
CALL,MAGICJACK VOCALTEC LTD,1005699,4899
DPRC,DATA PROCESSING RES CORP,1005700,7363
MNE.3,MONEYGRAM PAYMENT SYS INC,1005730,6099
IDT,IDT CORP,1005731,4813
CSGS,CSG SYSTEMS INTL INC,1005757,7374
RAIO,RADIOIO INC,1005758,7370
PTI.2,PAYMENTECH INC,1005759,7320
TMP,TOMPKINS FINANCIAL CORP,1005817,6020
WCEC,WEST COAST ENTMT CORP,1005858,7841
TMQ.1,THERMOQUEST CORP,1005868,3826
WSHI,WALSH INTERNATIONAL INC,1005882,7371
AACB.1,ALLIANCE ATLANTIS COMM -CL B,1005887,7822
HMTT,HMT TECHNOLOGY CORP,1005967,3572
INVN.1,INVISION TECHNOLOGIES INC,1005969,3844
DPS.2,DAWSON PRODUCTION SERVICES,1005970,1381
PCTY.1,PARTY CITY CORP,1005972,5940
3NETX,NETLOJIX COMMUNICATIONS INC,1005974,7385
VCOM,VITALCOM INC,1006026,7373
BAU,BACOU USA INC,1006027,3851
PURE,PURE BIOSCIENCE INC,1006028,2890
AGD.3,APPLIED GRAPHICS TECHNOL INC,1006030,7330
IRIX,IRIDEX CORP,1006045,3845
FFDF,FFD FINANCIAL CORP,1006177,6020
MTXX,MATRIXX INITIATIVES INC,1006195,2834
BHMNF,BIRCH MOUNTAIN RESOURCES LTD,1006224,1000
LU.1,LUCENT TECHNOLOGIES INC,1006240,7373
POG.3,PATINA OIL & GAS CORP,1006264,1311
CFSB.1,CITIZENS FIRST FINANCIAL CP,1006265,6036
LORL,LORAL SPACE & COMMUNICATIONS,1006269,4841
PLX,PROTALIX BIOTHERAPEUTICS INC,1006281,2836
MECS.1,MEDICUS SYSTEMS CORP,1006361,7372
MUZE,MUSE TECHNOLOGIES INC,1006368,7372
FRTE.1,FORTE SOFTWARE INC,1006370,7372
3BMTRE,BONDED MOTORS INC,1006376,3714
BSF,BEAR STATE FINANCIAL INC,1006424,6035
HOMS.1,TIMIOS NATIONAL CORP,1006459,6532
CUSM,CUSEEME NETWORKS INC,1006591,7372
PFP.1,PREMIER FARNELL PLC,1006603,5065
3HSCL,HOUSECALL MEDICAL RES INC,1006604,8082
SPWY,PENSKE MOTORSPORTS INC,1006605,7948
ONYX.2,ONYX ACCEPTANCE CORP,1006614,6141
TKTM,TICKETMASTER ENTERTNMNT INC,1006637,7990
MASC.1,MASTERING INC,1006638,8200
EPM,EVOLUTION PETROLEUM CORP,1006655,1311
QMRK,QUALMARK CORP,1006691,3829
BTOO.,BIOMETRICS 2000 CORP,1006708,3669
SEBL,SIEBEL SYSTEMS INC,1006835,7372
VATE,INNOVATE CORP,1006837,3440
JDAS,JDA SOFTWARE GROUP INC,1006892,7372
BZEC,MACKAY LIFE SCIENCES INC,1007018,3845
JVA,COFFEE HOLDING CO INC,1007019,5140
ISCG.,INTEGRATED SYS CONSULTING GP,1007020,7370
3WKGP,WORKGROUP TECHNOLOGY CORP,1007021,7372
TSR.3,THERMO SENTRON INC,1007022,3590
AVEI,ARTERIAL VASCULAR ENGR INC,1007047,3841
IQST.1,INTELLIQUEST INFORMATION GRP,1007083,7370
YRKG,YORK GROUP INC,1007084,3990
ENBB,ENBC CORP,1007184,5400
NSPK,NETSPEAK CORP,1007209,7372
MATR.1,MATRIA HEALTHCARE INC,1007228,5961
BKSC,BANK SOUTH CAROLINA CORP,1007273,6020
XCIT,EXCITE INC,1007297,7370
CNCX,CONCENTRIC NETWORK CORP,1007304,7370
FMRX.,FEMRX INC,1007321,3845
PRGX,PRGX GLOBAL INC,1007330,8721
TVCE,TVC TELECOM INC,1007367,4813
EDS.,ELECTRONIC DATA SYSTEMS CORP,1007456,7370
AFFI,AFFINITY TECHNOLOGY GRP INC,1007508,9995
KTZ.,KATZ DIGITAL TECHNOLOGY INC,1007518,2790
PGTZ,PRAEGITZER INDUSTRIES INC,1007519,3672
JPMX,JPM CO,1007581,3679
PXE.1,PACIFIC RESH & ENGR CORP,1007583,3663
KVHI,KVH INDUSTRIES INC,1007587,4899
3DOCIQ,DECISIONONE HOLDINGS CORP,1007588,7370
PCDIQ,PCD INC,1007594,3678
MRN.1,MORRISON RESTAURANTS INC,1007783,5812
XEIYQ,XEIKON NV  -ADR,1007787,3577
SIPX,SIPEX CORP,1007800,3674
LCOS.,LYCOS INC,1007992,7370
SMPLF,SIMPLAYER.COM LTD,1007993,7370
AXNT.,AXENT TECHNOLOGIES INC,1007997,7372
LNM,LUMEN TECHNOLOGIES INC.1,1008114,3640
PRZM.1,PRISM SOLUTIONS INC,1008129,7372
IBUY.,STYLECLICK.COM INC,1008130,7372
ASL.2,ASHANTI GOLDFIELDS CO LTD,1008136,1040
HBEK,HUMBOLDT BANCORP,1008554,6020
STRM,STREAMLINE HEALTH SOLUTIONS,1008586,7373
WTLK,WORLDTALK COMMUNICATIONS CP,1008588,7372
CIMT,CIMATRON LTD,1008595,7372
PHWDQ,PLANET HOLLYWOOD INTL INC,1008597,5812
LXMO,LEXINGTON B & L FINANCIAL CP,1008598,6035
AERL.1,AERIAL COMMUNICATIONS INC,1008614,4812
EMAX,ECOMAX INC,1008653,7200
TUPBQ,TUPPERWARE BRANDS CORP,1008654,3089
SAPE,SAPIENT CORP,1008817,7373
ACORQ,ACORDA THERAPEUTICS INC,1008848,2836
VCAM,VINCAM GROUP INC,1008896,8741
KNTK.1,KENTEK INFORMATION SYS INC,1008938,3577
VNEC,V-ONE CORP,1008946,7372
MALT,LION BREWERY INC,1008990,2082
SUHI,SUNSTAR HEALTHCARE INC,1008993,6324
CCJ,CAMECO CORP,1009001,1090
ACEP.1,PARTS SOURCE INC,1009241,5531
HWEN,HOME FINANCIAL BANCORP,1009242,6035
CASA.1,MEXICAN RESTAURANTS INC,1009244,5812
ORNGY,ORANGE PLC,1009245,4812
TSIX.,TRANSITION SYSTEMS INC/MA,1009301,7372
ELAMF,ELAMEX SA DE CV,1009302,5140
ITWO.1,I2 TECHNOLOGIES INC,1009304,7372
SLXP,SALIX PHARMACEUTICALS LTD,1009356,2834
MDF,METROPOLITAN HLTH NTWRKS INC,1009379,8011
NETO,NETOBJECTS INC,1009386,7372
DVID,DIGITAL VIDEO SYSTEMS INC,1009395,3651
MRCHQ,MARCHFIRST INC,1009403,8742
OIL.7,TRITON ENERGY LTD,1009404,1311
BCII.1,BONE CARE INTERNATIONAL INC,1009405,2834
3GLOB,GLOBAL MED TECHNOLOGIES INC,1009463,7372
TLG.1,TARGET LOGISTICS INC,1009480,4731
ENSR,ENSTAR INC,1009515,7373
MEC.Z.,MIDAMERICAN ENERGY HLDG-OLD,1009526,4931
IIXC,IXC COMMUNICATIONS INC,1009532,4813
SXNB,SUCCESS BANCSHARES INC,1009569,6020
BRCD,BROCADE COMMUNICATIONS SYS,1009626,3576
BBUCQ,BIG BUCK BREWERY&STEAKHOUSE,1009652,5810
HAKI,HALL KINION & ASSOCIATES INC,1009657,7363
AMCP,AMCOMP INC,1009667,6331
CRRTQ,CARBO CERAMICS INC,1009672,3290
SAWS.1,SAWTEK INC,1009675,3663
CTSI.1,CARDIOTHORACIC SYSTEMS INC,1009677,3841
MXICY,MACRONIX INTL CO LTD,1009680,3674
CGEH,CAPSTONE GREEN ENRGY HLD INC,1009759,3510
CIGR,CARIBBEAN CIGAR CO,1009769,2100
PLSSQ,ROOM PLUS INC,1009773,2511
MJRC,MAJOR AUTOMOTIVE COMPANIES,1009779,5500
ACLH,ACT CLEAN TECHNOLOGIES INC,1009802,8742
HKPF,BIRMAN MANAGED CARE,1009822,8742
JAKK,JAKKS PACIFIC INC,1009829,3944
MTRE,MARKET & RESEARCH CORP,1009830,9995
GWLKQ,GABRIEL TECHNOLOGIES CORP,1009833,3990
IBCO,INDEPENDENCE BREWING CO,1009863,2082
DXO.1,DISCO SA,1009866,5411
3CREGE,CRAIG CONSUMER ELCTRNCS INC,1009869,3651
HPRT.1,HEARTPORT INC,1009871,3841
TTELF,TADIRAN TELECOMMUNICATNS LTD,1009872,3661
AIRI,AIR INDUSTRIES GROUP INC,1009891,3728
MDDS,MONARCH DENTAL CORP,1009900,8000
NIS.1,NOVA CORP/GA,1009918,7389
STER.2,STERIGENICS INTL INC,1009988,8090
CBBO,COLUMBIA BANCORP/OR,1010002,6020
TDFX,3DFX INTERACTIVE INC,1010026,9995
SPLK.1,SPANLINK COMMUNICATIONS INC,1010064,7372
KINT,KARTS INTERNATIONAL INC,1010077,3944
SIGA,SIGA TECHNOLOGIES INC,1010086,2834
ICTSF,ICTS INTERNATIONAL NV,1010134,7381
IMCX,IMAGEMATRIX CORP,1010136,7373
DBT.1,DBT ONLINE INC,1010138,7370
QULMY,QUINSA-QUILMES INDUSTRIAL SA,1010246,2082
FPIC,FPIC INSURANCE GROUP INC,1010247,6351
FTWRQ,FIBERTOWER CORP,1010286,4899
ENPT.,EN POINTE TECHNOLOGIES INC,1010305,5045
MLMIQ,MICROLEAGUE MULTIMEDIA INC,1010395,7372
PHYX,PHYSIOMETRIX INC,1010397,3845
CMUGY,CORDIANT COMMUNICATIONS GRP,1010401,7311
TNZRY,TOLL NZ LTD,1010418,4011
PROV,PROVIDENT FINANCIAL HOLDINGS,1010470,6035
WYN.1,WYNDHAM HOTEL CORP,1010471,7011
DSH.1,DESIGNER HOLDINGS LTD,1010472,2330
LIQWF,LIQUIDATION WORLD INC,1010473,5399
PTRS.1,POTTERS FINANCIAL CORP,1010476,6036
PLCM,POLYCOM INC,1010552,3661
3GNTIE,GENTIA SOFTWARE PLC,1010555,7372
TLCVF,TLC VISION CORP,1010610,8000
SYKE,SYKES ENTERPRISES INC,1010612,7374
PVTCY,PFEIFFER VACUUM TECHNOLOGY,1010613,3560
ATTY,1-800-ATTORNEY INC,1010615,2741
HTEI,H T E INC,1010655,7373
NTMV,NETMOVES CORP,1010677,4822
USWB,USWEB CORP,1010724,7373
SKS.Z,SAKS HOLDINGS INC,1010744,5311
GEN.3,GENON ENERGY INC,1010775,4911
ASX.1,AMERICAN STATES FINL CORP,1010787,6331
ZOMX,ZOMAX INC/MN,1010788,3652
3WIZTF,WIZTEC SOLUTIONS LTD,1010836,7371
CNBA,CHESTER BANCORP INC,1010838,6020
NHMCF,NATIONAL HEALTHCARE MFG CORP,1010854,3842
FMSA,FAIRMOUNT SANTROL HOLDINGS,1010858,1400
ETRXQ,ESSENTIAL THERAPEUTICS INC,1010915,2834
BIOP.1,BIOPSYS MEDICAL INC,1010917,3841
ABSC,AURORA BIOSCIENCES CORP,1010919,3826
FNBP.1,F N B CORP/VA,1010961,6020
AABA,ALTABA INC,1011006,7370
ANA.3,ACADIANA BANCSHARES INC/LA,1011024,6036
NTST.1,NETSMART TECHNOLOGIES INC,1011028,7373
NORD,NORDICUS PARTNERS CORP,1011060,3842
SRZ,SUNRISE SENIOR LIVING INC,1011064,8300
SIBI,SIBIA NEUROSCIENCES INC,1011065,2836
CEONZ,CERION TECHNOLOGIES INC,1011067,3695
BOLDQ,BOLDER TECHNOLOGIES CORP,1011108,3690
AIII,ACRE REALTY INVESTORS INC,1011109,6798
CGNE,CALGENE INC,1011134,100
CUI.1,COACH USA INC,1011147,4100
LMAR,LAMAUR CORP,1011154,2844
BRE,BRE PROPERTIES INC,1011174,6798
SWMAY,SWEDISH MATCH AB,1011218,2100
PFFC,PEOPLES FINANCIAL CORP/OH,1011221,6035
PMIX,PRIMIX SOLUTIONS INC,1011255,7370
NDN,99 CENTS ONLY STORES,1011290,5331
NPL,NATIONAL PROPANE PTNRS  -LP,1011292,5900
UBMT,UNITED FINANCIAL CORP/MN,1011309,6020
SUNQ,SUNQUEST INFORMATION SYS INC,1011340,7373
PKTR,PACKETEER INC,1011344,7373
ITVU,INTERVU INC,1011418,7370
CTEK,CYNERGISTEK INC,1011432,7374
SLAM.1,SUBURBAN LODGES AMER INC,1011449,7011
MDII.1,MECHANICAL DYNAMICS,1011451,7372
AUMN,GOLDEN MINERALS CO,1011509,1040
KNL,KNOLL INC,1011570,2522
DIGE,DIGENE CORP,1011582,2835
3FINE,FINE HOST CORP,1011584,5812
GSCI.,GEOSCIENCE CORP,1011586,3829
PMCO,PROMEDCO MANAGEMENT CO,1011630,8741
3PTUS,PERITUS SOFTWARE SVCS INC,1011632,7372
TIE,TITANIUM METALS CORP,1011657,3350
0176A,MUFG AMERICAS HOLDINGS CORP,1011659,6020
EVSNF,ELBIT VISION SYSTEMS LTD,1011664,7373
OCIS,OACIS HEALTHCARE HLDGS CORP,1011671,7373
HBR.1,HARBORSIDE HEALTHCARE CORP,1011693,8051
ATPIF,AT PLASTICS INC,1011694,2821
ANS,AIRNET SYSTEMS INC,1011696,4513
SVBF,SVB FINANCIAL SERVICES INC,1011698,6020
PP.4,PRENTISS PROPERTIES TRUST,1011699,6798
PICM,PROFESSIONALS GROUP INC,1011736,6351
DECC,D & E COMMUNICATIONS INC,1011737,4813
PLANQ,OPEN PLAN SYSTEMS INC,1011738,2522
3MLDRE,ML DIRECT INC,1011775,5961
MDVN,MEDIVATION INC,1011835,2836
SFC.3,SOUTHERN PACIFIC FNDG CORP,1011836,6162
DITI,DIATIDE INC,1011888,2835
APCFY,ATLAS PEARLS LTD,1011974,900
RUSHA,RUSH ENTERPRISES INC,1012019,5500
TCGI.,TELEPORT COMM GROUP INC-CL A,1012099,4813
SEE,SEALED AIR CORP,1012100,3081
REGI.1,RENAISSANCE WORLDWIDE INC,1012123,7363
MWH.1,BAYCORP HOLDINGS CORP,1012127,4911
DPMI,DUPONT PHOTOMASKS INC,1012128,3559
NVTP,NOVT CORP,1012131,9995
IGYN,IMAGYN MEDICAL INC,1012134,3841
GSHHY,GUANGSHEN RAILWAY CO LTD,1012139,4011
ONXX,ONYX PHARMACEUTICALS INC,1012140,2834
ONSS.,ON-SITE SOURCING INC,1012141,7330
3TMAV,TIMCO AVIATION SERVICES INC,1012159,4581
CGPI.,COLLAGENEX PHARMACEUTCLS INC,1012270,2834
TAGH10,TAG HEUER INTERNATIONAL SA,1012274,3873
CPWY.,CARDIAC PATHWAYS CORP,1012367,3841
TOC.1,THERMO OPTEK CORP,1012368,3826
DK.1,DONNA KARAN INTL INC,1012369,2330
TLXFQ,TOOLEX INTERNATIONAL NV,1012370,3559
KEYS.1,KEYSTONE AUTOMOTIVE INDS INC,1012393,5013
EPMD,EP MEDSYSTEMS INC,1012394,3845
UPUP,UTD PAYORS&UTD PROVIDERS INC,1012441,6411
DHMS,DIAMOND HOME SERVICES INC,1012442,1700
USCS.,USCS INTL INC,1012459,7372
BGMR,BIGMAR INC,1012466,2834
AMTK.,AMERICAN MATLS & TECH CORP,1012468,3290
AVDL,AVADEL PHARMACEUTICALS PLC,1012477,2834
SBTKQ,SABRATEK CORP,1012480,3845
ZPLSQ,ZEROPLUS.COM INC,1012481,7370
NTPA,NETOPIA INC,1012482,3576
3CFAC,CENTRAL FINANCIAL ACCEP CORP,1012483,4700
TDX.1,THERMEDICS DETECTION INC,1012555,3823
FMCT,FARMERS & MECHANICS BANK/CT,1012566,6036
BPLS.,BANK PLUS CORP,1012616,6035
GWR,GENESEE & WYOMING INC  -CL A,1012620,4011
IMCC.,IMC MORTGAGE CO,1012623,6162
IHC.1,INTERSTATE HOTELS CO,1012624,7011
BLRK,BLACK ROCK GOLF CORP,1012627,3949
IHSC,INSIGHT HEALTH SERVICES CORP,1012697,8071
UGLY,UGLY DUCKLING CORP,1012704,5500
KARR,KARRINGTON HEALTH INC,1012710,8300
TRVS.,TRAVIS BOATS & MOTORS INC,1012734,5500
AIOD,APOLLO INTL DEL INC,1012750,3825
FFG,FBL FINANCIAL GROUP INC-CL A,1012771,6311
EXETF,EXTENDICARE INC,1012881,8051
RMOC,RUTHERFORD-MORAN OIL CORP,1012884,1311
BCGI,BOSTON COMMUNICATIONS GROUP,1012887,4812
ADVP.,ADVANCEPCS,1012956,6411
MHX,MERISTAR HOSPITALITY CORP,1012967,6798
WDRY,COINMACH LAUNDRY CORP,1013021,7200
3ALYS,ALYSIS TECHNOLOGIES INC,1013033,7372
DRLX,DRILEX INTERNATIONAL INC,1013036,1381
GPFI,GRAND PREMIER FINANCIAL INC,1013044,6020
SISB,SIS BANCORP,1013049,6036
AFIS,PRINTRAK INTERNATIONAL INC,1013050,7373
PRRC,PRECISION RESPONSE CORP,1013058,7389
BVN,COMPANIA DE MINAS BUENAVENTU,1013131,1040
XYBRQ,XYBERNAUT CORP,1013148,3571
ICTG.1,ICT GROUP INC,1013149,7389
TCGX,TELCO COMMUNICATIONS GRP INC,1013159,4813
3SGIC,SILICON GAMING INC,1013170,3990
ATHCQ,ALTERRA HEALTHCARE CORP,1013218,8300
WLP.1,WELLPOINT HEALTH NETWRKS INC,1013220,6324
ROMN,FILM ROMAN INC,1013236,7812
FDS,FACTSET RESEARCH SYSTEMS INC,1013237,7370
ARDMQ,ARADIGM CORP,1013238,3841
AAIIQ.1,AAIPHARMA INC,1013243,8731
HSD.1,HOMESTEAD VILLAGE INC,1013256,6513
NWFL,NORWOOD FINANCIAL CORP,1013272,6020
3CSNEE,COMPRESSENT CORP,1013273,7372
LNDA,LINDATECH INC,1013277,7370
SMO.2,SANTA MONICA BK CALIF,1013297,6020
OSIXQ,OUTSOURCE INTERNATIONAL INC,1013316,7363
HIRE.1,WEBHIRE INC,1013322,7372
ASDV.1,ASPECT DEVELOPMENT INC,1013334,7372
MAXM,MAXIM PHARMACEUTICALS INC,1013351,2836
TISX,TRUSTED INFORMATION SYS INC,1013355,7372
ANSS,ANSYS INC,1013462,7372
CGCP.,CARDIOGENESIS CORP-OLD,1013465,3845
FSON.,FUSION MED TECHNOLOGIES INC,1013466,3842
REMX.1,REMEDYTEMP INC  -CL A,1013467,7363
BJRI,BJ'S RESTAURANTS INC,1013488,5812
TBA.,THERMO BIOANALYSIS CORP,1013547,3826
PFED,PARK BANCORP INC,1013554,6035
CXIA,COMMODORE APPLIED TECHN INC,1013556,4955
SAESY,SAES GETTERS SPA,1013557,3670
FFH.2,FARM FAMILY HOLDINGS INC,1013564,6331
RT.1,RYERSON TULL INC-OLD,1013595,5051
PDS,PRECISION DRILLING CORP,1013605,1381
ELGXQ,ENDOLOGIX INC,1013606,3841
PYTV10,TV FILME INC,1013608,4841
SKP.2,SCPIE HOLDINGS INC,1013609,6351
MXCY,NELES OYJ,1013626,3561
AAFGQ,ALL AMERN FOOD GROUP INC,1013627,5812
SHXXZ,SPHINX INTERNATIONAL INC,1013687,7372
LYLP,LOYALTYPOINT INC,1013690,7370
CHNL,CHANNELL COMMERCIAL CORP,1013696,3089
SIGC,SYMONS INTERNATIONAL GRP INC,1013698,6331
WHLM,WILHELMINA INTERNATIONAL INC,1013706,7900
CLMT.1,CLAREMONT TECHNOLOGY GRP INC,1013736,7373
OZEMY,OZEMAIL LTD,1013742,7370
SWKOY,SAWAKO CORP,1013745,1520
PKZ,PETROKAZAKHSTAN INC,1013746,1311
TNFI,NORTH FACE INC,1013749,2320
ZONS,ZONES INC,1013786,5961
AVTMQ,AVTEAM INC  -CL A,1013787,5080
ARI.3,ARDEN REALTY INC,1013794,6798
SMCI.1,SIMULATION SCIENCES INC,1013795,7372
TIBB,TIB FINANCIAL CORP,1013796,6020
PSG.1,PS GROUP HOLDINGS INC,1013834,7359
CAPF.,CAPITAL FACTORS HOLDING INC,1013836,6153
PEGA,PEGASYSTEMS INC,1013857,7372
NRG,NRG ENERGY INC,1013871,4911
TTEC,TTEC HOLDINGS INC,1013880,7389
AWRD,AWARD SOFTWARE INTL INC,1013920,7372
STRA,STRATEGIC EDUCATION INC,1013934,8200
STRC.1,SRI/SURGICAL EXPRESS INC,1014041,7200
DTGI,DIGERATI TECHNOLOGIES INC,1014052,4899
ABREF,AMERICAN CRAFT BREWING INTL,1014061,5180
GLAE,GLASSBRIDGE ENTERPRISES INC,1014111,6282
CCBD,COMMUNITY CENTRAL BK CORP,1014133,6020
ARS.1,AMER RESIDENTIAL SVCS INC,1014187,1700
OTGO,ORGANIC TO GO FOOD CORP,1014343,5812
ONXS,ONYX SOFTWARE CORP,1014383,7372
THNK.1,THINK NEW IDEAS INC,1014462,7370
VRSN,VERISIGN INC,1014473,7370
ENSC.1,ENSEC INTERNATIONAL INC,1014477,3669
SXTN,SAXTON INC,1014488,1520
SIRO,SIRONA DENTAL SYSTEMS INC,1014507,3843
DTMC,DTM CORP,1014552,3559
XION,XIONICS DOCUMENT TECHNOLGIES,1014586,7372
TDP,INTEGRATEL PERU SAA,1014620,4813
GENXY,GENSET SA,1014622,2836
PRTKQ,PROFILE TECHNOLOGIES INC,1014653,7389
NYD,NYCOMED ASA,1014667,2835
CALP,CALIPER LIFE SCIENCES INC,1014672,3826
PTSX.,POINT.360-OLD,1014733,7819
OPCH,OPTION CARE HEALTH INC,1014739,8090
TMF.1,THERMO OPPORTUNITY FUND INC,1014743,6726
3AGTY,AGILITY CAPITAL INC,1014747,6799
AIMD,AINOS INC,1014763,2836
BRLS.1,PORTIVITY INC,1014767,7372
ASTSF,ASE TEST LTD,1014838,8734
PSNRY,PASIFIK SATELIT NUS PT -ADR,1014839,4899
MSCP.,MEDSCAPE INC,1014845,7370
USPL,U S PLASTIC LUMBER CORP,1014851,3089
OPTK,OPTIKA INC,1014920,7372
MNET,MULTICOM PUBLISHING INC,1014924,7372
MATV.1,HOT TELECOMMUNICATION SYS,1014925,4841
EXLN.,EXCELON CORP,1014955,7372
GPLB.,GRAND PRIX ASSN LONG BEACH,1014957,7948
3TLSPE.,TELESPECTRUM WORLDWIDE INC,1014960,7389
3SSFC,SOUTH STREET FINANCIAL CORP,1014964,6036
SRSV,SOURCE SERVICES CORP,1014982,7363
SGGGY,SGL CARBON SE,1015111,3620
DBYC,HIREL HOLDINGS INC,1015115,5045
CTHR,CHARLES & COLVARD LTD,1015155,3290
AXTC,AXTIVE CORP,1015172,7372
EFLI,CELL TECH INTERNATIONAL INC,1015194,3841
AISLY,ASIA SATELLITE TELECOM LTD,1015276,4899
THX,HOUSTON EXPLORATION CO,1015293,1311
ALYNQ,ALYN CORP,1015298,3290
WTFC,WINTRUST FINANCIAL CORP,1015328,6020
3DALY,DAILEY INTL INC  -CL A,1015360,3533
POWW,OUTDOOR HOLDING CO,1015383,3480
AVXT,AVAX TECHNOLOGIES INC,1015441,2836
FLXI,FLEXIINTERNATIONAL SOFTWARE,1015464,7372
DDMX.1,DYNAMEX INC,1015483,4210
CNET.,CNET NETWORKS INC,1015577,7370
RIVR,RIVER VALLEY BANCORP,1015593,6035
HCOR.1,HEALTHCOR HOLDINGS INC,1015604,7350
GLDB.1,GOLD BANC CORP INC,1015610,6020
AAUAF,ALMADEN MINERALS LTD,1015647,1000
SKM,SK TELECOM CO LTD,1015650,4812
BBVAY,BCO BILBAO VIZCAUA ARG CHILE,1015666,6020
AWRE,AWARE INC,1015739,7372
ETFC,E TRADE FINANCIAL CORP,1015780,6211
QGEN,QIAGEN NV,1015820,3826
XGNT,EXIGENT INTL INC,1015854,7373
SJOE,ST JOSEPH CAPITAL CORP,1015856,6020
BOY.1,BOYKIN LODGING CO,1015859,6798
TLADQ,TL ADMINISTRATION CORP,1015868,2834
3BPOM,BPO MANAGEMENT SERVICES/DE,1015920,7374
CHKP,CHECK POINT SOFTWARE TECHN,1015922,7372
OPMR,OPTIMAL GROUP INC,1015923,3944
CLSR,CLOSURE MEDICAL CORP,1016006,3842
DIGL,DIGITAL LIGHTWAVE INC,1016100,3669
DASTY,DASSAULT SYSTEMES SE,1016118,7372
ULTI.1,ULTIMATE SOFTWARE GROUP INC,1016125,7372
3MCNS,MEDICONSULT.COM INC,1016134,7370
ALLR.1,ALLAIRE CORP,1016139,7372
WTRO,WI-TRON INC,1016151,3663
CRN,CORNELL COMPANIES INC,1016152,8744
ATRC.1,ATRIA COMMUNITIES INC,1016168,8300
ATRS,ANTARES PHARMA INC,1016169,2834
DRRAQ,DURA AUTOMOTIVE SYS  -CL B,1016177,3714
CARV,CARVER BANCORP INC,1016178,6035
DL.1,DIAL CORPORATION,1016179,2840
XOMD,XOMED SURGICAL PRODS,1016181,3842
LCCI,LCC INTERNATIONAL INC  -CL A,1016229,8711
3IMIC,INDUSRI-MATEMATIK INTL CORP,1016243,7372
NAP.2,NATIONAL PROCESSING INC,1016277,6099
GOYL,GARGOYLES INC,1016278,3851
CSV,CARRIAGE SERVICES INC,1016281,7200
PYR.1,PYR ENERGY CORP,1016289,1311
3JACK,GOLDEN BEAR GOLF INC  -CL A,1016370,7990
3RIFL,ROYAL PRECISION INC,1016395,3949
3ITIG,INTELLIGROUP INC,1016439,7373
SRSL,SRS LABS INC,1016470,6794
LVA,LUCAS VARITY PLC,1016475,3714
QEDC.,QUEST EDUCATION CORP,1016503,8200
INBP,INTEGRATED BIOPHARMA INC,1016504,2834
ALTI.1,ALTAIR NANOTECHNOLOGIES INC,1016546,3690
KPSQ,KAPSON SR QUARTERS CORP,1016558,8050
RSV.1,RENTAL SERVICE CORP,1016572,7359
SNRR.1,SUNTERRA CORP,1016577,6532
VX,VIALOG CORP,1016601,7389
PRVU,PREVU INC,1016607,5600
SRK.1,SERACARE INC,1016608,8090
LQCI,LQ CORPORATION INC,1016613,7370
BLWTQ,BLOWOUT ENTERTAINMENT INC,1016626,7841
3BRTL.,BRISTOL RETAIL SOLUTIONS INC,1016657,7373
NYBS,NEW YORK BAGEL ENTRPRS INC,1016694,5812
MTNT.,METRO NETWORKS INC,1016718,7310
CLG,CUMBERLAND RESOURCES LTD,1016724,1040
GCLIQ,GRAND COURT LIFESTYLES INC,1016741,6531
MGLF,METROGOLF INC,1016771,7990
VYSI,VYSIS INC,1016794,2835
DOCX,DOCUMENT SCIENCES CORP,1016831,7372
BSIRY,ALON BLUE SQUARE ISRAEL,1016837,6510
RDCM,RADCOM,1016838,7370
SOSC,SUBURBAN OSTOMY SUPPLY CO,1016872,5047
MDG,MERIDIAN GOLD INC,1016888,1040
XC.,CROSS CONTNT AUTO RETAILERS,1016919,5500
AFED,AFSALA BANCORP INC,1016931,6035
RGFCQ,R&G FINANCIAL CORP  -CL B,1016933,6020
DCDC,DIGITAL CREATIVE DEVELOPMENT,1016951,5812
EEGL,EAGLE SUPPLY GROUP INC,1016959,5030
PRLI,PROLONG INTERNATIONAL CORP,1016965,2990
5952B,UNIVISION COMMUNICATIONS INC,1017008,4833
3RSHX,ROCKSHOX INC,1017047,3751
3SCPI.,SCOOP INC,1017097,2750
GRDL.,GRADALL INDUSTRIES INC,1017136,3531
3PPID,PRESCIENT APPLIED INTELLIGEN,1017137,7373
IHCC,INTENSIVA HEALTHCARE CORP,1017147,8051
STKPQ,STEAKHOUSE PARTNERS INC,1017156,5812
CTGI.,CAPITAL TITLE GROUP INC,1017158,6500
ANET.1,AUTHORIZE.NET HOLDINGS INC,1017172,7374
MSPR.,MAINSPRING INC,1017174,7370
NMTI,NMT MEDICAL INC,1017259,3841
HQ,HAMBRECHT & QUIST GROUP INC,1017267,6211
TACT,TRANSACT TECHNOLOGIES INC,1017303,3577
CBES,CBES BANCORP INC,1017308,6035
PLSS.,PEERLESS GROUP INC,1017362,7373
CNQ,CANADIAN NATURAL RESOURCES,1017413,1311
AUSA,ACCESS PLANS USA INC,1017440,7389
HIBB,HIBBETT INC,1017480,5940
SEELQ,SEELOS THERAPEUTICS INC,1017491,2836
3ACEC,ACE COMM CORP,1017526,7373
SPNT.,SHOPNET.COM INC,1017535,2330
SLPT,SOLOPOINT INC,1017545,3661
STRIQ,STORM TECHNOLOGY INC,1017546,3577
CIG.2,CONS CIGAR HLDGS INC  -CL A,1017550,2100
SVE.2,SERVICE EXPERTS INC,1017609,1700
OPC,QC OPTICS INC,1017641,3559
HLX.1,HALTER MARINE GROUP INC,1017646,3730
ABIZQ,ADELPHIA BUSINESS SOLUTIONS,1017648,4813
INFN.,INFINITY FINL TECHNOLOGY INC,1017657,7372
DVD,DOVER MOTORSPORTS INC,1017673,7948
HOTT,HOT TOPIC INC,1017712,5600
SNBC,SUN BANCORP INC/NJ,1017793,6020
AEH.1,ALLEGIANCE CORP,1017799,5047
CGUE,CAREGUIDE INC,1017813,6411
QEPC,QEP CO INC,1017815,3420
BRYN,RNETHEALTH INC,1017822,7822
MESG.1,MESSAGEMEDIA INC,1017829,7370
ADGJ,ASD GROUP INC,1017875,3670
EXCE.1,EXCELSIOR-HENDERSON MTRCYCLE,1017904,3751
FACO,FIRST ACCEPTANCE CORP,1017907,6331
CCCG,CCC INFORMATION SVCS GRP INC,1017917,7372
TFGN,THERMO FIBERGEN INC,1017921,2670
RMHT,RMH TELESERVICES INC,1017958,7389
DGE.1,DESSAUER GLOBAL EQUITY FUND,1017960,6726
EDGW,EDGEWATER TECHNOLOGY INC,1017968,7370
IM,INGRAM MICRO INC,1018003,5045
CWTRQ,COLDWATER CREEK INC,1018005,5621
JWEB,JUNO ONLINE SERVICES INC,1018035,7370
TLRN,TELLURIAN INC - OLD,1018039,7371
CACS,CARRIER ACCESS CORP,1018074,3661
LYO1,MILLENNIUM CHEMICALS INC,1018099,2810
SKYEY,SKYEPHARMA PLC,1018117,2834
3IKECE,INTERACTION MEDIA CORP,1018145,7310
SNB.,SUNBURST HOSPITALITY CORP,1018146,7011
SSWTY,SELECT SOFTWARE TOOLS  -ADR,1018154,7372
INBC.,INNOPET BRANDS CORP,1018158,2040
WLFC,WILLIS LEASE FINANCE CORP,1018164,7359
PSTFY,PROFESSIONAL STAFF PLC  -ADR,1018290,7363
ID.2,L-1 IDENTITY SOLUTIONS INC,1018332,7373
IACH,INFORMATION ARCHITECTS CORP,1018336,7372
RIVT,RIVIERA TOOL CO,1018349,3540
0405B,MICROCELL TELECOMMUN  -CL B,1018350,4812
BBAL,NEW YORK HEALTH CARE INC,1018354,8082
SHDN,SHERIDAN ENERGY INC,1018355,1311
CNBI.,CN BIOSCIENCES INC,1018371,2833
EIRE,EMERALD ISLE BANCORP INC,1018380,6036
EBTC,ENTERPRISE BANCORP INC/MA,1018399,6020
AMCI.,AMERICAN MEDSERVE CORP,1018411,5912
CXR,COX RADIO INC  -CL A,1018522,4832
XLCT,XLCONNECT SOLUTIONS INC,1018525,7373
POSOQ,PROSOFT LEARNING CORP,1018693,8200
INGNQ,INTROGEN THERAPEUTICS INC,1018710,2834
AMZN,AMAZON.COM INC,1018724,5961
STKTQ,SMARTALK TELESERVICES INC,1018730,4899
NYMXF,NYMOX PHARMACEUTICAL CORP,1018735,2835
IMSX,INTL MANUFACTURING SVCS INC,1018797,3670
QDHC,QUADRAMED CORP,1018833,7372
ANF,ABERCROMBIE & FITCH  -CL A,1018840,5651
KBL,KEEBLER FOODS CO,1018848,2052
HTRN,HEALTHTRONICS INC,1018871,8093
RIDG,RIDGEVIEW INC,1018891,2250
MAII,MAII HOLDINGS INC,1018913,7510
CDEN,COAST DENTAL SERVICES INC,1018920,8741
STNR,STEINER LEISURE LTD,1018946,7200
KOSP,KOS PHARMACEUTICALS INC,1018952,2834
ATI,ATI INC -NEW,1018963,3350
AMSF,AMERISAFE INC,1018979,6331
3COSEQ,COSTILLA ENERGY INC,1018980,1311
BKYI,BIO-KEY INTERNATIONAL INC,1019034,3829
CENB,CENTURY BANCORP INC/NC,1019055,6036
MRT.2,MARQUEE GROUP INC,1019072,7900
CYBR.1,CYBERMEDIA INC,1019156,7372
SWCM,SOFTWARE.COM INC,1019180,7372
GFNL.1,GRANITE FINANCIAL INC,1019254,6172
PRMX.,PRIMEX TECHNOLOGIES INC,1019265,3480
ERS,EMPIRE RESOURCES INC,1019272,5051
RSTI,ROFIN SINAR TECHNOLOGIES INC,1019361,3690
GRLL,ROADHOUSE GRILL INC,1019376,5812
WALKQ,WALKING CO HOLDINGS INC,1019439,5651
CFCB,CENTRUE FINANCIAL CORP,1019650,6020
INOH,IN OVATIONS HOLDINGS INC,1019654,4400
3IGTI,IMAGE GUIDED TECHNLGIES INC,1019656,3845
SEAC,SEACHANGE INTERNATIONAL INC,1019671,7372
ARQL,ARQULE INC,1019695,2836
3ASCTP,ASCENT PEDIATRICS INC,1019731,2834
NCI.3,NAVIGANT CONSULTING INC,1019737,8742
MWP,MARKWEST HYDROCARBON INC,1019756,1311
CUNO,CUNO INC,1019779,3569
PFTI,PURADYN FILTER TECHNOLOGIES,1019787,3714
CIC.1,CARSON INC  -CL A,1019808,2844
3MNYG,MOONEY AEROSPACE GROUP LTD,1019825,3721
PAG,PENSKE AUTOMOTIVE GROUP INC,1019849,5500
NMR.3,NIELSEN MEDIA RESEARCH INC,1019876,8700
ART.2,ACNIELSEN CORP,1019878,8700
APAB,APPALACHIAN BANCSHARES INC,1019883,6020
DPU.1,DEPUY INC,1019900,3842
COMD,COMPURAD INC,1019947,7373
INXI,INX INC,1020017,7370
CERS,CERUS CORP,1020214,3842
EYES.1,VISION TWENTY-ONE INC,1020258,6324
TSG.2,SABRE HOLDINGS CORP  -CL A,1020265,7373
HAYEQ,HAYES CORP,1020319,3661
3JAGI,JANUS HOTELS & RESORTS INC,1020359,7011
ALLN,ALLIN CORP,1020391,7373
SPLH,SPLASH TECHNOLOGY HLDGS INC,1020394,3576
BCX.,BCE MOBILE COMMUNICATIONS,1020400,4812
MWW,MONSTER WORLDWIDE INC,1020416,7370
KROL,KROLL INC,1020476,7381
OEDC,OFFSHORE ENERGY DEVLP,1020503,1311
IRM,IRON MOUNTAIN INC,1020569,6798
OMTL,OMTOOL LTD,1020579,7372
LSSN,LASON INC,1020616,7370
3ATHMQ,AT HOME CORP,1020620,7370
DXPE,DXP ENTERPRISES INC,1020710,5080
SYNC.1,INTELLISYNC CORP,1020716,7372
RTRN,RETURN ASSURED INC,1020726,3571
MGHCF,MINCO CAPITAL CORP,1020825,6799
RSLN,ROSLYN BANCORP INC,1020828,6036
UNFI,UNITED NATURAL FOODS INC,1020859,5140
IMAL,IMALL INC,1020862,7370
BVAH,BIONOVA HOLDING CORP,1020866,5140
3ONCO,ON COMMAND CORP,1020871,7822
CTLG.,SPECIALTY CATALOG CORP,1020897,5961
BWN.2,BOWLIN OUTDOOR AD&TRAVEL CTR,1020898,5412
RST.2,BOCA RESORTS INC,1020905,7011
TSND,TRANSCEND THERAPEUTICS INC,1020910,2836
RMG.1,RAGEN MACKENZIE GROUP INC,1020950,6211
VTRU.1,VERTRUE INC,1020996,7389
SUPC,SUPERIOR CONSULTANT HLDGS CP,1020999,7370
BBDC.1,BRANTLEY CAPITAL CORP,1021009,6726
EPEXQ,EDGE PETROLEUM CORP,1021010,1311
SCBS,SOUTHERN CMNTY BANCSHRS INC,1021011,6035
MXT.1,METRIS COMPANIES INC,1021061,6141
ABDR.1,ABACUS DIRECT CORP,1021080,7370
TRKAQ,TROIKA MEDIA GROUP INC,1021096,7310
LZR,EMERGENT GROUP INC,1021097,8090
CTGLF,CHINA TECHNOLOGY GLOBAL CORP,1021126,7372
TGI,TRIUMPH GROUP INC,1021162,3728
GBMR,GLOBAL MATRECHS INC,1021226,6794
SMV.B,SMEDVIG A/S,1021232,1381
TWRI,TRENDWEST RESORTS INC,1021252,6531
THRNY,THORN PLC,1021263,7359
ACLNF,ACLN LTD,1021264,5010
BBQ,BBQ HOLDINGS INC,1021270,5812
TKTM.1,TICKETMASTER GROUP INC,1021354,7990
TWX.1,TIME WARNER INC-OLD,1021387,7812
HMGT,HOMEGATE HOSPITALITY INC,1021421,7011
ELCI,EASTERN LIGHT CAPITAL INC,1021422,6798
HPTO,HOPTO INC,1021435,7372
3GVSS,GVI SECURITIES SOLUTIONS INC,1021444,3669
LEPI,LEADING EDGE PACKAGING INC,1021549,5160
NUS,NU SKIN ENTERPRISES  -CL A,1021561,2844
PSFI,PS FINANCIAL INC,1021575,6035
OTIVF,ON TRACK INNOVATIONS,1021604,3577
ORCT,BEEIO HONEY LTD,1021620,3661
OGE,OGE ENERGY CORP,1021635,4931
KVCO,KEVCO INC,1021706,5031
PJAM,PJ AMERICA INC,1021723,5812
3FATS,FIREARMS TRAINING SYS  -CL A,1021770,3690
IMRS.1,IMRGLOBAL CORP,1021772,7370
INTD,INTELIDATA TECHNOLOGIES CORP,1021810,7372
DFCLQ,DELTA FINANCIAL CORP,1021848,6162
COIB,COMPUTERIZED THERMAL IMAGING,1021853,3826
NOV,NOV INC,1021860,3533
AWCA,AWAYSIS CAPITAL INC,1021917,3578
AFIC,ATLANTIC FINANCIAL CORP,1021921,6020
TISA,TOP IMAGE SYSTEMS LTD,1021991,7372
DGX,QUEST DIAGNOSTICS INC,1022079,8071
MWYGQ,MIDWAY GAMES INC,1022080,7372
TRBD,TURBODYNE TECHNOLOGIES INC,1022097,3714
HCFL,HOME CITY FINANCIAL CORP,1022103,6035
MMGR.,MEDICAL MANAGER CORP-OLD,1022147,7373
DGLHQ,DIGITAL LIGHTHOUSE CORP,1022191,7373
PNTU,PONTOTOC PRODUCTION INC,1022198,1311
3LSTTA,LIBERTY SAT & TECH   -CL A,1022222,4899
OPLK,OPLINK COMMUNICATIONS INC,1022225,3663
PCLB,PINNACLE BANCSHARES,1022243,6020
PRS.1,PRIME SERVICE INC,1022259,7350
GEL,GENESIS ENERGY  -LP,1022321,5172
3IMFN,IMPSAT FIBER NETWORKS INC,1022329,4899
ME.2,MARINER ENERGY INC,1022345,1311
SHF,SCHIFF NUTRITION INTL INC,1022368,2834
CXOT,COMMODORE SEPARATION TCHNLGY,1022381,3569
NWGN.,NEWGEN RESULTS CORP,1022397,7331
PLUS,EPLUS INC,1022408,5045
TCC.1,TRAMMELL CROW CO,1022438,6531
DEL,DELTIC TIMBER CORP,1022469,2421
TMWD,TUMBLEWEED COMMUNICATIONS CO,1022509,7372
ODDJ,ODD JOB STORES INC,1022536,5331
CADMQ,CARDIMA INC,1022570,3841
CFWEQ,CONSOLIDATED FREIGHTWAYS CP,1022581,4213
VIRS.1,TRIANGLE PHARMACEUTICALS INC,1022622,2834
UPLCQ,ULTRA PETROLEUM CORP,1022646,1311
INSG,INSEEGO CORP,1022652,3661
MRC.2,MONTEREY RESOURCES INC,1022664,1311
STLD,STEEL DYNAMICS INC,1022671,3312
DATX,DATA TRANSLATION INC,1022693,3577
NEOM,NEOMEDIA TECHNOLOGIES INC,1022701,7373
NWLLQ,NEW TEL LTD,1022704,4812
TESO,TESCO CORP,1022705,3533
OGGI,OLD GUARD GROUP INC,1022794,6331
BFFC,BIG FOOT FINANCIAL CORP,1022807,6035
BVB,BRIDGE VIEW BANCORP,1022809,6020
CNDL,CANDLEWOOD HOTEL CO INC,1022820,1520
CMWLQ,COMPLETE WELLNESS CTRS INC,1022828,8011
STYL,STYLING TECHNOLOGY CORP,1022832,2844
SMFG,SUMITOMO MITSUI FINANCIAL GR,1022837,6020
BDLN,BRILLIANT DIGITAL ENTMT INC,1022844,7372
JUDG,JUDGE GROUP INC,1022893,7363
PTIX,PROTAGENIC THERAPEUTICS INC,1022899,2836
PVIS,PANAVISION INC,1022911,3861
KSE.,KEYSPAN ENERGY CORP,1022916,4932
SCAI.1,SANCHEZ COMPUTER ASSOCS INC,1022926,7372
VFNX,VOICEFLASH NETWORKS INC,1022959,7372
CTQN,CASH TECHNOLOGIES INC,1022964,7374
DCGNQ,DECODE GENETICS INC,1022974,8731
BLCI,BROOKDALE LIVING CMNTYS INC,1023010,8300
ANIP,ANI PHARMACEUTICALS INC,1023024,2834
TZA.1,TV AZTECA SA DE CV,1023025,4833
SCRYY,SCOR SE,1023027,6311
DRCT.1,DIRECT GENERAL CORP,1023031,6331
LIN.,LINENS N THINGS INC,1023052,5700
EEX.1,EEX CORP,1023060,1311
LAD,LITHIA MOTORS INC  -CL A,1023128,5500
CTVWF,CVI ENERGY CORP LTD,1023130,6799
CVD,COVANCE INC,1023131,8731
EAGB,EAGLE BROADBAND INC,1023139,4899
SDX.2,STAMPEDER EXPLORATION LTD,1023174,1311
RWAV,ROGUE WAVE SOFTWARE INC,1023184,7372
EIN.,ECHELON INTERNATIONAL CORP,1023275,6512
EFBC,EMPIRE FEDERAL BANCORP INC,1023283,6035
0033A,ENERGY FUTURE HOLDINGS CORP,1023291,4911
ALPE,ALPHA-EN CORP,1023298,2810
HCF.1,HEALTHCARE FINL PARTNERS INC,1023300,6159
FORR,FORRESTER RESEARCH INC,1023313,8700
ATVA,ALTIVA FINANCIAL CORP,1023334,6162
RAVEQ,RANKIN AUTOMOTIVE GROUP INC,1023339,5531
PWAVQ,POWERWAVE TECHNOLOGIES INC,1023362,3663
AUTO,AUTOWEB INC,1023364,7370
FOUR.1,FOUR MEDIA CO,1023388,7819
3VERS,VERSATILITY INC,1023393,7372
AFBC,ADVANCE FINANCIAL BANCORP,1023398,6035
SLP,SIMULATIONS PLUS INC,1023459,7372
DRD,DRDGOLD LTD,1023512,1040
HMY,HARMONY GOLD MINING CO LTD,1023514,1040
EFJI,EFJOHNSON TECHNOLOGIES INC,1023516,3663
MCSIQ,MCSI INC,1023519,5045
FAB.1,FIRSTFED AMER BANCORP INC,1023640,6035
MEMCF,MEMCO SOFTWARE LTD,1023646,7372
PEGI.1,PREFERRED EMPLOYERS HOLDINGS,1023695,7363
BXLC,BEXIL CORP,1023714,6799
EGHT,8X8 INC,1023731,7370
BPZRQ,BPZ RESOURCES INC,1023734,1311
VCNE,VOICENET INC,1023745,7372
3MCIFE,MC INFORMATICS INC,1023767,7373
VVID,VIVID TECHNOLOGIES INC,1023813,3844
NHLD,NATIONAL HOLDINGS CORP,1023844,6211
3FNCYQ,FOUNDATION HEALTHCARE LTD,1023845,8711
SSFN,STEWARDSHIP FINANCIAL CORP,1023860,6020
MANC,MANCHESTER TECHNOLOGIES INC,1023876,5045
3RDOE,RDO EQUIPMENT CO  -CL A,1023902,5500
ASAI.,ASA HOLDINGS INC,1023944,4512
ASRPF,ASPEN GROUP RESOURCES CORP,1023947,1311
ISLBY,INSTRUMENTATION LAB  -ADR,1023950,2835
ISON,ISONICS CORP,1023966,7380
OMQP,OMNIQUIP INTERNATIONAL INC,1023973,3537
RDGE.1,READING ENTERTAINMENT,1023993,7830
SGBX,SAFE & GREEN HOLDINGS CORP,1023994,3440
RIC,RICHMONT MINES INC,1023996,1040
AABC,ACCESS ANYTIME BANCORP INC,1024015,6035
MSII.2,MEDIA SCIENCES INTL INC,1024022,2890
LARS,LARSCOM INC  -CL A,1024047,3576
CDJM,CARNEGIE DEV INC,1024095,6552
BAL.2,BALANCED CARE CORP,1024096,8300
TRV.2,THOUSAND TRAILS INC,1024124,7000
3CRGR,CRAGAR INDUSTRIES INC,1024125,3714
PTXTQ,PERNIX THERAPEUTICS HOLDINGS,1024126,2834
UNWR,US UNWIRED INC,1024149,4812
INKT.1,INKTOMI CORP,1024302,7372
COTY,COTY INC,1024305,2844
BHBCQ,BEVERLY HILLS BANCORP INC,1024321,6035
CNPP,CORNERSTONE PRPANE PTNR  -LP,1024338,5172
CMSS.1,CREDIT MGMT SOLUTIONS INC,1024339,7373
VFPI,VITA FOOD PRODUCTS INC,1024342,2090
ENRNQ,ENRON CORP,1024401,5172
FCPO,FACTORY CARD OUTLET & PTY CP,1024441,5940
FUELQ,SMF ENERGY CORP,1024452,5172
SCST,PARADISE MUSIC & ENTMT INC,1024464,7389
ROK,ROCKWELL AUTOMATION,1024478,3620
CNH.2,CNH GLOBAL NV,1024519,3523
WHRT,WORLD HEART CORP,1024520,3845
3BYGOY,BOUYGUES OFFSHORE SA,1024564,1600
ZAGIF,ZAG INDUSTRIES LTD,1024627,3089
ZAAP,ZAP,1024628,3711
TEXP,TITAN EXPLORATION INC,1024645,1311
WSTC,WEST CORP,1024657,7389
ELTK,ELTEK LTD,1024672,3672
BPI.1,BA MERCHANT SVCS INC  -CL A,1024674,7389
QNTSQ,QUINTUS CORP,1024678,7372
TEN.2,TENNECO INC,1024725,3714
0081A,AMSCAN HOLDINGS INC,1024729,2650
IGTE,IGATE CORP,1024732,7374
TMPL,TEMPLATE SOFTWARE INC,1024752,7372
MMPT,MODEM MEDIA INC,1024787,8742
HLIO,HELIOS TECHNOLOGIES INC,1024795,3490
ITRA,INTRAWARE INC,1025134,5045
MOBI.1,MOBIUS MGMT SYSTEMS INC,1025148,7372
OBIE,OBIE MEDIA CORP,1025169,7310
SWLDY,SMALLWORLDWIDE PLC  -ADR,1025170,7372
NNS,NEWPORT NEWS SHIPBUILDING,1025361,3730
WPC,W P CAREY INC,1025378,6798
TAYC,TAYLOR CAPITAL GROUP INC,1025536,6020
ETER,FOCUS AFFILIATES INC,1025557,5065
DGIF,DIGITAL INFO SECURITY CO,1025566,3949
NTOL,NATROL INC,1025573,2833
BRHZ,BRIGHT HORIZONS INC,1025702,8351
PRCM.,PROCOM TECHNOLOGY INC,1025711,3572
GPM.1,GETTY PETROLEUM MKTG INC,1025742,5171
FAVS,FIRST AVIATION SERVICES INC,1025743,5080
3HNWC,HAWAIIAN NATURAL WATER INC,1025787,2086
CDWR,CD WAREHOUSE INC,1025822,5735
SWR.1,SWISHER INTL GRP INC  -CL A,1025834,2100
EFSC,ENTERPRISE FINL SERVICES CP,1025835,6020
VNT.1,CANTV-CA NAC TELEFONOS VENEZ,1025862,4813
ITXFF,ITERATION ENERGY LTD,1025863,1311
TDDD,3D LABS INC LTD,1025881,3674
NOVCQ,NOVATION COS INC,1025953,7361
APPS.1,APPIANT TECHNOLOGIES INC,1025985,7373
ISWI,INTERACTIVE SYSTEMS WORLDWDE,1025995,3571
KRC,KILROY REALTY CORP,1025996,6798
DLIA.1,DELIAS INC -OLD,1026114,5961
SELA,SELECT APPOINTMENTS,1026115,7363
FMCC,FEDERAL HOME LOAN MORTG CORP,1026214,6111
GNRL,GENERAL BEARING CORP,1026221,3562
TTIL,TTI TEAM TELECOM INTL LTD,1026266,7373
RANKY,RANK GROUP PLC,1026291,7990
MMSY,MARINE MGMT SYSTEMS INC,1026311,7373
LEXI.1,LEXINGTON HEALTHCARE GROUP,1026348,8051
RSNT,RESONATE INC,1026380,7372
DIR.1,CSFBDIRECT,1026392,6211
SOMN.1,SOMNUS MED TECHNOLOGIES INC,1026405,3845
IMPC.2,IMPAC MEDICAL SYSTEMS INC,1026448,7372
YURI,YURIE SYSTEMS INC,1026471,3661
STRX,STAR TELECOMMUNICATIONS INC,1026486,4813
SPRI.,SPR INC,1026493,7370
EGHDQ,EGGHEAD.COM INC,1026506,5961
CEM.2,CHEMFIRST INC,1026601,2860
ERT,ERESEARCHTECHNOLOGY INC,1026650,7372
CMT,CORE MOLDING TECHNOLOGIES,1026655,3089
BCOR.,BIACORE INTL AB,1026658,3826
CLWT,EURO TECH HOLDINGS CO LTD,1026662,5040
LWSL,LOTTERY & WAGERING SOLUTIONS,1026671,7990
COLT,COLT GROUP SA,1026733,4813
SOLLY.,DR SOLOMONS GROUP PLC  -ADR,1026734,7372
IMY,GRUPO IMSA SA DE CV,1026735,3312
ISP.1,INTL SPECIALTY PRODUCTS INC,1026738,2860
AESP,AESP INC,1026744,3576
HIHO,HIGHWAY HOLDINGS LTD,1026785,3460
CASC.1,CASCO INTERNATIONAL INC,1026792,7389
MGM.2,METRO GOLDWYN MAYER INC,1026816,7812
ABOV,ABOVENET COMMUNICATIONS INC,1026819,7370
CTG.2,CTG RESOURCES INC,1026869,4924
MISI,METRO INFORMATION SVCS INC,1026965,7370
ECSGY,ECSOFT GROUP PLC,1026969,7373
APWC,ASIA PACIFIC WIRE&CABLE CORP,1026980,3357
ARTE.1,ARTECON INC,1027032,3572
ABG.2,GROUPE AB SA,1027077,4841
IACT,INTERACT COMMERCE CORP,1027108,7372
FSBK,FIRST SOUTH BANCORP INC/VA,1027183,6020
EPIQ,EPIQ SYSTEMS INC,1027207,7372
ASIGF.,ANSALDO SIGNAL NV,1027228,3669
APPTY,APT SATELLITE HLDGS LTD,1027229,4899
ABNK.1,AMEGY BANCORPORATION INC,1027258,6020
FCB.1,FALMOUTH BANCORP INC,1027280,6020
UWW,UNISOURCE WORLDWIDE INC,1027282,5110
SHSE,SUMMIT HLDG SOUTHEAST INC,1027287,6411
MDST.,MID-STATE BANCSHARES,1027324,6020
SYNP,SYNPLICITY INC,1027362,7372
ENTS.,PHYSICIANS SPECIALTY CORP,1027429,8741
3CHLD,COLONIAL HOLDINGS INC  -CL A,1027430,7948
EBODF,NEW ENERGY EXCHANGE LTD,1027454,3674
0080A,AMERIPATH INC,1027532,8071
NGPS,NOVATEL INC,1027539,3812
BSAC,BANCO SANTANDER-CHILE,1027552,6020
WJCO,WESLEY JESSEN VISIONCARE INC,1027584,3851
NACT,NACT TELECOMMUNICATIONS INC,1027600,3661
EMITF,ELBIT IMAGING LTD,1027662,3845
ESLT,ELBIT SYSTEMS LTD,1027664,3812
EPIX.1,EPIX PHARMACUETICALS INC,1027702,2835
ATLPA,ATL PRODUCTS INC,1027781,3572
BHLL.1,NEXAR TECHNOLOGIES INC,1027821,3571
TCMD,TACTILE SYSTEMS TECHNOLOGY,1027838,3845
IHF.1,INTERNATIONAL HOME FOODS INC,1027881,2030
CBI,CHICAGO BRIDGE & IRON CO,1027884,1600
HGRD,HEALTH GRADES INC,1027915,7370
PHS,PACIFICARE HEALTH SYSTEMS,1027974,6324
OPHM,ORAPHARMA INC,1028065,2834
MYTN,MYTURN.COM INC,1028079,7370
ADPI,AMERICAN DENTAL PARTNERS INC,1028087,8741
AXPWQ,AXION POWER INTL INC,1028153,3690
BIVN,BIOENVISION INC,1028205,2834
KMG,KMG CHEMICALS INC,1028215,2860
MWSI,MERCURY WASTE SOLUTIONS INC,1028262,4955
ATLRF,ATLATSA RESOURCES CORP,1028277,1090
CAIR,CORSAIR COMMUNICATIONS INC,1028285,7373
MEND,MICRUS ENDOVASCULAR CORP,1028318,3841
FFFL,FIDELITY BANKSHARES INC,1028336,6035
NEON.,NEW ERA OF NETWORKS INC,1028339,7372
GTOPQ,GENITOPE CORP,1028358,2836
MTWV,METAWAVE COMMUNICATIONS CP,1028361,3663
SQSW,SEQUOIA SOFTWARE CORP,1028442,7372
CVNS.1,COVANSYS CORP,1028461,7371
GDCO10,GENESIS DEV & CONSTR LTD,1028572,1520
AMCS,AMICAS INC,1028584,7372
CRGIY,CORGI INTERNATIONAL LTD -ADR,1028637,3990
VCIX,VIRTUAL COMMUNITIES INC,1028718,7370
USR,US RENTALS INC,1028726,7350
COBZ,COBIZ FINANCIAL INC,1028734,6020
PRBZ.,PROBUSINESS SERVICES INC,1028751,8721
PPBI,PACIFIC PREMIER BANCORP INC,1028918,6020
SBBX,SB ONE BANCORP,1028954,6020
SMCXQ,SPECIAL METALS CORP,1028965,3350
SYNM,SYNTROLEUM CORP,1029023,8731
PBLA,PANBELA THERAPEUTICS INC,1029125,2836
DVAX,DYNAVAX TECHNOLOGIES CORP,1029142,2836
DCS.1,DONCASTERS PLC  -ADR,1029144,3724
GOGL,GOLDEN OCEAN GROUP,1029145,4400
EEFT,EURONET WORLDWIDE INC,1029199,6099
TA.3,TUCKER ANTHONY SUTRO,1029267,6211
BLPG.,BORON LEPORE & ASSOCS,1029281,8742
PROJ,DELTEK INC,1029299,7372
FACOQ,FIRST ALLIANCE CORP/DE,1029321,6162
3TWTI,TOTAL WORLD TELECOMMS INC,1029350,6531
HARB,HARBOR FLORIDA BANCSHARES,1029407,6035
SDGO,SPIGADORO INC,1029443,2040
ASIS,ASI SOLUTIONS INC,1029445,7389
PALX,PALEX INC,1029448,2400
MPP.1,GENERAL CIGAR HLDGS  -CL A,1029456,2100
RAH,RALCORP HOLDINGS INC,1029506,2000
DTAGY,DTA HOLDING AG -ADR,1029508,6552
GNET.1,GO2NET INC,1029553,7370
MDSYF,BLUEPHOENIX SOLUTIONS LTD,1029581,7372
POM2,CONECTIV INC,1029590,4931
GSLA,GS FINANCIAL CORP,1029630,6035
DGJLQ,D G JEWELRY INC,1029631,3911
CTRL.2,CENTAUR MINING & EXPLORATION,1029632,1000
HMKF,HEMLOCK FEDERAL FINANCIAL CP,1029654,6035
IAIS,INTERNATIONAL AIRCRAFT INVS,1029688,7359
LTS,OSAIC FINANCIAL SERVICES INC,1029730,6211
LFTC,LIFESTREAM TECHNOLOGIES INC,1029738,3841
HCBB,HCB BANCSHARES INC,1029740,6035
SOFO,SONIC FOUNDRY INC,1029744,7372
VSTN.,VISTANA INC,1029753,1531
VCNT,VICINITY CORP,1029784,7389
NFS,NATIONWIDE FINL SVCS  -CL A,1029786,6311
UBA,URSTADT BIDDLE PROPERTIES,1029800,6798
CHFR,CHINA FRUITS CORP,1029802,5400
UNVC,UNIVEC INC,1029825,3841
TKTL,TRACK N TRAIL INC,1029932,5661
YNR.1,YOUNG & RUBICAM INC,1030048,7311
MKA.1,METRIKA SYSTEMS CORP,1030054,3823
WGATQ,WORLDGATE COMMUNICATIONS INC,1030058,3663
AHWYQ,AUDIOHIGHWAY.COM,1030108,7370
MDER,MED-EMERG INTERNATIONAL INC,1030179,7363
IDR,IDAHO STRTEGIC RESOURCES INC,1030192,1040
VASC,VASCULAR SOLUTIONS INC,1030206,3841
NGEN.1,NANOGEN INC,1030339,8731
NSOL.,NETWORK SOLUTIONS INC,1030341,7370
BINX,BIONX IMPLANTS INC,1030418,3842
OFG,OFG BANCORP,1030469,6020
UTSI,UTSTARCOM HOLDINGS CORP,1030471,3663
CHNEY,CHINA EASTERN AIRLINES CORP,1030475,4512
RLRN,RENAISSANCE LEARNING INC,1030484,7372
NMGC,NEOMAGIC CORP,1030485,3674
CERO.1,CONCERO INC,1030487,7370
FS.2,FOUR SEASONS HOTELS -LTD VTG,1030555,7011
FHR,FAIRMONT HOTELS RESORTS INC,1030561,7011
WHELE,WHEELS SPORTS GROUP INC,1030593,2750
CRGN,CURAGEN CORP,1030653,2836
ICIQ,INTERNATIONAL COMPUTEX INC,1030681,7372
SKVY,SENTRY TECHNOLOGY CORP,1030708,3669
VLG,VALLEY NATIONAL GASES INC,1030715,5084
BIORY,BIORA AB,1030739,2836
AHLS,AHL SERVICES INC,1030740,7361
GLF,GULFMARK OFFSHORE INC,1030749,4412
SYVC,SYNOVICS PHARMACEUTICALS INC,1030839,2834
CLS,CELESTICA INC,1030894,3674
BFLY.1,BLUEFLY INC,1030896,5961
MSBK.,MUTUAL SVGS BK FSB BAY CITY,1030966,6035
WILC,G WILLI-FOOD INTERNATIONAL,1030997,5140
GCOM,GLOBECOMM SYSTEMS INC,1031028,4899
SRT,STARTEK INC,1031029,7389
SVBL,SILVER BULL RESOURCES INC,1031093,1000
PRGN.1,PEREGRINE SYSTEMS INC,1031107,7372
ILOG,ILOG SA,1031140,7372
3AOIXQ,APPLE ORTHODONTIX INC  -CL A,1031176,8000
GPI,GROUP 1 AUTOMOTIVE INC,1031203,5500
SELF,GLOBAL SELF STORAGE INC,1031235,6798
ENTU,ENTRUST INC,1031283,7372
FE,FIRSTENERGY CORP,1031296,4911
BSY,BENTLEY SYSTEMS INC,1031308,7370
FSP,FRANKLIN STREET PROPERTIES,1031316,6798
RGX.1,RADIOLOGIX INC,1031329,8093
PPSF,PEOPLES-SIDNEY FINANCIAL CP,1031340,6035
MSLI,MERUS LABS INTERNATIONAL INC,1031516,2834
GIFI,GULF ISLAND FABRICATION INC,1031623,1389
FREY10,COE GROUP PLC,1031633,2741
TEG.1,ENERGY GROUP PLC,1031719,4911
WWRL,WORLD WIRELESS COMMUNICATION,1031744,3663
BEAS,BEA SYSTEMS INC,1031798,7372
INGEQ,INGENUUS CORP,1031911,7372
ECTE,ECHO THERAPEUTICS INC,1031927,3842
CMTN.,COPPER MOUNTAIN NETWORKS INC,1031951,3576
NTFY,NOTIFY TECHNOLOGY CORP,1031980,3661
3FSSB.,FIRST FED SVGS & LN ASSO SAN,1031985,6035
CLRP,CELLULAR COMMUNICATIONS P R,1032030,4812
SLM,SLM CORP,1032033,6141
MEAD,MEADE INSTRUMENTS CORP,1032067,3827
NMCO.1,NAMIBIAN MINERALS CORP,1032082,1400
HLI.1,HARTFORD LIFE INC  -CL A,1032204,6311
SRE,SEMPRA ENERGY,1032208,4923
MMS,MAXIMUS INC,1032220,7389
LHSG,LHS GROUP INC,1032330,7372
IONA,IONA TECHNOLOGIES PLC,1032346,7372
RCO.1,SEAENERGY PLC,1032347,1389
RWDT,RWD TECHNOLOGIES INC,1032373,7373
TSY,TRUSTREET PROPERTIES INC,1032462,6798
GRTR,GREATER NEW YORK SAVINGS,1032468,6036
NERIF,NEWSTAR RESOURCES INC,1032627,1311
3ORTH,OMEGA ORTHODONTICS INC,1032628,8741
KEYN,KEYNOTE SYSTEMS INC,1032761,7370
FRPT.1,FORCE PROTECTION INC,1032863,3790
LOGI,LOGITECH INTERNATIONAL SA,1032975,3577
CNVT,CVF TECHNOLOGIES CORP,1032997,3711
FBC,FLAGSTAR BANCORP INC,1033012,6035
PRCS.1,PRAECIS PHARMACEUTICALS INC,1033025,2834
EUOT,EUROTECH LTD,1033030,9995
SVLF,SILVERLEAF RESORTS INC,1033032,6531
RANGY,RANDGOLD & EXPLORATION CO,1033217,1040
LITE.1,VLPS LIGHTING SERVICES INTL,1033491,7359
OAC.1,OCWEN ASSET INVESTMENT CORP,1033643,6798
PUMP.1,ANIMAS CORP,1033660,3842
HBIX,HAGLER BAILLY INC,1033693,8742
UMC,UNITED MICROELECTRONICS CORP,1033767,3674
DOCC,DOCUCORP INTERNATIONAL INC,1033864,7372
LMNX.1,LUMINEX CORP,1033905,2835
LBFC,LONG BEACH FINANCIAL CORP,1034011,6162
PHSS,PHYSICIAN SUPPORT SYS INC,1034042,8741
SBAC,SBA COMMUNICATIONS CORP,1034054,6798
DGEN,DELTAGEN INC,1034072,8731
FDOT,FINE.COM INTERNATIONAL CP,1034073,7370
ECLP.,ECLIPSYS CORP,1034088,7373
CMPX.,CMP MEDIA INC  -CL A,1034139,2721
RCRC,RC2 CORP,1034239,3944
3DSIT,DSI TOYS INC,1034257,3944
NOBLQ,NOBLE INTERNATIONAL LTD,1034258,1700
FDJA,FAROUDJA INC,1034365,3663
RINO.1,BLUE RHINO CORP,1034379,5900
VATA,VERSATA INC,1034397,7372
HSB.,HSB GROUP INC,1034588,6331
MHD,BLACKROCK MUNIHOLDINGS FUND,1034665,6726
FSCI,FISHER COMMUNICATIONS INC,1034669,4833
ALV,AUTOLIV INC,1034670,3714
PKPS,POUGHKEEPSIE FINANCIAL CP,1034718,6035
WHG.1,WHG RESORTS & CASINOS INC,1034754,7011
BEXP,BRIGHAM EXPLORATION CO,1034755,1311
WYY,WIDEPOINT CORP,1034760,7370
BTOB,SIERRACITIES.COM INC,1034812,6172
PFSY,PACIFIC SYSTEMS CONTROL TECH,1034840,3825
RIGL,RIGEL PHARMACEUTICALS INC,1034842,2834
MARX.1,MAREX INC,1034867,7389
3FCNNE,FIRST CINCINNATI INC,1034898,1531
VESC,VESTCOM INTERNATIONAL INC,1034941,2750
ESHR,ESHARE COMMUNICATIONS INC/GA,1034956,7373
CRESY,CRESUD SOCIEDAD ANONIMA COM,1034957,9997
3SPOP,SPECTRUM ORGANIC PRODUCTS,1034992,2070
VLO,VALERO ENERGY CORP,1035002,2911
3NEIPE,NEI WEBWORLD INC,1035028,2750
SHBI,SHORE BANCSHARES INC,1035092,6020
WEBM.,WEBMETHODS INC,1035096,7372
ACSC,ADV COMMUNICATION SYSTEM INC,1035104,4899
CTEN,CENTENNIAL HEALTHCARE CORP,1035118,8051
TRUC,PROFESSIONAL TRANSN GRP INC,1035120,4213
IDR.1,INTRAWEST CORP,1035146,7990
SHSO,SOUND HEALTH SOLUTIONS INC,1035181,8093
GVHR,GEVITY HR INC,1035185,8741
CWT,CALIFORNIA WATER SERVICE GP,1035201,4941
TSBS,PEOPLES BANCORP INC/DE,1035239,6035
FSPT,FIRSTSPARTAN FINANCIAL CORP,1035240,6035
ISRG,INTUITIVE SURGICAL INC,1035267,3845
USOL,USOL HOLDINGS INC,1035271,4813
GOSB,GSB FINANCIAL CORP,1035351,6035
ELOX,ELOXX PHARMACEUTICALS INC,1035354,2836
FOXX.1,FOX & HOUND RESTAURANT GROUP,1035374,5812
CDCI,CARDINAL COMMUNICATIONS INC,1035398,6552
COPIQ,CRESCENT OPERATING INC,1035426,6552
IRIDQ,IRIDIUM WORLD COMMUN  -CL A,1035442,6799
ARE,ALEXANDRIA R E EQUITIES INC,1035443,6798
CSBHY,CIBA HOLDING AG,1035497,2800
JRJR.1,800 JR CIGAR INC,1035507,5961
FBNW,FIRSTBANK NW CORP/DE,1035513,6036
ONST,ON STAGE ENTERTAINMENT INC,1035514,7900
ABWG,A B WATLEY GROUP INC,1035632,6211
PLUM,PLUMTREE SOFTWARE INC,1035656,7372
NST,NSTAR,1035675,4911
SEM.4,SELECT MEDICAL CORP,1035688,8051
TMTV,TEAM COMMUNICATIONS GROUP,1035700,7812
PVN,PROVIDIAN FINANCIAL CORP,1035713,6020
LODE.1,COMSTOCK BANCORP,1035733,6020
AMNT.,AMNET MORTGAGE INC,1035744,6162
CALD,CALLIDUS SOFTWARE INC,1035748,7372
VAIL,VAIL BANKS INC,1035770,6020
JRCOQ,JOURNAL REGISTER CO,1035815,2711
NTBKQ,NETBANK INC,1035826,6035
GIC.4,GENERAL INSTRUMENT CORP,1035881,3663
CTV.2,COMMSCOPE INC,1035884,3357
CFBC,COMMUNITY FIRST BKG CO/GA,1035903,6020
3MCAPS,MICROCAP LIQUIDATING TRUST,1035916,6726
MII.3,MORTON INTERNATIONAL INC,1035972,2890
PBSC,PACKARD BIOSCIENCE INC,1035975,3826
FNCB,FNCB BANCORP INC,1035976,6020
WOSI,WORLD OF SCIENCE INC,1035977,5990
FIX,COMFORT SYSTEMS USA INC,1035983,1700
DCEL.1,DOBSON COMMUNICATIONS CORP,1035985,4812
WAYN,WAYNE SAVINGS BANCSHARES INC,1036030,6036
DRSDY,DRESDNER BANK AG,1036033,6020
INVE,IDENTIV INC,1036044,3577
STEL.1,STELLARONE CORP,1036070,6020
CFIM,CFI MORTGAGE INC,1036071,6162
PEAK.1,PEAK INTERNATIONAL LTD,1036081,3089
CWZ.,CABLE & WIRELESS COMMUNICATN,1036138,4812
CORV,CORREVIO PHARMA CORP,1036141,2834
QADA,QAD INC,1036188,7370
HZPIQ,HORIZON PHARMACIES INC,1036260,5912
XLSW,EXCEL SWITCHING CORP,1036261,3661
INTT,INTEST CORP,1036262,3825
3PAMC.,PAMECO CORP  -CL A,1036283,5070
CBLT,COBALT GROUP INC,1036290,7370
SEYE,SIGNATURE EYEWEAR INC,1036292,3851
RSLCF,RSL COMMUNICATIONS  -CL A,1036297,4813
NETG.1,NETGRAVITY INC,1036419,7372
MUSE.1,MICROMUSE INC,1036425,7372
GCTI,GENESYS TELECOMM LABS INC,1036436,7372
3IVTC,INNOVATIVE VALVE TECH INC,1036442,7600
UNRMY,HIPERMARC SA,1036510,5411
HOOV,HOOVERS INC,1036584,7370
ICH.1,IMPAC COML HLDGS INC  -COM,1036615,6798
BREL,BIORELIANCE CORP,1036629,8731
ACRN,ACORN PRODUCTS INC,1036713,3420
DBS.1,DEBT STRATEGIES FUND INC,1036808,6726
FCS,FAIRCHILD SEMICONDUCTOR INTL,1036960,3674
DDXSQ,DIADEXUS INC,1036968,2836
PPOD,PEAPOD INC,1036992,5961
TLSI.1,TELESCIENCES INC,1037002,7373
NIHD,NII HOLDINGS INC,1037016,4812
DOCD,EASE2PAY NV,1037017,7370
RL,RALPH LAUREN CORP,1037038,2300
KASPQ,KASPER A S L LTD,1037067,2330
ORFR,ORBIT/FR INC,1037115,3825
STLT.,SELECT THERAPEUTICS INC,1037158,2834
OTEC.1,ORATEC INTERVENTIONS INC,1037165,3845
ARSC.1,ARIS CORP/WA,1037186,7370
MONT.2,MONTGOMERY FINANCIAL CORP,1037190,6035
DXD.1,DOMAIN ENERGY CORP,1037192,1311
DGIN.,DIGITAL INSIGHT CORP,1037275,7370
GLH,GALLAHER GROUP PLC,1037333,2111
SPOT.1,PANAMSAT CORP,1037388,4899
INDT,INDUS REALTY TRUST INC,1037390,6798
3SVUL,STEEL VAULT CORP,1037417,9995
SFTC,STRATESEC INC,1037453,3669
BJ.1,BJ'S WHOLESALE CLUB INC,1037461,5399
TGRP.1,TELEGROUP INC,1037535,4813
BXP,BXP INC,1037540,6798
AMEN,AMEN PROPERTIES INC,1037599,1311
NCT.2,NEWCOURT CREDIT GROUP INC,1037603,6159
GLMC,GLOBALMEDIA.COM,1037628,5961
MTD,METTLER-TOLEDO INTL INC,1037646,3826
ILIU,INTERLEUKIN GENETICS INC,1037649,2835
PFI.2,PELICAN FINANCIAL INC,1037652,6020
ARCH,ARCH RESOURCES INC,1037676,1220
WLKNQ,WATERLINK INC,1037682,3580
TOW.,TOWER REALTY TRUST INC,1037711,6798
QKKAQ,QUOKKA SPORTS INC,1037737,7370
CPHD,CEPHEID INC,1037760,3826
ONTR,ONTRO INC,1037827,3089
CWLD,CROSSWORLDS SOFTWARE INC,1037834,7372
AME,AMETEK INC,1037868,3823
Q.2,QWEST COMMUNICATION INTL INC,1037949,4813
VIRDY,VIRIDIEN SOCIETE ANONYME,1037962,1382
PHCC.1,PRIORITY HEALTHCARE CP -CL B,1037975,5122
JLL,JONES LANG LASALLE INC,1037976,6531
CTBC.1,CTB INTERNATIONAL CORP,1038005,3523
PGEI.,PETROGLYPH ENERGY INC,1038052,1311
SLAB,SILICON LABORATORIES INC,1038074,3674
BDS.1,BRIDGESTREET ACCOMMODATIONS,1038078,6531
TIXX.,TICKETS.COM INC,1038083,7990
HSKA,HESKA CORP,1038133,2835
ORANY,ORANGE SA,1038143,4813
ACSEF,ACS MOTION CONTROL LTD,1038144,7373
CNGL.1,CONTINENTAL NATURAL GAS INC,1038183,4924
MHN,BLACKROCK MUNIHLD NY QLTY FD,1038186,6726
MUH,BLACKROCK MUNIHOLDINGS FD II,1038190,6726
TARRQ,TARRAGON CORP,1038217,6552
REIS,REIS INC,1038222,7370
CLRT,CLARIENT INC,1038223,8734
JLMI,JLM INDUSTRIES INC,1038237,5160
JLK,JLK DIRECT DISTR INC  -CL A,1038243,5084
HMSI.,HOME SECURITY INTL INC,1038262,5063
MTMS.,MADE2MANAGE SYSTEMS INC,1038271,7372
INIS,INTERNATIONAL ISOTOPES INC,1038277,2835
TUC,MAC-GRAY CORP,1038280,7200
LAIX.1,LAI WORLDWIDE INC,1038315,7361
EOP,EQUITY OFFICE PROPERTIES TR,1038339,6798
PXD,PIONEER NATURAL RESOURCES CO,1038357,1311
MUSA.1,METALS USA INC,1038363,5051
PAEGF,PEACE ARCH ENTMT GROUP INC,1038367,9995
DBMG,DBM GLOBAL INC,1038368,3440
OPTL.,OPTISYSTEMS SOLUTIONS LTD,1038371,7372
PACI.1,PRECISION AUTO CARE INC,1038541,7500
CBDBY,COMPANHIA BRASILEIRA DE DIST,1038572,5411
RYAAY,RYANAIR HOLDINGS PLC,1038683,4512
CLV.2,CLEARVIEW CINEMA GROUP INC,1038754,7830
SMBK,SMARTFINANCIAL INC,1038773,6020
GSF.2,GLOBALSANTAFE CORP,1038914,1381
OSIS,OSI SYSTEMS INC,1039065,3844
LLL.1,L3 TECHNOLOGIES INC,1039101,3812
ORAL,ORTHALLIANCE INC  -CL A,1039139,8741
KNDL,KENDLE INTERNATIONAL INC,1039151,8731
3AEGN,AEROGEN INC,1039160,3841
ECA.2,ENCAL ENERGY LTD,1039167,1311
TRBRQ,TRAILER BRIDGE INC,1039184,4213
IFLYQ,800 TRAVEL SYSTEMS INC,1039208,4700
SVIN,SCHEID VINEYARDS INC  -CL A,1039213,100
BLSW.1,BLUESTONE SOFTWARE INC,1039242,7372
MCTR.1,MERCATOR SOFTWARE INC,1039276,7372
NTWK,NETSOL TECHNOLOGIES INC,1039280,7372
GLC.3,GALILEO INTERNATIONAL INC,1039300,7370
BOYL,BYL BANCORP,1039311,6020
NAXG,NATURAL GOLF CORP,1039387,3949
FORM,FORMFACTOR INC,1039399,3825
3JMXIE,JUPITER MEDIA METRIX INC,1039446,7389
RENE.1,INTERCORP EXCELLE INC,1039467,2030
EDPFY,EDP SA,1039610,4911
OKE,ONEOK INC,1039684,4923
3ESVNQ,ENCOMPASS SERVICES CORP,1039690,1731
NXCN,NXCHAIN INC,1039757,9995
GARS.1,PATHWAYS GROUP INC,1039759,7373
ING,ING GROEP NV,1039765,6020
ABY.2,ABITIBI CONSOLIDATED INC,1039778,2621
FGHLQ,FRIEDE GOLDMAN HALTER INC,1039780,3533
PRU.1,PRIME RESOURCES GROUP INC,1039781,1040
AEL,AMERICAN NATIONAL GROUP INC,1039828,6311
PFCB,P F CHANGS CHINA BISTRO INC,1039889,5812
EAGL10.,EAGLE GEOPHYSICAL INC,1039971,1382
SEGP20,SEDGWICK GROUP PLC,1040015,6411
PANC,PANACOS PHARMACEUTICALS INC,1040017,2836
PETS,PETMED EXPRESS INC,1040130,5912
PXLW,PIXELWORKS INC,1040161,3674
PEGS,PEGASUS SOLUTIONS INC,1040261,7370
CMPP,CHAMPPS ENTMT INC,1040328,5812
ISPH,INSPIRE PHARMACEUTICALS INC,1040416,2834
SYNT,SYNTEL INC,1040426,7370
BEV.1,BEVERLY ENTERPRISES INC,1040441,8051
AVI.1,AVIS GROUP HOLDINGS INC,1040445,7510
LDIG,LIBERTY DIGITAL INC,1040449,4899
PNP,PAN PAC RETAIL PPTYS INC,1040454,6798
AEHR,AEHR TEST SYSTEMS,1040470,3825
BYH,SINOPEC BEIJING YANHUA PETRO,1040472,2821
AMAB,AMERICASBANK CORP,1040491,6020
CPTI.1,COMPASS PLASTICS & TECH INC,1040525,3089
GEOY,GEOEYE INC,1040570,4899
CRZO,CARRIZO OIL & GAS INC,1040593,1311
CPS.1,CHOICEPOINT INC,1040596,6411
MRCM,MARCAM SOLUTIONS INC,1040622,7372
LQ.1,QUINENCO SA,1040649,9997
AFCO.1,APPLIED FILMS CORP,1040660,3559
VNUS,VNUS MEDICAL TECHNOLOGIES,1040666,3845
DHCPQ,DITECH HOLDING CORP,1040719,6163
TSPT.1,COYOTE SPORTS INC,1040761,3949
HMNY,HELIOS AND MATHESON ANALYTIC,1040792,7370
RHP,RYMAN HOSPITALITY PPTYS INC,1040829,6798
AGTK,AGRITEK HOLDINGS INC,1040850,5140
PHST,PHARSIGHT CORP,1040853,7372
IBSS,INTEGRATED BUSINESS SYS &SVC,1040863,7372
IDN,INTELLICHECK INC,1040896,7370
VRIO.1,VERIO INC,1040956,7370
SLG,SL GREEN REALTY CORP,1040971,6798
MBAY,MEDIABAY INC,1040973,9995
ITSW,INTERNATIONAL TOTAL SVCS INC,1040993,4581
3IONCY,IONICA GROUP PLC,1041008,6794
RMTI,ROCKWELL MEDICAL INC,1041024,3842
YUM,YUM BRANDS INC,1041061,5812
CPSJY,CENTERPULSE AG,1041073,3842
3EDUT,EDUTREK INTL INC  -CL A,1041075,8200
TWFCQ,T & W FINANCIAL CORP,1041077,6159
USLQ,U S LIQUIDS INC,1041095,4953
OTFC,OREGON TRAIL FINANCIAL CORP,1041122,6035
TORZ,SUTOR TECHNOLOGY GROUP LTD,1041177,3312
PBIX,PASSPORT BRANDS INC,1041179,2320
HCOW.1,HORIZON ORGANIC HOLDING CORP,1041255,2020
SCBL,SUN CMNTY BANCORP LTD,1041318,6020
IINT,INDUS INTERNATIONAL INC,1041333,7372
RVSB,RIVERVIEW BANCORP INC,1041368,6020
PLKI,POPEYES LOUISIANA KITCHEN,1041379,6794
ASFD.,AUTHENTIC SPECIALTY FOOD INC,1041382,2090
CORI.1,CORILLIAN CORP,1041403,7372
LGVN.1,LOGICVISION INC,1041418,3674
TPTH,TRIPATH IMAGING INC,1041426,3826
ANNB,ANNAPOLIS BANCORP INC,1041429,6020
ATEN.1,AT ENTERTAINMENT INC,1041454,4841
PXPS,PRODUCTEXPRESS.COM EBUS SVC,1041479,5190
LSAK,LESAKA TECHNOLOGIES INC,1041514,7374
EXEC,EXECUSTAY CORP,1041540,6513
HFBC,HOPFED BANCORP INC,1041550,6035
ATMI.1,ATMI INC,1041577,2810
PSGI.,PRIME STAR GROUP INC,1041580,9995
3PSUG,PLASTIC SURGERY CO,1041623,8742
AEHZ,ASIA ELECTRONICS HOLDING CO,1041651,3679
IOX,IOMED INC,1041652,3845
UONEK,URBAN ONE INC,1041657,4832
PMACA,PMA CAPITAL CORP,1041665,6331
ZNHYY,CHINA SOUTHERN AIRLINES,1041668,4512
COOL.,CYBERIAN OUTPOST INC,1041712,5961
NWYF,NORTHWAY FINANCIAL INC,1041753,6020
PFSCF.,POSITRON FIBER SYSTEMS CORP,1041754,3661
ELPC,COPEL-CIA PARANAENSE ENERGIA,1041792,4911
AHM.2,AMERSHAM PLC,1041799,2835
PSMT,PRICESMART INC,1041803,5331
AUSPF,AUSTRAL PACIFIC ENERGY LTD,1041829,1311
GALT.,GALILEO TECHNOLOGY LTD,1041840,3674
RITT,RIT TECHNOLOGIES LTD,1041844,3576
CABL.1,CABLE MICHIGAN INC,1041855,4841
RCNI,RCN CORP,1041858,4841
PLCE,CHILDRENS PLACE INC,1041859,5600
BEIQ,BEI TECHNOLOGIES INC,1041866,3679
NVLD.1,NOVEL DENIM HOLDINGS LTD,1041868,2211
BERW,BERINGER WINE EST HLD  -CL B,1041891,2084
PSJEY,PETSEC ENERGY LTD,1041895,1311
EDAP,EDAP TMS SA  -ADR,1041934,3845
3ITCD,ITC DELTACOM INC,1041954,4813
VSGN,VASOGEN INC,1042018,2835
AFG,AMERICAN FINANCIAL GROUP INC,1042046,6331
3NSPRQ,INSPIRE INS SOLUTIONS INC,1042051,6411
CRB.1,CAPSTAR BROADCASTING CORP,1042068,4832
CBAY,CYMABAY THERAPEUTICS INC,1042074,2836
SLNE,STREAMLINE.COM INC,1042091,5961
NEWC.2,NEWCOM INC,1042100,3577
CHRD.,CHORDIANT SOFTWARE INC,1042134,7372
CNDO.1,CRESCENDO PHARM CORP  -CL A,1042138,2836
LJLB,LJL BIOSYSTEMS INC,1042162,3841
SCIL,SCIENTIFIC LEARNING CORP,1042173,7372
VIGN,VIGNETTE CORP,1042185,7372
YHGJ,YUNHONG GREEN CTI LTD,1042187,3060
ILNC,ILINC COMMUNICATIONS INC,1042291,7370
DISS,DIVERSIFIED SENIOR SERVICES,1042323,6531
IDGR.,INDUSTRIAL DISTR GROUP INC,1042351,5080
INTI,INHIBITOR THERAPEUTICS INC,1042418,2836
IWOV,INTERWOVEN INC,1042431,7372
FBLQ,FOOTBALL EQUITIES INC,1042456,7900
WCRX.,WARNER CHILCOTT PLC -ADR-OLD,1042459,2834
NTRL.1,NEUTRAL POSTURE ERGONOMICS,1042488,2522
SAMB,SUN AMERICAN BANCORP,1042521,6020
CRXA,CORIXA CORP,1042561,2836
DENHY,DENISON INTL PLC  -ADR,1042598,3590
ECM,EMERGING COMMUNICATIONS INC,1042647,4813
COGI.1,COGNICASE INC,1042682,7372
MBWM,MERCANTILE BANK CORP,1042729,6020
PDM,PIEDMONT OFFICE REALTY TRUST,1042776,6798
HILL,DOT HILL SYSTEMS CORP,1042783,3572
ESAT,ESAT TELECOM GROUP,1042797,4813
PGE,PRIME GROUP REALTY TRUST,1042798,6798
CTSI,CONDOR TECH SOLUTIONS INC,1042799,7373
SIB.,STATEN ISLAND BANCORP INC,1042801,6035
NSSY,NSS BANCORP INC,1042806,6036
ACMR.1,A.C. MOORE ARTS & CRAFTS INC,1042809,5945
EQY,EQUITY ONE INC,1042810,6798
PVSW,PERVASIVE SOFTWARE INC,1042821,7372
ICMI.,IMPERIAL CR COML MTG INVT CO,1042824,6798
PWER.1,POWER-ONE INC,1042825,3679
INVX,INNOVEX INTERNATIONAL INC,1042893,3533
SNDA,SONIDA SENIOR LIVING INC,1043000,8300
3TIMBZ,U S TIMBERLANDS CO  -LP,1043012,2400
LNR.2,LNR PROPERTY CORP,1043044,6799
VGNX,VARIAGENICS INC,1043082,2836
TCSM,TRANSCOASTAL MARINE SVCS INC,1043119,1600
DCNT,DOCENT INC,1043134,7372
STRZ.1,STAR BUFFET INC,1043156,5812
SLNG,STABILIS SOLUTIONS INC,1043186,1311
NLY,ANNALY CAPITAL MANAGEMENT,1043219,6798
ETT,ELDERTRUST,1043236,6798
FMY.1,MEYER (FRED) INC,1043273,5411
WTW.1,WESTOWER CORP,1043274,1540
CHRW,C H ROBINSON WORLDWIDE INC,1043277,4213
ASIGF,ALPHASTAR INSURANCE GRP LTD,1043309,6331
STGCQ,STARTEC GLOBAL COMMUNICTNS,1043310,7370
AER.3,AEGIS REALTY INC,1043324,6798
CLNH.1,CENTERLINE HOLDING CO,1043325,6111
SRI,STONERIDGE INC,1043337,3679
MWI.2,MEADOWCRAFT INC,1043339,2510
SOA,SOLUTIA INC,1043382,2820
PTN.2,PETERSEN COMPANIES  -CL A,1043412,2721
BEST.1,BEST SOFTWARE INC,1043431,7372
3AESK,AMERICAN SKIING CO,1043432,7990
ROSI,U S A FLORAL PRODUCTS INC,1043438,5190
PBTX,PRIME BANCSHARES INC/TX,1043446,6020
OAOT,OAO TECHNOLOGY SOLUTIONS INC,1043476,7370
SAUC.1,STANDARD AUTOMOTIVE CORP,1043505,3715
SAH,SONIC AUTOMOTIVE INC  -CL A,1043509,5500
ABVT,ABOVENET INC,1043533,4899
3IMPV,IMPROVENET INC,1043561,7370
CMZPF,COMPTON PETROLEUM CORP,1043572,1311
JNPR,JUNIPER NETWORKS INC,1043604,3576
SGTL,SIGMATEL INC,1043639,3674
DVW,COVAD COMMUNICATIONS GROUP,1043769,4813
NVDL.1,NOVADEL PHARMA INC,1043873,2834
CYCO,CYPRESS COMMUNICATIONS INC,1043892,4813
ORXE,ORE HOLDINGS INC,1043914,2834
LGTY.1,LOGILITY INC,1043915,7372
VERT,VERTICALNET INC,1043946,7372
PRPO,PRECIPIO INC,1043961,8071
ETEK.,E-TEK DYNAMICS INC,1044007,3674
JEVC,JEVIC TRANSPORTATION,1044066,4213
WHCP,WHITE CAP INDUSTRIES INC,1044100,5072
DGMA,DEGAMA SOFTWARE SOLUTIONS,1044167,7370
TSICQ,TROPICAL SPORTSWEAR INTL CP,1044324,2320
BIOCQ,BIOCEPT INC,1044378,2835
SSVG,STRATUS SERVICES GROUP INC,1044391,7363
PIOE,P10 HOLDINGS INC,1044435,6726
3LTCW,LETS TALK CELLULAR &WIRELESS,1044440,5990
BDI.2,BAYARD DRILLING TECHNOLOGIES,1044478,1381
SUR,CNA SURETY CORP,1044566,6351
CPSL.,CHINA PRECISION STEEL INC,1044577,3310
IN,INTERMEC INC,1044590,3577
AMBWQ.1,AMF BOWLING INC,1044612,7900
INVA.,INNOVA CORP,1044615,3663
PPA.2,PREMIER BANCORP INC/PA,1044651,6020
MMCN,MMC NETWORKS INC,1044660,3571
HCBC,HIGH COUNTRY BANCORP INC,1044676,6035
POPM,POPMAIL.COM INC,1044738,7370
OSPN,ONESPAN INC,1044777,3669
SOAP.,SURREY INC,1044847,2840
3BFSC,BINGHAM FINANCIAL SERVICES,1044862,6162
TFRFF,TEFRON LTD,1044863,2340
VIZ,THERMO VISION CORP,1044864,3827
AGTO,AGRITOPE INC,1044865,100
MYST,MYSTIC FINANCIAL INC,1044880,6020
IBAAY,INDUSTRIAS BACHOCO SAB DE CV,1044896,2015
DENT.,DENTAL CARE ALLIANCE INC,1044914,8741
PRV.1,PROVINCE HEALTHCARE CO,1044942,8062
IIR,IRI INTERNATIONAL CORP,1044979,3533
HWLD,HEALTHWORLD CORP,1044993,7311
FMAX.1,FRANCHISE MTG ACCEPTANCE CO,1045007,6159
GMTCQ,GAMETECH INTERNATIONAL INC,1045014,3944
KOFX,KOFAX IMAGE PRODUCTS INC,1045035,3576
3LTRY,MDI ENTERTAINMENT INC,1045080,7990
MFL,BLACKROCK MUNIHLD INVST QLTY,1045126,6726
OPAY,OFFICIAL PAYMENTS HLDGS INC,1045150,7370
FIN.2,PETROFINA-OLD,1045182,2911
GRL.1,GULF INDONESIA RESOURCES LTD,1045212,1311
CDF,CADILLAC FAIRVIEW CORP,1045214,6512
ONT,ON2 TECHNOLOGIES INC,1045280,7372
CRRR,CAPTEC NET LEASE REALTY INC,1045281,6798
GRA,GRACE (W R) & CO,1045309,2810
ALLSB,ALLSTREAM INC -CL B,1045359,4813
RASFQ,RAIT FINANCIAL TRUST,1045425,6798
UBIX,UBICS INC,1045445,7370
EPR,EPR PROPERTIES,1045450,6798
SPI.3,SCOTTISH POWER PLC,1045513,4911
CM,CANADIAN IMPERIAL BANK,1045520,6020
NCES,NOVACARE EMPLOYEE SVCS INC,1045536,8741
ECI.3,EXCEL COMMUNICATIONS INC,1045538,4813
HOLT,HOLTS CIGAR HOLDINGS INC,1045549,5190
ENHT,ENHERENT CORP,1045560,7363
IIIM,I3 MOBILE INC,1045597,4899
BRZZQ,BRIAZZ INC,1045598,5812
PLD,PROLOGIS INC,1045609,6798
TIWIF,TELESYSTEM INTL WIRELESS INC,1045632,4812
UNTN,UNITED TENN BANKSHARES INC,1045689,6035
SHBK,SHORE FINANCIAL CORP,1045690,6020
CDWD,CLOUDWARD INC,1045739,7370
LIVE,LIVE VENTURES INC,1045742,5700
HYC,HYPERCOM CORP,1045769,3578
NVDA,NVIDIA CORP,1045810,3674
PNVNQ,PNV INC,1045828,4813
VHS,VANGUARD HEALTH SYSTEMS INC,1045829,8062
CMSV,COMMUNITY SAVINGS BANKSHARES,1045934,6035
AXM,APEX MORTGAGE CAPITAL INC,1045956,6798
ENGE,ENGEL GENERAL DEVELOPERS LTD,1045974,1531
FORTY,FORMULA SYSTEMS (1985) LTD,1045986,7373
HSH.1,HOMEUSA INC,1045989,5271
ANE.1,ALLIANCE BANCORP NEW ENGLAND,1046002,6036
HFWA,HERITAGE FINANCIAL CORP,1046025,6020
IMAG,IMAGEMAX INC,1046032,7373
TSBK,TIMBERLAND BANCORP INC,1046050,6036
3LSMM,LASER MORTGAGE MGMT INC,1046099,6798
RBA,RB GLOBAL INC,1046102,7389
XTRM.1,BRASS EAGLE INC,1046112,3949
HSM.1,HUSSMANN INTERNATIONAL INC,1046128,3585
MDS,MIDAS INC,1046131,7500
TSM,TAIWAN SEMICONDUCTOR MFG CO,1046179,3674
UCBC,UNION COMMUNITY BANCORP,1046183,6035
EGFLY,EGANAGOLDPFEIL HLDGS LTD,1046191,3873
GFED,GUARANTY FED BANCSHARES INC,1046203,6020
FSC.2,FREEPORT MCMORAN SULPHUR INC,1046204,1400
HDLD,HEADLANDS MORTGAGE CO,1046207,6162
WSBI,WARWICK CMNTY BANCORP INC,1046209,6036
OMNI,OMNI ENERGY SERVICES CORP,1046212,1381
DYSVY,WALMART CHILE SA,1046247,5411
INGR,INGREDION INC,1046257,2040
BCYRA,BIG CITY RADIO INC  -CL A,1046284,4832
OGSI,OXFORD GLYCOSCIENCES,1046293,2835
BOSS.1,BUILDING ONE SERVICES CORP,1046304,8744
CHH,CHOICE HOTELS INTL INC,1046311,6794
RNWK,REALNETWORKS INC,1046327,7370
BAYB,BAY BANCSHARES INC,1046406,6020
BUCA,BUCA INC,1046501,5812
NMBT,NMBT CORP,1046520,6020
3CONV,CONVERGENT COMMUNICATIONS,1046558,7373
PRDO,PERDOCEO EDUCATION CORP,1046568,8200
TOUSQ,TOUSA INC,1046578,1520
PEDE.1,GREAT PEE DEE BANCORP INC,1046587,6035
3DNLI,DENALI INC,1046594,3089
3CLPTQ,CELLPOINT INC,1046607,3663
ELEZY,ENDESA SA,1046649,4911
RCBK.,RICHMOND COUNTY FINL CORP,1046685,6036
TONS.1,NOVAMERICAN STEEL INC-OLD,1046687,3312
JADE.2,LJ INTERNATIONAL INC,1046692,3910
CMPS.1,COMPASS INTL SERVICES CORP,1046817,8721
RNDC,RAINDANCE COMMUNICATIONS INC,1046832,7370
REMY,REMY INTERNATIONAL INC,1046859,3690
EAS,ENERGY EAST CORP,1046861,4931
CEDCQ,CENTRAL EUROPEAN DIST CORP,1046880,5180
EMAN,EMAGIN CORP,1046995,3679
3TGNTQ,TELIGENT INC -OLD,1047021,4812
CRGO.,MOTOR CARGO INDUSTRIES INC,1047073,4213
MPWG,MPW INDUSTRIAL SERVICES GRP,1047098,7340
AYS.,ACSYS INC,1047113,7363
IACO,INFORMATION ADVNTGE SOFTWARE,1047118,7372
PTVL.1,PREVIEW TRAVEL INC,1047121,4700
RTN,RAYTHEON CO,1047122,3812
LFIN.1,LOCAL FINANCIAL CORP,1047125,6020
AMKR,AMKOR TECHNOLOGY INC,1047127,3674
EVBS,EASTERN VA BANKSHARES INC,1047170,6020
3DLRC,DONLAR CORP,1047175,2836
PPCO,PENWEST PHARMACEUTICALS CO,1047188,2834
GYI,GETTY IMAGES INC,1047202,7330
EXEE,EXE TECHNOLOGIES INC,1047262,7372
BBQZY,BARBEQUES GALORE LTD  -ADR,1047326,5990
NHR.1,NATIONAL HEALTH REALTY INC,1047334,6798
NHC,NATIONAL HEALTHCARE CORP,1047335,8051
FDP,FRESH DEL MONTE PRODUCE INC,1047340,100
HWM.1,HOWMET INTERNATIONAL INC,1047378,3724
SPLI.1,SPECTRA-PHYSICS INC,1047385,3690
ZVLO,ESOFT INC,1047406,7373
NXPSQ,NEXPRISE INC,1047499,7372
PSBI,PSB BANCORP INC,1047537,6020
MYTAY,MAGYAR TELEKOM,1047564,4812
WPZ.1,WORLDPAGES.COM INC,1047643,2741
RYG,ROYAL GROUP TECHNOLOGIES LTD,1047693,3089
CTR.3,CABOT INDUSTRIAL TRUST,1047696,6798
KG.1,KING PHARMACEUTICALS INC,1047699,2834
ANTVY,ANTENNA TV SA  -ADR,1047714,4833
LTM,LATAM AIRLINES GROUP SA,1047716,4512
ONX,ONIX SYSTEMS INC,1047747,3823
XPT,LECG INC,1047749,8700
MMX.2,MAXX PETROLEUM LTD,1047821,1311
YUII,YUHE INTERNATIONAL INC,1047857,200
ED,CONSOLIDATED EDISON INC,1047862,4931
TALN,TALON INTERNATIONAL INC,1047881,2300
ANH,ANWORTH MTG ASSET CORP,1047884,6798
AMBTQ,AMBIENT CORP,1047919,4899
NOGAQ,NOGA ELECTRO-MECHANICAL INDS,1047938,1731
EFC.1,EFC BANCORP INC,1047947,6036
CNSW,CONTINUUS SOFTWARE CORP,1048044,7372
YZCAY,YANKUANG ENERGY GROUP CO,1048098,1220
BNV.,BENCKISER NV,1048131,2840
3IBHVF,INTL BRIQUETTES HOLDING,1048132,3312
3GDXX,GLOBALDIGITALCOMMERCE.COM,1048135,7373
XPOI,XPONENTIAL INC,1048142,5900
IESC,IES HOLDINGS INC,1048268,1731
BRDG.1,BRIDGE TECHNOLOGY INC,1048273,3460
GNVN,GENEVA FINANCIAL CORP,1048275,6162
MAR,MARRIOTT INTL INC,1048286,7011
BEVFF,DIVERSIFIED ROYALTY CORP,1048295,6794
VIRGY,VIRGIN EXPRESS HOLDINGS PLC,1048420,4512
AWWC,ACCESS WORLDWIDE CMMNCTNS,1048422,7374
BMRN,BIOMARIN PHARMACEUTICAL INC,1048477,2836
DANOY,DANONE SA,1048515,2000
3SYSZ,CPS SYSTEMS INC,1048536,7373
FCCGD,FOG CUTTER CAPITAL GROUP INC,1048566,5812
CLRK,COLOR KINETICS INC,1048611,3674
GCFB,GRANITE CITY FOOD & BREWERY,1048620,5812
MEA,METALICO INC,1048685,3341
FFIV,F5 INC,1048695,7373
MEXP.,MILLER EXPLORATION CO,1048740,1311
BYS,BAY ST BANCORP INC,1048767,6035
AFML,TAM RESTAURANTS INC,1048796,5812
3DMSCE,DISPATCH MANAGEMENT SVCS CP,1048897,4210
FDX,FEDEX CORP,1048911,4513
ARTI.1,ARTISAN COMPONENTS INC,1048982,3674
ENYNF,ENERNORTH INDUSTRIES INC,1049021,1311
FCIN,FLOUR CITY INTL INC,1049049,3440
DTGF,DOLLAR THRIFTY AUTOMOTIVE GP,1049108,7510
HLMD,HLM DESIGN INC,1049129,8741
VRNM,VERENIUM CORP,1049210,2860
UPFC,UNITED PANAM FINANCIAL CORP,1049231,6141
IVISF,ICOS VISION SYSTEM NV,1049253,3559
MNTEF,MENTERGY LTD,1049258,8200
CARS.1,CAPITAL AUTOMOTIVE REIT,1049316,6798
ENGL,ENGLE HOMES INC,1049391,1531
DCLK,DOUBLECLICK INC,1049480,7372
MKSI,MKS INC,1049502,3823
UDWKQ,US DATAWORKS INC,1049505,7370
MRCY,MERCURY SYSTEMS INC,1049521,3674
PRH.2,PROMUS HOTEL CORP,1049533,7011
CAVB,CAVALRY BANCORP INC,1049535,6020
CYE,BLACKROCK CORP HI YLD FD III,1049549,6726
BLE.2,BOLLE INC,1049588,3851
CIX,COMPX INTERNATIONAL INC,1049606,3420
ESREF,ESG RE LTD,1049624,6321
HPAC.1,HAWKER PACIFIC AEROSPACE INC,1049625,4581
SID,COMPANHIA SIDERURGICA NACION,1049659,3312
ASTI.1,ALLERGAN SPCLTY THERAPEUTICS,1049711,2834
FCGI,FIRST CONSULTING GROUP INC,1049758,7373
BRKL,BROOKLINE BANCORP INC,1049782,6020
VUSAQ,VALUE AMERICA INC,1049889,5961
RLAXY,REALAX SOFTWARE AG  -ADR,1049896,7372
ENGSY,ENERGIS PLC,1049949,4813
PPKZ,POLYAIR INTER PACK INC,1049984,3089
NZSKY,SKY NETWORK TELEVISION LTD,1050006,4841
NUTR.1,NUTRACEUTICAL INTL CORP,1050007,2833
BTSR,BRIGHTSTAR INFO TECH GRP INC,1050025,7370
WINS.1,SM&A CORP,1050031,7370
CNBD,CNBC BANCORP,1050078,6020
VOOC,VORNADO OPERATING CO,1050080,6500
ACPIQ,ANTHRACITE CAPITAL INC,1050112,6798
CTAC.1,1-800 CONTACTS INC,1050122,5961
DSGX,DESCARTES SYSTEMS GROUP INC,1050140,7372
GISX,GLOBAL IMAGING SYSTEMS,1050167,5040
PFWD,PHASE FORWARD INC,1050180,7372
TNSIZ,TRITON NETWORK SYSTEMS INC,1050250,3663
3PCAK,PACIFIC CASCADE RESOURCE CP,1050260,1000
CDNW,CDNOW INC,1050372,5961
CNXN,PC CONNECTION INC,1050377,5045
EGBN,EAGLE BANCORP INC/MD,1050441,6020
MSTR,STRATEGY INC,1050446,7372
PTACQ,PENTACON INC,1050504,5072
ESIMF,E SIM LTD,1050514,7372
VLTR,VOLTERRA SEMICONDUCTOR CORP,1050550,3674
SALM,SALEM MEDIA GROUP INC,1050606,4832
XLG.1,EXCEL LEGACY CORP,1050671,6510
PHIR,PHILIPS INTL REALTY CORP,1050686,9995
MIGP,MERCER INSURANCE GROUP INC,1050690,6331
INYYQ,INDEPENDENT ENERGY HOLDINGS,1050692,4911
PGC,PEAPACK-GLADSTONE FINAN CORP,1050743,6020
VIRL,VIRAGE LOGIC CORP,1050776,3674
COLM,COLUMBIA SPORTSWEAR CO,1050797,2300
VITR,VITRIA TECHNOLOGY INC,1050808,7372
SCS,STEELCASE INC,1050825,2522
SLGK,SLG REALISATIONS PLC,1050829,7370
FFPM,FFP MARKETING INC,1050891,5500
HLFN,HOME LOAN FINANCIAL CORP,1050894,6036
PWR,QUANTA SERVICES INC,1050915,1731
PUBGY,PUBLICIS GROUPE SA,1050952,7311
CRSB.1,CRUSADER HOLDING CORP,1050992,6035
NEPF,NORTHEAST PA FINANCIAL CORP,1050996,6035
CFKY,COLUMBIA FINANCIAL KY INC,1051000,6035
MUF,MUNIHOLDINGS FLA INSD FD II,1051002,6726
DSU,BLACKROCK DEBT STRATEGIES FD,1051003,6726
MUC,BLACKROCK MUNIHLD CA QLTY FD,1051004,6726
MUN.2,MUNIHOLDINGS NY FUND INC,1051005,6726
SHOEQ,SHOE PAVILION INC,1051009,5661
WHQA,W-H ENERGY SERVICES INC,1051034,1389
FSLA,FIRST SENTINEL BANCORP INC,1051092,6036
INOC.1,INNOTRAC CORP,1051114,7374
TENF,TENFOLD CORP,1051118,7372
SGTB,KUBOO INC,1051209,7370
0190A,J CREW GROUP INC,1051251,5621
SFX.3,SFX ENTERTAINMENT INC-OLD,1051253,7900
PVLS,PROVALIS PLC,1051284,2834
PBSI,PRECEPT BUSINESS SVCS INC,1051285,5110
ENSI,ENERGYSOUTH INC,1051286,5172
CWBC.1,COMMUNITY WEST BANCSHRS -OLD,1051343,6020
VIBC,VIB CORP,1051345,6020
ROSD,ROSEDALE DECORATIVE PROD LTD,1051357,2621
SBAN,SOUTHBANC SHARES INC,1051378,6035
MBHIQ,MIDWEST BANC HOLDINGS INC,1051379,6020
CMAN.1,CHAPMAN HOLDINGS INC,1051430,6211
HOFF,HORIZON OFFSHORE INC,1051431,1623
CCI,CROWN CASTLE INC,1051470,6798
XTND,EXTENDED SYSTEMS INC,1051490,7372
3CHAS.,CHASTAIN CAPITAL CORP,1051491,6798
TDS,TELEPHONE & DATA SYSTEMS INC,1051512,4812
SSKN,STRATA SKIN SCIENCES INC,1051514,3841
VIAX,VIAGRAFIX CORP,1051556,7812
GSVI,GSV INC,1051591,1311
AXTI,AXT INC,1051627,3674
ANNRF,ANNUITY AND LIFE RE HOLDINGS,1051628,6311
AMH.2,AMERUS GROUP CO  -CL A,1051717,6311
UDI.2,UNITED DEFENSE INDUSTRIES,1051719,3790
FNFG,FIRST NIAGARA FINANCIAL GRP,1051741,6020
CPNT,CHAMPNSHIP AUTO RACING TEAM,1051825,7948
XINGF,QIAO XING UNVERSAL RESOURCES,1051846,1000
CAO,CSK AUTO CORP,1051848,5531
PFSL,POCAHONTAS BANCORP INC,1051859,6035
CSBC,CITIZENS SOUTH BANKING CORP,1051871,6035
FRIZQ,FRISBY TECHNOLOGIES INC,1051904,2890
5946B,SERVICEMASTER CO,1052045,7340
EVOL,SYMBOLIC LOGIC INC,1052054,7371
WDR,WADDELL&REED FINL INC  -CL A,1052100,6282
TLCX,TOTAL LOGISTICS INC,1052102,4220
TRICY,TRICOM SA  -ADR,1052124,4813
AGCCQ,ANCHOR GLASS CONTAINER CORP,1052163,3221
3ETYSQ,ETOYS INC,1052245,5961
RPTR,REPEATER TECHNOLOGIES INC,1052246,3663
FBER,AGRITECH WORLDWIDE INC,1052257,2090
HKID,HAPPY KIDS INC,1052262,2300
TERN.1,TERAYON COMMUN SYSTEMS INC,1052303,3661
DMCX,DATAMIRROR CORP,1052357,7372
CMND.1,COMMAND SYSTEMS INC,1052439,7373
3ABHH,AMERICAN BK NT HOLOGRAPHICS,1052489,2670
MICU,VICURON PHARMACEUTICALS INC,1052547,2834
ITAH,ITA HOLDINGS INC,1052593,7373
RLH,RED LION HOTELS CORP,1052595,7011
RLT,RELTEC CORP,1052637,3661
COD,CHILES OFFSHORE INC,1052667,3533
FLCGQ,FRONTLINE CAPITAL GROUP,1052743,7389
GTY,GETTY REALTY CORP,1052752,6798
ADSC,ATLANTIC DATA SERVICES INC,1052773,7370
ABGX,ABGENIX INC,1052837,2836
EMCC.1,EUROPEAN MICRO HLDGS INC,1052914,5045
HMP.1,HORIZON MEDICAL PRODUCTS INC,1052958,3841
JST,JINPAN INTERNATIONAL LTD,1053008,3612
ROCLF,ROYAL OLYMPIC CRUISE LINES,1053010,4400
ISSX,INTERNET SECURITY SYSTEMS,1053148,7372
SHDBQ,SHERWOOD BRANDS INC,1053178,2060
MBRX.1,METABASIS THERAPEUTICS INC,1053221,2834
LFT.2,LEXFORD RESIDENTIAL TRUST,1053246,6513
LFED,LEEDS FEDERAL BANKSHARES INC,1053307,6035
HTBK,HERITAGE COMMERCE CORP,1053352,6020
COBT,COBALT NETWORKS INC,1053355,7373
CESI,CATALYTICA ENERGY SYS INC,1053361,3510
ELTP,ELITE PHARMACEUTICALS INC,1053369,2834
IPAS,IPASS INC,1053374,7370
AMT,AMERICAN TOWER CORP,1053507,6798
LHO,LASALLE HOTEL PROPERTIES,1053532,6798
MCBC,MACATAWA BANK CORP,1053584,6020
OME,OMEGA PROTEIN CORP,1053650,2070
CSTI,COSTAR TECHNOLOGIES INC,1053676,3651
CRVO,CERVOMED INC,1053691,2836
CRAI,CRA INTERNATIONAL INC,1053706,8111
HWY.1,HUNTWAY REFINING CO,1053811,2911
CGII.,CUNNINGHAM GRAPHICS INTL INC,1053949,2750
MUJ,BLACKROCK MUNIHLD NJ QLTY FD,1053988,6726
ATGCQ,ATG INC,1054000,4955
NTIAQ,NETIA S.A,1054056,4813
NPLA,INPLAY TECHNOLOGIES INC,1054070,3577
IDXG,INTERPACE BIOSCIENCES INC,1054102,8071
TSTN.,TURNSTONE SYSTEMS INC,1054131,3661
GBTI,GLOBAL LT TELECOMMUNICATIONS,1054183,4813
CLEC,US LEC CORP,1054290,4813
ASKJ,ASK JEEVES INC,1054298,7370
MKTSQ,DIRECT MARKETS HOLDINGS CORP,1054303,6211
3AMCT.,AMRESCO CAPITAL TRUST,1054337,6798
BRCM,BROADCOM CORP,1054374,3674
CCHE,CLINICHEM DEVELOPMENT INC,1054396,2836
AGATQ,U S AGGREGATES INC,1054422,1400
ROSYY,PUBLIC JOINT STOCK COMPANY R,1054487,4813
GLBK,GLB BANCORP INC,1054538,6020
HAST,HASTINGS ENTERTAINMENT INC,1054579,5735
3LCPFQ,LOEWS CINEPLEX ENTMT CORP,1054588,7830
USFS,U S FRANCHISE SYS INC  -CL A,1054636,6794
MXUS,MAXUS TECHNOLOGY CORP,1054709,5065
BSQR,BSQUARE CORP,1054721,5045
UTCCQ,URSUS TELECOM CORP,1054748,4813
CVH,COVENTRY HEALTH CARE INC,1054833,6324
FNDT,FUNDTECH LTD,1054836,7373
POVT,PROVANT INC,1054853,8200
IOSP,INNOSPEC INC,1054905,2810
ICPT.1,INTERCEPT INC,1054930,6099
MFA,MFA FINANCIAL INC,1055160,6798
TSX.3,TRISTAR AEROSPACE CO,1055231,5080
UGS.,UNIGRAPHICS SOLUTIONS INC,1055246,7372
RCCK,ROCK FINANCIAL CORP/MI,1055286,6162
SONO.1,SONOSITE INC,1055355,3845
SCOO,SCHOOL SPECIALTY INC,1055454,5961
FLYR,NAVIGANT INTERNATIONAL INC,1055455,4700
UMLS,AZTEC TECHNOLOGY PRTNRS INC,1055458,7373
WORK.1,WORKFLOW MANAGEMENT INC,1055564,5110
UCPC,UNICAPITAL CORP,1055684,6172
INO,INOVIO PHARMACEUTICALS INC,1055726,2836
BRBI.1,BLUE RIVER BANCSHARES INC,1055870,6035
TRIN.1,THOMSON REUTERS PLC,1056084,7370
DEZ.1,DESERT SUN MINING CORP,1056086,1000
MNIQQ,MCCLATCHY CO  -CL A,1056087,2711
INRB,INDUSTRIAL RUBBER PRODS INC,1056093,3060
CPV.1,CENTRACORE PPTYS TRUST,1056218,6798
BERK.,BERKSHIRE ENERGY RESOURCES,1056255,4924
TBHC,BRAND HOUSE COLLECTIVE INC,1056285,5700
AIRSQ,AMER AIRCARRIERS SUPPORT INC,1056286,5080
FHI,FEDERATED HERMES INC,1056288,6282
BRIO,BRIO SOFTWARE INC,1056294,7372
3VLFIQ,VLASIC FOODS INTERNATIONAL,1056312,2030
GDIRQ,GENESIS DIRECT INC,1056326,5961
MTEX,MANNATECH INC,1056358,2834
INAPQ,INTERNAP CORP,1056386,7374
RITA.1,RITA MEDICAL SYSTEMS INC,1056421,3845
PFRMF,PACIFIC RIM MINING CORP,1056512,1040
URSI,UNITED ROAD SERVICES INC,1056562,7500
MANH,MANHATTAN ASSOCIATES INC,1056696,7373
AVNX,AVANEX CORP,1056794,3661
FKAN,FIRST KANSAS FINANCIAL CORP,1056811,6035
JJZ,JACUZZI BRANDS INC,1056874,3080
CLNJZ,CLARION COML HOLDINGS INC,1056880,6798
AWR,AMERICAN STATES WATER CO,1056903,4941
TRGNY,TRANSGENE SA,1056910,2836
DTLK,DATALINK CORP,1056923,7373
PFIS,PEOPLES FINANCIAL SERVICES,1056943,6020
HRBT,HUDSON RIVER BANCORP INC,1057007,6036
IAAB,INDIGO AVIATION AB  -ADR,1057047,7359
HZO,MARINEMAX INC,1057060,5500
PCTI,PCTEL INC,1057083,3663
CLBR.1,CALIBER LEARNING NETWORK INC,1057187,8700
CMIV.1,IVI CHECKMATE CORP,1057207,3578
ICOR.,ICORIA INC,1057217,8731
IPLY,INTERPLAY ENTERTAINMENT CORP,1057232,7372
UCO.1,UNIVERSAL COMPRESSION HLDGS,1057234,7359
DIGF,DIGITAL FUSION INC,1057257,7370
TCLIF,TTC TECHNOLOGY CORP,1057293,3823
CCLG,CYCLELOGIC INC,1057334,7370
CSGP,COSTAR GROUP INC,1057352,7370
SPHC,SAMARITAN PHARMACEUTICALS,1057377,2836
HCKT,HACKETT GROUP INC,1057379,8742
JWG,JWGENESIS FINANCIAL CP,1057412,6211
BEE,STRATEGIC HOTELS & RESORTS,1057436,6798
FVNB,FVNB CORP,1057437,6020
ECCOQ,EARTHCARE CO,1057489,4953
RZT,RESORTQUEST INTL INC,1057507,6531
LIBB,LIBERTY BANCORP INC/NJ,1057570,6035
CMGT,CHAPMAN CAP MGMT HLDGS INC,1057637,6282
PBOC.1,PBOC HOLDINGS INC,1057672,6035
LSE.1,CAPLEASE INC,1057689,6798
NTG.1,NATCO GROUP INC,1057693,3533
NDZ,NORDION INC,1057698,3842
FBP,FIRST BANCORP P R,1057706,6020
GAI,GLOBAL-TECH ADV INNOVATIONS,1057708,3674
CANI,CARREKER CORP,1057709,7372
ELBO,ELECTRONICS BOUTIQUE HLDG CP,1057746,5945
TWTC,TW TELECOM INC,1057758,4813
BNAUF,BATTLE NORTH GOLD CORP,1057791,1040
DHF,BNY MELLON HIGH YILD STRA FD,1057861,6726
FRACF.1,FRACMASTER LTD,1057876,1311
IDA,IDACORP INC,1057877,4911
ARMH.1,SVF HOLDCO UK LIMITED,1057997,6794
SCLD,STEELCLOUD INC,1058027,3571
NWA,NORTHWEST AIRLINES CORP,1058033,4512
CMG,CHIPOTLE MEXICAN GRILL INC,1058090,5812
LCOR,LANDACORP INC,1058177,7372
MUS,BLACKROCK MUNIHLDGS QLTY FD,1058234,6726
HIX,WESTERN ASST HIGH INCM FD II,1058239,6726
PDR,PENDARIES PETROLEUM LTD,1058254,1311
TNT.2,TATNEFT PJSC,1058255,2911
PFA.1,ALLIANCE FOREST PRODS INC,1058258,2621
GTTLQ,GT GROUP TELECOM INC,1058283,4813
LEXR,LEXAR MEDIA INC,1058289,3861
CTSH,COGNIZANT TECH SOLUTIONS,1058290,7370
LIOX,LIONBRIDGE TECHNOLOGIES INC,1058299,7372
NXPL,NEXTPLAT CORP,1058307,5961
SGNT.1,SAGENT TECHNOLOGY INC,1058425,7372
BGST,BIGSTAR ENTERTAINMENT INC,1058430,5961
CITZ.1,CFS BANCORP INC,1058438,6035
RBOW.2,RAINBOW RENTALS INC,1058441,7359
SVVS,SAVVIS INC,1058444,7370
THTL,THISTLE GROUP HOLDINGS CO,1058539,6035
CTZ.3,CHICAGO TITLE CORP,1058575,6361
BBAR.1,BALANCE BAR CO,1058590,2060
GRSO.1,GRASSO CORP,1058608,1311
CMLS,CUMULUS MEDIA INC,1058623,4832
WBCO,WASHINGTON BANKING CO,1058690,6020
3ALGXQ,ALLEGIANCE TELECOM INC,1058703,4813
IMMR,IMMERSION CORP,1058811,7372
HDII,HYPERTENSION DIAGNOSTICS INC,1058828,5093
GNTY,GUARANTY BANCSHARES INC,1058867,6020
SMDK,SMARTDISK CORP,1058959,3577
3BIGTQ,PINNACLE HOLDINGS INC,1058986,6798
CLEV.,CLEVELAND INDIANS BASEBALL,1059019,7900
MAGI,MOTORCARS AUTO GROUP INC,1059024,5500
HSTD,HOMESTEAD BANCORP INC,1059078,6035
3FCOMQ,FOCAL COMMUNICATIONS CORP,1059130,4813
NASB,NASB FINANCIAL INC,1059131,6035
GHI,GREYSTONE HSG IMPT INVTS LP,1059142,6799
GRIC,GOREMOTE INTERNET COMM INC,1059155,7372
CNRD,CONRAD INDUSTRIES INC,1059167,3730
BXSY,BEXIL INVESTMENT TRUST,1059213,6726
SP,SP PLUS CORP,1059262,7500
BDST,BEBE STORES INC,1059272,2330
TPZG,TOPAZ GROUP INC,1059280,3911
BHP1,PETROHAWK ENERGY CORP,1059324,1311
IHR,INTERSTATE HOTELS & RESORTS,1059341,7011
3MAGRQ,MASTER GRAPHICS INC,1059363,2750
VVR,INVESCO SENIOR INCOME TRUST,1059386,6726
PNOT,PATH 1 NETWORK TECHNOLOGIES,1059404,3669
IISX,INTEGRATED INFORMATION SYS,1059421,7373
MCO,MOODY'S CORP,1059556,7323
LMIA,LMI AEROSPACE INC,1059562,3728
CSON,COHESION TECHNOLOGIES INC,1059574,2836
VINT,GOLDEN STATE VINTNERS INC,1059581,2084
IBCL,INTL BIOCHEMICAL IND INC,1059623,2840
TUIC,TRANSPORTATION COMPONENT INC,1059706,5010
BH.1,BRISTOL HOTEL & RESORT INC,1059760,7011
ADGF,ADAMS GOLF INC,1059763,3949
GNBTQ,GENEREX BIOTECHNOLOGY CORP,1059784,2836
MIPS,MIPS TECHNOLOGIES INC,1059786,6794
HYNLZ,HENLEY  -LP,1059969,7900
NGTHQ,NEXT GENERATION TECH HLDGS,1059976,7372
KND,KINDRED HEALTHCARE INC,1060009,8051
3AURFQ,AURORA FOODS INC,1060024,2000
SAL,SALISBURY BANCORP INC,1060219,6020
PSS,COLLECTIVE BRANDS INC,1060232,5661
ICUB,INTL INTEGRATION INC,1060233,7370
SHWC,SHOWCASE CORP,1060311,7372
ITWR,INTERWORLD CORP,1060326,7372
CLTX.1,COLLATERAL THERAPEUTICS INC,1060329,2836
GAMI,GAMCO INVESTORS INC,1060349,6282
AFREZ,AMERICA FIRST REIT PRTNER LP,1060383,6513
THEGQ,TWEETER HOME ENTMT GROUP INC,1060390,9995
RSG,REPUBLIC SERVICES INC,1060391,4953
HYF,MANAGED HIGH YIELD PLUS FUND,1060392,6726
AOXG,AOXING PHARMACEUTICAL CO INC,1060426,2834
OVER,OVERTURE SERVICES INC,1060439,7370
GLE.3,GLOBAL ELECTION SYSTEMS INC,1060444,3579
BWNG,BROADWING CORP,1060490,4899
CFNL,CARDINAL FINANCIAL CORP,1060523,6020
BYNDQ,BEYOND.COM CORP,1060531,5961
MBNK,MAIN STREET BANCORP,1060558,6020
TROZ,TROY GROUP INC,1060595,7373
SGEN,SEAGEN INC,1060736,2836
HGPI,HORIZON GROUP PROPERTIES INC,1060744,6798
KCG.1,KNIGHT CAPITAL GROUP INC,1060749,6211
JPSP,JPS PACKAGING CO,1060753,2650
SUFI,SUPERIOR FINANCIAL CORP DE,1060770,6035
3CPTH,CRITICAL PATH INC,1060801,7370
CRI,CARTER'S INC,1060822,2300
COSN,COSINE COMMUNICATIONS INC,1060824,2800
ICLR,ICON PUBLIC LIMITED COMPANY,1060955,8731
TIMHY,TIM HELLAS TELECOMM SA,1060964,4812
KWKAQ,QUICKSILVER RESOURCES INC,1060990,1311
VIRX,VIRACTA THERAPEUTICS INC,1061027,2836
GBTB,G B & T BANCSHARES INC,1061068,6020
AWX,AVALON HOLDINGS CORP,1061069,4955
3HCAR,HOMETOWN AUTO RETAILERS,1061117,5500
CLV.4,CLASSIC VACATION GROUP INC,1061202,4700
EPD,ENTERPRISE PRODCT PARTNRS LP,1061219,1311
BCST.,BROADCAST.COM INC,1061236,7370
GLBC,GLOBAL CROSSING LTD,1061322,4813
DHY,CREDIT SUISSE HIGH Y CR FUND,1061353,6726
CHG.2,CH ENERGY GROUP INC,1061393,4931
FTRLQ,FUTURELINK CORP,1061399,7373
CNHC,MAX INTERNET COMM INC,1061554,3577
ELNK.,EARTHLINK NETWORK INC,1061566,7370
OMM.1,OMI CORP,1061571,4412
GIB,CGI INC,1061574,7373
UCBHQ,UCBH HOLDINGS INC,1061580,6020
VRDOQ,VERADO HOLDINGS INC,1061583,4813
BXMT,BLACKSTONE MORTGAGE TR INC,1061630,6798
BVEW,BINDVIEW DEVELOPMENT CORP,1061646,7372
SCFS,SEACOAST FINANCIAL SERVICES,1061692,6036
TWNE.,TOWNE SERVICES INC,1061762,7373
HMIN.1,HUNGRY MINDS INC,1061763,2731
MDRA,DCH TECHNOLOGY INC,1061786,3669
RWKSQ,RAILWORKS CORP,1061857,1600
OVNT,OVERNITE CORP,1061859,4213
GIL,GILDAN ACTIVEWEAR INC,1061894,2300
ITXC,ITXC CORP,1061895,4813
IENT,IENTERTAINMENT NETWORK INC,1061915,7370
CYTK,CYTOKINETICS INC,1061983,2834
WGRD,WATCHGUARD TECHNOLOGIES INC,1062019,7372
CVG,CONVERGYS CORP,1062047,7389
ALSMY,ALSTOM SA,1062066,3743
MKSP,MARKETING SPECIALISTS CORP,1062184,5141
TFSM,24/7 REAL MEDIA INC,1062195,7370
MEMY,MEMORY PHARMA CORP,1062216,2834
AXL,AMERICAN AXLE & MFG HOLDINGS,1062231,3714
XOXO,XO GROUP INC,1062292,7370
KSE,KEYSPAN CORP,1062379,4931
PULB,PULASKI FINANCIAL CORP,1062438,6035
3PTON,PENTON MEDIA INC,1062441,2721
MXBTF,MARNETICS BROADBAND TECH LTD,1062447,7372
BWLD,BUFFALO WILD WINGS INC,1062449,5812
BIRT,ACTUATE CORP,1062478,7372
DBU.1,DEBT STRATEGIES FD III INC,1062502,6726
3NRNTQ,NATIONSRENT INC,1062515,7350
DRIV.1,DIGITAL RIVER INC,1062530,5045
DOX,AMDOCS,1062579,7370
3KNVS,KNOVA SOFTWARE INC,1062606,7372
FRP,FAIRPOINT COMMUNICATIONS INC,1062613,4813
SWRX,SOFTWORKS INC,1062621,7372
9901B,LPA HOLDING CORP,1062774,8351
GCTY.1,GEOCITIES INC,1062777,7370
CBZ.2,COBALT CORP,1062780,6324
ULTRF,ULTRAPETROL BAHAMAS LTD,1062781,9995
RHAYY,RHODIA,1062814,2800
LXRX,LEXICON PHARMACEUTICALS INC,1062822,2835
HHY,BROOKFIELD HIGH INCOME FUND,1062978,6726
CATT,CATAPULT COMMUNICATIONS CORP,1063085,3829
3INMG.,INSURANCE MGMT SOLUTIONS GRP,1063167,6411
FLAS,FLASHNET COMMUNICATIONS INC,1063193,7370
VVVIQ,V3 SEMICONDUCTOR INC,1063199,3674
CURT10,CURTIS INTERNATIONAL LTD,1063251,3663
SONE,S1 CORP,1063254,7373
ISFC,INNES STREET FINANCIAL CORP,1063257,6035
DNN,DENISON MINES CORP,1063259,1090
HT,HERSHA HOSPITALITY TRUST,1063344,6798
GL.4,GREAT LAKES REIT INC,1063393,6798
WEBK.1,WEST ESSEX BANCORP,1063438,6035
KBW,KBW INC,1063494,6211
AUGT.1,AUGUST TECHNOLOGY CORP,1063527,3825
MNU,MUNIHOLDINGS NY INSD FD II,1063531,6726
RIBT,RICEBRAN TECHNOLOGIES,1063537,2040
PZZ,PROSPECT MEDICAL HLDGS INC,1063561,8011
PRZ.1,PRIZE ENERGY CORP,1063564,1311
SAGI,SAGE INC,1063662,3674
AVGE.1,AVIATION GENERAL INC,1063703,3721
IHI.1,INFORMATION HOLDINGS INC,1063744,7370
SPG,SIMON PROPERTY GROUP INC,1063761,6798
CPRK.1,CAPROCK COMMUNICATIONS CORP,1063880,4813
CNYF,CNY FINANCIAL CORP,1063918,6036
PILTQ,PILOT NETWORK SERVICES INC,1063921,7370
CLK.2,CLARK INC,1063980,6411
HWFGQ,HARRINGTON WEST FINL GROUP,1063997,6035
AMTCQ,AMERITRANS CAPITAL CORP,1064015,6159
RTLX,RETALIX LTD,1064060,7372
MIIX,MIIX GROUP INC,1064063,6351
SKRRF,SCOTTISH RE GROUP LTD,1064122,6311
ICOG10,ICO GLOBAL COMM HOLDINGS,1064123,4812
SFFS,SOUND FEDERAL BANCORP,1064236,6035
EVTNF,EVIATION AIRCRAFT LTD,1064411,3721
ENT.4,EQUANT NV,1064531,7370
TMBLQ,TUMBLEWEED INC,1064535,5812
LOUD,LOUDEYE CORP,1064648,7370
UBID.1,UBID INC,1064710,5990
BTU,PEABODY ENERGY CORP,1064728,1220
AGP,AMERIGROUP CORP,1064863,6324
RBKV,RESOURCE BANKSHARES CORP,1065002,6020
EMUS,EMUSIC.COM INC,1065013,5735
LAVA,MAGMA DESIGN AUTOMATION INC,1065034,7372
LEAP.5,LEAP WIRELESS INTL INC,1065049,4812
LEU,CENTRUS ENERGY CORP,1065059,2810
NTIP,NETWORK-1 TECHNOLOGIES INC,1065078,6794
AMRI,ALBANY MOLECULAR RESH INC,1065087,2833
EBAY,EBAY INC,1065088,5961
ASYC,ARCHITEL SYSTEMS CORP,1065120,7372
AREM.,AREMISSOFT CORP/DE,1065152,7372
HIFN,HI/FN INC,1065246,3674
EYRD,EASYRIDERS INC,1065253,2721
NFLX,NETFLIX INC,1065280,7841
SUPR,SUPERIOR BANCORP,1065298,6020
HBVA,HERITAGE BANCORP INC/VA,1065304,6020
ATYT,ATI TECHNOLOGIES INC,1065331,3674
EGOV,NIC INC,1065332,7370
INET.1,INET TECHNOLOGIES INC,1065351,7372
TKVR,ZHEJIANG DASHANG MDIA CO LTD,1065591,7370
NPLS.,NETWORK PLUS CORP,1065633,4813
APO.2,AMERICAN COMMUNITY PPTYS TR,1065645,6798
LKQ,LKQ CORP,1065696,5010
ABLE,ABLE ENERGY INC,1065728,5500
WSII,WASTE SERVICES INC,1065736,4953
CBDR,CAREERBUILDER INC,1065748,7370
FNFI,FIRST NILES FINANCIAL INC,1065823,6035
SKX,SKECHERS U S A INC,1065837,3140
3EXAP,EXCHANGE APPLICATIONS INC,1065857,7372
LIME,LIME ENERGY CO,1065860,8711
RTHMQ,RHYTHMS NETCONNECTIONS INC,1065869,7370
ILNTQ,INTERLIANT INC,1065910,7372
LAND.2,LANDAIR CORP,1065932,4210
HHNT,HEADHUNTER.NET INC,1065984,7370
FATB,FATBRAIN.COM INC,1066010,5961
CNQR,CONCUR TECHNOLOGIES INC,1066026,7372
DECTF,DECTRON INTERNATIONALE INC,1066042,3585
CEB,CEB INC,1066104,8742
EP.1,EL PASO CORP,1066107,4922
VIV,TELEFONICA BRASIL SA,1066119,4813
COCOQ,CORINTHIAN COLLEGES INC,1066134,9995
LGN.2,LODGIAN INC,1066138,7011
EGAN,EGAIN CORP,1066194,7372
APNT.1,APPNET INC,1066197,7371
ECBE,ECB BANCORP INC -OLD,1066254,6020
CLPA,CELL PATHWAYS INC,1066284,2834
NRW,NCL HOLDING ASA,1066287,4400
HSII,HEIDRICK & STRUGGLES INTL,1066605,7361
TGLO,THEGLOBE.COM INC,1066684,9995
COC1,CONOCO INC,1066806,2911
AAAB.,ADMIRALTY BANCORP INC,1066808,6020
DOVP,DOV PHARMACEUTICAL INC,1066833,2834
FTFT,FUTURE FINTECH GROUP INC,1066923,6159
VRSAY,TELE2 NETHERLANDS HOLDING NV,1066930,4813
3DICEQ,DICE INC,1067056,7370
FBMT,FIRST NATIONAL BANCSHARES,1067077,6020
ONE.1,BANK ONE CORP,1067092,6020
UFHI,UNITED FINANCIAL HOLDINGS,1067206,6020
CBRL,CRACKER BARREL OLD CTRY STOR,1067294,5812
MBGYY,MERCEDES BENZ GROUP AG,1067318,3711
CATGY,CAMBRIDGE ANTIBODY TECH GRP,1067386,2836
MSWP,MISSION WEST PROPERTIES INC,1067419,6798
IFS.3,INSIGNIA FINANCIAL GROUP INC,1067462,6531
LCCO,LAMAR CAPITAL CORP,1067489,6020
INFY,INFOSYS LTD,1067491,7371
ACLA,ACLARA BIOSCIENCES INC,1067588,3829
SWIM.,ANTHONY & SYLVAN POOLS CORP,1067606,1700
URI,UNITED RENTALS INC,1067701,7350
PKSI,PRIMUS KNOWLEDGE SOLUTIONS,1067797,7372
SPLT.1,SPLITROCK SERVICES INC,1067822,4813
AUDAQ,AUDACY INC,1067837,4832
BRK.B,BERKSHIRE HATHAWAY,1067983,9997
FOX.3,FOX ENTERTAINMENT GROUP INC,1068002,4833
PZL,PENNZOIL-QUAKER STATE CO,1068044,2911
INSLQ,INSILCO HOLDING CO,1068049,3678
PRVT.1,PRIVATE MEDIA GROUP INC,1068084,2721
VSTN.1,VESTIN GROUP INC,1068132,6162
NEU.,NEUBERGER BERMAN INC,1068144,6282
DLVAZ,DIGITAL LAVA INC,1068169,7372
BHY,BLACKROCK HIGH YIELD TRUST,1068234,6726
MWJ.,MUNIHOLDINGS NJ INSD FD II,1068279,6726
CLRN,CLARENT CORP,1068292,7373
MCBI.1,METROCORP BANCSHARES INC,1068300,6020
MCF.2,MUNIHOLDINGS CAL INSD FD III,1068609,6726
6717A,LONDON FOG INDUSTRIES,1068676,2300
RTI,RTI INTL METALS INC,1068717,3490
PCOR.3,PCORDER.COM INC,1068726,7370
MAXY,MAXYGEN INC,1068796,2836
ANFI.1,ANFI INC,1068843,6361
PTZ,PULITZER INC,1068848,2711
PB,PROSPERITY BANCSHARES INC,1068851,6020
AVTA,AVANTAX INC,1068875,6211
NSIL,NETSILICON INC,1068885,3674
ACDO,ACCREDO HEALTH INC,1068887,7389
USLB.1,U S LABORATORIES INC,1068891,8734
FXBY,FOXBY CORP,1068897,6726
FPFCQ,FIRST PLACE FINANCIAL CP/DE,1068912,6035
TLI,WESTERN ASSET CORP LOAN FD,1068963,6726
EWBC,EAST WEST BANCORP INC,1069157,6020
AXON,AXON ENTERPRISE INC,1069183,3480
CMKC,CROSS MEDIA MARKETING CORP,1069201,7389
LII,LENNOX INTERNATIONAL INC,1069202,3585
HOTJ,HOUSE OF TAYLOR JEWELRY INC,1069249,3910
KTOS,KRATOS DEFENSE & SECURITY,1069258,7370
ACER,ACER THERAPEUTICS INC,1069308,2834
SCMWY,SWISSCOM AG,1069336,4813
CNXT.1,CONEXANT SYSTEMS INC,1069353,3674
FSI,FLEXIBLE SOLUTIONS INTL INC,1069394,2810
GFSI,GOLDLEAF FINANCIAL SOLUTIONS,1069469,7372
VSTY,VARSITY GROUP INC,1069502,5961
SAVA,CASSAVA SCIENCES INC,1069530,2834
RGCO,RGC RESOURCES INC,1069533,4924
MRYP,MERRY LAND PROPERTIES INC,1069546,6513
3CLSCQ,CLASSIC COMMUNICATIONS INC,1069602,4841
BNBN,BARNESANDNOBLE.COM INC,1069665,5940
VCAP,VIRGINIA CAP BANCSHARES INC,1069669,6035
MNY.4,MONY GROUP INC,1069822,6311
PN.1,PENNACO ENERGY INC,1069845,1311
TREX,TREX CO INC,1069878,2400
PAHC,PHIBRO ANIMAL HEALTH CORP,1069899,2833
FNHCQ,FEDNAT HOLDING COMPANY,1069996,6331
ARGY.1,ARGOSY ED GROUP INC,1070042,8200
CBEH,CHINA INTEGRATED ENERGY INC,1070045,5172
APCX,APPTECH PAYMENTS CORP,1070050,7389
PXCM,PROXICOM INC,1070052,7370
PTCT,PTC THERAPEUTICS INC,1070081,2836
STL,STERLING BANCORP,1070154,6020
BB,BLACKBERRY LTD,1070235,7372
LNCB,LINCOLN BANCORP/IN,1070259,6035
FCAP,FIRST CAPITAL INC,1070296,6020
IX,ORIX CORP,1070304,6172
COHB,COHOES BANCORP INC,1070321,6036
ACHN.1,ACHILLION PHARMACEUTICALS,1070336,2836
ALIF,ARTIFICIAL LIFE INC,1070361,7372
SABA.1,SABA SOFTWARE INC,1070380,7370
XOSYY,IXOS SOFTWARE AG,1070394,7372
CNX,CNX RESOURCES CORP,1070412,1311
PAA,PLAINS ALL AMER PIPELNE  -LP,1070423,5171
ACAD,ACADIA PHARMACEUTICALS INC,1070494,2836
LICB,LONG ISLAND FINANCIAL CORP,1070517,6020
INF.3,INFINITY BROADCASTING CORP,1070518,4832
CSHB,COMMUNITY SHORES BANK CORP,1070523,6020
GCBC,GREENE COUNTY BANCORP INC,1070524,6035
NXRA,NEXTERA ENTERPRISES INC,1070534,2834
CASI.,CARESIDE INC,1070602,3821
THPHF,THINKPATH INC,1070630,8711
CFBK,CF BANKSHARES INC,1070680,6020
RPTP,RAPTOR PHARMACEUTICAL CORP,1070698,2834
5069B,UAGH INC,1070699,9995
EVF,EATON VANCE SR INCOME TR,1070732,6726
HST,HOST HOTELS & RESORTS INC,1070750,6798
LGSA,LGS GROUP INC,1070763,7370
UGCE.1,UNITED PAN-EUROPE COMMNS NV,1070778,4841
CZR.2,CAESARS ENTERTAINMENT -OLD,1070794,7990
CXW,CORECIVIC INC,1070985,6512
ABST,ABSOLUTE SOFTWARE CORP,1071058,7372
EVRC,EVERCEL INC,1071119,3555
RRBI,RED RIVER BANCSHARES INC,1071236,6020
GDEN,GOLDEN ENTERTAINMENT INC,1071255,7990
JAXB,JACKSONVILLE BANCORP INC/FL,1071264,6020
TKC,TURKCELL ILETISIM HIZMET,1071321,4812
EF,EDELMAN FINANCIAL GROUP INC,1071341,6282
NTSL,NETSOLVE INC,1071342,7370
SJFC,SOUTH JERSEY FINL CORP INC,1071346,6036
BROAQ,BROKAT TECHNOLOGIES AG,1071486,7370
GENI.1,GENESISINTERMEDIA INC,1071522,7310
PACW.1,PAC-WEST TELECOMM INC,1071598,4813
SNDV,SOUNDVIEW TECHNOLOGY GRP INC,1071620,6211
DOVR,DOVER SADDLERY INC,1071625,5961
WAXS,WORLD ACCESS INC,1071645,4813
HLTOY,OTE - HELLENIC TELECOM ORG,1071672,4813
CNC,CENTENE CORP,1071739,6324
PACC,PACIFIC CMA INC,1071775,4731
AQNT,AQUANTIVE INC,1071806,7310
3TGCM,TERAGLOBAL COMMUNICATIONS CO,1071876,7372
MUE,BLACKROCK MUNIHLDGS QLTY II,1071899,6726
SEEK.,INFOSEEK CORP,1071923,7370
KADR,ARCADIA RESOURCES INC,1071941,8082
CBKN,CAPITAL BANK CORP/NC,1071992,6020
MCF,CONTANGO OIL & GAS CO,1071993,1311
INAGY,INCAM AG  -ADR,1072034,6211
SSI.2,SPECTRASITE INC,1072048,4899
VDMHY,VAN DER MOOLEN NV,1072245,6211
MLNK.1,MULTI LINK TELECOM,1072313,4822
ARJ,ARCH CHEMICALS INC,1072343,2800
IMGX.,IMAGEX INC,1072369,2750
NWBO,NORTHWEST BIOTHERAPEUTICS,1072379,2836
BZLFY,BUNZL PLC,1072397,5110
PHS.1,PROVANTAGE HEALTH SVCS INC,1072471,5912
SPPJY,SAPPI LTD,1072483,2670
PHAR.,PHARMANETICS INC,1072546,3841
KFS,KINGSWAY FINANCIAL SVCS INC,1072627,6331
IMBBY,IMPERIAL BRANDS PLC,1072670,2111
SKBO,SKIBO FINANCIAL CORP,1072685,6035
WSBA,WESTERN SIERRA BANCORP,1072688,6020
GDRZF,GOLD RESERVE LTD,1072725,1040
3DENTQ,INTERDENT INC,1072765,8000
MEMH,MEEMIC HOLDINGS INC,1072815,6331
TOFC,TOWER FINANCIAL CORP,1072847,6020
3DAVLE,DAVEL COMMUNICATIONS INC,1072881,4899
WRO,WORONOCO BANCORP INC,1072886,6036
LEFX,LIFEF/X INC,1072914,7372
NEON.1,NEON SYSTEMS INC,1072978,7372
PGP.1,PACIFIC GATEWAY PPTYS INC/MD,1073085,6512
AMIN,AMERICAN INTERNATIONAL INDS,1073146,1311
FB.1,FBR ASSET INVT CORP,1073208,6798
MMTM.1,MOMENTUM BUSINESS APPS INC,1073292,7372
EPAY,BOTTOMLINE TECHNOLOGIES INC,1073349,7370
USCR,U S CONCRETE INC,1073429,3270
LIFE.3,LIFE TECHNOLOGIES CORP,1073431,2836
CZFC,CITIZENS FIRST CORP,1073475,6020
3STUA,STUDENT ADVANTAGE INC,1073508,8600
THER.1,THERASENSE INC,1073695,3841
KOOP,DRKOOP.COM INC,1073794,7370
CIL.1,MUNIHOLDINGS CAL INSD FD IV,1073912,6726
MFR.1,MUNIHOLDINGS FLA INSD FD IV,1073913,6726
MCG.2,MUNIHOLDINGS MICH INSD FUND,1073915,6726
ACAMY,ACAMBIS PLC,1073965,2836
SRNA.1,SERENA SOFTWARE INC,1073967,7372
PCT910,PROPERTY CAPITAL TRUST INC,1073973,6798
VNCP,VALLEY NATIONAL CORP ARIZONA,1074011,6020
FSBC.1,1ST STATE BANCORP INC,1074078,6020
PCNTF,PACIFIC INTERNET LTD,1074245,7370
ALBY,COMMUNITY CAPITAL BANCSHARES,1074369,6020
BYDC,BOYDS COLLECTION LTD,1074530,3942
MNJ,MUNIHOLDINGS N J INSD FD III,1074536,6726
MPI.3,MUNIHOLDINGS PENN INS FD,1074537,6726
EVN,EATON VANCE MUNI INCOME TR,1074540,6726
FBPI,FIRST BANCORP INDIANA INC,1074543,6020
ROWE,ROWECOM INC,1074676,5961
RAC.2,RAMPART CAPITAL CORP,1074681,6159
FEV,EATON VANCE NATL MUNI INC,1074684,6726
EVY,EATON VANCE NY MUNI INC TR,1074685,6726
EVO.1,EATON VANCE OH MUNI INC TR,1074686,6726
EVP,EATON VANCE PA MUNI INC TR,1074687,6726
EMI.3,EATON VANCE MI MUNI INC TR,1074688,6726
MMV.1,EATON VANCE MA MUNI INC TR,1074690,6726
EVJ,EATON VANCE NJ MUNI INC TR,1074691,6726
CEV,EATON VANCE CA MUNI INC TR,1074692,6726
IVIL,IVILLAGE INC,1074767,7370
NAN,NUVEEN NY QUAL MUN INCM FD,1074769,6726
TRI.Z,TRIAD HOSPITALS INC,1074771,8062
USBC,USBC INC,1074828,3845
MODD,MODULAR MEDICAL INC,1074871,3841
DIOMQ,DIOMED HOLDINGS INC,1074874,3842
LCNB,LCNB CORP,1074902,6020
3VMIQE,VALLEY MEDIA INC,1074908,5099
FABU,FAB UNIVERSAL CORP,1074909,5099
LOAX,LOG ON AMERICA INC,1074927,7370
NAC,NUVEEN CA QLTY MU INCM FD,1074952,6726
CCBT,CCBT FINANCIAL COMPANIES INC,1074972,6020
TRYF.,TROY FINANCIAL CORP,1075046,6035
VAST,VASTERA INC,1075056,7372
MODTQ,MODTECH HOLDINGS INC,1075066,2452
RAZF,RAZORFISH INC,1075088,7370
TRI,THOMSON-REUTERS CORP,1075124,7370
3HSAC,HIGH SPEED ACCESS CORP,1075244,7370
BOUT.,ABOUT.COM INC,1075314,7370
WEBT.,WEBTRENDS CORP,1075316,7372
NCRI,NCRIC GROUP INC,1075343,6351
FFSX,FIRST FED BANKSHARES INC,1075348,6035
DHC,DIVERSIFIED HEALTHCARE TRUST,1075415,6798
ONEM.1,ONEMAIN.COM INC,1075530,7370
BKNG,BOOKING HOLDINGS INC,1075531,4700
TCP,TC PIPELINES LP,1075607,6799
IGOI,IGO INC,1075656,3577
3STOR,STORAGENETWORKS INC,1075658,7389
CIZN,CITIZENS HOLDING CO,1075706,6020
CERT.1,CERTICOM CORP,1075710,7373
CXDO,CREXENDO INC,1075736,7370
KZIA,KAZIA THERAPEUTICS LIMITED,1075880,2834
BBSW,BROADBASE SOFTWARE,1076016,7372
MTHRZ,MOTHERNATURE.COM INC,1076055,5961
ADLR,ADOLOR CORP,1076167,2834
LTM.2,LIFE TIME FITNESS INC,1076195,7997
CX,CEMEX S A B DE C V,1076378,3241
CEBK,CENTRAL BANCORP INC/MA,1076394,6020
PBG,PEPSI BOTTLING GROUP INC,1076405,2086
CTIX.,CHEAP TICKETS INC,1076411,4700
SQNM,SEQUENOM INC,1076481,8071
LAUN,LAUNCH MEDIA INC,1076582,7370
NIKU,NIKU CORP,1076641,7372
BWAY.2,BREAKAWAY SOLUTIONS INC,1076643,7373
RGTPQ,REGENETP INC,1076682,2836
USIXQ,USINTERNETWORKING INC,1076732,7372
CDCAQ,CDC CORP,1076770,7372
NOVT,NOVANTA INC,1076930,3679
SKBI,SKYSTAR BIO-PHARMACEUTICAL,1076939,2834
AWEB.,AUTOWEB.COM INC,1077009,7370
NEO,NEOGENOMICS INC,1077183,8071
3NTWO,N2H2 INC,1077301,7370
PRZM,PRISM TECHNOLOGIES GROUP INC,1077370,7370
TCBI,TEXAS CAPITAL BANCSHARES INC,1077428,6020
TVF,TEMPLETON VIETNAM SE ASIA FD,1077522,6726
GETI,GENTEK INC,1077552,2810
OBAS,OPTIBASE LTD,1077618,6512
LABK,LAFAYETTE AMERN BANK & TRUST,1077630,6020
IAGI,IA GLOBAL INC,1077634,7389
SNSGF,SENSE TECHNOLOGIES INC,1077638,3812
HOFT,HOOKER FURNISHINGS CORP,1077688,2510
BLUE.2,BLUE MARTINI SOFTWARE INC,1077814,7372
ADBL,AUDIBLE INC,1077926,7389
PCAGY,PRIMACOM AG,1077945,4841
ALFO,ALFORD REFRIGERATED WHSES,1078006,4220
MPPP,MP3.COM INC,1078073,7370
NTCT,NETSCOUT SYSTEMS INC,1078075,7373
MEET,MEET GROUP INC (THE),1078099,7370
SIDGQ,STAMFORD INDUSTRIAL GROUP,1078203,3490
BFXXQ,BOWFLEX INC,1078207,3949
SMNS,SEMINIS INC,1078259,100
EXTR,EXTREME NETWORKS INC,1078271,3576
MIHL.,MIH LTD,1078276,4841
MQST,MAPQUEST.COM INC,1078284,7370
MRBA,MARIMBA INC,1078295,7372
IPT,IPARTY CORP,1078383,5990
ARDTQ,ARDENT COMMUNICATIONS INC,1078404,4899
LATD,LATITUDE COMMUNICATIONS INC,1078425,7373
ATHYQ,APPLIEDTHEORY CORP,1078577,7370
HEARZ,HEARME,1078693,7370
SSPX.1,SSP SOLUTIONS INC,1078717,7373
TPNHY,TPN HOLDINGS PLC  -ADR,1078749,7370
IIAA,INFOINTERACTIVE INC,1078982,4813
VSEA,VARIAN SEMICONDUCTOR EQUIPMT,1079023,3559
VARI,VARIAN INC,1079028,3826
NTLNF,NORTHCORE TECHNOLOGIES INC,1079171,7372
NMK,NIAGARA MOHAWK HOLDINGS INC,1079182,4931
LFMN,LIFEMINDERS INC,1079270,7331
SNRAY,SONERA OYJ,1079286,4812
CBN.1,CORNERSTONE BANCORP INC -OLD,1079385,6020
BIZZ.,BIZNESSONLINE.COM INC,1079406,7370
SILK.1,SILKNET SOFTWARE INC,1079451,7372
SFG,STANCORP FINANCIAL GROUP INC,1079577,6321
GFME,GEORGE FOREMAN ENTERPRISES,1079786,5047
ONES,ONESOURCE INFORMATION SVCS,1079880,7370
QUOT.2,LIFE QUOTES INC,1079996,6411
INVA,INNOVIVA INC,1080014,2836
MYDP,DOUGHERTYS PHARMACY INC,1080029,5912
CNVR,CONVERSANT INC,1080034,7370
TST,THESTREET INC,1080056,7370
DMHYY,DUCATI MOTOR HOLDING SPA,1080063,3751
LVWD,LIVEWORLD INC,1080088,7370
INFA.1,INFORMATICA CORP,1080099,7372
INET,INTERNET BRANDS INC,1080131,7370
DABR,DAVIDS BRIDAL INC,1080187,5621
AZX,AZURIX CORP,1080205,4941
EDGR,EDGAR ONLINE INC,1080224,7370
TCLRY,VANTIVA SA,1080259,3663
SJKI,ST JOHN KNITS INTL INC,1080280,2253
CDDDQ,CONSTELLATION 3D INC,1080290,3577
PRSF.,PORTAL SOFTWARE INC,1080306,7372
LOAN,MANHATTAN BRIDGE CAPITAL INC,1080340,6798
SFN910,GRUPO FINANCIERO SERFIN SA,1080343,6020
ALOY,ALLOY INC,1080359,7310
CVVT,CHINA VALVES TECHNOLOGY INC,1080360,3490
NPNTQ,NORTHPOINT COMMUNICATIONS GP,1080558,4899
SQFT,PRESIDIO PROPERTY TRUST INC,1080657,6798
DITC,DITECH NETWORKS INC,1080667,3663
ARNA,ARENA PHARMACEUTICALS INC,1080709,2836
GUT,GABELLI UTILITY TRUST,1080720,6726
GWAY,GREENWAY MEDICAL TECH INC,1080747,7373
AIMG,AIMGLOBAL TECHNOLOGIES INC,1080784,8711
TKCI.,KEITH COMPANIES INC,1080922,8711
3TKZA,TIKAL RESOURCES CORP,1080926,1311
WFHCQ,WOMEN FIRST HEALTHCARE,1081004,5122
NXCDQ,NEXTCARD INC,1081015,6141
DELTF,DELTA GALIL INDUSTRIES LTD,1081022,2340
ATNY,API TECHNOLOGIES CORP,1081078,3674
CLIC,CALICO COMMERCE INC,1081154,7372
MDCM,MORTGAGE.COM INC,1081182,6162
GSPN.,GLOBESPANVIRATA INC,1081197,3674
FASH,FASHIONMALL.COM,1081202,5961
CTFO,CHINA TRANSINFO TECHNOLOGY,1081206,7373
JOREQ,JORE CORP,1081207,3540
RBAK,REDBACK NETWORKS INC,1081290,7373
BRK1,BERKSHIRE HATHAWAY ENERGY CO,1081316,4991
PRFN.1,PRISM FINANCIAL CORP,1081389,6162
ZIPL,ZIPLINK INC,1081393,7370
SCNT.,SCIENT CORP,1081394,7370
NCNTQ,NETCENTIVES INC,1081404,7389
APLN.,ATPLAN INC,1081614,7370
HGAT,HEALTHGATE DATA CORP,1081630,7370
EASY.1,EASYLINK SERVICES CP  -CL A,1081661,7370
NASC.1,NETWORK ACCESS SOLUTIONS CP,1081665,4899
INLX,INTELLINETICS INC,1081745,7372
CONEQ,CARRIER1 INTERNATIONAL SA,1081824,4813
THDS,3DSHOPPING .COM,1081920,7330
CARI.1,CAREINSITE INC,1082000,7370
DRRX,DURECT CORP,1082038,2834
BWEBF,BACKWEB TECHNOLOGIES LTD,1082064,7372
BRKC.1,BROOKE CAPITAL CORP,1082084,6411
ZANYQ,ZANY BRAINY INC,1082193,5945
VHC,VIRNETX HOLDING CORP,1082324,7372
EELN,E-LOAN INC,1082337,6162
BOFLQ,BANK OF FLORIDA CORP,1082368,6020
3VLCY,VIEWLOCITY INC,1082397,7372
RUBO,RUBIO'S RESTAURANTS INC,1082423,5812
LQNT,LIQUENT INC,1082456,7372
IFCB,INTEGRITY FINANCIAL CORP,1082471,6020
TFINQ,TEAM FINANCIAL INC,1082484,6020
UIL,UIL HOLDINGS CORP,1082510,4931
SQI,SCIQUEST INC,1082526,7372
UTHR,UNITED THERAPEUTICS CORP,1082554,2834
FCFL,FIRST CMNTY BK CORP AMER,1082564,6036
LINE.1,ONLINETRADINGINC.COM INC,1082690,6211
GAFC.1,GREATER ATLANTIC FINANCIAL,1082735,6035
TMH.1,TEAM HEALTH HOLDINGS INC,1082754,7361
MYPT,MYPOINTS.COM INC,1082797,7331
3TJOB,TOPJOBS.NET PLC  -ADR,1082802,7370
STMP,STAMPS.COM INC,1082923,7370
SRCH.1,US SEARCH.COM INC,1083087,7370
IMMCQ,IMMUNICON CORP/DE,1083132,2835
XELB,XCEL BRANDS INC,1083220,5961
SKCB,SKYLANDS FINANCIAL CORP,1083286,6020
WULF,TERAWULF INC,1083301,7370
ONCP,XXIS CORP,1083384,7812
ASTH,ASTRANA HEALTH INC,1083446,8090
JSDA,JONES SODA CO,1083522,2086
MSR.3,MUNIHOLDINGS INSD FD III INC,1083536,6726
FBSS,FAUQUIER BANKSHARES INC,1083643,6020
SOCB,SOUTHCOAST FINANCIAL CORP,1083689,6020
MECK,MECKLERMEDIA CORP,1083712,7389
FLUX,FLUX POWER HOLDINGS INC,1083743,3690
THVW,THERMOVIEW INDUSTRIES INC,1083753,3089
NAD,NUVEEN QUALITY MUNI INCM FD,1083839,6726
EGRT.,EGREETINGS NETWORK INC,1083992,7310
ZD,ZIFF DAVIS INC,1084048,7370
WOLVQ,NETWOLVES CORP,1084103,4899
RAMP.1,RAMP NETWORKS INC,1084145,7373
SVA,SINOVAC BIOTECH LTD,1084201,2836
PAS,PEPSIAMERICAS INC,1084230,2086
MOBQ,MOBIQUITY TECHNOLOGIES INC,1084267,7310
CAN.3,AMERICAN NATL CAN GROUP INC,1084304,3411
ISLD.,DIGITAL ISLAND INC,1084329,7385
SLNM,SALON MEDIA GROUP INC,1084332,7370
TEUM,PARETEUM CORP,1084384,7370
PRSW,PERSISTENCE SOFTWARE INC,1084400,7372
VRTS.1,VERITAS SOFTWARE CORP,1084408,7372
1215B,INSIGHT COMMUNICATIONS CO,1084421,4841
NFNT.1,NFRONT INC,1084482,7370
MHJ.,MUNIHOLDINGS NJ INSD FD IV,1084496,6726
MNW,MUNIHOLDINGS NY INSD FD IV,1084498,6726
CAF.3,MUNIHOLDINGS CAL INSD FD V,1084500,6726
FDM.1,MUNIHOLDINGS FLA INSD FD V,1084502,6726
YAKC,YAK COMMUNICATIONS INC,1084544,4813
LTBR,LIGHTBRIDGE CORP,1084554,2860
RSTR,RSTAR CORP,1084561,7373
ENGA.,ENGAGE INC,1084573,7372
CYRNQ,CYREN LTD,1084577,7370
LUK2,JEFFERIES GROUP LLC,1084580,6211
3TSIXQ.1,360NETWORKS INC,1084587,4899
WOMN.1,WOMEN.COM NETWORKS INC,1084609,7310
PCBK,PACIFIC CONTINENTAL CORP,1084717,6020
ZOOXQ,GADZOOX NETWORKS INC,1084722,3576
MEDT.1,MEDSOURCE TECHNOLOGIES INC,1084726,3841
NXTYQ,NEXITY FINANCIAL CORP,1084727,6020
NAVI.1,NAVISITE INC,1084750,7374
INVT,INVENTERGY GLOBAL INC,1084752,6794
ARBA,ARIBA INC,1084755,7372
RGP,RESOURCES CONNECTION INC,1084765,8742
MKTG,RESPONSYS INC,1084817,7372
NTIQ,NETIQ CORP,1084827,7372
BFRE.,BE FREE INC,1084866,7373
FLWS,1-800-FLOWERS.COM,1084869,5961
RAE,RAE SYSTEMS INC,1084876,3829
WHCI,W HOLDING CO INC,1084887,6020
ECPG,ENCORE CAPITAL GROUP INC,1084961,6153
ABVV,ABVIVA INC,1084966,3841
NGS,NATURAL GAS SERVICES GROUP,1084991,7359
EFNT,EFFICIENT NETWORKS INC,1085061,3661
TWE,TD WATERHOUSE GROUP INC,1085095,6211
3DIGX,DIGEX INC,1085098,7370
SWBD,SWITCHBOARD INC,1085223,7310
VTSI,VIRTRA INC,1085243,3690
TIBX,TIBCO SOFTWARE INC,1085280,7372
BPO1,BROOKFIELD OFFICE PPTYS INC,1085359,6512
5495B,PUGET ENERGY INC,1085392,4931
TWB,TWEEN BRANDS INC,1085482,5600
ILND.,INTERLAND INC-OLD,1085586,7370
ACTA,ACTUA CORP,1085621,9995
VOYN,VOYAGER.NET INC,1085634,7370
CENF,CENTRAL FREIGHT LINES INC,1085636,4213
ECLG,ECOLLEGE.COM,1085653,7371
METR,METRO BANCORP INC,1085706,6020
NXTP.1,NEXTEL PARTNERS INC,1085707,4812
BLIAQ,BB LIQUIDATING INC,1085734,9995
WVCMY,WAVECOM SA,1085763,3663
MOVE.1,MOVE INC,1085770,7370
LBTE,LIBERATE TECHNOLOGIES,1085776,7372
GDENZ,GARDEN.COM INC,1085818,5961
3DSLN,DSL.NET INC,1085866,7370
PRFT,PERFICIENT INC,1085869,7370
ARTG,ART TECHNOLOGY GROUP INC,1086195,7372
AKAM,AKAMAI TECHNOLOGIES INC,1086222,7370
GSXN,GASCO ENERGY INC,1086319,1311
PVTL.1,PIVOTAL CORP,1086329,7372
SCVAY,SCANIA AB,1086360,3711
TANN.1,TANNING TECHNOLOGY CORP,1086384,7373
ACOM.2,AGENCY.COM LTD,1086403,7370
JDOGQ,JOHN D OIL AND GAS CO,1086411,1311
AUDC,AUDIOCODES LTD,1086434,3661
DSCM,DRUGSTORE.COM INC,1086467,5961
NTOP,NET2PHONE INC,1086472,4813
ARLP,ALLIANCE RESOURCE PTNRS  -LP,1086600,1220
EXNT.1,IXNET INC,1086606,4813
USITQ,U S INTERACTIVE INC,1086637,7370
DDDC,DELTATHREE INC,1086740,4899
SBLX,STABLEX TECHNOLOGIES INC,1086745,3711
BRNC.1,BRAUN CONSULTING INC,1086757,8742
PCSA.1,AIRGATE PCS INC,1086844,4812
MFC,MANULIFE FINANCIAL CORP,1086888,6311
BSFT.1,BROADSOFT INC,1086909,7372
CGLD.1,CYBERGOLD INC,1086937,7331
NOVA.1,NOVAMED INC,1086939,8011
ACRUQ,ACCRUE SOFTWARE INC,1087243,7372
APTM.1,APTIMUS INC,1087277,7370
CPIX,CUMBERLAND PHARMACEUTICALS,1087294,2834
LUMTQ,LUMINANT WORLDWIDE CORP,1087322,7370
RHT,RED HAT INC,1087423,7372
ITMN,INTERMUNE INC,1087432,2836
UBOH,UNITED BANCSHARES INC/OH,1087456,6020
FMTIF,FMI HOLDINGS LTD,1087477,2834
HOTJ.,HOTJOBS.COM INC,1087728,7370
NTRO.,NETRO CORP,1087779,3663
EDV.1,ENVISION DEVELOPMENT CORP,1087782,5961
NFZ,NUVEEN ARIZ DIVID ADV MUN FD,1087783,6726
NZW,NUVEEN MICH DIV ADV MUNI FD,1087785,6726
NXJ,NUVEEN NJ QUAL MUN INCM FD,1087786,6726
NXM,NUVEEN PA DIV ADVANTAGE MUN,1087787,6726
NXI,NUVEEN OH DIV ADV MUN FD,1087788,6726
ATBC,ATLANTIC BANCGROUP INC,1087790,6020
PROE,PURCHASEPRO.COM,1087831,7372
3CSAV,COOLSAVINGS INC,1087875,7370
NWKC,NETWORK COMMERCE INC,1087879,7370
SAAS,INCONTACT INC,1087934,7370
YESM,YESMAIL.COM INC,1087943,7370
VIXL,VIXEL CORP,1087955,3679
IPIXQ,IPIX CORP,1088022,7373
3PRMO,PROMOTIONS.COM INC,1088024,7370
QSFT,QUEST SOFTWARE INC,1088033,7372
USIO,USIO INC,1088034,6099
SDRV,STARDRIVE SOLUTIONS INC,1088116,7372
TMSG,TECHNOLOGY MONITORING SOLTNS,1088120,3812
ROME,ROME BANCORP INC,1088144,6035
ASWX,ACTIVE SOFTWARE INC,1088147,7372
MCZAF,MAD CATZ INTERACTIVE INC,1088162,3944
PGHEF,PENGROWTH ENERGY CORP,1088166,1311
TMNT,TELEMATE.NET SOFTWARE,1088214,7372
ELAS,ELASTIC NETWORKS INC,1088242,3661
MIX.2,INTERMIX MEDIA INC,1088244,7370
DRTN,DATA RETURN CORP,1088330,7373
WEBS.2,WEB STREET INC,1088348,6211
TTEL,TRITEL INC,1088383,4812
NSCN,NETSCREEN TECHNOLOGIES INC,1088454,3576
EVRT.1,EVERTRUST FINANCIAL GROUP,1088514,6036
CBIS.,C-BRIDGE INTERNET SOLTNS INC,1088570,7370
AGIL.1,AGILE SOFTWARE CORP,1088653,7372
INMX,INFORMAX INC,1088724,7372
ISPD,INTERSPEED INC,1088755,3576
LICT,LICT CORP,1088771,4813
CDIIQ,CD INTERNATIONAL ENTERPRISES,1088787,9995
LOIS,LOISLAW.COM INC,1088820,7372
TIVO.1,TIVO INC,1088825,4841
CORT,CORCEPT THERAPEUTICS INC,1088856,2834
3VIAD,VIADOR INC,1089026,7372
LAB.1,LABRANCHE & CO INC,1089044,6211
DKS,DICKS SPORTING GOODS INC,1089063,5940
BSD,BLACKROCK STRATEGIC MUN TR,1089094,6726
HSBC,HSBC HLDGS PLC,1089113,6020
CLCT,COLLECTORS UNIVERSE INC,1089143,7389
DMRC.1,DIGIMARC CORP -OLD,1089443,7372
TMICY,TREND MICRO INC,1089463,7372
AIIXY,AIXTRON SE,1089496,3559
PBA.1,SAL TRUST PREFERRED FUND I,1089500,6726
CMBC,COMMUNITY BANCORP INC/CA,1089503,6020
ALSK,ALASKA COMMUNICATIONS SYS GP,1089511,4813
KGJI,KINGOLD JEWELRY INC,1089531,3911
EDSN,EDISON SCHOOLS INC,1089567,8200
NCOC,NATIONAL COAL CORP,1089575,1220
NDAC.1,NEW DRAGON ASIA CORP,1089590,2040
EPNY,E.PIPHANY INC,1089613,7372
PLSK,PULASKI BANCORP INC,1089624,6035
NSTC.1,NESS TECHNOLOGIES INC,1089638,7373
UPMMY,UPM KYMMENE OYJ,1089642,2621
CEL.2,GRUPO IUSACELL SA,1089695,4812
SKE.2,SPINNAKER EXPLORATION CO,1089697,1311
ITRU,INTERTRUST TECHNOLOGIES CORP,1089717,7372
CBNJ.,COMMUNITY BANCORP/NJ,1089720,6020
NBCI,NBC INTERNET INC,1089754,7370
LR.1,LANIER WORLDWIDE INC,1089786,3861
BAYN,BAY NATIONAL CORP,1089787,6020
CNL.1,CLECO CORP,1089819,4911
BPS,BLACKROCK PA STRATEGIC MUNI,1089821,6726
WCFB.1,WEBSTER CITY FED BANCORP,1089830,6035
GAIA,GAIA INC,1089872,7370
GLDN.1,GOLDEN TELECOM INC,1089874,4813
SWKH,SWK HOLDINGS CORP,1089907,6159
ASFD,ASHFORD.COM INC,1089909,5961
ATON.,ALTEON WEBSYSTEMS INC,1089925,3576
WQNI,WQN INC,1089932,4899
3UNCAQ,RADIO UNICA COMMUNICATIONS,1089953,4832
PTV,PACTIV CORP,1089976,3089
NLAI,NEWMARKET LATIN AMERICA INC,1089979,6162
SFST,SOUTHERN FIRST BANKSHARES,1090009,6020
DVN,DEVON ENERGY CORP,1090012,1311
OMN,OMNOVA SOLUTIONS INC,1090061,2821
CHRK,CHEROKEE INTERNATIONAL CORP,1090069,3679
FDRY,FOUNDRY NETWORKS INC,1090071,3576
NVG,NUVEEN AMTFREE  MUNI CRDT,1090116,6726
NKL,NUVEEN INSD CA DIVID ADV MUN,1090117,6726
NFC.1,NUVEEN CT DIVID ADV MUN FD,1090118,6726
NFM,NUVEEN MD DIVID ADV MUN FD,1090119,6726
NMB.1,NUVEEN MASS DIVID ADV MUN FD,1090120,6726
NRB,NUVEEN NC DIV ADV MUN FUND,1090121,6726
NGB,NUVEEN VA DIV ADV MUNI FD,1090122,6726
NKO,NUVEEN NY DIV ADV MUNI INCM,1090123,6726
VSHP,VITAMINSHOPPE.COM INC,1090156,5400
IGLDF,GOLDEN ENERGY POWER LTD,1090159,4813
NUFO,NEW FOCUS INC,1090215,3674
BKTC,BOOKTECH.COM INC,1090309,2731
CHSI,CATALYST HEALTH SOLUTIONS,1090403,6411
LAMR,LAMAR ADVERTISING CO  -CL A,1090425,6798
PEFX,BLACKROCK S&P500 PRTD ETQY,1090431,6726
HMSV.,HOMESERVICES.COM INC,1090445,6531
4021A,PUERTO RICO TELEPHONE CO,1090480,4813
MDTL,MEDIS TECHNOLOGIES LTD,1090507,3690
AOBI,AMERICAN ORIENTAL BIOENGR,1090514,2834
IIJIY,INTERNET INITIATIVE JAPAN INC,1090633,7370
3EEEE,EMACHINES INC,1090710,5045
UPS,UNITED PARCEL SERVICE INC,1090727,4210
A,AGILENT TECHNOLOGIES INC,1090872,3826
DTRM,DETERMINE INC,1090908,7370
VSCN,VISUAL SCIENCES INC/DE,1091158,7372
JGBO,JIANGBO PHARMACEUTICALS INC,1091164,2834
NILE.,BLUE NILE INC,1091171,5944
IASIZ,ASIACONTENT.COM LTD  -CL A,1091212,7370
MTLS,MATERIALISE NV,1091223,7372
NMTC.1,NUMERICAL TECHNOLOGIES INC,1091226,7372
PRVWZ,PREVIEW SYSTEMS INC,1091271,7372
RCOM.1,REGISTER.COM INC,1091284,7389
SMBI,SYMBION INC,1091312,8011
CNYD,CHINA YIDA HOLDING CO,1091325,7996
NTCR,NETCREATIONS INC,1091440,7331
XMSR,XM SATELLITE RADIO HLDGS INC,1091530,4832
NNCI,NETNATION COMMUNICATIONS INC,1091560,7370
ABBNY,ABB LTD,1091587,3613
AURX,NUO THERAPEUTICS INC,1091596,2836
ADST,ADSTAR INC,1091599,7370
MPLX.1,MEDIAPLEX INC,1091621,7310
CHTR,CHARTER COMMUNICATIONS INC,1091667,4841
PACR,PACER INTERNATIONAL INC,1091735,4731
ARGO,ARGO GROUP INTL HOLDINGS LTD,1091748,6351
IBAS,IBASIS INC,1091756,4899
MSO,MARTHA STEWART LIVING OMNIMD,1091801,4888
HAND,HANDSPRING INC,1091822,3571
CHMT.1,CHEMTURA CORP,1091862,2820
CIR,CIRCOR INTL INC,1091883,3490
SKDS,SMARTERKIDS.COM INC,1091893,7372
3CWONQ,CHOICE ONE COMMUNICATION INC,1091953,4813
TPC.2,SUNCOM WIRELESS HOLDINGS INC,1091973,4812
CHIC.2,CHARLOTTE RUSSE HOLDING INC,1092006,5621
ACME,ACME COMMUNICATIONS INC,1092013,9995
RHBTE,RHBT FINANCIAL CORP,1092015,6163
MIIS,MICROISLET INC,1092050,8731
CVBG,CIVITAS BANKGROUP INC,1092099,6020
TAT,TRANSATLANTIC PETROLEUM LTD,1092289,1311
CPTLQ,CTC COMMUNICATIONS GROUP INC,1092319,4899
RPCX,RESOURCEPHOENIX.COM INC,1092325,8721
SCMR,SYCAMORE NETWORKS INC,1092367,9995
XACT,EXACTIS.COM INC,1092393,4822
TZIX,TRIZETTO GROUP INC,1092458,7372
SONM.1,SHC CORP,1092481,6141
AXST,AXESSTEL INC,1092492,3663
ENPO,ENTREPORT CP,1092494,7370
FSSTQ,FASTNET CORP,1092536,7370
EMRG,EMERGE INTERACTIVE INC,1092605,7373
WBVNQ,WEBVAN GROUP INC,1092657,5961
CEMI,CHEMBIO DIAGNOSTICS INC,1092662,2835
SPSC,SPS COMMERCE INC,1092699,7370
SWBI,SMITH & WESSON BRANDS INC,1092796,3480
DUNRQ,DUNE ENERGY INC,1092839,1311
EZM.1,EUROZINC MINING CORP,1092840,1000
CFX.1,COLONIAL INSD MUN FD,1092895,6726
CCA,MFS CALIFORNIA MUNICIPAL FD,1092896,6726
CNM.3,COLONIAL N Y INSD MUN FD,1092897,6726
APL,ATLAS PIPELINE PARTNER LP,1092914,4922
LTWC,LTWC CORP,1092917,7374
HBP,HUTTIG BUILDING PRODUCTS INC,1093082,5031
CYSV,CYSIVE INC,1093193,7373
CRSS,CROSSROADS IMPACT CORP,1093207,3577
PNTA.1,PENTASTAR COMMUNICATIONS INC,1093221,4899
IMAN,IMANAGE INC,1093242,7372
MECAQ,MAGNA ENTERTAINMENT CORP,1093273,7948
SCVM,MEDI-HUT CO INC,1093285,5047
NSL,NUVEEN SR INCOME FD,1093428,6726
NEXC,NEXCEN BRANDS INC,1093434,6794
ONDS.1,ONDISPLAY INC,1093513,7372
SGRZ,STONEPATH GROUP INC,1093546,8742
QXLRY,QXL RICARDO PLC,1093549,7389
DXCM,DEXCOM INC,1093557,3845
MCKC,MCK COMMUNICATIONS INC,1093576,3661
IDIX,IDENIX PHARMACEUTICALS INC,1093649,2836
PEBK,PEOPLES BANCORP NC INC,1093672,6020
PLUG,PLUG POWER INC,1093691,3674
OGNC,ORGANIC INC,1093709,8742
NXTV.1,NEXT LEVEL COMMUNICATION,1093802,3661
TZMT,TELZUIT MEDICAL TECH INC,1093837,3845
SNWL,SONICWALL INC,1093885,3576
SINA,SINA CORP,1094005,7370
VCTL,RAINMAKER SYSTEMS INC,1094007,7370
EZAU,EZ AUCTIONS & SHIPPING INC,1094012,5961
DTGLF,DATEC GROUP LTD,1094034,7372
CRYP.2,CRYPTOLOGIC LTD,1094036,7372
MRKR,MARKER THERAPEUTICS INC,1094038,2836
DIET.1,EDIETS.COM INC,1094058,7200
TKOI,TELKONET INC,1094084,3823
JNIC,JNI CORP,1094087,3576
DUK8,PROGRESS ENERGY INC,1094093,4911
GTHR.,GETTHERE INC,1094202,4700
HPOL,HARRIS INTERACTIVE INC,1094238,8700
SMRA,SOMERA COMMUNICATIONS INC,1094243,5065
TDY,TELEDYNE TECHNOLOGIES INC,1094285,3812
PIK.,WATER PIK TECHNOLOGIES INC,1094286,3569
TTPA,TRINTECH GROUP PLC,1094316,7372
JLIC,JESUP & LAMONT INC,1094320,6211
FOGD,FOGDOG INC,1094323,5961
SIFY,SIFY TECHNOLOGIES LTD -ADR,1094324,4813
3NETZ,NETZEE INC,1094335,7373
MATR,MATTERSIGHT CORP,1094348,8742
RETK,RETEK INC,1094360,7372
SGOLY,ST HELENA GOLD MINES,1094364,1040
RDWR,RADWARE LTD,1094366,7372
NEWC.,NEW CHINA HOMES LTD,1094369,1520
VRTA.1,VIRATA CORP,1094371,3674
SKIL.1,SKILLSOFT CORP -OLD,1094451,8200
TM,TOYOTA MOTOR CORP,1094517,3711
LCTOD,EL SITIO INC,1094560,7370
QVDX,QUOVADX INC,1094561,7372
ICOPQ,ICOP DIGITAL INC,1094572,3651
FNSR,FINISAR CORP,1094739,3577
VTRO.1,VERTRO INC,1094808,7310
MFSF,MUTUALFIRST FINANCIAL INC,1094810,6020
CRTN,CARTESIAN INC,1094814,8742
BGC,BGC GROUP INC,1094831,6211
SOAP,SOAPSTONE NETWORKS INC,1094895,7372
HPOW,H POWER CORP,1094959,3674
MGRM.1,MONOGRAM BIOSCIENCES INC,1094961,2835
UGP,ULTRAPAR PARTICIPACOES SA,1094972,5172
HCENQ,HEALTHCENTRAL.COM,1095016,7370
PLG,PLATINUM GROUP METALS LTD,1095052,1000
BREK,BREK ENERGY CORP,1095070,1311
EG,EVEREST GROUP LTD,1095073,6331
ARTD,ARTISTDIRECT INC,1095079,7370
MTCH.,NORTEM NV,1095099,5080
DIGI.,DIGITAL IMPACT INC,1095105,7331
CAMZ,CAMINUS CORP,1095157,7372
CHRT,CHARTERED SEMICONDUCTOR MFG,1095270,3674
FNSCQ,FIRST NATL BANCSHARES INC/SC,1095274,6020
INTX,INTERSECTIONS INC,1095277,7323
WEB,WEB.COM GROUP INC,1095291,7370
PFSW,PFSWEB INC,1095315,7389
SMMX,SYMYX TECHNOLOGIES INC,1095330,7372
OIIM,O2MICRO INTERNATIONAL LTD,1095348,3674
EPCYY,EPCOS AG,1095409,3670
ATON,ALPHATON CAPITAL CORP,1095435,2836
CZLNF,CELANESE AG,1095442,2860
GLDUQ,GUILDMASTER INC,1095471,2510
IWAV,INTERWAVE COMMUN INTL LTD,1095478,3663
NTRT,NETRATINGS INC,1095480,8700
3GBNE,GLOBALNET INC,1095529,4899
HSTM,HEALTHSTREAM INC,1095565,7372
ASCX,ADVANCED SWITCHING COMM INC,1095583,3576
TRSI.,T/R SYSTEMS INC,1095594,7372
CEO,CNOOC LTD,1095595,1311
CRTK,COORSTEK INC,1095603,3290
JAZTF,JAZZTEL PLC,1095616,4813
SAFE,SAFEHOLD INC,1095651,6798
CMFV,COMF5 INTERNATIONAL INC,1095691,7370
PSCDQ,PHILIP SERVICES CORP,1095701,7600
JCDAF,JACADA LTD,1095747,7372
AVLD,AVALON DIGITAL MARKETING SYS,1095792,7370
EBNX,EBENX INC,1095825,7370
ERBA,ERBA DIAGNOSTICS INC,1095858,2835
AMFH,AMERICAN FINANCIAL HLDGS INC,1095862,6036
VNX.1,VERIDIAN CORP,1095901,7373
PSTV,PLUS THERAPEUTICS INC,1095981,2836
WLH,WILLIAM LYON HOMES,1095996,1531
CRB.5,CARBON ENERGY CORP - OLD,1096019,1311
LXFR,LUXFER HOLDINGS PLC,1096056,3350
NBGGY,NATIONAL BANK OF GREECE,1096061,6020
OVOE,ONE VOICE TECHNOLOGIES INC,1096088,7372
ECMN,ECHAPMAN INC,1096114,6282
GTIV,GENTIVA HEALTH SERVICES INC,1096142,8082
ECTX.1,ECTEL LTD,1096197,3661
GKNT,GEEKNET INC,1096199,5961
ENLAY,ENEL SPA,1096200,4911
NEOF,NEOFORMA INC,1096219,7374
WKSP,WORKSPORT LTD,1096275,3714
XPDR,XPEDIOR INC,1096287,7372
FLRE.,FLOWARE WIRELESS SYSTEMS LTD,1096300,3663
ISIL,INTERSIL CORP  -CL A,1096325,3674
SARA,SARATOGA RESOURCES INC,1096339,1311
MKL,MARKEL GROUP INC,1096343,6331
FUSN.1,FUSION NETWORKS HOLDINGS INC,1096349,4955
NTRI,NUTRISYSTEM INC,1096376,5961
VVC,VECTREN CORP,1096385,4923
EXTN.1,EXTENSITY INC,1096473,7372
TREE.1,LENDINGTREE INC -OLD,1096479,6163
ANPM,ANGIOTECH PHARMACEUTICALS,1096481,3841
TNSIQ,TRINSIC INC,1096509,4813
IN.2,INFONET SERVICES CORP,1096512,7370
SLPHQ,SULPHCO INC,1096560,3559
OLCB,OHIO LEGACY CORP,1096654,6020
CTRA.2,CENTRA SOFTWARE INC,1096658,7372
3OPTO,OPTIO SOFTWARE INC,1096689,7372
PTNRY,PARTNER COMMUNICATIONS CO,1096691,4812
EPOC,EPOCRATES INC,1096738,7370
EPC,EDGEWELL PERSONAL CARE CO,1096752,3420
KNOL,KNOLOGY INC,1096788,4899
OBQI,OILSANDS QUEST INC,1096791,1311
PRME.1,PRIME RESPONSE INC,1096839,7372
OPTV.1,OPENTV CORP,1096958,7372
EVLVQ,EVOLVE SOFTWARE INC,1097002,7372
ICABY,I-CABLE COMMUNICATIONS LTD,1097020,4841
BUYY,BUY.COM INC -REDH,1097070,5961
HKTVY,HONG KONG TECHNOLOGY VENTURE,1097086,5961
ZNGN,ZENGINE INC,1097119,7373
SENO,SENORX INC,1097136,3845
ALGN,ALIGN TECHNOLOGY INC,1097149,3843
ALTH,ALLOS THERAPEUTICS INC,1097264,2836
TPTI,TIPPINGPOINT TECHNOLOGIES,1097297,3663
GRP.,GRANT PRIDECO INC,1097313,3533
WITS,WITNESS SYSTEMS INC,1097338,7372
SLF,SUN LIFE FINANCIAL INC,1097362,6311
DVINQ,DIVINE INC  -CL A,1097516,7370
ANCJQ,ANC RENTAL CORP,1097523,7510
KQIPQ,KPNQWEST NV,1097566,4813
TRRA,TERRA NETWORKS SA,1097636,7370
SVNX,724 SOLUTIONS INC,1097641,7372
NZX,NUVEEN GA DIV ADV MUNI FD,1097668,6726
KRTHF,KOREA THRUNET CO LTD,1097714,7370
ON,ON SEMICONDUCTOR CORP,1097864,3674
SBMC,CONNECTICUT BANCSHARES INC,1097882,6020
LSPN.1,LIGHTSPAN INC,1097892,7372
EBKRY,EBOOKERS PLC,1098128,4700
PNBK,PATRIOT NATIONAL BANCORP INC,1098146,6020
FDBC,FIDELITY D & D BANCORP INC,1098151,6020
WBSN,WEBSENSE INC,1098277,7372
GORXQ,GEOPHARMA INC,1098315,2834
ROOM.,HOTELS.COM,1098322,4700
FMSB,FIRST MUTUAL BANCSHARES INC,1098337,6036
VNWI,VIA NET.WORKS INC,1098402,7370
LUMM,LUMENON INNOVATIVE LIGHTWAVE,1098432,3679
MTLK,METALINK LTD,1098462,3674
INNI,INNOVARO INC,1098482,8742
RNO.1,RIO NARCEA GOLD MINES LTD,1098506,1040
IBEMQ,IBEAM BROADCASTING CORP,1098570,7389
FIRE.1,FIREPOND INC-OLD,1098574,7372
MCCC,MEDIACOM COMMUNICATIONS CORP,1098659,4841
CCMC.2,CONCENTRA MANAGED CARE INC,1098782,8011
APRS,APROPOS TECHNOLOGY INC,1098803,7372
CMFB,COMMERCEFIRST BANCORP INC,1098813,6020
FRGO,FARGO ELECTRONICS INC,1098834,3577
EPRS.,EPRISE CORP,1098937,7372
AGEN,AGENUS INC,1098972,2834
BBGI,BEASLEY BROADCAST GROUP INC,1099160,4832
MRAEY,MIRAE CORP,1099196,3559
MET,METLIFE INC,1099219,6311
HGLI,HONGLI CLEAN ENERGY TECHNL,1099290,1220
VCBI,VIRGINIA COMM BANCORP INC,1099305,6020
NTKKQ,NET2000 COMMUNICATIONS INC,1099363,4813
TNOX,TANOX INC,1099414,2834
PORT.,PORT FINANCIAL CORP,1099517,6036
3VMDC,VANTAGEMED CORP,1099531,7372
MELI,MERCADOLIBRE INC,1099590,5960
3AMSI.,ARTEMIS INTL SOLUTIONS CORP,1099674,7372
IPRT,IPRINT TECHNOLOGIES INC,1099795,2750
EW,EDWARDS LIFESCIENCES CORP,1099800,3842
HBE,HENRY BROS ELECTRONICS INC,1099918,7380
MVC,MVC CAPITAL INC,1099941,6797
INFT.1,INFORTE CORP,1099944,7370
SBP.1,SANTANDER BANCORP,1099958,6020
CMFO,CHINA MARINE FOOD GROUP LTD,1099977,2092
TAMB,TAMALPAIS BANCORP,1099980,6020
BDAY,CELEBRATE EXPRESS INC,1100124,5961
LNCMQ,LENCO MOBILE INC,1100202,4899
PALM,PALM INC,1100389,3571
AOLAQ,AMERICA ONLNE LTN AMR  -CL A,1100395,7370
ADXS,AYALA PHARMACEUTIC INC,1100397,2836
ARRY.1,ARRAY BIOPHARMA INC,1100412,2836
AED.1,ALLIED DOMECQ PLC,1100427,2085
DTHK,DIGITALTHINK INC,1100514,7389
CRL,CHARLES RIVER LABS INTL INC,1100682,8731
IPETZ,IPET HOLDINGS INC,1100683,9995
AMFS,AMERICAN FUNERAL SVCS CORP,1100778,6500
BGYNY,BRITISH ENERGY GROUP,1100790,4911
OPSW,OPSWARE INC,1100813,7372
CJREF,CORUS ENTERTAINMENT INC,1100868,4841
ONVI,ONVIA INC,1100917,7370
ASIA.1,ASIAINFO-LINKAGE INC,1100969,7372
PCBI,PEOPLES CMNTY BANCORP INC,1100983,6035
OFI,OVERHILL FARMS INC,1101020,2030
ZIVO,ZIVO BIOSCIENCE INC,1101026,2834
MYOG,MYOGEN INC,1101052,2834
VRGE.,VIRAGE INC,1101147,7372
VIAS,VIASYSTEMS GROUP INC,1101169,3672
BFH,BREAD FINANCIAL HOLDINGS INC,1101215,6141
EQIX,EQUINIX INC,1101239,6798
PRPL.1,PURPLE COMMUNICATIONS INC,1101268,4812
ENTG,ENTEGRIS INC,1101302,3559
DHA,DUCK HEAD APPAREL CO INC,1101395,5130
DLAPQ,DELTA APPAREL INC,1101396,2300
IGNX,IGN ENTERTAINMENT INC,1101547,7370
DZSIQ,DZS INC,1101680,3661
OTGS,OTG SOFTWARE INC,1101757,7370
CDSEQ,CREDIT STORE INC,1101851,6141
ARL,AMERICAN REALTY INVESTORS,1102238,6513
CSFL,CENTERSTATE BANK CORP,1102266,6020
PRWT,PREMIERWEST BANCORP,1102287,6020
ASTTY,ASAT HOLDINGS LTD  -ADR,1102384,3674
TLCT,TELOCITY INC,1102448,7370
ELNK,EARTHLINK HOLDINGS CORP,1102541,7370
SCOXQ,SCO GROUP INC,1102542,7372
NUAN.,NUANCE COMMUNICATIONS-OLD,1102556,7372
NBAN,NORTH BAY BANCORP/CA,1102595,6020
USIH,USI HOLDINGS CORP,1102643,6411
STEC.1,STEC INC,1102741,3572
FTGLF,FLAG TELECOM GROUP LTD,1102752,4813
PRTS.1,PARTSBASE INC,1102754,7370
QMMI,Q COMM INTL INC,1102901,4899
CCMP,CMC MATERIALS INC,1102934,2890
ISYFF,IFCO SYSTEMS NV,1102957,4731
LPSN,LIVEPERSON INC,1102993,7370
PECS,PEC SOLUTIONS INC,1103013,7370
BDSI,BIODELIVERY SCIENCES INTL,1103021,2834
TRXI,TRX INC,1103025,7374
RZTIQ,RASER TECHNOLOGIES INC,1103078,4991
BLZE.,BLAZE SOFTWARE INC,1103088,7372
ULCM,ULTICOM INC,1103184,7372
MFLO,MOLDFLOW CORP,1103234,7372
EDLG,EDUCATION LENDING GROUP INC,1103313,6141
BCONQ,BEACON POWER CORP,1103345,3620
SGSF,SIGNALSOFT CORP,1103354,7372
IPK.1,IMPERIAL PARKING CORP,1103389,7200
RDEA,ARDEA BIOSCIENCES INC,1103390,2836
TRBC.2,THREE RIVERS BANCORP INC,1103585,6020
WGL,WGL HOLDINGS INC,1103601,4924
ITYCQ,INTEGRITY BANCSHARES INC,1103764,6020
SMDI.,SIRENZA MICRODEVICES INC,1103777,3674
REDFY,REDIFF.COM INDIA LTD  -ADR,1103783,7370
CRWN,CROWN MEDIA HOLDINGS INC,1103837,4841
IBN,ICICI BANK LTD,1103838,6020
MDLZ,MONDELEZ INTERNATIONAL INC,1103982,2052
IMNY,I-MANY INC,1104017,7372
VRME,VERIFYME INC,1104038,7373
AATI,ADVANCED ANALOGIC TECH,1104042,3674
TVLY.,TRAVELOCITY.COM INC,1104172,7370
DDIC,DDI CORP,1104252,3672
OSCA,OSCA INC,1104325,5160
CPLA,CAPELLA EDUCATION CO,1104349,8200
NOG,NORTHERN OIL & GAS INC,1104485,1311
INSM,INSMED INC,1104506,2836
MTRN,MATERION CORP,1104657,3330
VYYO,VYYO INC,1104730,3663
OMNY,OMNISKY CORP,1104771,4812
SPRT,SUPPORT.COM INC,1104855,7370
NMX.1,NYMEX HOLDINGS INC,1105018,6200
GIGM,GIGAMEDIA LTD,1105101,7370
NSPH,NANOSPHERE INC,1105184,2835
NUI,NUI CORP,1105192,4924
SLRY,SALARY.COM INC,1105360,7370
3LXNT,LEXENT INC,1105503,8711
RVSN.1,RADVISION LTD,1105519,7372
ARGSQ,ARGOS THERAPEUTICS INC,1105533,2836
TWX,TIME WARNER INC,1105705,4888
CKSW,CLICKSOFTWARE TECHNOLOGIES,1105841,7372
OTIX,OTIX GLOBAL INC,1105982,3842
HXD.1,SHELBOURNE PPTYS I INC,1106036,6798
HXE,SHELBOURNE PPTYS II INC,1106037,6798
HXF,SHELBOURNE PPTYS III INC,1106038,6798
NPSNY,NASPERS LTD,1106051,7370
SAYCY,SATYAM COMPUTER SERVICES LTD,1106056,7370
CPHI,CHINA PHARMA HOLDINGS INC,1106644,2834
DRSV,DEBT RESOLVE INC,1106645,7370
PSITY,PSI TECHNOLOGIES HLDGS  -ADR,1106714,3674
SCRX,SCIELE PHARMA INC,1106773,5122
LEON.1,2INVEST AG,1106774,2836
SBYN,SEEBEYOND TECHNOLOGY CORP,1106842,7372
OVTI,OMNIVISION TECHNOLOGIES INC,1106851,3674
PCOR.4,PINNACOR INC,1106917,7370
CRFH,E MACHITOWN CO LTD,1106934,7370
IVANF,IVANHOE ENERGY INC,1106935,1311
BBBB,BLACKBOARD INC,1106942,7372
SDAYY,SUNDAY COMMUNICATIONS LTD,1106952,4812
ACBA.1,AMERICAN CMNTY BANCSHARES,1106980,6020
CKCM,CLICK COMMERCE INC,1107050,7372
EMBT.,EMBARCADERO TECHNOLOGIES INC,1107112,7373
HARL,HARLEYSVILLE FINANCIAL CORP,1107160,6036
CTLM,CENTILLIUM COMMUNICATIONS,1107194,3674
DCBK,DESERT COMMUNITY BANK,1107214,6020
ORCH,ORCHID CELLMARK INC,1107216,8071
FBGI.,FIRST SHARES BANCORP INC,1107257,6020
DNDNQ,DENDREON CORP,1107332,2836
TCRT,ALAUNOS THERAPEUTICS INC,1107421,2836
IFNNY,INFINEON TECHNOLOGIES AG,1107457,3674
SEOAY,STORA ENSO OYJ,1107458,2621
HAVSY,HAVAS N V,1107470,7311
SNEN,SINOENERGY CORP,1107563,3537
AGIXQ,ATHEROGENICS INC,1107601,2834
RVDPY,RIVERDEEP GROUP PLC,1107692,7372
RAX,RACKSPACE HOSTING INC,1107694,7370
DFBS,DUTCHFORK BANCSHARES INC,1107710,6035
BLZN,BLUE ZONE INC,1107749,7370
QLYS,QUALYS INC,1107843,7372
LMIN.1,LASTMINUTE.COM PLC,1108034,4700
TUNE.1,MICROTUNE INC,1108058,3674
CYH,COMMUNITY HEALTH SYSTEMS INC,1108109,8062
OCNW,OCCAM NETWORKS INC,1108185,3661
CRIS,CURIS INC,1108205,2836
AMRB,AMERICAN RIVER BANKSHARES,1108236,6020
CONR,CONOR MEDSYSTEMS INC,1108271,3841
SMTX,SMTC CORP,1108320,3672
PTCCY,PETROCHINA COMPANY LIMITED,1108329,2911
ALVRQ,ALVARION LTD,1108332,3661
EXLT,EXULT INC,1108341,8742
ZCOM,IMPRESO INC,1108345,2761
SONWY,SONG NETWORKS HLDG AB,1108352,4813
TXNM,TXNM ENERGY INC,1108426,4911
SHOP.1,SHOPPING.COM LTD,1108482,7370
UPCS,UBIQUITEL INC,1108487,4812
PCAF,PRINTCAFE SOFTWARE INC,1108507,7372
TCM.3,TYCOM LTD,1108511,3661
ISHP.1,INTERSHOP COMMUNICATIONS AG,1108517,7370
WHIT,WHITTIER ENERGY CORP,1108520,1311
CRM,SALESFORCE INC,1108524,7372
STGN,STRATAGENE CORP,1108674,2836
IPCS,IPCS INC,1108727,4899
CARE.2,CARESCIENCE INC,1108782,7372
QEP,QEP RESOURCES INC,1108827,1311
WEDXF,WESTAIM CORP,1108828,6799
HANAY,SK BROADBAND CO LTD,1108838,4899
SRVY,GREENFIELD ONLINE INC,1108906,8700
GNOM.1,GENOMICA CORP,1108915,7372
OPNT.1,OPNET TECHNOLOGIES INC,1108924,7372
LSBC,LARGE SCALE BIOLOGY CORP,1108951,2834
OIGBQ,ORBITAL INFRAS GROUP INC,1108967,1623
EVC,ENTRAVISION COMMUNICATIONS,1109116,7310
CAMT,CAMTEK LTD,1109138,3827
BASXQ,BASIC ENERGY SERVICES INC,1109189,1389
EFD.1,EFUNDS CORP,1109190,7374
MBVXQ,MABVAX THERAPEUTICS HLDGS,1109196,2836
HAFC,HANMI FINANCIAL CORP,1109242,6020
TVIAQ.1,TVIA INC,1109279,3674
3ACKH,ARMSTRONG HOLDINGS INC,1109304,3089
NVMI,NOVA LTD,1109345,3823
BRKR,BRUKER CORP,1109354,3826
EXC,EXELON CORP,1109357,4911
FLBC,FINGER LAKES BANCORP INC,1109401,6035
BARI,BANCORP RHODE ISLAND INC,1109525,6020
ARDI,AT ROAD INC,1109537,7373
WNETY,WHEREVER.NET HLDG CORP  -ADR,1109542,4813
PMBC,PACIFIC MERCANTILE BANCORP,1109546,6020
TRDFF,TRADER CLASSIFIED MEDIA NV,1109678,3990
STYLA,STYLECLICK INC  -CL A,1109705,5961
CTTY,CATUITY INC,1109740,7371
RIT.1,RIGHTCHOICE MGD CARE,1109802,6324
AVCT.,AVOCENT CORP,1109808,3576
BSXT,BOE FINANCIAL SERVICES VA,1109848,6020
WEBX,WEBEX COMMUNICATIONS INC,1109935,7370
GNSC,GENAISSANCE PHARMACEUTICALS,1110009,8731
DMX.1,I-TRAX INC,1110189,8000
KOSN,KOSAN BIOSCIENCES INC,1110206,2834
ERMS,EROOMSYSTEM TECHNOLOGIES INC,1110361,3570
AFLYY,AIR FRANCE KLM SA,1110452,4512
ESCH,ESCHELON TELECOM INC,1110507,7385
ONTF,ON24 INC,1110611,7370
NTES,NETEASE INC,1110646,7372
OCLR,OCLARO INC,1110647,3674
FBR,FIBRIA CELULOSE SA,1110649,2611
GSOL.1,GLOBAL SOURCES LTD,1110650,7370
MON.1,MONSANTO CO,1110783,100
GENUQ,GENUITY INC,1110794,7370
ILMN,ILLUMINA INC,1110803,3826
NS,NUSTAR ENERGY LP,1110805,4610
QLNXF,QUINTALINUX LTD,1110870,7372
NEI,NETWORK ENGINES INC,1110903,7373
IAWK,IASIAWORKS INC,1110992,7370
QSCG,Q BEYOND AG,1110999,7370
CRIO,CORIO INC,1111001,7371
KRT.2,KRAMONT REALTY TRUST,1111205,6798
RNOW,RIGHTNOW TECHNOLOGIES INC,1111247,7372
AMEV,APPLIED MOLECULAR EVOLUTION,1111312,8731
VC,VISTEON CORP,1111335,3714
SPWX,SPEECHWORKS INTL INC,1111345,7371
RXST,RXSIGHT INC,1111485,3851
AUTNY.,AUTONOMY CORP PLC,1111492,7372
LVIDF,LEITCH TECHNOLOGY CORP,1111496,3663
PRSE,PRECISE SOFTWARE SOLUTIONS,1111553,7372
TRAD,TRADESTATION GROUP INC,1111559,6211
AVSR,AVISTAR COMMUNICATIONS CORP,1111632,3576
3XOHO,XO HOLDINGS INC -CL A,1111634,4813
TSYS,TELECOMMUNICATION SYS INC,1111665,7373
NI,NISOURCE INC,1111711,4932
STLW,STRATOS INTERNATIONAL INC,1111721,3674
SPIL,SILICONWARE PRECISION INDS,1111759,3674
VVVV,VIASOURCE COMMUNICATIONS INC,1111789,1731
LPIH,LONGWEI PETROLEUM INVT HLDG,1111817,5171
SWIR,SIERRA WIRELESS INC,1111863,3663
IPGP,IPG PHOTONICS CORP,1111928,3674
3APWLQ,APW LTD,1111938,3460
PROXQ,PROXIM CORP,1112263,3669
ENDRQ,ENDEAVOUR INTERNATIONAL CORP,1112412,1311
MOTV.1,MOTIVE INC,1112422,7372
AGNT,ARGONAUT TECHNOLOGIES INC,1112880,2835
GSB,GLOBALSCAPE INC,1112920,7372
GCOR.1,GENENCOR INTL INC,1113099,2835
FFBI,FIRST FED BANCSHARES INC/DE,1113107,6035
INFIQ,INFINITY PHARMACEUTICALS INC,1113148,2834
TROW,PRICE (T. ROWE) GROUP,1113169,6282
3CAPS.,CAPSULE COMMUNICATIONS INC,1113227,4813
ACLS,AXCELIS TECHNOLOGIES INC,1113232,3559
BGPTQ,BEARINGPOINT INC,1113247,8742
MTOR,MERITOR INC,1113256,3714
MXMTY,MAXCOM TELECOMUNICACIONES SA,1113306,4813
CSCIF,COSCIENS BIOPHARMA INC,1113423,2836
VINA,VINA TECHNOLOGIES INC,1113428,3661
WCRXY,WARNER CHILCOTT PLC,1113445,2834
MDCO,MEDICINES CO (THE),1113481,2834
ATTL,AT&T LATIN AMERICA CORP,1113527,4813
3OTWO,O2WIRELESS SOLUTIONS INC,1113529,7373
REVUQ,EDUCATION HOLDINGS 1 INC,1113668,8200
3KMEDQ,KEY3MEDIA GROUP INC,1113674,7389
BBW,BUILD-A-BEAR WORKSHOP INC,1113809,5945
ASGXF,ASIA GLOBAL CROSSING LTD,1113836,4813
CHU,CHINA UNICOM (HONG KONG) LTD,1113866,4812
TLCP.1,TELECORP PCS INC  -CL A,1113948,4812
VLCT,VALICERT INC,1114040,7371
MLTC.,MULTILINK TECHNOLOGY CORP,1114068,3674
IVII.,INTERVIDEO INC,1114084,7372
AMMD,AMERICAN MEDICAL SYSTMS HLDS,1114200,3842
KERX,KERYX BIOPHARMACEUTICALS INC,1114220,2834
CRNM,CURON MED INC,1114365,3845
NVS,NOVARTIS AG,1114448,2834
ITGR,INTEGER HOLDINGS CORP,1114483,3845
VIAC.1,VIACELL INC,1114529,2836
AQUA.1,AQUACELL TECHNOLOGIES INC,1114655,3580
INRG,INRANGE TECHNOLOGIES CORP,1114674,3576
GGAL,GRUPO FINANCIERO GALICIA SA,1114700,6020
KNXA,KENEXA CORP,1114714,7372
JMBI,JAMES MONROE BANCORP INC,1114868,6020
MCELQ,MILLENNIUM CELL INC,1114872,3690
LTRX,LANTRONIX INC,1114925,3576
PI,IMPINJ INC,1114995,3674
RDVWF,RADVIEW SOFTWARE LTD,1114999,7372
PNFP,PINNACLE FINL PARTNERS INC,1115055,6020
SVRTY,SILVERLINE TECHNOLOGIES LTD,1115084,7371
CLWA,CALLWAVE INC,1115091,7370
QUOT,QUOTIENT TECHNOLOGY INC,1115128,7310
ACUS,ACUSPHERE INC,1115143,2834
EYET,EYETECH PHARMACEUTICALS INC,1115285,2834
MCLS.,MEDICHEM LIFE SCIENCES  INC,1115512,8731
WGNB,WGNB CORP,1115568,6020
BEL,BELMOND LTD,1115836,7011
MBT,MOBILE TELESYSTEMS PJSC,1115837,4812
HYDL,HYDRIL CO,1116030,3533
NOPTQ,NEON COMMUNICATIONS INC,1116086,4813
AXCA,AXCAN PHARMA INC,1116094,2834
TPR,TAPESTRY INC,1116132,3100
TTCMY,TATA COMMUNICATIONS LTD,1116134,4813
SNVT,SYNAVANT INC,1116141,7372
3ITXIQ,INTEGRATED TELECOM EXPRESS,1116201,3661
EXFO,EXFO INC,1116284,3825
AIRV,AIRVANA INC,1116435,3663
XGEN.,XENOGEN CORP,1116449,3826
OSUR,ORASURE TECHNOLOGIES INC,1116463,2835
5933B,AVAYA INC,1116521,3663
ENO.1,ENODIS PLC,1116547,3580
PUK,PRUDENTIAL PLC,1116578,6311
DLGS,DIALOG SEMICONDUCTOR PLC,1116581,3674
RNA.1,RIBAPHARM INC,1116613,2834
DWRI,DESIGN WITHIN REACH INC,1116755,5961
GEOR,GEOPETRO RESOURCES CO,1116927,1311
RLF,COHEN & STEERS ADV INC RLTY,1116937,6726
TTMI,TTM TECHNOLOGIES INC,1116942,3672
MPE.1,MPOWER HOLDING CORP,1117042,4813
PLAG,PLANET GREEN HOLDINGS CORP,1117057,2090
IVTAY,INFOVISTA SA,1117064,7372
GMNI.,GEMINI GENOMICS PLC  -ADR,1117089,8731
TIKRF,TIKCRO TECHNOLOGIES LTD,1117095,2836
N,NETSUITE INC,1117106,7373
KNTA,KINTERA INC,1117119,7372
CBAT,CBAK ENERGY TECHNOLOGY INC,1117171,3690
QNST,QUINSTREET INC,1117297,7310
SRA.2,MERCK SERONO SA,1117399,2836
OTODQ,O2DIESEL CORP,1117458,2890
CMRX,CHIMERIX INC,1117480,2836
GPCBY,AGENNIX AG,1117629,2834
PRSS,CAFEPRESS INC,1117733,5961
CHL,CHINA MOBILE LTD,1117795,4812
SAJA,SAJAN INC,1118037,7370
ACAP.1,AMERICAN PHYSICIANS CAPITAL,1118148,6351
MBTF,MBT FINANCIAL CORP,1118237,6036
RNVS,RENOVIS INC,1118361,2834
MODN,MODEL N INC,1118417,7370
QGP,QUANTUM GROUP INC,1118847,8742
ENWV,ENDWAVE CORP,1118941,3663
MNDO,MIND CTI LTD,1119083,7372
CWCIQ,CROSSWAVE COMMUN INC  -ADR,1119174,4813
NWPWQ,NEWPOWER HOLDINGS INC,1119307,4931
EIMCY,EIMO OYJ,1119332,3089
CESV,CHINA ENERGY SAVNGS TECH INC,1119601,3822
LMNE,LUMINENT INC,1119602,3674
PBR,PETROLEO BRASILEIRO SA- PETR,1119639,2911
VRYAF,VIRYANET LTD,1119744,7372
EURX,EURAND NV,1119745,2834
CRNT,CERAGON NETWORKS LTD,1119769,3663
CGEN,COMPUGEN LTD,1119774,2836
MTSXY,METAL STORM LTD,1119775,3760
BCICF,BELL CANADA INTL INC,1119954,9995
HYGS,HYDROGENICS CORP,1119985,3620
SCEIQ,SINO CLEAN ENERGY INC,1120096,2990
APCS,ALAMOSA HOLDINGS INC,1120102,4812
ITLN,INTELLON CORP,1120105,3674
CATZ,COMPUTER ACCESS TECH CORP,1120155,3825
NDAQ,NASDAQ INC,1120193,6200
RRI1,ORION POWER HOLDINGS INC,1120236,4911
XXIA,IXIA,1120295,3825
BWEN,BROADWIND INC,1120370,3510
TWTI.1,THIRD WAVE TECHNOLOGIES INC,1120438,2836
IWA,IOWA TELECOM SERVICES INC,1120462,4813
CHNGQ,CHINA NATURAL GAS INC,1120830,4923
PDFS,PDF SOLUTIONS INC,1120914,7370
AEZ,AMERICAN OIL & GAS INC,1120916,1311
LODE,COMSTOCK INC,1120970,2911
REDL,REDLINE PERFORMANCE PRODS,1121131,3790
MAXR,MAXAR TECHNOLOGIES INC,1121142,3663
BUF,MINRAD INTL INC,1121225,2834
SYD.1,SYBRON DENTAL SPECIALTIES,1121302,3843
SURE.,SUREBEAM CORP,1121309,3559
SNY,SANOFI,1121404,2834
EMAG.2,EMAGEON INC,1121439,7372
OIS,OIL STATES INTL INC,1121484,3533
YTENQ,YIELD10 BIOSCIENCE INC,1121702,8731
AQQSQ,AMERICAN SPECTRUM REALTY INC,1121783,6510
SLSZQ,SLS INTERNATIONAL INC,1121785,3651
PRWK,PRACTICEWORKS INC,1121786,7372
GRMN,GARMIN LTD,1121788,3812
MTOAF,METRO INTERNATIONAL SA,1121850,2711
VRST.,VERISITY LTD,1121936,7372
3HPLA,HPL TECHNOLOGIES INC,1121980,7372
FTNW,FTE NETWORKS INC,1122063,1600
MRCIY,TELENT PLC,1122135,3661
TWKGQ,TRENWICK GROUP LTD,1122211,6331
AET,AETNA INC,1122304,6324
AFOP,ALLIANCE FIBER OPTIC PRODUCT,1122342,3674
ELLI,ELLIE MAE INC,1122388,7372
ASX,ASE TECHNOLOGY HLDNG CO,1122411,3674
CABG,CABG MEDICAL INC,1122425,3842
BRFS,BRF SA,1122491,2000
OCPI,OPTICAL COMMUNICATION PRODS,1122668,3674
NAPS,NAPSTER INC,1122787,7370
NTGR,NETGEAR INC,1122904,3661
NQLIQ,NQL INC,1122965,7373
AVNT,AVIENT CORP,1122976,2810
RSTN.1,RIVERSTONE NETWORKS INC,1123028,3576
IMOS,CHIPMOS TECHNOLOGIES INC,1123134,3679
CLU.3,CANADA LIFE FINANCIAL CORP,1123266,6311
BKMU,BANK MUTUAL CORP,1123270,6035
FFBK,FLORIDAFIRST BANCORP INC,1123276,6035
KYPH,KYPHON INC,1123313,3841
CRVP,CRYSTAL ROCK HOLDINGS INC,1123316,2086
PTF.2,PETROFUND ENERGY TRUST,1123324,6792
SP.4,SPECIALTY LABORATORIES INC,1123333,8071
ADRX,ANDRX CORP,1123337,5122
GPN,GLOBAL PAYMENTS INC,1123360,7374
VAS,VIASYS HEALTHCARE INC,1123361,3841
ASR,GRUPO AEROPORTUARIO SURESTE,1123452,4581
HEDYY,HEAD NV,1123455,3949
HBIO,HARVARD BIOSCIENCE INC,1123494,3826
PNSNQ,PENSON WORLDWIDE INC,1123541,6200
ATPAQ,ATP OIL & GAS CORP,1123647,1311
SNPMF,CHINA PETROLEUM & CHEMICAL,1123658,5500
SYT.3,SYNGENTA AG,1123661,2870
REGSY,INTERNATIONAL WORKPLACE GRP,1123671,7389
IMTV.,IMAGICTV INC,1123713,7373
WIT,WIPRO LTD,1123799,7373
BZBC,BUSINESS BANCORP/CA,1123841,6020
GECSF,GLOBAL EDTN COMMUNITIES CORP,1123870,8200
ARD.1,ARENA RESOURCES INC,1123871,1311
SNMX,SENOMYX INC,1123979,2080
GYRE,GYRE THERAPEUTICS INC,1124105,2836
SHRGY,BAYER SCHERING PHARMA AG,1124139,2834
EXAS,EXACT SCIENCES CORP,1124140,8731
FLR,FLUOR CORP,1124198,1600
HYDGQ,HYDROGEN CORP,1124394,3510
CYRX,CRYOPORT INC,1124524,3842
RGDXQ,RESPONSE GENETICS INC,1124608,8071
VMW,VMWARE INC -CL A,1124610,7373
LASR,NLIGHT INC,1124796,3674
MDRX,VERADIGM INC,1124804,7370
UTIW,UTI WORLDWIDE INC,1124827,4731
DLEXY,DATALEX PLC,1124843,7372
4622B,CERIDIAN CORP,1124887,8721
BECN,BEACON ROOFING SUPPLY INC,1124941,5030
IOMI,IOMAI CORP,1125001,2836
KBAY,KANBAY INTERNATIONAL INC,1125011,7373
EAC.1,ENCORE ACQUISITION CO,1125057,1311
POC.2,CARNIVAL CORP/PLC (GBR),1125259,4400
GNSYY,GENESYS SA,1125276,4899
CRYO.,CRYOCOR INC,1125294,3845
MGNX,MACROGENICS INC,1125345,2836
ENSG,ENSIGN GROUP INC,1125376,8051
CNVR.,CONVERA CORP,1125536,7372
SGXP,SGX PHARMACEUTICALS INC,1125603,2836
HCB,H & CB,1125689,6020
WWIN.1,WASTE INDUSTRIES USA  INC,1125845,4953
OPEN.4,OPENTABLE INC,1125914,7373
SFLY,SHUTTERFLY INC,1125920,2731
TELNY,TELENOR ASA,1126113,4812
CRXLY,CRUCELL NV,1126136,2836
GIVN,GIVEN IMAGING,1126140,3845
NTS,NTS INC,1126216,4813
LUMO,LUMOS PHARMA INC,1126234,2836
RRI.3,RRI ENERGY INC,1126294,4911
RSNAY,RSA INSURANCE GROUP PLC,1126313,6331
PFG,PRINCIPAL FINANCIAL GRP INC,1126328,6282
IFCN,INFICON HOLDING AG,1126659,3823
GSIT,GSI TECHNOLOGY INC,1126741,3674
ERF,ENERPLUS CORP,1126874,1311
SR,SPIRE INC,1126956,4924
MMP,MAGELLAN MIDSTREAM PRTNRS LP,1126975,4610
TKAGY,TELEKOM AUSTRIA AG,1127051,4899
VIVHY,VIVENDI SE,1127055,4833
CLBH,CAROLINA BANK HOLDINGS INC,1127160,6020
CWBC,COMMUNITY WEST BANCSHARES,1127371,6020
HEM,HEMOSENSE INC,1127393,3845
INTN,INTAC INTERNATIONAL,1127439,7370
CTZN,CITIZENS FIRST BANCORP INC,1127442,6036
LUNG,PULMONX CORP,1127537,3841
PRA,PROASSURANCE CORP,1127703,6331
NVX.2,NUVEEN CA DIV ADV MUN FD II,1127706,6726
BNKU.1,BANK UNITED CORP  -CL A,1127777,6035
TEM.1,TELEFONICA MOVILES SA,1127866,4812
IRCP,IRSA PROPIEDADES COMERCIALES,1128173,6512
FFNM,FIRST FED NOR MICH BANCORP,1128227,6035
HOPE,HOPE BANCORP INC,1128361,6020
ANDS,ANADYS PHARMACEUTICALS INC,1128495,2834
ICLD,INTERCLOUD SYSTEMS INC,1128725,7370
GEMP.1,GEMPLUS INTERNATIONAL SA,1128749,3577
FLO,FLOWERS FOODS INC,1128928,2050
KVLM,KEVLIN CORP,1129052,3679
AMX,AMERICA MOVIL SAB DE C V,1129137,4812
MPX,MARINE PRODUCTS CORP,1129155,3730
RKE,CAP ROCK ENERGY CORP,1129162,4911
VCRA,VOCERA COMMUNICATIONS INC,1129260,3663
ZGEN.2,ZYMOGENETICS INC,1129425,2836
AGR.3,AGERE SYSTEMS INC,1129446,3674
CTMI,CTI MOLECULAR IMAGING INC,1129552,3845
ODSY,ODYSSEY HEALTHCARE INC,1129623,8050
PNX,PHOENIX COMPANIES INC,1129633,6311
TORCQ,TORCH OFFSHORE INC,1129650,1389
FIRT,FIRST BANCTRUST CORP,1129847,6036
ONCY,ONCOLYTICS BIOTECH INC,1129928,2834
BOWFF,BOARDWALK REAL ESTATE TRUST,1129929,6798
OGBY,OGLEBAY NORTON CO,1129981,1400
BSRR,SIERRA BANCORP/CA,1130144,6020
BGMS,BIO GREEN MED SOLUTION INC,1130166,2836
APKT,ACME PACKET INC,1130258,3576
CNP,CENTERPOINT ENERGY INC,1130310,4931
FWLT,FOSTER WHEELER AG,1130385,1600
BKH,BLACK HILLS CORP,1130464,4923
SPMYY,SPIRENT COMMUNICATIONS,1130498,3825
XNPT,XENOPORT INC,1130591,2836
TRAW,TRAWS PHARMA INC,1130598,2836
LDIS,LEADIS TECHNOLOGY INC,1130626,3674
BBBY,BED BATH & BEYOND INC,1130713,5961
HITT,HITTITE MICROWAVE CORP,1130866,3674
LRNS,EXCELLIGENCE LEARNING CORP,1130950,5961
NXZ,NUVEEN DIV ADV MUN FD II,1131062,6726
NXK,NUVEEN NY DIV ADV MUN FD II,1131063,6726
TECJQ,TETON ENERGY CORP,1131072,1311
ATHN.2,ATHENAHEALTH INC,1131096,7370
HOS,HORNBECK OFFSHORE SVCS -REDH,1131227,4400
ZNOG,ZION OIL & GAS INC,1131312,1311
GHDX,GENOMIC HEALTH INC,1131324,2835
ATHE,ALTERITY THERAPEUTICS LTD,1131343,2836
STN,STANTEC INC,1131383,8711
GSK,GSK PLC,1131399,2834
ZIP.1,ZIPCAR INC,1131457,7510
ANSVQ,ANESIVA INC,1131517,2834
AMBI.2,AMBIT BIOSCIENCES CORP,1131543,2836
SNCR,SYNCHRONOSS TECHNOLOGIES,1131554,7370
CMRCQ,COMMERCE ONE INC,1131806,7372
MITI.,MICROMET INC,1131907,2836
SPWH,SPORTSMANS WAREHOUSE HLDGS,1132105,5940
INGP.,INSTINET GROUP INC,1132327,6211
XSONF,CLAXSON INTERACTVE GRP -CL A,1132340,4841
VERSY,VERO SOFTWARE PLC,1132446,7372
NZ.1,NETEZZA CORP,1132484,3570
CFSL,CHESTERFIELD FINANCIAL CORP,1132515,6035
TMYEQ,TRANSMERIDIAN EXPL INC,1132645,1311
ATLO,AMES NATIONAL CORP,1132651,6020
GAXIQ,GALAXY ENERGY CORP,1132784,1311
BFUN,BAM ENTERTAINMENT INC,1132809,7372
CHT,CHUNGHWA TELECOM LTD,1132924,4813
FRCB,FIRST REPUBLIC BANK,1132979,6020
HBG,HUB INTERNATIONAL LTD,1133016,6411
MYK.,MYKROLIS CORP,1133082,3569
UDRL,UNION DRILLING INC,1133260,1381
TZOO,TRAVELZOO,1133311,7370
INPC,INPHONIC INC,1133324,9995
GALT,GALECTIN THERAPEUTICS INC,1133416,2834
NOC,NORTHROP GRUMMAN CORP,1133421,3812
CVGW,CALAVO GROWERS INC,1133470,5140
IMOS.1,CHIPMOS TECHNOLOGIES LTD,1133478,3674
MCUJF,MEDICURE INC,1133519,2836
BPTH,BIO-PATH HOLDINGS INC,1133818,2836
CAPR,CAPRICOR THERAPEUTICS INC,1133869,2836
ZANE,ZANETT INC,1133872,7370
SJH.1,STELMAR SHIPPING LTD,1133882,4412
UCOMA,UNITEDGLOBALCOM INC  -CL A,1134061,4899
THM,INTERNATIONAL TOWER HILL MIN,1134115,1000
TLEO,TALEO CORP,1134203,7372
BAXS.,BRUKER AXS INC,1134224,3826
NCPM,NCO PORTFOLIO MANAGEMENT INC,1134971,7320
KMR,KINDER MORGAN MANAGEMENT LLC,1135017,4610
FTI.1,FMC TECHNOLOGIES INC,1135152,3533
OSBK.1,ORANGE SAVINGS BANK/MA,1135165,6036
AAWW,ATLAS AIR WORLDWIDE HLDG INC,1135185,4522
MBFC,MOUNTAINBANK FINANCIAL CORP,1135253,6020
JMDT,JAMDAT MOBILE INC,1135271,7371
PEGX,PEGASUS CO INC (THE),1135338,4833
FRSH.1,FRESH BRANDS INC,1135431,5140
SIEGY,SIEMENS AG,1135644,9997
ESESQ,ECO-STIM ENERGY SOLUTIONS,1135657,1389
NETL.1,NETLOGIC MICROSYSTEMS INC,1135711,3674
EPRSQ,EPIRUS BIOPHARMACEUTICALS,1135906,2836
RCN.,ROGERS WIRELESS COMMU  -CL B,1135922,4812
RDY,DR REDDY'S LABORATORIES LTD,1135951,2834
POM.2,PEPCO HOLDINGS INC,1135971,4911
OTRKQ,ONTRAK INC,1136174,8060
PWI.1,PRIMEWEST ENERGY TRUST,1136201,1311
WLMSQ,WILLIAMS INDUSTRIAL SE G INC,1136294,1600
CEQP,CRESTWOOD EQUITY PARTNERS LP,1136352,5172
ARBX,ARBINET CORP,1136655,7389
EONGY,E.ON SE,1136808,9997
ZBH,ZIMMER BIOMET HOLDINGS INC,1136869,3842
FIS,FIDELITY NATIONAL INFO SVCS,1136893,7374
HYW.1,CORPORATE HIGH YIELD FD IV,1137007,6726
IGI.2,IMAGISTICS INTERNATIONAL INC,1137019,5040
SSE.1,SOUTHERN CONN BANCORP INC,1137046,6020
SWRG,SMITH & WOLLENSKY RSTRNT GRP,1137047,5812
ORH,ODYSSEY RE HOLDINGS CORP,1137048,6351
ZCCC,COMMERCIAL CONSOLIDATORS CP,1137063,5065
GLYN,GALYAN'S TRADING CO INC,1137067,5940
LLEN,L & L ENERGY INC,1137083,1220
PSIX,POWER SOLUTIONS INTL INC,1137091,3510
KSL,KANEB SERVICES LLC,1137154,5172
FRCEF,FLETCHER BUILDING LTD,1137182,3270
BNY,BLACKROCK NY MUN INCOME FUND,1137390,6726
BFZ,BLACKROCK CA MUN INCOME FUND,1137391,6726
BBF,BLACKROCK MUN INCOME INV TR,1137392,6726
BFK,BLACKROCK MUN INCOME FUND,1137393,6726
LMRA,LUMERA CORP,1137399,2821
COL,ROCKWELL COLLINS,1137411,3728
BNJ.1,BLACKROCK NJ MUN INCOME FD,1137440,6726
NBFAQ,NOVA BIOSOURCE FUELS INC,1137469,1600
UBFO,UNITED SECURITY BANCSHARS CA,1137547,6020
FWFC,FIRST WASH FINANCIAL CORP,1137679,6020
PRU,PRUDENTIAL FINANCIAL INC,1137774,6311
STX,SEAGATE TECHNOLOGY HOLDINGS,1137789,3572
BCLI,BRAINSTORM CELL THERAPEUTICS,1137883,2836
NZR,NUVEEN MD DIV ADV MUNI FD 2,1137885,6726
NZF,NUVEEN MUN CREDIT INCM FD,1137887,6726
NZH,NUVEEN CA DIV ADV MUNI FD 3,1137888,6726
CBRE,CBRE GROUP INC,1138118,6531
AWE.2,AT&T WIRELESS SERVICES INC,1138234,4812
BMTI,BIOMIMETIC THERAPEUTICS INC,1138400,3842
GXDX,GENOPTIX INC,1138412,8071
INFN,INFINERA CORP,1138639,3661
ARAY,ACCURAY INC,1138723,3845
GNMX,AEVI GENOMIC MEDICINE INC,1138776,2836
UNCA,UNICA CORP,1138804,7372
CTRX.,COTHERIX INC,1138812,2836
FSGI,FIRST SECURITY GROUP INC,1138817,6020
AUTH.1,AUTHENTEC INC,1138830,3674
LF,LEAPFROG ENTERPRISES INC,1138951,3944
NVOS,NOVO INTEGRATED SCIENCES INC,1138978,8060
MDTH,MEDCATH CORP,1139463,8062
SBAY,SUBAYE INC,1139570,7370
ATRS.,ALTIRIS INC,1139650,7372
BLHI,BLUE HOLDINGS INC,1139683,2300
MBFI,MB FINANCIAL INC/MD,1139812,6020
AVVIY,AVIVA PLC,1140022,6311
3TLON,TALON THERAPEUTICS INC,1140028,2836
HQI,HIREQUEST INC,1140102,7363
0030B,IPAYMENT INC,1140184,7389
REED,REEDS INC,1140215,2086
ESNC,ENSYNC INC,1140310,3690
PMF,PIMCO MUNICIPAL INCOME FD,1140392,6726
PNF,PIMCO NY MUNICIPAL INCOME FD,1140410,6726
PCQ,PIMCO CA MUNICIPAL INCOME FD,1140411,6726
ATHR.1,ATHEROS COMMUNICATIONS INC,1140486,3674
WTW,WILLIS TOWERS WATSON PLC,1140536,6411
EQNR,EQUINOR ASA,1140625,2911
CSNY,CITY NETWORK INC,1140827,3663
COR,CENCORA INC,1140859,5122
CCRN,CROSS COUNTRY HEALTHCARE INC,1141103,7363
MDBS.,MADISON BANCSHARES INC/FL,1141106,6020
KMG.1,KERR-MCGEE CORP,1141185,1311
PED,PEDEVCO CORP,1141197,1311
HETC,HEALTHETECH INC,1141215,3845
LQMT,LIQUIDMETAL TECHNOLOGIES,1141240,3310
ASNS,ACTELIS NETWORKS INC,1141284,3669
MCGC,MCG CAPITAL CORP,1141299,6799
MA,MASTERCARD INC,1141391,7389
APPX.1,APP PHARMACEUTICALS INC,1141399,2834
ROAD.1,ROADWAY CORP,1141496,4213
LARK,LANDMARK BANCORP INC/KS,1141688,6020
ALTE,ALTERRA CAPITAL HOLDINGS LTD,1141719,6331
FCCY,1ST CONSTITUTION BANCORP,1141807,6020
CBE,COOPER INDUSTRIES PLC,1141982,3640
PVX,PROVIDENT ENERGY LTD,1142229,1311
CLSP,CALLISTO PHARMACEUTICALS INC,1142380,2836
CPYT,CAREPAYMENT TECHNOLOGIES INC,1142406,6153
NXST,NEXSTAR MEDIA GROUP,1142417,4833
ZIPR,ZIPREALTY INC,1142512,6531
OPTR,OPTIMER PHARMACEUTICALS INC,1142576,2834
NUVA,NUVASIVE INC,1142596,3841
UNTD,UNITED ONLINE INC,1142701,4899
WHT.2,WHEATON RIVER MINERALS LTD,1142746,1040
AMN,AMN HEALTHCARE SERVICES INC,1142750,7363
GXP,GREAT PLAINS ENERGY INC,1143068,4911
XBKS,XENITH BANKSHARES INC,1143155,6020
PBNC.1,PFS BANCORP INC -OLD,1143330,6035
SINT.1,SI INTERNATIONAL INC,1143363,7373
GLAD,GLADSTONE CAPITAL CORP,1143513,6797
LSBX,LSB CORP,1143848,6036
PORK,PREMIUM STANDARD FARMS INC,1143967,2011
BAYRY,BAYER AG,1144145,2800
AYI,ACUITY INC,1144215,3640
NEWN,NEW ENERGY SYSTEMS GROUP,1144320,3690
XJT,EXPRESSJET HOLDINGS INC,1144331,4512
HPY,HEARTLAND PAYMENT SYSTEMS,1144354,6099
IAIA,INTIER AUTOMOTIVE INC,1144399,2531
WBNK,WACCAMAW BANKSHARES INC,1144686,6020
FPHC,FISHER & PAYKEL HEALTHCARE,1144690,3842
TAC,TRANSALTA CORP,1144800,4911
APLD,APPLIED DIGITAL CORP,1144879,7372
PVR,PVR PARTNERS LP,1144945,1311
HDB,HDFC BANK LIMITED,1144967,6020
ABG,ASBURY AUTOMOTIVE GROUP INC,1144980,5500
GEAC.,GEAC COMPUTER CORP LTD,1145047,7373
FSCT,FORESCOUT TECH INC,1145057,7371
GLNHQ,GLOBAL ENERGY HOLDINGS GRP,1145061,2860
SWIM.1,THINKORSWIM GROUP INC,1145124,8200
PODD,INSULET CORP,1145197,3845
UNCLQ,MRU HOLDINGS INC,1145202,6141
HNNA,HENNESSY ADVISORS INC,1145255,6282
CRTX.1,CORNERSTONE THERAPEUTICS INC,1145404,2834
ALR.,ALERE INC,1145460,2835
NBJ,NUVEEN OH  DIV ADV MUNI FD 2,1145728,6726
ASPN,ASPEN AEROGELS INC,1145986,2810
ELV,ELEVANCE HEALTH INC,1156039,6324
AGIG,ABUNDIA GLOBAL IMPACT GRP IN,1156041,1311
SRLS,SERACARE LIFE SCIENCES INC,1156295,2835
CME,CME GROUP INC,1156375,6200
BGFV,BIG 5 SPORTING GOODS CORP,1156388,5940
GBTS,GATEWAY FINANCIAL HLDGS INC,1156953,6020
PMCB,PHARMACYTE BIOTECH INC,1157075,2836
ABCO,ADVISORY BOARD CO,1157377,8742
LRN,STRIDE INC,1157408,8200
CIG,CIA ENERGETICA DE MINAS,1157557,4911
MDGL,MADRIGAL PHARMACEUTICALS INC,1157601,2834
VTAE,VITAE PHARMACEUTICALS INC,1157602,2836
NSDA,NASSDA CORP,1157624,7372
WNEB,WESTERN NEW ENG BANCORP INC,1157647,6035
CNCP,CAROLINA NATIONAL CORP,1157648,6020
ATCV,ATC VENTURES GROUP INC,1157758,3524
CAAS,CHINA AUTOMOTIVE SYSTEMS INC,1157762,3714
OPXT,OPNEXT INC,1157780,3674
TEU.1,CP SHIPS LTD,1157808,4412
STTO,SITO MOBILE LTD,1157817,7372
RQI,COHEN & STEERS QTY INCM RLTY,1157842,6726
DJO,DJO INC,1157972,3842
TRCXY,TRANSCOM WORLDWIDE AB,1158004,7389
SCNTQ,SCIENT INC,1158019,9995
PHSB,PHSB FINANCIAL CORP,1158026,6036
TRQ,TURQUOISE HILL RESOURCES LTD,1158041,1000
FDG.1,FORDING CANADIAN COAL TRUST,1158113,1220
AAOI,APPLIED OPTOELECTRONICS INC,1158114,3674
SCOR,COMSCORE INC,1158172,8742
AFFY,AFFYMAX INC,1158223,9995
HTG,HERITAGE PPTY INVESTMENT TR,1158265,6798
JRS,NUVEEN REAL ESTATE INCOME FD,1158289,6726
CCOI,COGENT COMMUNICATIONS HLDGS,1158324,4813
BRCNF,BURCON NUTRASCIENCE CORP,1158399,2836
GGEI,GREEN GIANT INC,1158420,6552
AAP,ADVANCE AUTO PARTS INC,1158449,5531
JBLU,JETBLUE AIRWAYS CORP,1158463,4512
SZEZY,SUEZ,1158533,4911
MBVA,MILLENNIUM BANKSHARES CORP,1158678,6020
NNB,NUVEEN VA DIV ADV MUNI FD 2,1158728,6726
NVY,NUVEEN PA DIVID ADV MUN FD 2,1158729,6726
NNO,NUVEEN NC DIV ADV MUN FD 2,1158730,6726
PLUR,PLURI INC,1158780,2836
LSR,LIFE SCIENCES RESEARCH INC,1158833,2836
ATEYY,ADVANTEST CORP,1158838,3825
ERGN,ERGO SCIENCE CORP,1158846,2741
WAGE,WAGEWORKS INC,1158863,6411
LMAT,LEMAITRE VASCULAR INC,1158895,3841
NJDCY,NIDEC CORPORATION,1158967,3621
HALO,HALOZYME THERAPEUTICS INC,1159036,2836
BJZ,BLACKROCK CA MUNI 2018 TERM,1159038,6726
BLH,BLACKROCK NY MUNI 2018 TERM,1159039,6726
BPK,BLACKROCK MUNI 2018 TERM TR,1159040,6726
TWTV,TWO WAY TV (US) INC,1159041,4841
PCO.2,PREMCOR INC,1159119,2911
JHX,JAMES HARDIE INDUSTRIES PLC,1159152,3270
IRBTQ,IROBOT CORP,1159167,3990
ALR,ALERISLIFE INC,1159281,8051
MWV,MEADWESTVACO CORP,1159297,2631
SCMF,SOUTHERN CMNTY FINL CORP,1159427,6020
DB,DEUTSCHE BANK AG,1159508,6020
CS,CREDIT SUISSE GROUP,1159510,6211
OOM,O2 PLC,1159512,4812
PRISY,PROMOTORA DE INFORMACIONES,1159513,4888
LYG,LLOYDS BANKING GROUP PLC,1160106,6020
SDTHQ,SHENGDATECH INC,1160165,2870
DNET,DIGITALNET HOLDINGS INC,1160241,7373
MTENY,MAHANAGAR TELEPHONE NIGAM,1160262,4813
SVRA,SAVARA INC,1160308,2834
BBD,BRADESCO BANCO,1160330,6020
HYV,BLACKROCK CORP HIGH YLD FD V,1160469,6726
SUNN,SUNTRON CORP,1160513,3672
GORO,GOLD RESOURCE CORP,1160791,1040
OIBRQ,OI SA,1160846,4813
TRLG,TRUE RELIGION APPAREL INC,1160858,2300
BHK,BLACKROCK CORE BOND TRUST,1160864,6726
DCT,DUCK CREEK TECHNOL INC,1160951,7370
IPHI,INPHI CORP,1160958,3674
PCN,PIMCO CORP & INCM STRGY FUND,1160990,6726
NKR,NUVEEN AZ DIVID ADV MUN FD 2,1161069,6726
NUJ,NUVEEN NJ DIVID ADV MUN FD 2,1161070,6726
BCH,BANCO DE CHILE,1161125,6020
ETP,ENERGY TRANSFER PARTNERS -LP,1161154,4922
YDLE,YODLEE INC,1161315,7370
GNSS.,GENESIS MICROCHIP INC,1161396,3674
BOT.2,CBOT HOLDINGS INC,1161448,6200
ACHHY,ALUMINUM CORP CHINA LTD,1161611,3334
MGEE,MGE ENERGY INC,1161728,4931
ABGBY,ABENGOA SA,1161785,8711
KIQSF,KELSO TECHNOLOGIES INC,1161814,3743
MBRKQ,MIDDLEBROOK PHARMACEUTICALS,1161924,2834
TRZ,TRIZEC PROPERTIES INC,1161935,6798
AMIS,AMIS HOLDINGS INC,1161963,3674
AFB,ALLIANCEBERNSTEIN NATL MUN,1162027,6726
AKP,ALLIANCE CALIF MUN INCOME FD,1162028,6726
AYN,ALLIANCE NEW YORK MUN INC FD,1162030,6726
RNET,RIGNET INC,1162112,4899
AVRX,AVALON PHARMA INC,1162192,2836
LAB,STANDARD BIOTOOLS INC,1162194,3826
FPBI,FPB BANCORP INC,1162245,6020
EPAX,AMBASSADORS GROUP INC,1162315,4700
URZ,URANERZ ENERGY CORP,1162324,1090
CUTRQ,CUTERA INC,1162461,3845
DDE,DOVER DOWNS GAMING & ENTMT,1162556,7990
SCRJY,SCOR HOLDING SWITZERLAND AG,1162586,6331
UCFNQ,UNITED COS FINANCIAL CORP,1162689,6162
PUDA,PUDA COAL INC,1162747,1221
WATG,WONDER AUTO TECHNOLOGY INC,1162862,3690
PROP,PRAIRIE OPERATING CO,1162896,1311
COP,CONOCOPHILLIPS,1163165,1311
FNBG,FNB BANCORP CALIF,1163199,6020
X,UNITED STATES STEEL CORP,1163302,3312
PRTR.,PARTNERS TRUST FINL GRP INC,1163345,6035
AWHHF,ALLIED WORLD ASSURANCE CO AG,1163348,6331
NRIM,NORTHRIM BANCORP INC,1163370,6020
WFBC,WILLOW FINL BANCORP INC,1163428,6035
IDE.1,INTEGRATED DEFENSE TECH INC,1163461,3812
GTMAY,GRUPO TMM S.A.B,1163560,4400
NMR,NOMURA HOLDINGS INC,1163653,6211
SPFI,SOUTH PLAINS FINANCIAL INC,1163668,6020
SDBT,SOUNDBITE COMMUNICATIONS INC,1163698,4899
NBR,NABORS INDUSTRIES LTD,1163739,1381
AMBK,AMERICAN BANK INC/PA,1163747,6020
WEA,WESTERN ASSET PREMIER BD FD,1163792,6726
ANT.2,ANTEON INTERNATIONAL CORP,1163842,7373
ILSE,INTRALASE CORP,1163848,3845
ACTV.2,ACTIVE NETWORK INC,1163932,7372
SIRF,SIRF TECHNOLOGY HOLDINGS INC,1163943,3812
MSNWQ,MEDICAL STAFFNG NTWRK HLDGS,1163958,7363
EUBK,EUROBANCSHARES INC,1164554,6020
NEM,NEWMONT CORP,1164727,1040
NAK,NORTHERN DYNASTY MINERAL LTD,1164771,1000
NPO,ENPRO INC,1164863,3050
WHG,WESTWOOD HOLDINGS GROUP INC,1165002,6282
BHD,BLACKROCK STRATEGIC BOND TR,1165216,6726
PKT,PROCERA NETWORKS INC,1165231,3576
NVJ,NUVEEN OH DIVID ADV MUN FD 3,1165383,6726
COMMQ,ATX COMMUNICATIONS INC,1165532,4812
MRH,MONTPELIER RE HOLDINGS,1165880,6331
LAWEQ,LAW ENFORCEMENT ASSOCS CORP,1165921,3663
XPO,XPO INC,1166003,4213
MWE,MARKWEST ENERGY PARTNERS LP,1166036,1311
CPPRQ,OLD COPPER CO INC,1166126,5311
DCMYY,NTT DOCOMO INC,1166141,4812
LYRI,LYRIS INC,1166220,7370
PHT,PIONEER HIGH INCOME TRUST,1166258,6726
GENE,GENETIC TECHNOLOGIES LIMITED,1166272,2836
PNCLQ,PINNACLE AIRLINES CORP,1166291,4512
STBI,STURGIS BANCORP INC,1166362,6020
QTWWQ,QUANTUM FUEL SYS TECH WORLDW,1166380,3714
VRNT,VERINT SYSTEMS INC,1166388,7370
CAGC,CHINA AGRITECH INC,1166389,2870
EICU,VISICU INC,1166463,7372
NGK,NUVEEN CT DIVID ADV MUN FD 2,1166572,6726
TEN,TSAKOS ENERGY NAVIGATION LTD,1166663,4412
CMCSA,COMCAST CORP,1166691,4841
WBD.1,WIMM BILL DANN FOODS,1166718,2020
SHLT,SHL TELEMEDICINE LTD,1166834,8090
WTBA,WEST BANCORPORATION INC,1166928,6020
AONEQ,A123 SYSTEMS INC,1167178,3690
MERU,MERU NETWORKS INC,1167294,3661
ALC,ALCON INC,1167379,3851
RIOT,RIOT PLATFORMS INC,1167419,7372
BBK,BLACKROCK MUNICIPAL BOND TR,1167467,6726
BQH,BLACKROCK NY MUNICIPAL BOND,1167470,6726
RHDGF,RETAIL HOLDINGS NV,1167630,5700
NEXT.2,NEXTEST SYSTEMS CORP,1167896,3825
XEC,CIMAREX ENERGY CO,1168054,1311
ELAB.1,EON LABS INC,1168061,2834
FIRE,SOURCEFIRE INC,1168195,7373
LPDX,LIPOSCIENCE INC,1168197,8071
AROPQ,ARO LIQUIDATION INC,1168213,5621
ULUR,ULURU INC,1168220,2834
EYE.3,ADVANCED MEDICAL OPTICS INC,1168335,3845
PPX.1,PACIFIC ENERGY PARTNERS  -LP,1168397,4610
PLBC,PLUMAS BANCORP,1168455,6020
HEW,HEWITT ASSOCIATES INC,1168478,7374
TBV,TIENS BIOTECH GROUP USA INC,1168556,2834
HIRE,HIRERIGHT INC,1168652,7374
RGC.1,REGAL ENTERTAINMENT GROUP,1168696,7830
RRE,AIM SELECT R E INCOME FUND,1168786,6726
BZA,BLACKROCK CA MUNICIPAL BOND,1169027,6726
BIE,BLACKROCK MUNI BOND INV TR,1169028,6726
BZM,BLACKROCK MD MUNICIPAL BOND,1169029,6726
BLJ,BLACKROCK NJ MUNICIPAL BOND,1169031,6726
BHV,BLACKROCK VA MUNICIPAL BOND,1169034,6726
BIW,BIW LTD,1169237,4941
TXUI,TEXAS UNITED BANCSHARES INC,1169238,6020
PHASQ,PHASEBIO PHARMACEUTIC,1169245,2836
SVR.1,SYNIVERSE HOLDINGS INC-OLD,1169264,7373
IRGI,INVERESK RESEARCH GROUP INC,1169358,8731
PSBC,PACIFIC STATE BANCORP/CA,1169424,6020
TBRG,TRUBRIDGE INC,1169445,7372
TKOMY,TOKIO MARINE HOLDINGS INC,1169486,6331
CVLT,COMMVAULT SYSTEMS INC,1169561,7370
ECOM,CHANNELADVISOR CORP,1169652,7370
SDXAY,SODEXO S A,1169715,5812
MCBF,MONARCH COMMUNITY BANCORP,1169769,6035
BANC,BANC OF CALIFORNIA INC,1169770,6020
HTGMQ,HTG MOLECULAR DIAGNOSTICS,1169987,2835
WIFI,BOINGO WIRELESS INC,1169988,4899
KMX,CARMAX INC,1170010,5500
GST.1,GASTAR EXPLORATION INC-OLD,1170154,1311
PML,PIMCO MUNICIPAL INCOME FD II,1170299,6726
PCK,PIMCO CALIF MUN INCOME FD II,1170300,6726
PNI,PIMCO NY MUN INCOME FUND II,1170311,6726
MITL,MITEL NETWORKS CORP,1170534,3661
PRSG,PRIMUS GUARANTY LTD,1170593,6153
TONEQ,TIERONE CORP,1170605,6035
MHS,MEDCO HEALTH SOLUTIONS INC,1170650,5912
CVLL,COMMUNITY VALLEY BANCORP/CA,1170833,6020
SBS,COMPANHIA DE SANEAMENTO,1170858,4941
RPF,COHEN & STEERS PREM INC RLTY,1170895,6726
DCT.1,DCT INDUSTRIAL TRUST INC,1170991,6798
UNXLQ,UNI-PIXEL INC,1171012,3679
COSIQ,COSI INC,1171014,5812
BKRSQ,BAKERS FOOTWEAR GROUP INC,1171032,5661
RLGT,RADIANT LOGISTICS INC,1171155,4731
PKDY,PACKAGING DYNAMICS CORP,1171159,2670
NPTE,NORTH POINTE HOLDINGS CORP,1171218,6331
SLTM,SOLTA MEDICAL INC,1171298,3845
CHI,CALAMOS CONV OPP AND INC FD,1171471,6726
NRP,NATURAL RESOURCE PARTNERS LP,1171486,6795
PTP,PLATINUM UNDERWRITERS HLDG,1171500,6331
TWLL,TECHWELL INC,1171529,3674
GTS,TRIPLE-S MANAGEMENT CORP,1171662,6324
RRGB,RED ROBIN GOURMET BURGERS,1171759,5812
CIT,CIT GROUP INC,1171825,6020
SAFT,SAFETY INSURANCE GROUP INC,1172052,6331
ALFC.2,ATLANTIC LIBERTY FINANCIAL,1172095,6035
HTM,U S GEOTHERMAL INC,1172136,4991
JTP,NUVEEN QUALITY PFD INCM FD,1172168,6726
HA,HAWAIIAN HOLDINGS INC,1172222,4512
MTCT,MTC TECHNOLOGIES INC,1172243,8711
CJBK,CENTRAL JERSEY BANCORP,1172353,6020
DMLP,DORCHESTER MINERALS  -LP,1172358,6792
SNTS,SANTARUS INC,1172480,2834
AUOTY,AUO CORPORATION,1172494,3674
SUNWQ,SUNWORKS INC,1172631,3674
TMCV,TEMECULA VALLEY BANCORP INC,1172678,6020
GFI,GOLD FIELDS LTD,1172724,1040
VCGH,VCG HOLDING CORP,1172852,7990
CNVS,CINEVERSE CORP,1173204,7822
NBSE,NEUBASE THERAPEUTICS INC,1173281,2836
NVDQ.1,NOVADAQ TECHNOLOGIES INC,1173293,3845
ABVC,ABVC BIOPHARMA INC,1173313,2836
CAE,CAE INC,1173382,3690
NG,NOVAGOLD RESOURCES LTD,1173420,1040
AMTD.,TD AMERITRADE HOLDING CORP,1173431,6211
CEVA,CEVA INC,1173489,6794
ORBZ,ORBITZ INC,1173495,4700
HY,HYSTER YALE INC,1173514,3537
RIT,LMP REAL ESTATE INCM FND INC,1173557,6726
TRX,TRX GOLD CORP,1173643,1040
BTRX.,BARRIER THERAPEUTICS INC,1173657,2834
ARUN,ARUBA NETWORKS INC,1173752,3576
HSM,HELIOS STRATEGIC MTG INCM FD,1173788,6726
EEQ,ENBRIDGE ENERGY MGMT LLC,1173911,4610
CLGRF,CLAUDE RESOURCES INC,1173924,1040
WRS.2,WINDROSE MEDICAL PPTYS TR,1173942,6798
FFC,FLAHERTY & CRUMRINE PFD SECS,1174164,6726
AQN,ALGONQUIN POWER & UTIL CORP,1174169,4991
ENVI.2,ENVIVIO INC,1174266,3663
CDELB,CITADEL BROADCASTING CORP,1174527,4832
LEND.1,ACCREDITED HOME LENDERS HLDG,1174735,6162
CLFC,CENTER FINANCIAL CORP/CA,1174820,6020
NIC,NICOLET BANKSHARES INC,1174850,6020
WYNN,WYNN RESORTS LTD,1174922,7990
OGEN,ORAGENICS INC,1174940,2836
ROHIQ,ROTECH HEALTHCARE INC,1175108,7350
CTSO,CYTOSORBENTS CORP,1175151,3841
APRO.,AMERICA FIRST APT INVESTORS,1175167,6798
CPAY,CORPAY INC,1175454,7389
GLFE,GOLF ENTERTAINMENT GROUP INC,1175483,7990
FPRX,FIVE PRIME THERAPEUTICS INC,1175505,2836
WSR,WHITESTONE REIT,1175535,6798
GOLD.3,RANDGOLD RESOURCES LTD,1175580,1040
CAVM,CAVIUM INC,1175609,3576
EEEI,ELECTRO ENERGY INC,1175636,3690
BLOG,BLADELOGIC INC,1175685,7372
CXSPY,CHEMGENEX PHARMACEUTICALS,1175965,2834
BLE,BLACKROCK MUNI INCOME TR II,1176194,6726
BCL,BLACKROCK CA MUN INCM TR II,1176196,6726
BFY,BLACKROCK NY MUN INCM TR II,1176197,6726
HPI,HANCOCK JOHN PFD INCOME FD,1176199,6726
ORMP,ORAMED PHARMACEUTICALS INC,1176309,2836
ANCX,ACCESS NATIONAL CORP,1176316,6020
MMLP,MARTIN MIDSTREAM PARTNERS LP,1176334,5172
TIER.1,TIER REIT INC,1176373,6798
JPS,NUVEEN PREFERRED SEC IN FUND,1176433,6726
ARES,ARES MANAGEMENT CORP,1176948,6282
MAXW,MAXWORLDWIDE INC,1176983,7310
EIM,EATON VANCE MUN BOND FD,1176984,6726
EVM,EATON VANCE CA MUN BOND FD,1177161,6726
ENX,EATON VANCE NY MUN BOND FD,1177162,6726
NXE.1,NUVEEN AZ DIV ADV MUN FD 3,1177212,6726
NWI,NUVEEN MD DIV ADV MUN FD 3,1177214,6726
NII,NUVEEN NC DIV ADV MUN FD 3,1177216,6726
NGO,NUVEEN CT DIV ADV MUN FD 3,1177218,6726
NKG,NUVEEN GA QUAL MUN INCM FD,1177219,6726
BRANF,BARAN GROUP LTD,1177328,8711
SNX,TD SYNNEX CORP,1177394,5045
SOQDQ,SONDE RESOURCES CORP,1177470,1311
FIVE,FIVE BELOW INC,1177609,5331
ENTA,ENANTA PHARMACEUTICALS INC,1177648,2836
SAIA,SAIA INC,1177702,4213
XPLR,XPLORE TECHNOLOGIES CORP,1177845,3571
PSRC,PALMSOURCE INC,1178056,7372
DXTRQ,DEXTERA SURGICAL INC,1178104,3841
SCYX,SCYNEXIS INC,1178253,2836
HOKUQ,HOKU CORP,1178336,3679
YMI,YM BIOSCIENCES INC,1178347,2836
TDBK,TIDELANDS BANCSHARES INC,1178409,6020
NISGY,NIS GROUP CO LTD,1178551,6163
BBCZ,BODISEN BIOTECH INC,1178552,2870
KSP,K-SEA TRANSPORTATION  -LP,1178575,4400
ALNY,ALNYLAM PHARMACEUTICALS INC,1178670,2836
SONM,SONIM TECHNOLOGIES INC,1178697,3663
PRTK,PARATEK PHARMACEUTCLS INC,1178711,2834
COMS,COMSOVEREIGN HOLDING CORP,1178727,3663
SCUEF,STORM CAT ENERGY CORP,1178818,1311
AGI,ALAMOS GOLD INC,1178819,1040
NBH,NEUBERGER MUNICIPAL FUND INC,1178839,6726
NBW,NEUBERGER BERMAN CA INT MUN,1178840,6726
NBO,NEUBERGER BERMAN NY INT MUN,1178841,6726
FOLD,AMICUS THERAPEUTICS INC,1178879,2836
DRWIQ,DRAGONWAVE INC,1178946,3663
PFS,PROVIDENT FINANCIAL SVCS INC,1178970,6036
ENLK,ENLINK MIDSTREAM PARTNERS LP,1179060,4923
PREMF,PREMD INC,1179083,2835
SRQ,DWS RREEF REAL ESTATE FUND,1179126,6726
CDCO,COMDISCO HOLDING CO INC,1179484,9995
ENH,ENDURANCE SPECIALTY HOLDINGS,1179755,6331
BGI,BIRKS GROUP INC,1179821,5944
MOH,MOLINA HEALTHCARE INC,1179929,6324
SSNI,SILVER SPRING NETWORKS INC,1180079,3576
CSII,CARDIOVASCULAR SYSTEMS INC,1180145,3841
HLF,HERBALIFE LTD,1180262,2834
ABVA,ALLIANCE BANKSHARES CORP,1181001,6020
BSE,BLACKROCK NY MUN INC QLTY TR,1181024,6726
BAF,BLACKROCK MUN INC INVST QLTY,1181026,6726
BCK.2,BLACKROCK CA INS MUN INC TR,1181027,6726
BYM,BLACKROCK MUN INC QLTY TR,1181187,6726
SRVA,SIRVA INC  -REDH,1181232,4213
BFO,BLACKROCK FLA MUN 2020 TERM,1181249,6726
BKK,BLACKROCK MUN 2020 TERM TR,1181250,6726
PZC,PIMCO CALIF MUN INC FD III,1181504,6726
PYN,PIMCO NY MUN INCOME FUND III,1181505,6726
PMX,PIMCO MUNICIPAL INCM FD III,1181506,6726
AUXL,AUXILIUM PHARMA INC,1182129,2834
TNGO,TANGOE INC,1182325,7372
OCNB.1,BRIDGE STREET FINANCIAL INC,1182555,6020
AAAGY,ALTANA AG,1182802,2800
NFP,NATIONAL FINANCIAL PRTNRS CP,1183186,6411
MTEMQ,MOLECULAR TEMPLATES INC,1183765,2836
MXN,FIRST AMERN MN MUN INC FD II,1183829,6726
DADE,DADE BEHRING HOLDINGS INC,1183920,2835
ACTI,ACTIVIDENTITY CORP,1183941,7370
WC,WELLCHOICE INC,1184702,6324
CCBI,COMMERCIAL CAPITAL BANCORP,1184818,6035
PRAA,PRA GROUP INC,1185348,6153
DNY,DENALI FUND INC,1187520,6726
CELZ,CREATIVE MED TECH HLDG INC,1187953,2836
TGN.11,TEXAS GENCO HOLDINGS INC,1188303,4911
SOMH,SOMERSET HILLS BANCORP,1189396,6020
DRYR,DREYER'S GRAND ICE CRM HLDGS,1189712,2024
HPF,HANCOCK JOHN PREF INCM FD II,1189740,6726
TS,TENARIS SA,1190723,3317
PTY,PIMCO CORP & INCM OPPTY FUND,1190935,6726
NEUP,NEUPHORIA THERAPEUTICS INC,1191070,2836
CHA.1,CHINA TELECOM CORP LTD,1191255,4813
RIF.1,AEW REAL ESTATE INCOME FUND,1191256,6726
FNXMF.,FNX MINING CO INC,1191679,1000
KONMY,KONAMI GROUP CORPORATION,1191694,7372
MPAC.2,MOD-PAC CORP,1191857,2631
XPRT,LECG CORP,1192305,8742
GKOS,GLAUKOS CORP,1192448,3841
AFR,AMERICAN FINANCIAL REALTY TR,1193558,6798
WTEL,WILTEL COMMUNICATIONS GROUP,1195454,4813
PBPB,POTBELLY CORP,1195734,5812
NEA,NUVEEN AMT-FREE QU MUNI INCM,1195737,6726
NKX,NUVEEN CALIF AMT-FREE QTY,1195738,6726
NRK,NUVEEN NY AMT-FREE QL MUN,1195739,6726
IPCC,INFINITY PROPERTY & CAS CORP,1195933,6331
NEPH,NEPHROS INC,1196298,3841
NGX,NUVEEN MA AMT-FREE MUNI INCM,1196366,6726
HMSY,HMS HOLDINGS CORP,1196501,6411
EIV,EATON VANCE MUN BOND FD II,1196867,6726
EIA,EATON VANCE CA MUN BD FD II,1196869,6726
EIF.2,EATON VANCE INS FL PLUS MUN,1196870,6726
MAB,EATON VANCE MA MUN BOND FD,1196871,6726
MIW,EATON VANCE MI MUN BOND FD,1196872,6726
EMJ,EATON VANCE NJ MUN BOND FD,1196874,6726
NYH,EATON VANCE NY MUN BD FD II,1196875,6726
EIO,EATON VANCE OH MUN BOND FD,1196876,6726
EIP,EATON VANCE PA MUN BOND FD,1196877,6726
FMN,FEDERATED HERMES PREMIER MUN,1199004,6726
FBCP.,FRANKLIN BANCORP INC/MI,1199025,6020
IASG,INTEGRATED ALARM SVCS GROUP,1200022,6159
CDXS,CODEXIS INC,1200375,2836
JHP,NUVEEN QUALITY PFD INCM FD 3,1200446,6726
NTO,NORTHERN ORION RESOURCES INC,1200525,1000
ADNC,AUDIENCE INC,1201663,3674
APEI,AMERICAN PUBLIC EDUCATION,1201792,8200
GOLF.1,GOLFSMITH INTL HOLDINGS INC,1202273,5940
FPT,FEDERATED PREM INTR MUN INC,1202806,6726
IAG,IAMGOLD CORP,1203464,1040
3HXLXF,HERITAGE EXPLORATIONS LTD,1203554,1040
GNA,GERDAU AMERISTEEL CORP,1203748,3312
CEAI.,CHINA EDUCATION ALLIANCE INC,1203900,8200
BNVIQ,BIONOVO INC,1203957,2834
PCOM,POINTS.COM INC,1204413,7370
MPG.3,MPG OFFICE TRUST INC,1204560,6798
SSAG,SSA GLOBAL TECHNOLOGIES,1205431,7372
CBEY,CBEYOND INC,1205727,4899
VCNX,VACCINEX INC,1205922,2836
SGI,SOMNIGROUP INTERNATIONAL INC,1206264,2510
FBTXQ,FRANKLIN BANK CORP,1207070,6036
VRTU,VIRTUSA CORP,1207074,7370
GLNG,GOLAR LNG LTD,1207179,4412
DGI,DIGITALGLOBE INC,1208208,4899
WMC.1,WMC RESOURCES LTD,1208222,1000
IMNPQ,IMMUNE PHARMACEUTICALS INC,1208261,2836
AAIC,ARLINGTON ASSET INVESTMENT,1209028,6799
XTXI,CROSSTEX ENERGY INC,1209821,1311
EAD,ALLSPRING INCOME OPPTNY FUND,1210123,6726
BNCN,BNC BANCORP,1210227,6020
SPIEF,SPI ENERGY CO LTD,1210618,3620
FA,FIRST ADVANTAGE CORP,1210677,7389
THE,TODCO,1210697,1381
STRR,STAR EQUITY HOLDINGS INC,1210708,7361
MLGGY,MELDEX INTL PLC,1210959,2834
RTWIQ,RTW RETAILWINDS INC,1211351,5621
FENC,FENNEC PHARMACEUTICALS INC,1211583,2836
CNXR,CONNECTURE INC,1211759,7370
MYSZ,MY SIZE INC,1211805,7372
XTNT.1,XTENT INC,1212235,3842
PFPT,PROOFPOINT INC,1212458,7372
WAL,WESTERN ALLIANCE BANCORP,1212545,6020
CRDF,CARDIFF ONCOLOGY INC,1213037,2836
BPP,BLACKROCK CR ALLOC INCM III,1213169,6726
BIMI,BIMI INTERNATIONAL MEDCL INC,1213660,5122
DYAI,DYADIC INTERNATIONAL INC,1213809,2836
TLKGY,TELKOM SA SOC LTD,1214299,4813
AXS,AXIS CAPITAL HOLDINGS LTD,1214816,6331
NCV,VIRTUS CONVERTIBLE & IN FUND,1214935,6726
OZN,OREZONE RESOURCES INC,1215546,1400
PSY.2,BLACKROCK CR ALLOC INC TR II,1215664,6726
HPS,HANCOCK JOHN PFD INCM FD III,1215913,6726
PBAL,PEPPERBALL TECHNOLOGIES INC,1216199,3669
MYSZY,MASISA S.A.,1216559,2400
JPC,NUVEEN PREF & INCM OPPNTY FD,1216583,6726
NTK,NORTEK INC,1216596,3585
CDNA,CAREDX INC,1217234,2835
FOXH,FOXHOLLOW TECHNOLOGIES INC,1217688,3841
WDGH,WOODBRIDGE HOLDINGS CORP,1218320,6552
MIGI,MAWSON INFRA GROUP INC,1218683,7370
AVK,ADVENT CONVERTIBL AND INC FD,1219120,6726
OPTM,OPTIUM CORP,1219169,3663
IKAN,IKANOS COMMUNICATIONS INC,1219210,3674
PHK,PIMCO HIGH INCOME FUND,1219360,6726
CCK,CROWN HOLDINGS INC,1219601,3411
LNKE,LINK ENERGY LLC,1219702,5171
EPEN,EAST PENN FINANCIAL CORP,1220483,6020
MODVQ,MODIVCARE INC,1220754,4100
CPAC,CEMENTOS PACASMAYO SAA,1221029,3241
NRI.1,NEUBERGER BERMAN RLTY INC FD,1221327,6726
IOC,INTEROIL CORP,1221715,1311
HYT,BLACKROCK CORP HI YIELD FUND,1222401,6726
MAM,MAINE & MARITIMES CORP,1222497,4911
CHY,CALAMOS CONV & HIGH INCM FD,1222719,6726
RPAI,RETAIL PPTYS OF AMERICA INC,1222840,6798
JFBI,JEFFERSON BANCSHARES INC/TN,1222915,6035
EVV,EATON VANCE LTD DUR INCM FD,1222922,6726
MHI,PIONEER MUNICIPAL HIGH INCM,1223026,6726
SRXHF,SRX POST HOLDINGS INC,1223165,3663
CONNQ,CONN'S INC,1223389,5731
NSH.1,NUSTAR GP HOLDINGS LLC,1223786,5171
BLOX.1,INFOBLOX INC,1223862,7370
MCHX,MARCHEX INC,1224133,7389
MSPD,MINDSPEED TECHNOLOGIES INC,1224370,3674
RNP,COHEN & STR REIT &PF&INM INC,1224450,6726
MBPFY,MITCHELLS & BUTLERS PLC,1224480,5810
CNO,CNO FINANCIAL GROUP INC,1224608,6321
VSBN,VSB BANCORP INC/NY,1225874,6020
DTSI,DTS INC,1226308,6794
MNOV,MEDICINOVA INC,1226616,2836
NPTN,NEOPHOTONICS CORP,1227025,3674
ERC,ALLSPRING MULTI-SCTR INCM FD,1227073,6726
HIH,HELIOS HIGH INCOME FUND INC,1227122,6726
CHLE,CENTENNIAL SPECLTY FOODS CP,1227167,2030
JQC,NUVEEN CREDIT STRATEGIES,1227476,6726
EQBK,EQUITY BANCSHARES INC,1227500,6020
STIM,NEURONETICS INC,1227636,3845
CMP,COMPASS MINERALS INTL INC,1227654,1400
NCZ,VIRTUS CONVERTIB & INC FD II,1227857,6726
EMD,WESTERN ASST EMERG MRKT DEBT,1227862,6726
ENTR.1,ENTROPIC COMMUNICATIONS INC,1227930,3674
RINYY,RINKER GROUP LTD,1228028,3272
BCBP,BCB BANCORP INC,1228454,6020
EHI,WESTERN ASST GLBL HI INCM FD,1228509,6726
IRD,OPUS GENETICS INC,1228627,2834
CDX.1,CATELLUS DEVELOPMENT CORP,1228862,6798
PSW,BLACKROCK CR ALLOC INCM TR I,1229876,6726
PIPR,PIPER SANDLER COS,1230245,6211
P,PANDORA MEDIA INC,1230276,7370
BAXSQ,BAXANO SURGICAL INC,1230355,3841
ASA,ASA GOLD AND PRECIOUS METALS,1230869,6799
MAG,MAG SILVER CORP,1230992,1040
SRO,DWS RREEF REAL ESTATE FD II,1231160,6726
SA,SEABRIDGE GOLD INC,1231346,1040
GNLX,GENELUX CORP,1231457,2836
ISG.1,INTERNATIONAL STEEL GRP INC,1231868,3310
BRLCQ,SYNTAX-BRILLIAN CORP,1232229,3651
JRN,JOURNAL COMMUNICATIONS INC,1232241,4888
TRP,TC ENERGY CORP,1232384,4922
VAPHQ,VASO ACTIVE PHARMA INC,1232400,2834
FCM,FIRST TRUST/FOUR CORNERS SR,1232461,6726
JAZZ,JAZZ PHARMACEUTICALS PLC,1232524,2834
AHT,ASHFORD HOSPITALITY TRUST,1232582,6798
MUI,BLACKROCK MUNICIPAL INCOME,1232860,6726
MNE,BLACKROCK MUNI NY INT DUR FD,1232863,6726
FTF,FRANKLIN LTD DUR INCOME TR,1233087,6726
3NHRX,NATIONSHEALTH INC,1233426,5912
BLW,BLACKROCK LTD DURATN INC TR,1233681,6726
GOOD,GLADSTONE COMMERCIAL CORP,1234006,6798
TBHS,BANK HOLDINGS INC,1234383,6020
ECYT,ENDOCYTE INC,1235007,2836
MNTA,MOMENTA PHARMACEUTICALS INC,1235010,2836
LQDT,LIQUIDITY SERVICES INC,1235468,5961
MZF,MANAGED DURATION INVT MUN FD,1235511,6726
CVRX,CVRX INC,1235912,3841
REDEQ,REDENVELOPE INC,1236038,5961
QXO,QXO INC,1236275,7370
LUMCQ,LUMINENT MORTGAGE CAPITAL,1236309,6798
GHCI,GENESIS HEALTHCARE CORP,1236736,8051
KNBT,KNBT BANCORP INC,1236964,6036
CPAH,COUNTERPATH CORP,1236997,7372
EIGI,ENDURANCE INTL GRP HLDGS INC,1237746,7370
GMED,GLOBUS MEDICAL INC,1237831,3841
HAYZQ,HAYES LEMMERZ INTL INC,1237941,3714
CUREQ,CURATIVE HEALTH SERVICES INC,1238631,5912
GSIH,GENERAL STEEL HOLDINGS INC,1239188,5051
RGLOF,REGALITO COPPER CORP,1239197,1000
LUNA,LUNA INNOVATIONS INC,1239819,3827
CSE,CAPITALSOURCE INC,1241199,6159
MT,ARCELORMITTAL,1243429,3312
RPFG,RAINIER PACIFIC FINL GRP INC,1243800,6036
PFL,PIMCO INCOME STRATEGY FUND,1244183,6726
ENOC,ENERNOC INC,1244937,7370
GBIM,GLOBEIMMUNE INC,1245104,2836
FLC,FLAHERTY & CRUMRINE TOT RET,1245648,6726
MGG,MAGELLAN MIDSTREAM HLDGS LP,1246263,4610
APEN,APOLLO ENDOSURGERY INC,1251769,3841
CXP,COLUMBIA PROPERTY TRUST INC,1252849,6798
VAPO,VAPOTHERM INC,1253176,3845
OLBK,OLD LINE BANCSHARES INC,1253317,6020
EVT,EATON VANCE TAX ADVT DIV INC,1253327,6726
CBIO,CRESCENT BIOPHARMA INC,1253689,2836
CFW,CANO PETROLEUM INC,1253710,1311
CML,COMPELLENT TECHNOLOGIES INC,1253955,7373
ABR,ARBOR REALTY TRUST INC,1253986,6798
WIA,WESTERN ASS INF-LKD INCM FND,1254370,6726
MDAS,MEDASSETS INC,1254419,7372
FPO,FIRST POTOMAC REALTY TRUST,1254595,6798
IIA,ING CLARION RE INCOME FUND,1254634,6726
0189A,QVC INC,1254699,5961
WLL,WHITING PETROLEUM CORP,1255474,1311
JDD,NUVEEN DIVERSIFIED DIV INCM,1255821,6726
AHMIQ,AMERICAN HOME MTG INVT CORP,1256536,6798
KRO,KRONOS WORLDWIDE INC,1257640,2810
TLVTF,TELVENT GIT SA,1257803,7373
JEDOF,JED OIL INC,1258021,1311
NNI,NELNET INC,1258602,6141
EFR,EATON VANCE SR FLTNG RTE TR,1258623,6726
MKTW.1,MARKETWATCH INC,1258655,7370
MAV,PIONEER MUNI HI INC ADV FUND,1258943,6726
0161A,BIG HEART PET BRANDS,1259045,2040
OXSQ,OXFORD SQUARE CAPITAL CORP,1259429,6797
CTRL,CONTROL4 CORP,1259515,3829
LOCM,LOCAL CORP,1259550,7370
RAK.1,RENAISSANCE ACQUISITION CORP,1259648,9995
FRA,BLACKROCK FLTG RATE INCM STR,1259708,6726
BLU,BELLUS HEALTH INC,1259942,2834
HTD,HANCOCK JOHN TAX-ADV DIV INC,1260041,6726
TDG,TRANSDIGM GROUP INC,1260221,3728
NFJ,VIRTUS DIVI INT & PRE STR FD,1260563,6726
CSR.,CHINA SECURITY & SURV TECH,1260625,3669
GDV,GABELLI DIVIDEND & INCOME TR,1260729,6726
ENGY,CENTRAL ENERGY PARTNERS LP,1260828,5171
MRLN,MARLIN BUSINESS SERVICES INC,1260968,6172
ONCT,ONCTERNAL THERAPEUTICS INC,1260990,2836
ADFS,AMERICAN DEFENSE SYSTEMS INC,1260996,3790
NRO,NEUBERGER RL EST SEC INCM FD,1261166,6726
AGRX,AGILE THERAPEUTICS INC,1261249,2834
DOCU,DOCUSIGN INC,1261333,7370
DESCQ,DISTRIBUTED ENERGY SYS CORP,1261482,1600
UTI,UNIVERSAL TECHNICAL INST,1261654,8200
NPTT,NPTEST HOLDING CORP,1261686,3825
AOLS,AEOLUS PHARMACEUTICALS INC,1261734,2834
CAST.3,CHINACAST EDUCATION CORP,1261888,8200
FTNT,FORTINET INC,1262039,7372
LITS,LITE STRATEGY INC,1262104,2834
TRCA.1,TERCICA INC,1262175,2834
DSTI,DAYSTAR TECHNOLOGIES INC,1262200,8731
CFHI,COAST FINANCIAL HOLDINGS INC,1262276,6020
FMD,FIRST MARBLEHEAD CORP,1262279,6141
HIH.1,HIGHLAND HOSPITALITY CORP,1262415,6798
WLK,WESTLAKE CORP,1262823,2821
CMPR,CIMPRESS PLC,1262976,2750
EXNRF,EXCELLON RESOURCES INC,1263011,1000
SHG,SHINHAN FINANCIAL GROUP LTD,1263043,6020
PRPX,PORTEC RAIL PRODUCTS INC,1263074,3743
TWHR,WASHTENAW GROUP INC,1263282,6162
TOMOY,TOM ONLINE INC,1263288,4899
PRVD,PROVIDE COMMERCE INC,1263756,5961
SLCT,SELECT BANCORP INC,1263762,6020
SYNF,SYNERGY FINANCIAL GROUP INC,1263766,6035
UTG,REAVES UTILITY INCOME FUND,1263994,6726
AUY,YAMANA GOLD INC,1264089,1040
WF,WOORI FINANCIAL GROUP INC,1264136,6020
QNTA.1,QUANTA CAPITAL HOLDINGS LTD,1264242,6331
FVI.1,FIRST TRUST/VALUE LINE,1264352,6726
ALSM,ALPHASMART INC,1264388,3571
STML,STEMLINE THERAPEUTICS INC,1264587,2836
AACC,ASSET ACCEPTANCE CAPITL CP,1264707,6153
NAL,NEWALLIANCE BANCSHARES INC,1264755,6036
BIOV.1,BIOVERIS CORP,1264899,3826
HTH,HILLTOP HOLDINGS INC,1265131,6199
BDV,BLACKROCK EQUITY DIVIDEND TR,1265316,6726
RTU,COHEN & STEERS REIT UTL FD,1265419,6726
KONA,KONA GRILL INC,1265572,5812
JTA,NUVEEN TAX-ADV TOT RET ST FD,1265708,6726
HAN,HANSON PLC,1265725,1400
NSR.3,NEUSTAR INC,1265888,4899
GPT.2,GOVERNMENT PROPERTIES TRUST,1266112,6798
NMZ,NUVEEN MUN HIGH INC OPP FD,1266585,6726
HRBN,HARBIN ELECTRIC INC,1266719,3621
VANI,VIVANI MEDICAL INC,1266806,3845
TRW,TRW AUTOMOTIVE HOLDINGS CORP,1267097,3714
CAB,CABELAS INC,1267130,5940
PBF.1,PIONEER MUNI AND EQ INCM TR,1267150,6726
SBX,SEABRIGHT HOLDINGS INC,1267201,6331
AIZ,ASSURANT INC,1267238,6351
AHL,ASPEN INSURANCE HOLDINGS LTD,1267395,6331
SMICY,SEMICONDUCTOR MFG INTL CORP,1267482,3674
COLL,COLLEGIUM PHARMACEUTICAL INC,1267565,2834
ALIM,ALIMERA SCIENCES INC,1267602,2834
MRNS,MARINUS PHARMACEUTICALS INC,1267813,2836
EIR.1,EIRCOM PLC,1267841,4813
GGE.,GUGGENHEIM ENHANCED EQTY FD,1267890,6726
WIW,WESTERN ASS INFL-LINKED OPPT,1267902,6726
ORGN.1,ORIGEN FINANCIAL INC,1268039,6798
NGBF,NEW GENERATION BIOFUELS,1268236,2990
TYG,TORTOISE ENERGY INFRASTR CP,1268533,6726
PBTH,PROLOR BIOTECH INC,1268659,2836
TNS,TNS INC,1268671,7374
IGR,CBRE GBL REAL EST INCM FUND,1268884,6726
CILJF,CHINA LIFE INSURANCE COMPANY,1268896,6311
ETWC,ETRIALS WORLDWIDE INC,1268904,7370
RDDYQ,REDDY ICE HOLDINGS INC,1268984,2090
PTLA,PORTOLA PHARMACEUTICALS INC,1269021,2836
SINT,SINTX TECHNOLOGIES INC,1269026,3842
SUMT,SUMTOTAL SYSTEMS INC,1269132,7372
FRB,BLACKROCK FLT RTE INC STR II,1269143,6726
TCOM,TRIP COM GROUP LTD,1269238,4700
FACE,PHYSICIANS FORMULA HOLDINGS,1269871,2844
ICPT,INTERCEPT PHARMA INC,1270073,2836
SCD,LMP CAPITAL & INCOME FND INC,1270131,6726
VMED,VIRGIN MEDIA INC,1270400,4841
COHN,COHEN & COMPANY INC,1270436,6211
LPMAF,LIPMAN ELECTRONIC ENGR LTD,1270484,3578
ETG,EATON VANCE TX ADV GLBL DIV,1270523,6726
LTONY,MNC MEDIA INVESTMENT LTD,1270532,7370
LNKD,LINKEDIN CORP,1271024,7370
CHBT,CHINA-BIOTICS INC,1271057,2834
FRG.,FRONTEER GOLD INC,1271129,1400
SPSX,SUPERIOR ESSEX INC,1271193,3350
XENT,INTERSECT ENT INC,1271214,3842
ERLFF,ENTREE RESOURCES LTD,1271554,1000
DLLR,DFC GLOBAL CORP,1271625,6099
FICC,FIELDSTONE INVESTMENT CORP,1271831,6798
CFSG,CHINA FIRE & SECURTY GRP INC,1271940,7370
BX1,FREESCALE SEMICONDUCTOR INC,1272547,3674
RTNB,ROOT9B TECHNOLOGIES INC,1272550,8742
FDNHQ,FOUNDATION HEALTHCARE INC,1272597,8093
VG.3,VONAGE HOLDINGS CORP,1272830,7370
AIRG,AIRGAIN INC,1272842,3663
BRW.1,BRISTOL WEST HOLDINGS INC,1272957,6331
PCOP,PHARMACOPEIA INC,1273013,2836
PROS.1,PROCENTURY CORP,1273397,6331
GTE,GRAN TIERRA ENERGY INC,1273441,1311
AGTC,APPLIED GENETIC TECHNOLOGIES,1273636,2836
ADAM,ADAMAS TRUST INC,1273685,6798
NRF,NORTHSTAR REALTY FINANCE CP,1273801,6798
AGO,ASSURED GUARANTY LTD,1273813,6351
MGI,MONEYGRAM INTERNATIONAL INC,1273931,6099
HSP,HOSPIRA INC,1274057,2834
CMNR,COMMERCE ENERGY GROUP INC,1274150,4911
JHG,JANUS HENDERSON GROUP PLC,1274173,6282
FSLR,FIRST SOLAR INC,1274494,3674
HLCSQ,HELICOS BIOSCIENCES CORP,1274563,3826
OCRX,OCERA THERAPEUTICS INC,1274644,2836
XGN,EXAGEN INC,1274737,2835
MACK,MERRIMACK PHARMACEUTICALS,1274792,2836
INHX,INHIBITEX INC,1274913,2836
VRXMF,VIREXX MEDICAL CORP,1275011,2836
UCTT,ULTRA CLEAN HOLDINGS INC,1275014,3674
BOTJ,BANK OF THE JAMES FINANCIAL,1275101,6020
NDLS,NOODLES & CO,1275158,5812
SVLC,SILVERCREST MINES INC,1275166,1040
FSBC,FIVE STAR BANCORP,1275168,6020
ANGO,ANGIODYNAMICS INC,1275187,3841
CSQ,CALAMOS STRAT TOTAL RETRN FD,1275214,6726
GMOLQ,GENERAL MOLY INC,1275229,1000
RAI,REYNOLDS AMERICAN INC,1275283,2111
BMNM,BIMINI CAPITAL MANAGEMENT,1275477,6798
UTF,COHEN & STEERS INFRASTR FD,1275617,6726
GSEHQ,GSE HOLDING INC,1275712,3081
MDMD,MEDIAMIND TECHNOLOGIES INC,1275791,7370
PDSN,POWERDSINE LTD,1275816,3661
SWCB,SOUTHWEST CMNTY BANCORP,1275873,6020
HSA,HELIOS STRATEGIC INCM FD INC,1275902,6726
ET,ENERGY TRANSFER LP,1276187,4922
MFD,MACQUARIE/FIRST TRUST GLOBAL,1276469,6726
GNW,GENWORTH FINANCIAL INC,1276520,6311
JFR,NUVEEN FLOATNG RATE INCME FD,1276533,6726
HNSN,HANSEN MEDICAL INC,1276591,3845
ITCLY,BANCO ITAU CHILE,1276671,6020
IFS.4,INFRASOURCE SERVICES,1276827,1623
NDD,NEUBERGER BERMAN DIV ADV FD,1276893,6726
HOGS,ZHONGPIN INC,1277092,2011
BRDR,BORDERFREE INC,1277141,7370
CRGEQ,CHARGE ENTERPRISES INC,1277250,4813
BDT,BLACKROCK STRATEGIC EQTY DIV,1277350,6726
GMTA.1,GANDER MOUNTAIN CO,1277475,5940
EXK,ENDEAVOUR SILVER CORP,1277866,1044
MVBF,MVB FINANCIAL CORP,1277902,6020
MKTX,MARKETAXESS HOLDINGS INC,1278021,6200
BGS,B&G FOODS INC,1278027,2000
RHR.3,RMR HOSPITALITY REAL ESTATE,1278038,6726
LGI,LAZARD GLOBAL TOTAL RET INCM,1278211,6726
SNDA.,SHANDA INTERACTIVE-ADR,1278308,7370
GSL.1,GLOBAL SIGNAL INC,1278382,6798
NLP,NTS REALTY HOLDINGS LP,1278384,6513
LCM,ADVENT/CLAYMORE ENCD GRWTH,1278460,6726
TLGB,TELEGLOBE INTL HOLDINGS LTD,1278739,4813
MFIC,MIDCAP FINANCIAL INVSMT CORP,1278752,6797
CII,BLACKROCK EN LRG CAP CORE FD,1278895,6726
ERH,ALLSPRING UTIL AND HI INC FD,1279014,6726
ATLS.2,ATLAS ENERGY INC,1279228,4922
WCG,WELLCARE HEALTH PLANS INC,1279363,6324
PLSB.,PLACER SIERRA BANCSHARES,1279410,6022
SAX,SAXON CAPITAL INC,1279493,6798
BTE,BAYTEX ENERGY CORP,1279495,1311
UAPH,UAP HOLDING CORP,1279529,5190
CLRB,CELLECTAR BIOSCIENCES INC,1279704,2836
GGBMQ,GIGABEAM CORP,1279831,3663
LSG,LAKE SHORE GOLD CORP,1279944,1040
BLKB,BLACKBAUD INC,1280058,7370
NLEQ,NES RENTALS HOLDINGS INC,1280191,7350
TYW,TS&W CLAYMORE TAX ADVNTG BL,1280226,6726
AMBA,AMBARELLA INC,1280263,3674
MPWR,MONOLITHIC POWER SYSTEMS INC,1280452,3674
XLRN,ACCELERON PHARMA INC,1280600,2836
IMUX,IMMUNIC INC,1280776,2836
HTGC,HERCULES CAPITAL INC,1280784,6797
BQY,BLACKROCK DIVIDEND INCOME TR,1280936,6726
BJGP,BMP SUNSTONE CORP,1281696,2834
RF,REGIONS FINANCIAL CORP,1281761,6020
CLUBQ,TOWN SPORTS INTL HOLDINGS,1281774,7997
RCKT,ROCKET PHARMACEUTICALS INC,1281895,2836
TPLMQ,TRIANGLE PETROLEUM CORP,1281922,1311
ETO,EATON VANCE TAX AD GLB DV OP,1281926,6726
KAR.1,ADESA INC,1281949,5010
DLPN,DOLPHIN ENTERTAINMENT INC,1282224,8700
WINMQ,WINDSTREAM HOLDINGS INC,1282266,4813
BFRM,BIOFORM MEDICAL INC,1282393,2834
WCAA,WCA WASTE CORP,1282398,4953
AFFMQ,AFFIRMATIVE INS HOLDINGS INC,1282543,6331
AIC.3,AAMES INVESTMENT CORP,1282552,6798
FSTF,FIRST STATE FINANCIAL CP/FL,1282582,6020
AMZGQ,AMERICAN EAGLE ENERGY CORP,1282613,1311
NLST,NETLIST INC,1282631,3674
NEU,NEWMARKET CORP,1282637,2860
BATL,BATTALION OIL CORP,1282648,1311
FCT,FIRST TRUST SR FLOAT RATE II,1282850,6726
DRA.2,COINMACH SERVICE CORP,1282858,7200
GLU,GABELLI GLOBAL UTIL &INCM TR,1282957,6726
GHL,GREENHILL & CO INC,1282977,6282
ANSW,ANSWERS CORP,1283073,7370
HEP,HOLLY ENERGY PARTNERS LP,1283140,4610
JHTXQ,JACKSON HEWITT TAX SERVICE,1283552,7200
FCLF,FIRST CLOVER LEAF FINANCIAL,1283582,6035
ACC,AMERICAN CAMPUS COMMUNITIES,1283630,6798
HMBNQ,HOMEBANC CORP,1283683,6798
TMUS,T-MOBILE US INC,1283699,4812
TPGI,THOMAS PROPERTIES GROUP,1283709,6500
IMF.2,WESTERN ASST INFLATN MGMT FD,1283721,6726
EOXLQ,EMERALD OIL INC,1283843,1311
MHL,MORTGAGEIT HOLDINGS INC,1284151,6798
IMCB.,INTERMOUNTAIN CMNTY BANCORP,1284506,6020
DDSSF,LABOPHARM INC,1284519,2834
DEX.2,DEX MEDIA INC-OLD,1284529,2741
PGEM,PLY GEM HOLDINGS INC,1284807,2430
CNS,COHEN & STEERS INC,1284812,6282
XRTX.1,XYRATEX LTD,1284823,3572
FEN,FIRST TRUST ENERGY INCM & GR,1284940,6726
AVRW.1,AVENTINE RENEWABLE ENERGY,1285043,2860
KZ,KONGZHONG CORP -ADR,1285137,7372
WIBC,WILSHIRE BANCORP INC,1285224,6020
HMSLQ,HEMOSOL CORP,1285233,2836
CLPT,CLEARPOINT NEURO INC,1285550,3845
CGO,CALAMOS GLOBAL TOTAL RETURN,1285650,6726
MMRF,MMRGLOBAL INC,1285701,7370
NINE.1,NINETOWNS INTERNET TECH -ADR,1285735,7372
MOS,MOSAIC CO,1285785,2870
EMX,EMX ROYALTY CORP,1285786,1040
OMER,OMEROS CORP,1285819,2836
IGD,VOYA GLB EQ DIV AND PREM OPP,1285890,6726
KRG,KITE REALTY GROUP TRUST,1286043,6798
LZ,LEGALZOOM.COM INC,1286139,8111
RP,REALPAGE INC,1286225,7370
LMSMF,MACLOS CAPITAL INC,1286455,9995
BAA,BANRO CORP,1286597,1040
LINC,LINCOLN EDUCATIONAL SERVICES,1286613,8200
DPZ,DOMINO'S PIZZA INC,1286681,5812
CFSI,COLLEGIATE FUNDING SERVICES,1286686,6141
EEEE,EDUCATE INC,1286862,8200
USAS,AMERICAS GOLD & SILVER CORP,1286973,1000
PSEC,PROSPECT CAPITAL CORP,1287032,6797
MXCT,MAXCYTE INC,1287098,8731
XRM,XERIUM TECHNOLOGIES INC,1287151,3550
PLOW,DOUGLAS DYNAMICS INC,1287213,3531
LGBT.,PLANETOUT INC,1287258,7370
NEWCQ,NEW CENTURY FINANCIAL CORP,1287286,6798
BGT,BLACKROCK FLTING RATE INC TR,1287480,6726
EVG,EATON VANCE SHORT DRTN DIV,1287498,6726
ECST.1,ECOST.COM INC,1287503,5961
CCGM,CHINA CGAME INC,1287668,7372
ARCC,ARES CAPITAL CORP,1287750,6797
HIL,HILL INTERNATIONAL INC,1287808,8741
MPW,MEDICAL PROPERTIES TRUST,1287865,6798
SPRD,SPREADTRUM COMMUNICATNS -ADR,1287950,3674
OTEL,OTELCO INC,1288359,4813
NRPH,NEW RIVER PHARMA INC,1288379,2834
WTI,W&T OFFSHORE INC,1288403,1311
MXL,MAXLINEAR INC,1288469,3674
RENFF,ROCK ENERGY INC,1288652,1311
MSSR,MCCORMICK & SCHMICKS SEAFOOD,1288741,5812
TLRS,TIMBERLINE RESOURCES CORP,1288750,1040
SBNY,SIGNATURE BANK/NY,1288784,6020
GLV,CLOUGH GBL DIV & INCOME FD,1288795,6726
FIVN,FIVE9 INC,1288847,7370
OPHC,OPTIMUMBANK HOLDINGS INC,1288855,6020
STXXQ,SOUTH TEXAS OIL CO,1288946,1311
EFT,EATON VANCE FLT RATE INCM TR,1288992,6726
PSPT,PEOPLESUPPORT INC,1289001,7389
EHP.1,EAGLE HOSPITALITY PROP TR,1289169,6798
JRO,NUVEEN FLOATING RATE INCM OP,1289213,6726
BMR.1,BIOMED REALTY TRUST INC,1289236,6798
ENS,ENERSYS,1289308,3690
STXS,STEREOTAXIS INC,1289340,3845
MORN,MORNINGSTAR INC,1289419,6200
COGT.1,COGENT INC,1289434,7373
TXRH,TEXAS ROADHOUSE INC,1289460,5812
EXR,EXTRA SPACE STORAGE INC,1289490,6798
QCCO,QC HOLDINGS INC,1289505,6141
XNNHQ,XENONICS HOLDINGS INC,1289550,3640
TWGP,TOWER GROUP INTL LTD,1289592,6331
PFIE,PROFIRE ENERGY INC,1289636,3533
MBCRQ,MERCANTILE BANCORP INC/IL,1289701,6020
BCDS.1,BCD SEMICONDUCTOR MFG  -ADR,1289814,3674
HURN,HURON CONSULTING GROUP INC,1289848,8742
NURO,NEUROMETRIX INC,1289850,3841
SPRO.1,SMARTPROS LTD,1289863,8200
MCN,XAI MADISON EQ PREM INCME FD,1289868,6726
MPCCQ,MPC CORP,1289871,3577
SFL,SFL CORP LTD,1289877,4412
SPOK,SPOK HOLDINGS INC,1289945,4812
EGLT.1,EAGLE TEST SYSTEMS INC,1290096,3825
LPL,LG DISPLAY CO LTD,1290109,3679
SRRA,SIERRA ONCOLOGY,1290149,2836
VBFC,VILLAGE BANK AND TRUST FINL,1290476,6020
TPB,TURNING POINT BRANDS INC,1290677,2100
CVGI,COMMERCIAL VEHICLE GROUP INC,1290900,3714
LONG,ELONG INC,1290903,4700
FFA,FIRST TR ENHANCED EQUITY,1291334,6726
ELOS,SYNERON MEDICAL LTD,1291361,3845
SPCB,SUPERCOM LTD,1291855,3663
ODMO,ODIMO INC,1292026,9995
SMA.2,SYMMETRY MEDICAL INC,1292055,3842
GKIS,GOLD KIST INC/DE,1292215,2015
GFIG,GFI GROUP INC,1292426,6211
NHWK.,NIGHTHAWK RADIOLOGY HLDGS,1292470,8090
NVIVQ,INVIVO THERAPEUTICS HLDGS CO,1292519,3841
PPO,POLYPORE INTERNATIONAL INC,1292556,3990
IQNT,INTELIQUENT INC,1292653,4899
0419B,BUFFETS HOLDINGS INC,1292731,5812
0460B,INTERLINE BRANDS INC,1292900,5070
VET,VERMILION ENERGY INC,1293135,1311
DHOXY,DESARROLLADORA HOMEX SA,1293153,6552
GCT.1,GMH COMMUNITIES TRUST,1293200,6798
PRAI,PRA INTERNATIONAL,1293243,8731
HTX,HUTCHISON TELECOMMUNICATION,1293257,4812
HGENQ,HUMANIGEN INC,1293310,2836
SNBT,SNB BANCSHARES INC/TX,1293314,6020
SYUT,SYNUTRA INTERNATIONAL INC,1293593,2020
KYN,KAYNE ANDERSON EN INF FD INC,1293613,6726
OPGN,OPGEN INC,1293818,6200
BLUE,BLUEBIRD BIO INC,1293971,2836
RKUS,RUCKUS WIRELESS INC,1294016,3576
JERTQ,JER INVESTORS TRUST INC,1294017,6798
INGN,INOGEN INC,1294133,3845
RWF,COHEN&STEERS WRLDWD RLTY INC,1294178,6726
RLOGQ,RAND LOGISTICS INC,1294250,4400
SFUNY,FANG HOLDINGS LTD,1294404,7370
KUTV,KU6 MEDIA CO LTD  -ADR,1294435,7370
WOLF.1,GREAT WOLF RESORTS INC,1294538,7011
KBXRF,KIMBER RESOURCES INC,1294662,1000
INVN.2,INVENSENSE INC,1294924,3674
RISK,RISKMETRICS GROUP INC,1295172,6411
ISE,INTL SECURITIES EXCHNG HLDGS,1295230,6200
VLLY,VALLEY BANCORP,1295334,6020
TBBK,BANCORP INC,1295401,6020
JOBS,51JOB INC,1295484,7361
BARE,BARE ESCENTUALS INC,1295557,2844
ACAVF,ACE AVIATION HOLDINGS INC,1295721,9995
SHO,SUNSTONE HOTEL INVESTORS INC,1295810,6798
PBH,PRESTIGE CONSUMER HEALTHCARE,1295947,2834
CLU,CELLU TISSUE HOLDINGS INC,1295976,2621
GCS,DWS ENH COMMODITY STRATGY FD,1296115,6726
ZAGG,ZAGG INC,1296205,3231
PFN,PIMCO INCOME STRATEGY FD II,1296250,6726
TNGNQ,TENGION INC,1296391,2836
NP.2,NEENAH INC,1296435,2621
ORA,ORMAT TECHNOLOGIES INC,1296445,4911
TOPS,TOP SHIPS INC,1296484,4412
NCTY,THE9 LTD -ADR,1296774,7370
ORSX,ORSUS XELENT TECHNOLOGIES,1297024,3663
CPNO,COPANO ENERGY LLC,1297067,4922
AMPH,AMPHASTAR PHARMACEUTICLS INC,1297184,2834
RLOC,REACHLOCAL INC,1297336,7370
KFFB,KENTUCKY FIRST FEDERAL BNCRP,1297341,6035
DWA,DREAMWORKS ANIMATION SKG INC,1297401,7812
SUAI,SPECIALTY UNDERWRITERS,1297568,6331
GPT.3,GRAMERCY PROPERTY TRUST,1297587,6798
SFUN.2,SAIFUN SEMICONDUCTORS LTD,1297627,3674
PLAY.1,PORTALPLAYER INC,1297633,7372
OHAI,OHA INVESTMENT CORP,1297704,6797
JRCCQ,JAMES RIVER COAL CO,1297720,1220
JRJCY,CHINA FINANCE ONLINE CO LTD,1297830,6200
FCSX,FCSTONE GROUP INC,1297846,6200
OLED.,CAMBRIDGE DISPLAY TECH,1297968,3679
EXLS,EXLSERVICE HOLDINGS INC,1297989,7374
DLR,DIGITAL REALTY TRUST INC,1297996,6798
NLC,NALCO HOLDING CO,1298341,2890
TRBN,TRUBION PHARMACEUTICALS INC,1298521,2836
CPBRQ,CLEARPOINT BUSINESS RESOURCS,1298663,7363
CUBE,CUBESMART,1298675,6798
BXMX,NUVEEN S&P 500 BUY-WRITE INC,1298699,6726
DRH,DIAMONDROCK HOSPITALITY CO,1298946,6798
LEDR,MARKET LEADER INC,1298978,7370
CLMS,CALAMOS ASSET MANAGEMENT INC,1299033,6282
PACB,PACIFIC BIOSCIENCES OF CALIF,1299130,3826
TEAR,TEARLAB CORP,1299139,3845
KMA,KMG AMERICA CORP,1299210,6311
GFY,WESTERN ASST VAR RT STRAT FD,1299393,6726
GRE.2,S&P 500 GEARED FUND INC,1299506,6726
OXPS,OPTIONSXPRESS HOLDINGS INC,1299688,6211
AEA,ADVANCE AMER CASH ADVANCE CT,1299704,6141
AX,AXOS FINANCIAL INC,1299709,6035
USSPQ,US SHIPPING PARTNERS LP,1299716,4400
TSRE,TRADE STREET RESIDENTIAL INC,1299901,6798
CADE,CADENCE BANK,1299939,6020
4986B,BLACK RAVEN ENERGY INC,1299966,1311
CHCI,COMSTOCK HOLDING COS INC,1299969,6500
RFR,RMR FIRE FUND,1299993,6726
GPLDF,GREAT PANTHER MINING LTD,1300050,1044
ECRO,ECC CAPITAL CORP,1300317,6798
EOI,EATON VANCE ENHNCD EQ INC FD,1300391,6726
CPL,CPFL ENERGIA SA,1300482,4911
LVS,LAS VEGAS SANDS CORP,1300514,7990
INVC,INNOVATIVE CARD TECHNOLOGIES,1300578,3670
ATNXQ,ATHENEX INC,1300699,2836
SISI,SHINECO INC,1300734,2835
DWRE,DEMANDWARE INC,1301031,7370
ANRZQ,ALPHA NATURAL RESOURCES INC,1301063,1220
VRUS.1,PHARMASSET INC,1301081,2836
NATL.,NATIONAL INTERSTATE CORP,1301106,6331
DSF,DEFINED STRATEGY FUND INC,1301138,6726
ECTYQ,ECOTALITY INC,1301206,3620
SOHO,SOTHERLY HOTELS INC,1301236,6798
PXSL,SYNTARA LIMITED,1301357,2834
AKAOQ,ACHAOGEN INC,1301501,2836
LPNT,LIFEPOINT HEALTH INC,1301611,8062
BXC,BLUELINX HOLDINGS INC,1301787,5031
MNTX,MANITEX INTERNATIONAL INC,1302028,3537
BFBC,BENJAMIN FRANKLIN BANCORP,1302176,6036
PTEK,POKERTEK INC,1302177,3990
HLI,HOULIHAN LOKEY INC,1302215,6282
HAV,HELIOS ADVANTAGE INCM FD INC,1302246,6726
EDR.1,EDUCATION REALTY TRUST INC,1302343,6798
JMP,JMP GROUP LLC,1302350,6211
MTL,MECHEL PAO,1302362,3312
BVFL,BV FINANCIAL INC,1302387,6020
OMED.2,ONCOMED PHARMACEUTICALS,1302573,2836
FAM,FIRST TR ABRDN GLB OPP INCM,1302624,6726
LIFE.1,LIFELINE SYSTEMS INC,1302676,3663
HRZL,HORIZON LINES INC,1302707,4400
DVM,COHEN & STEERS DIV MAJORS FD,1302868,6726
LHCG,LHC GROUP INC,1303313,8082
CHLN,CHINA HOUSING & LAND DEV INC,1303330,6552
BTI,BRITISH AMER TOBACCO PLC,1303523,2111
TPOSQ,TARPON INDUSTRIES INC,1303565,3317
DVF,BLACKROCK DIVRSIFD INC STRAT,1303649,6726
DATA,TABLEAU SOFTWARE INC,1303652,7372
CDYCF,ZONIA HOLDINGS CORP,1303936,1000
BFIN,BANKFINANCIAL CORP,1303942,6020
BDE.,BOIS D ARC ENERGY INC,1304069,1311
HND1,NOVELIS INC,1304280,3350
CBONQ,COMMUNITY BANCORP/NV,1304366,6020
CNSL,CONSOLIDATED COMM HLDGS INC,1304421,4813
CMLP,CRESTWOOD MIDSTREAM PTNRS LP,1304464,4922
ATEX,ANTERIX INC,1304492,4899
MANF,MANIFOLD CAPITAL CORP,1304623,6351
BBNK,BRIDGE CAPITAL HOLDINGS,1304740,6020
TRIS.1,TRI-S SECURITY CORP,1304901,7381
BNK.3,TD BANKNORTH INC,1304994,6020
ARC,ARC DOCUMENT SOLUTIONS INC,1305168,7389
FMO,FIDUCIARY/CLAYMR EGY INFR FD,1305197,6726
EIGRQ,EIGER BIOPHARMACEUTICALS INC,1305253,2836
QLIK,QLIK TECHNOLOGIES INC,1305294,7372
ZVOI,ZOVIO INC,1305323,8200
VLRX.1,VALERA PHARMACEUTICALS INC,1305409,2834
ATB,ARLINGTON TANKERS LTD,1305507,4400
HBPCF,HELIX BIOPHARMA CORP,1305591,2834
CN.1,CHINA NETCOM GROUP CORP,1305755,4813
PHD,PIONEER FLOATING RATE FD INC,1305767,6726
CFMS,CONFORMIS INC,1305773,3842
HLND.,HILAND PARTNERS LP,1306527,1311
BGR,BLACKROCK ENERGY AND RES TR,1306550,6726
CE,CELANESE CORP,1306830,2860
XRA,EXETER RESOURCE CORP,1306900,1040
SHEL,SHELL PLC,1306965,2911
CUP,PERU COPPER INC,1307111,1000
BEP.3,S&P 500 COVERED CALL FUND,1307155,6726
LIQT,LIQTECH INTERNATIONAL INC,1307579,3590
IVT,INVENTRUST PROPERTIES CORP,1307748,6798
VSCP,VIRTUALSCOPICS INC,1307752,7372
HUN,HUNTSMAN CORP,1307954,2860
TGP,TEEKAY LNG PARTNERS LP,1308106,4412
TFCFA,TWENTY-FIRST CENTURY FOX INC,1308161,4888
ULH,UNIVERSAL LOGISTICS HLDGS,1308208,4210
EOS,EATON VANCE ENHNCD EQ INC II,1308335,6726
RDR,RMR PREFERRED DIVIDEND FUND,1308438,6726
DLB,DOLBY LABORATORIES INC,1308547,6794
SRC,SPIRIT REALTY CAPITAL INC,1308606,6798
AG,FIRST MAJESTIC SILVER CORP,1308648,1040
JSN,NUVEEN EQUITY PREMIUM OPP FD,1308658,6726
DRYS,DRYSHIPS INC,1308858,4412
ETB,EATON VANCE TX-MGD BUY-WRITE,1308927,6726
CEIN,CAMBER ENERGY INC,1309082,3621
WEX,WEX INC,1309108,7389
GPRE,GREEN PLAINS INC,1309402,2860
ZVUE,ZVUE CORP,1309710,7370
HTE,HARVEST ENERGY TRUST,1309799,1311
SHLDQ,SEARS HOLDINGS CORP,1310067,5311
ABPI,ACCENTIA BIOPHARMACEUTICALS,1310094,2836
SREV,SERVICESOURCE INTL INC,1310114,7370
BFSB,BROOKLYN FEDERAL BANCORP,1310313,6035
ZF,VIRTUS TOTAL RETURN FND -OLD,1310445,6726
KFI.1,K&F INDUSTRIES HOLDINGS INC,1310663,3728
GPM,GUGGENHEIM ENHANCED EQY INCM,1310709,6726
PA,PANAMSAT HOLDING CORP,1310897,4899
TVIAQ,TERRAVIA HOLDINGS INC,1311230,2990
IMI,INTERMOLECULAR INC,1311241,3674
CIIC.1,CHINA INFRASTRUCTURE INVST,1311369,4700
LAZ,LAZARD INC,1311370,6282
AVZAQ,AVIZA TECHNOLOGY INC,1311396,3674
FLBK.,FLORIDA BANKS INC,1311482,6020
GEGSQ,GLOBAL GEOPHYSICAL SVCS INC,1311486,1382
ROX,CASTLE BRANDS INC,1311538,2085
TBRA,TOBIRA THERAPEUTICS INC,1311596,2836
KLDX,KLONDEX MINES LTD,1311605,1040
HCE,FIDUCIARY/CLAYMORE DYNMC EQ,1311877,6726
SBN,SOFTBRANDS INC,1311926,7372
SMC.2,CENTRAL SUN MINING INC,1311967,1040
PAY.4,VERIFONE SYSTEMS INC,1312073,3578
SICPQ,SILVERGATE CAPITAL CORP,1312109,6020
MMCE,MMC ENERGY INC,1312206,4991
NOEC,NEW ORIENTAL ENERGY & CHEM,1312547,2870
KYAK,KAYAK SOFTWARE CORP,1312928,7370
VQ,VENOCO INC,1313024,1311
JFP,NUVEEN TAX-ADVANTGD FLTG RT,1313259,6726
BCOV,BRIGHTCOVE INC,1313275,7370
GRVY,GRAVITY CO LTD -ADR,1313310,7372
GGN,GAMCO GLOBAL GOLD NTRL RES,1313510,6726
ASFN,ATLANTIC SOUTHERN FINL GRP,1313730,6020
RALY,RALLY SOFTWARE DEV CORP,1313911,7372
ASPV.,ASPREVA PHARMACEUTICALS CORP,1314026,2834
AVXL,ANAVEX LIFE SCIENCES CORP,1314052,2836
BPIGF,BPI ENERGY HOLDINGS INC,1314077,1311
EYPT,EYEPOINT INC,1314102,2836
TYN,TORTOISE NORTH AMERN ENERGY,1314104,6726
AMBR.2,AMBER ROAD INC,1314223,7370
LOV.1,SPARK NETWORKS INC,1314475,7370
TEA,TEAVANA HOLDINGS INC,1314592,5400
GGL.1,GOODMAN GLOBAL INC,1314655,3585
SONO,SONOS INC,1314727,3651
GENTY,GENTIUM SPA  -ADR,1314755,2836
SUMR,SUMMER INFANT INC,1314772,3990
NSE.1,NEW SKIES SATELLITES HLDGS,1314822,4899
BME,BLACKROCK HEALTH SCIENCES TR,1314966,6726
WRSPQ,WORLDSPACE INC,1315054,4899
RBLX,ROBLOX CORP,1315098,7370
GTTNQ,GTT COMMUNICATIONS INC,1315255,4899
KOP,KOPPERS HOLDINGS INC,1315257,2860
IFLG,INFOLOGIX INC,1315320,7370
PKBK,PARKE BANCORP INC,1315399,6020
XOOM,XOOM CORP,1315657,6099
ROC.3,ROCKWOOD HOLDINGS INC,1315695,2800
AQ,AQUANTIA CORP,1316016,3674
ANTH,ANTHERA PHARMACEUTCLS INC,1316175,2836
GLQ,CLOUGH GLOBAL EQUITY FUND,1316463,6726
KNDI,KANDI TECHNOLOGIES GROUP,1316517,3790
SGI.1,SILICON GRAPHICS INTL CORP,1316625,3571
AERO.2,AEROGROW INTERNATIONAL INC,1316644,3990
GNOW,AMERICAN CARESOURCE HLDGS,1316645,8011
DRC,DRESSER-RAND GROUP INC,1316656,3510
COE.1,COLUMBIA EQUITY TRUST,1316710,6798
BLDR,BUILDERS FIRSTSOURCE,1316835,2452
JMBA,JAMBA INC,1316898,5812
IVVI,IVIVI TECHNOLOGIES INC,1316925,3845
MSP.1,MADISON STRAT SECTOR PREM FD,1317080,6726
SHMR,SHAMIR OPTICAL INDUSTRY LTD,1317362,3851
RDMX.1,RMX HOLDINGS INC,1317405,3270
PIKE,PIKE CORP,1317577,1731
ITC1,ITC HOLDINGS CORP,1317630,4911
TOMO,TOMOTHERAPY INC,1317872,3844
OFLX,OMEGA FLEX INC,1317945,3490
ZUMZ,ZUMIEZ INC,1318008,5651
PGP,PIMCO GLBL STOCKSPLUS & INCM,1318025,6726
AMSY,AMERICAN MANAGEMENT SYSTEMS,1318060,7370
CORE,CORE MARK HOLDING CO INC,1318084,5190
WCN,WASTE CONNECTIONS INC,1318220,4953
EVVV,EV3 INC,1318310,3841
CTRN,CITI TRENDS INC,1318484,5651
RVR.3,WHITE RIVER CAPITAL INC,1318545,6141
EVRI,EVERI HOLDINGS INC,1318568,7990
TSLA,TESLA INC,1318605,3711
STAB,STATERA BIOPHARMA INC,1318641,2834
DSX,DIANA SHIPPING INC,1318885,4412
EEF,BLACKROCK ENHNCD EQTY YLD FD,1318906,6726
MDWCQ,MIDWAY GOLD CORP,1319009,1040
CHAP.1,CHAPARRAL STEEL CO,1319048,3312
PBMLF,PACIFIC BOOKER MINERALS INC,1319150,1000
WMG,WARNER MUSIC GROUP CORP,1319161,3652
FMY,FIRST TRUST MORTGAGE INCM FD,1319183,6726
COLY,COLEY PHARMACEUTICAL GROUP,1319197,2836
TLP,TRANSMONTAIGNE PARTNERS LP,1319229,4610
EBTX,ENCORE BANCSHARES INC,1319327,6020
NAI,ALLIANZGI INTL & PREM STRAT,1319332,6726
ARXT,ADAMS RESPIRATORY THERAPTCS,1319439,2834
TYY,TORTOISE ENERGY CAPITAL CORP,1319869,6726
DBI,DESIGNER BRANDS INC,1319947,5661
RUTX,REPUBLIC COMPANIES GROUP,1320092,6331
LNSR,LENSAR INC,1320350,3845
BOE,BLACKROCK ENHANCED GL DVD TR,1320375,6726
SEM,SELECT MEDICAL HOLDINGS CORP,1320414,8060
CPS,COOPER-STANDARD HOLDINGS INC,1320461,3714
JLA,NUVEEN EQUITY PREMIUM ADV FD,1320492,6726
THS,TREEHOUSE FOODS INC,1320695,2050
TSSI,TSS INC,1320760,7370
RAIL,FREIGHTCAR AMERICA INC,1320854,3743
ICO,INTERNATIONAL COAL GROUP INC,1320934,1221
DMND,DIAMOND FOODS INC,1320947,2090
EIHI,EASTERN INSURANCE HLDGS INC,1321268,6331
ACNI,AMERICAN COMMUNITY NEWSPAPER,1321544,2711
PCAP.1,PATRIOT CAPITAL FUNDING INC,1321560,6799
KRA,KRATON CORP,1321646,2821
PLTR,PALANTIR TECHNOLOG INC,1321655,7370
PEN,PENUMBRA INC,1321732,3841
GAIN,GLADSTONE INVESTMENT CORP/DE,1321741,6797
QCLS,Q/C TECHNOLOGIES INC,1321834,2834
GSV,GOLD STANDARD VENTURES CORP,1321847,1040
SEED,ORIGIN AGRITECH LTD,1321851,100
COA,COASTAL CONTACTS INC,1322232,5961
HBM,HUDBAY MINERALS INC,1322422,1000
ETW,EATON VANCE TX-MGD GLBL B-W,1322435,6726
ETV,EATON VANCE TX MNGD OPPTY FD,1322436,6726
EGLE.3,EAGLE BULK SHIPPING INC,1322439,4412
ALBO,ALBIREO PHARMA INC,1322505,2836
XTLY,XACTLY CORP,1322554,7370
NEWLF,NEWLEAD HOLDINGS LTD,1322587,4412
KYE,KAYNE ANDERSON ENGY TTL RTN,1322652,6726
CODE,SPANSION INC,1322705,3674
ADLS,ADVANCED LIFE SCIENCE HLDGS,1322734,2834
KOG,KODIAK OIL & GAS CORP,1322866,1311
RCC.3,SMALL CAP PREM & DIV INCM FD,1322979,6726
TNCC,TENNESSEE COMMERCE BANCORP,1323033,6020
CSCX,CARDIAC SCIENCE CORP,1323115,3845
LOR,LAZARD WORLD DIV & INC FUND,1323206,6726
WPM,WHEATON PRECIOUS METALS CORP,1323404,1040
GLP,GLOBAL PARTNERS LP,1323468,5171
FHI.2,FIRST TRUST STRATEGIC HIGH,1323520,6726
MFB,MAIDENFORM BRANDS INC,1323531,2340
MVIV,CHANNEL AMERICA BROADCASTING,1323595,7000
DEIX,DEI HOLDINGS INC,1323630,3651
ESXB,COMMUNITY BANKERS TRUST CORP,1323648,6020
CCIX.2,COLEMAN CABLE INC,1323653,3357
SWSI.2,SUPERIOR WELL SERVICES INC,1323715,1389
BGCC,BIOCIRCUITS CORP,1323717,2835
ECV.1,BLACKROCK ENHCD EQ YLD & PRM,1323785,6726
VVTMF,VVT MED INC,1323838,3841
WCRX,WARNER CHILCOTT PLC,1323854,2834
ATRC,ATRICURE INC,1323885,3841
MWIV,MWI VETERINARY SUPPLY,1323974,5047
BIDZ,BIDZ.COM INC,1324105,5961
TISUQ,ORCHIDS PAPER PRODUCTS,1324189,2670
ALUS.1,ALSIUS CORP,1324205,3845
SLH,SOLERA HOLDINGS INC,1324245,7372
RUTH,RUTHS HOSPITALITY GROUP INC,1324272,5812
CF,CF INDUSTRIES HOLDINGS INC,1324404,2870
GBNK,GUARANTY BANCORP,1324410,6020
EXPE,EXPEDIA GROUP INC,1324424,4700
ACLI,AMERICAN COMMERCIAL LINES,1324479,4400
IGATY,IGATE COMPUTER SYSTEMS LTD,1324503,7370
VLCM,VOLCOM INC,1324570,2300
EPE.1,ENTERPRISE GP HOLDINGS LP,1324592,4922
CBNG,NATIONAL AUTO RECEIVABLES,1324754,6141
HGYN,HONG YUAN HOLDING GROUP,1324759,4731
APIC,APIGEE CORP,1324772,7370
ONAVQ,OMEGA NAVIGATION ENT INC,1324915,4412
RBC,RBC BEARINGS INC,1324948,3562
QMAR.1,QUINTANA MARITIME LTD,1325098,4412
KIDSQ,PARENT CO,1325118,5961
FREEF,FREESEAS INC,1325159,4412
CLAY.1,CLAYTON HOLDINGS INC,1325228,6163
KS,KAPSTONE PAPER & PACKAGING,1325281,2631
ATSC,ATS CORP -OLD,1325460,7373
IRMD,IRADIMED CORP,1325618,3841
FRST,PRIMIS FINANCIAL CORP,1325670,6020
MX,MAGNACHIP SEMICONDUCTOR CORP,1325702,3674
AVEO,AVEO PHARMACEUTICALS INC,1325879,2836
ALJ,ALON USA ENERGY INC,1325955,2911
LWLG,LIGHTWAVE LOGIC INC,1325964,2821
BKCC,BLACKROCK CAPITAL INVT CORP,1326003,6797
CMEDQ,CHINA MEDICAL TECHNOLGS -ADR,1326059,3826
SNDEQ,SUNDANCE ENERGY AUSTRALIA,1326089,1311
IBRX,IMMUNITYBIO INC,1326110,2836
DUK,DUKE ENERGY CORP,1326160,4931
ALT,ALTIMMUNE INC,1326190,2836
GNK,GENCO SHIPPING & TRADING,1326200,4412
IGC,IGC PHARMA INC,1326205,2834
GME,GAMESTOP CORP,1326380,5734
MGU,MACQUARIE GLBL INFRA TTL RTN,1326390,6726
KEYP,KEYUAN PETROCHEMICALS INC,1326396,2860
ROAN,ROAN RESOURCES INC,1326428,1311
WBMD,WEBMD HEALTH CORP,1326583,7370
IPUB,INDIEPUB ENTERTAINMENT INC,1326652,7372
FEED,ENVUE MEDICAL INC,1326706,3845
SHA.2,SHANGHAI CENTURY ACQSTN CORP,1326710,9995
XNCR,XENCOR INC,1326732,2836
META,META PLATFORMS INC,1326801,7370
SMOD,SMART MODULAR TECHNOLOGIES,1326973,3674
EMDAQ,EQUITY MEDIA HOLDINGS CORP,1327012,9995
GGXY,GOLF GALAXY INC,1327098,5940
FGF.,SUNAMERICA FOCUSD ALPHA GWTH,1327129,6726
LYRA,LYRA THERAPEUTICS INC,1327273,3841
1,TRUECAR INC,1327318,7370
VALV,SHENGKAI INNOVATIONS INC,1327364,3490
CPXX,CELATOR PHARMACEUTICALS INC,1327467,2836
RLD,REALD INC,1327471,3861
PANW,PALO ALTO NETWORKS INC,1327567,7370
VRTB,VESTIN REALTY MORTGAGE II,1327603,6799
MYFW,FIRST WSTRN FINNCIL INC,1327607,6020
OOMA,OOMA INC,1327688,4813
WDAY,WORKDAY INC,1327811,7370
IMPR,IMPRIVATA INC,1328015,7372
ADMS,ADAMAS PHARMACEUTICALS INC,1328143,2834
JKA,GOLDEN GATE PARTNERS INC,1328208,6531
VRTA,VESTIN REALTY MORTGAGE I INC,1328300,6799
WDBG,WOODBROOK GRP HLD,1328511,2834
NTLS,NTELOS HOLDINGS CORP,1328571,4812
BCC,BOISE CASCADE CO,1328581,5031
BRNC,BRONCO DRILLING CO,1328650,1381
TPCS,TECHPRECISION CORP,1328792,3490
AMEZY.1,AMEC FOSTER WHEELER PLC,1328798,8711
GASS,STEALTHGAS INC,1328919,4412
BIDU,BAIDU INC,1329099,7370
HDS.2,ALPHA SECURITY GROUP CORP,1329361,9995
EFUT.1,EFUTURE HOLDING INC,1329365,7372
FHY,FIRST TR STRATEGIC HIGH II,1329388,6726
SIMO,SILICON MOTION TECH -ADR,1329394,3674
CETY,CLEAN ENERGY TECHNOLOGIES,1329606,5900
SQBK,SQUARE 1 FINANCIAL INC,1329799,6020
VOCS,VOCUS INC,1329919,7372
FMCN,FOCUS MEDIA HOLDING LTD,1330017,7310
ABNJ,AMERICAN BANCORP NJ INC,1330039,6035
BV.1,BAZAARVOICE INC,1330421,7370
CDS.3,COLD SPRING CAPITAL INC,1330446,9995
HEROQ,HERCULES OFFSHORE INC,1330849,1381
CVHL,CV HOLDINGS INC,1330969,6798
DHT,DHT HOLDINGS INC,1331284,4412
BDBD,BOULDER BRANDS INC,1331301,2090
FEEDQ,AGFEED INDUSTRIES INC,1331427,200
HOMB,HOME BANCSHARES INC,1331520,6020
PXPLY,PIXELPLUS CO LTD,1331588,3674
TAL.2,TAL INTERNATIONAL GROUP INC,1331745,7359
FNF,FIDELITY NATIONAL FINANCIAL,1331875,6361
VETS.2,PET DRX CORP,1331931,700
HAC,HARBOR ACQUISITION CORP,1331945,9995
BEO,ENHANCED S&P500 COVERED CALL,1331948,6726
LEGC,LEGACY BANCORP INC,1332199,6036
BDJ,BLACKROCK ENHNCD EQTY DIV TR,1332283,6726
USBE,US BIOENERGY CORP,1332341,2860
BKD,BROOKDALE SENIOR LIVING INC,1332349,8050
ACR,ACRES COMMERCIAL REALTY CORP,1332551,6798
CBOU,CARIBOU COFFEE CO,1332602,5812
SNBI,STATE NATIONAL BANCSHARS INC,1332626,6020
CSA.3,COGDELL SPENCER INC,1332896,6798
IGA,VOYA GLOBAL ADV AND PREM OPP,1332943,6726
FMS,FRESENIUS MEDICAL CARE AG,1333141,8090
NXTM,NXSTAGE MEDICAL INC,1333170,3845
NM,NAVIOS MARITIME HOLDINGS INC,1333172,4412
CADX,CADENCE PHARMACEUTICALS INC,1333248,2836
MERC,MERCER INTL INC,1333274,2611
TCMIQ,TRIPLE CROWN MEDIA INC,1333291,2711
EHTH,EHEALTH INC,1333493,6411
TRAK.1,DEALERTRACK TECHNOLOGIES INC,1333513,7370
NKT,NEWKIRK REALTY TRUST INC,1333578,6798
CHTP,CHELSEA THERAPEUTICS INTL,1333763,2836
LEDS,SEMILEDS CORP,1333822,3674
CASSQ,CASA SYSTEMS INC,1333835,3576
JAGGF,JAGUAR MINING INC,1333849,1040
EQH,EQUITABLE HOLDINGS INC,1333986,6311
CROX,CROCS INC,1334036,3021
ICXT,ICX TECHNOLOGIES INC,1334303,3826
CODA,CODA OCTOPUS GROUP INC,1334325,3812
OBE,OBSIDIAN ENERGY LTD,1334388,1311
NCIT,NCI INC,1334478,7373
GCF,GLOBAL INCOME & CURRENCY FD,1334510,6726
CAPEQ,CAPE FEAR BANK CORP,1334872,6020
UEC,URANIUM ENERGY CORP,1334933,1090
CCO,CLEAR CHANNEL OUTDOOR HLDGS,1334978,7310
CGRB,COUGAR BIOTECHNOLOGY INC,1335102,2836
LIXT,LIXTE BIOTECHNOLOGY HOLDINGS,1335105,2836
CKUN,CHINA SHENGHUO PHARM HLDGS,1335106,2834
BRMR,BLUE RIDGE MOUNTAIN RESOURCE,1335190,1311
LYV,LIVE NATION ENTERTAINMENT,1335258,7900
RPB,REPUBLIC PROPERTY TRUST,1335686,6798
MFG,MIZUHO FINANCIAL GROUP INC,1335730,6020
CXG,CNX GAS CORP,1335793,1311
BWP,BOARDWALK PIPELINE PRTNRS-LP,1336047,4922
EGF,BLACKROCK ENHNCD GOVT FD INC,1336050,6726
NAO.2,NORTH AMERICAN INSURANCE LDS,1336249,9995
ATEL,AMERICAN TELECOM SERVICES,1336467,4899
APPCQ,AMERICAN APPAREL INC,1336545,2300
EBI.2,EVERGREEN INT BALNCD INCM FD,1336593,6726
UTRA,UNIVERSAL TRAVEL GROUP,1336644,4700
BWC.1,BLACKROCK WORLD INVESTMNT TR,1336777,6726
UAA,UNDER ARMOUR INC,1336917,2300
LDOS,LEIDOS HOLDINGS INC,1336920,7373
INFU,INFUSYSTEM HOLDINGS INC,1337013,7350
MGYR,MAGYAR BANCORP INC,1337068,6036
ITRN,ITURAN LOCATION & CONTROL,1337117,4899
FF,FUTUREFUEL CORP,1337298,2860
AERI,AERIE PHARMACEUTICALS INC,1337553,2834
ENV,ENVESTNET INC,1337619,6282
TSEM1,JAZZ TECHNOLOGIES INC,1337675,3674
TVH,MEDIA & ENTERTAINMENT HLDGS,1337749,9995
DLIAQ,DELIAS INC,1337885,5621
FNET,FORTUNET INC,1337899,3944
MEJ,SANTA MONICA MEDIA CORP,1337927,9995
AEGR,AEGERION PHARMACEUTICALS INC,1338042,2836
DCP,DCP MIDSTREAM LP,1338065,1311
NRXGQ,NEPHROGENEX INC,1338095,2834
FGI.2,SUNAMERICA FOCSD ALPHA LG-CP,1338170,6726
GLA.2,CLARK HOLDINGS INC,1338401,4731
SPXX,NUVEEN S&P 500 DYN OVERWRITE,1338561,6726
CHGS,CHINA GENGSHENG MINERALS INC,1338578,3290
RGP.,REGENCY ENERGY PARTNERS LP,1338613,1311
PCH,POTLATCHDELTIC CORP,1338749,6798
PERI,PERION NETWORK LTD,1338940,7370
MAJCQ,MAJESTIC CAPITAL LTD,1338949,9995
CAPB,CAPITALSOUTH BANCORP,1338977,6020
FEMY,FEMASYS INC,1339005,3841
WNR,WESTERN REFINING INC,1339048,2911
SOMX,SOMAXON PHARMACEUTICALS INC,1339455,2834
CHMA,CHIASMA INC,1339469,2836
HS.2,HEALTHSPRING INC,1339553,6324
HEES,H&E EQUIPMENT SERVICES INC,1339605,5084
LCGMF,LION COPPER AND GOLD CORP,1339688,1000
ORCD,ORCHARD ENTERPRISES INC,1339729,4899
VIAB,VIACOM INC,1339947,4833
ATYR,ATYR PHARMA INC,1339970,2836
CPX,COMPLETE PRODUCTION SERVICES,1340041,1389
CARB.2,CARBONITE INC,1340127,7370
MOR,MORPHOSYS AG,1340243,2836
ROSE.3,ROSETTA RESOURCES INC,1340282,1311
TWPG,THOMAS WEISEL PARTNERS GRP,1340354,6211
DRTTF,DIRTT ENVIRONMENTL SOLUTIONS,1340476,3290
CCXI,CHEMOCENTRYX INC,1340652,2836
SVM,SILVERCORP METALS INC,1340677,1044
EOE,EATON VANCE CREDIT OPPRTS FD,1340735,6726
ETY,EATON VANCE TX-MAN DIV EQ IN,1340736,6726
ALTUQ,ALTUS PHARMACEUTICALS INC,1340744,2836
MIPIQ,MOLECULAR INSIGHT PHARMACTLS,1340752,2836
FSYS,FUEL SYSTEMS SOLUTIONS INC,1340786,3714
VIMC,VIMICRO INTL CORP -ADR,1341088,3829
CTT,CATCHMARK TIMBER TRUST,1341141,6798
ESEA,EUROSEAS LTD,1341170,4412
ALDX,ALDEYRA THERAPEUTICS INC,1341235,2836
BWB,BRIDGEWATER BANCSHARES,1341317,6020
LSBK,LAKE SHORE BANCORP INC,1341318,6035
FSM,FORTUNA MINING CORP,1341335,1040
ORCL,ORACLE CORP,1341439,7372
BNNX,BANKS.COM INC,1341470,7370
CELH,CELSIUS HOLDINGS INC,1341766,2086
GAV,GRUBB & ELLIS REALTY ADVISRS,1341769,6500
ACTS,ACTIONS SEMICNDCTR LTD -ADR,1342068,3674
MHGC,MORGANS HOTEL GROUP CO,1342126,7011
WTHNY,WIDERTHAN CO LTD -ADS,1342167,7372
GFN,GENERAL FINANCE CORP/DE,1342287,7359
HIMX,HIMAX TECHNOLOGIES INC,1342338,3674
LMNR,LIMONEIRA CO,1342423,100
SCOP,SCOPUS VIDEO NETWORKS LTD,1342575,3663
STPFQ,SUNTECH POWER HOLDINGS  -ADR,1342803,3674
TX,TERNIUM S A,1342874,3312
KUST,KUSTOM ENTERTAINMENT INC,1342958,3651
DIVX.1,DIVX INC,1342960,7373
TRCB,TWO RIVER BANCORP,1343034,6020
VSUNQ,VERASUN ENERGY CORP,1343202,2860
HMH.1,HELIOS MULTI-SECT HI INCM FD,1343602,6726
EXXIQ,ENERGY XXI LTD,1343719,1311
BTA,BLACKROCK L-T MUNI ADV TRUST,1343793,6726
EMS,EMERGENCY MEDICAL SVCS CORP,1344154,4100
ANWWQ,AEGEAN MARINE PETROLM NETWK,1344376,5172
ALXA,ALEXZA PHARMACTCLS INC,1344413,2834
ARII,AMERICAN RAILCAR INDS INC,1344596,3743
LWSN,LAWSON SOFTWARE INC,1344632,7372
NCST,NUCRYST PHARMACEUTICALS CORP,1344674,2836
3CYRV,CRYSTAL RIVER CAPITAL INC,1344705,6798
AMGI,AMERICAN MOLD GUARD INC,1344708,9995
GNET.2,GLOBAL TRAFFIC NETWORK INC,1344907,7380
AHGP,ALLIANCE HOLDINGS GP LP,1344980,1220
YELP,YELP INC,1345016,7370
MESO,MESOBLAST LTD,1345099,2836
CPA,COPA HOLDINGS SA,1345105,4512
THI,TIM HORTONS INC,1345111,5812
CODI,COMPASS DIVERSIFIED HOLDINGS,1345126,3600
CRRRF,CORRIENTE RESOURCES INC,1345564,1000
STAQ,STONELEIGH PARTNERS ACQSTN,1345715,9995
CFD,NUVEEN DIVERSIFIED COMMODITY,1345801,6726
HUGH,HUGHES COMMUNICATIONS INC,1345840,4899
EBHIQ,EDDIE BAUER HOLDINGS INC,1345968,5600
SOS,SOS LIMITED,1346610,6200
TVRD,TVARDI THERAPEUTICS INC,1346830,2836
CHAPQ,CHAPARRAL ENERGY INC,1346980,1311
HDP.2,HD PARTNERS ACQUISITION CORP,1347006,9995
PSID,POSITIVEID CORP,1347022,3711
VNDA,VANDA PHARMACEUTICALS INC,1347178,2836
LIPO,LIPELLA PHARMACEUTICALS INC,1347242,2836
BMA,BANCO MACRO SA,1347426,6020
WEST.3,ANDALAY SOLAR INC,1347452,3620
GRRF,CHINA GRENTECH CORP LTD -ADR,1347510,3663
PAC,GRUPO AEROPORTUARIO DEL PACI,1347557,4581
SGYPQ,SYNERGY PHARMACEUTICALS INC,1347613,2836
CRNG,CORENERGY INFRASTRUCTURE TR,1347652,6798
FSR.4,FLAGSTONE REINSURANCE HLD SA,1347815,6331
XXII,22ND CENTURY GROUP INC,1347858,2111
AVLR,AVALARA INC,1348036,7370
VR.3,VALIDUS HOLDINGS LTD,1348259,6331
LDRH.1,LDR HOLDING CORP,1348324,3842
CUDA,BARRACUDA NETWORKS INC,1348334,7370
CLCD,COLUCID PHARMACEUTICALS INC,1348649,2836
KALV,KALVISTA PHARMACEUTICALS,1348911,2836
SMVE,SMART MOVE INC,1349108,4210
CNE.4,CANETIC RESOURCES TRUST,1349237,1311
OMRI,OMRIX BIOPHARMACEUTICALS,1349426,2836
SD,SANDRIDGE ENERGY INC,1349436,1311
TWER,TOWERSTREAM CORP,1349437,4899
TRLA.2,TRULIA INC,1349454,7370
TVPC,TWIN VEE POWERCATS INC,1349892,3730
VYNT,VYANT BIO INC,1349929,2836
EQ.2,EMBARQ CORP,1350031,4813
CMSB,CMS BANCORP INC,1350072,6036
ASTI,ASCENT SOLAR TECH INC,1350102,3674
INWK,INNERWORKINGS INC,1350381,7389
MWA,MUELLER WATER PRODUCTS INC,1350593,3490
REST,RESTORE MEDICAL INC,1350620,3842
ATEC,ALPHATEC HOLDINGS INC,1350653,3842
GLO,CLOUGH GLOBAL OPPORTUNTS FND,1350869,6726
EIIN,ENERGY INFRASTRUCTURE ACQSTN,1350886,9995
GENNQ,GENESIS HEALTHCARE INC,1351051,8051
LMNL,LIMINAL BIOSCIENCES INC,1351172,2836
ARTEQ,ARTES MEDICAL INC,1351197,2836
RST,ROSETTA STONE INC,1351285,7370
GWPH,GW PHARMACEUTICALS LIMITED,1351288,2836
NSTR,NORTHSTAR NEUROSCIENCE INC,1351509,3845
FRNTQ,FRONTIER AIRLINES HOLDINGS,1351548,4512
SSTI,SOUNDTHINKING INC,1351636,7370
EPAM,EPAM SYSTEMS INC,1352010,7370
BWTRQ,BASIN WATER INC,1352045,3580
GMET.2,GEOMET INC,1352302,9995
VRGY,VERIGY LTD,1352341,3559
AOREF,AMERICAN OVERSEAS GROUP LTD,1352713,6331
AZC,AUGUSTA RESOURCE CORP,1353123,1000
LOOP.1,LOOPNET INC,1353209,6531
LBCP,LIBERTY BANCORP INC,1353268,6035
SPLK,SPLUNK INC,1353283,7372
TRNX,TARONIS TECHNOLOGIES,1353487,2810
CXDC,CHINA XD PLASTICS CO LTD,1353970,2821
VOLC,VOLCANO CORP,1354217,3845
PGTI,PGT INNOVATIONS INC,1354327,3442
CTCM,CTC MEDIA INC,1354513,9995
BORD,BOARDWALK BANCORP INC,1354835,6020
BYRN,BYRNA TECHNOLOGIES INC,1354866,3480
COWN.1,COWEN GROUP INC  -OLD,1355007,6211
CALIQ,CHINA AUTO LOGISTICS INC,1355042,5010
QVCGA,QVC GROUP INC,1355096,5961
OCZTQ,OCZ TECHNOLOGY GROUP INC,1355128,3572
EMBJ,EMBRAER SA,1355444,3721
INST.1,INSTRUCTURE INC,1355754,7370
CBNK.1,CHICOPEE BANCORP INC,1355786,6035
DR,DARWIN PROFESSIONAL UNDWRTS,1355795,6331
ROMA.1,ROMA FINANCIAL CORP,1355823,6035
IPM,INTELLIGENT PROCTN MGMT CORP,1355839,7370
TOON,KARTOON STUDIOS INC,1355848,7812
NFSB,NEWPORT BANCORP INC,1355855,6035
PGEN,PRECIGEN INC,1356090,2836
CREX,CREATIVE REALITIES INC,1356093,7372
MLNX,MELLANOX TECHNOLOGIES LTD,1356104,3674
NXDT,NEXPOINT DIVERSIFIED RE TS,1356115,6798
YTEC,YUCHENG TECHNOLOGIES LTD,1356462,7373
WNS,WNS (HOLDINGS) LIMITED,1356570,7374
SUPN,SUPERNUS PHARMACEUTICALS INC,1356576,2834
FPI.1,FIRST TR TAX ADVANTAGED PFRD,1356750,6726
TSRX,TRIUS THERAPEUTICS INC,1356857,2836
HWCC,HOUSTON WIRE & CABLE CO,1356949,5063
DNKN,DUNKIN' BRANDS GROUP INC,1357204,5812
FGXI,FGX INTERNATIONAL HLDGS LTD,1357227,3851
RVBD,RIVERBED TECHNOLOGY INC,1357326,3576
BBEPQ,BREITBURN ENERGY PARTNERS LP,1357371,1311
HOLI,HOLLYSYS AUTOMATION TECHNOLO,1357450,3823
PALI,PALISADE BIO INC,1357459,2836
OMTR,OMNITURE INC,1357525,7372
KBR,KBR INC,1357615,7370
CRTD,CREATD INC,1357671,7370
DTIL,PRECISION BIOSCIENCES,1357874,2836
ESOA,ENERGY SERVICES OF AMER CORP,1357971,1623
CXO,CONCHO RESOURCES INC,1358071,1311
SYCRF,SYNCORA HOLDINGS LTD,1358164,6351
ITP,IT TECH PACKAGING INC,1358190,2621
LMST,LIMESTONE BANCORP INC,1358356,6020
BLCM,BELLICUM PHARMACEUTICALS INC,1358403,2836
EVDY,EVERYDAY HEALTH INC,1358483,7370
CPHRF,CIPHER PHARMACEUTICALS INC,1358575,2834
MILC,MILLENNIUM SUSTAINABLE V CRP,1358656,6726
STBK.,STERLING BANKS INC,1358697,6020
RETA,REATA PHARMACEUTICALS INC,1358762,2836
BGH.2,BUCKEYE GP HOLDINGS LP,1359055,5172
PFLWF,PETROFLOW ENERGY LTD,1359154,1311
PCOA,PENDRELL CORP,1359555,6794
MFGP,MICRO FOCUS INTL PLC,1359711,7372
JGG,NUVEEN GLOBAL INCOME OPRTNTS,1359816,6726
HBI,HANESBRANDS INC,1359841,2300
TARA,PROTARA THERAPEUTICS INC,1359931,2836
HROW,HARROW INC,1360214,2834
VSI,VITAMIN SHOPPE INC,1360530,5400
CPHL,CASTLEPOINT HOLDINGS LTD,1360537,6331
SXE.1,STANLEY INC,1360555,7373
WFCF,WHERE FOOD COMES FROM INC,1360565,7370
HR,HEALTHCARE REALTY TRUST INC,1360604,6798
TLMR,TALMER BANCORP INC,1360683,6020
OSIR,OSIRIS THERAPEUTICS INC,1360886,2836
EVR,EVERCORE INC,1360901,6200
FLA,FLORIDA EAST COAST INDS,1360951,4011
GNOM.2,COMPLETE GENOMICS INC,1361103,8731
VRNS,VARONIS SYSTEMS INC,1361113,7372
TLOG,TETRALOGIC PHARMACEUTICALS,1361248,2836
MVNR.1,MAVENIR SYSTEMS INC,1361470,3576
PRIM,PRIMORIS SERVICES CORP,1361538,1623
VRAD,VIRTUAL RADIOLOGIC CORP,1361579,8090
TNL,TRAVEL PLUS LEISURE CO,1361658,6531
SUSS,SUSSER HOLDINGS CORP,1361709,5500
WWAY,WESTWAY GROUP INC,1361872,2040
HRST,HARVEST OIL & GAS CORP,1361937,1311
ORBC,ORBCOMM INC,1361983,4899
ICFI,ICF INTERNATIONAL INC,1362004,8742
PINN,PINNACLE GAS RESOURCES INC,1362120,1311
AEYE,AUDIOEYE INC,1362190,7370
ALGT,ALLEGIANT TRAVEL CO,1362468,4512
AGD,ABRDN GLOBAL DYNAMIC DIVD FD,1362481,6726
MUSA.2,METALS USA HOLDINGS CORP,1362491,5051
OFSI,OMNI FINANCIAL SERVICES,1362599,6020
TPUTQ,BARZEL INDUSTRIES INC,1362614,3312
SNMP,EVOLVE TRANSITION INFRAST LP,1362705,4610
TPIY,TIANYIN PHARMACEUTICAL CO,1362718,2834
SSBXQ,SILVER STATE BANCORP,1362719,6020
ROY,INTERNATIONAL ROYALTY CORP,1362734,6795
AVLNF,AVALON ADVANCED MATERIALS,1362898,1090
PLPM,PLANET PAYMENT INC,1362925,7374
ROSGQ,ROSETTA GENOMICS LTD,1362959,2835
AYR,AIRCASTLE LTD,1362988,7359
DEK,DEKANIA CORP,1363202,9995
HPGP,HILAND HOLDINGS GP LP,1363381,1311
JGV,NUVEEN GLOBAL EQUITY INCM FD,1363421,6726
ESGR,ENSTAR GROUP LIMITED,1363829,6331
CTRX,CATAMARAN CORP,1363851,7372
KED,KAYNE ANDERSON ENERGY DEV CO,1363890,6799
IPHS,INNOPHOS HOLDINGS INC,1364099,2810
CDVIQ,CAL DIVE INTERNATIONAL INC,1364100,1389
WRN,WESTERN COPPER AND GOLD CORP,1364125,1000
AXU,ALEXCO RESOURCE CORP,1364128,1044
DEI,DOUGLAS EMMETT INC,1364250,6798
HRI,HERC HOLDINGS INC,1364479,7350
EROC,EAGLE ROCK ENERGY PARTNRS LP,1364541,1311
CHQGF,CHALLENGER ENERGY CORP,1364644,1311
OKN,OCEANAUT INC,1364714,9995
GTU,CENTRAL GOLDTRUST,1364728,6199
MNRK,MONARCH FINANCIAL HLDGS INC,1364856,6020
SPR,SPIRIT AEROSYSTEMS HOLDINGS,1364885,3728
CHGG,CHEGG INC,1364954,7370
IMPV,IMPERVA INC,1364962,7372
LEAF,LEAF GROUP LTD,1365038,7370
PRMW.1,PRIMO WATER CORP -OLD,1365101,2086
WU,WESTERN UNION CO,1365135,6099
SCMP,SUCAMPO PHARMACEUTICALS INC,1365216,2834
EBGMY,EBAY GMARKET CO LTD  -ADR,1365241,5961
AFSI,AMTRUST FINANCIAL SERVICES,1365555,6331
ATV,ACORN INTERNATIONAL INC -ADR,1365742,5961
ALLT,ALLOT LTD,1365767,7372
GLG.1,GLG PARTNERS INC,1365790,6282
AMRSQ,AMYRIS INC,1365916,2860
BCAR.1,BANK OF THE CAROLINAS,1365997,6020
GLUU,GLU MOBILE INC,1366246,7372
FNJN,FINJAN HOLDINGS INC,1366340,7372
YDKN,YADKIN FINANCIAL CORP,1366367,6020
CBLK,CARBON BLACK INC,1366527,7370
SMAR,SMARTSHEET INC,1366561,7370
NTQ,NTR ACQUISITION CO,1366578,9995
DLGC,DIALOGIC INC,1366649,3576
AWAY.1,HOMEAWAY INC,1366684,7370
MBH,MBF HEALTHCARE ACQUISITION,1366751,9995
GSAT,GLOBALSTAR INC,1366868,4899
CHHM,CHINA HEALTHCARE ACQUISITION,1366922,9995
APLP,ARCHROCK PARTNERS LP,1367064,1382
SNOA,SONOMA PHARMACEUTICALS INC,1367083,2834
DAKPQ,DAKOTA PLAINS HOLDINGS INC,1367311,5171
SPMD.2,SUPERMEDIA INC,1367396,2741
EBS,EMERGENT BIOSOLUTIONS INC,1367644,2836
GAC,GENEVA ACQUISITION CORP,1367660,9995
MEDE.,MEDECISION INC,1367705,7373
CZWI,CITIZENS COMMUNITY BANCORP,1367859,6020
CHV,CHURCHILL VENTURES LTD,1367880,9995
CNCE,CONCERT PHARMACEUTICLS INC,1367920,2836
NYX.1,NYSE EURONEXT,1368007,6200
ATHXQ,ATHERSYS INC,1368148,2836
CLNE,CLEAN ENERGY FUELS CORP,1368265,5500
HPJ,HIGHPOWER INTERNATIONAL INC,1368308,3690
CSRE.1,CSR PLC,1368358,3674
MARK,REMARK HOLDINGS INC,1368365,7372
ACV.1,ALBERTO-CULVER CO,1368457,2844
SBH,SALLY BEAUTY HOLDINGS INC,1368458,5990
CAF,MORGAN STANLEY CHINA A SH FD,1368493,6726
ADMA,ADMA BIOLOGICS INC,1368514,2836
NOA,NORTH AMERICAN CONST GRP LTD,1368519,1389
ARST.1,ARCSIGHT INC,1368582,7372
PEX.2,APEX BIOVENTURES ACQ CORP,1368613,9995
AVAV,AEROVIRONMENT INC,1368622,3721
ATN,ATLAS ENERGY RESOURCES LLC,1368802,1381
TNF,TAILWIND FINANCIAL INC,1368879,9995
BCF,BLACKROCK REAL ASSET EQTY TR,1368893,6726
GHSEQ,GATEHOUSE MEDIA INC,1368900,2711
WGBS,WAFERGEN BIO-SYSTEMS INC,1368993,2835
NEWP,NEW PACIFIC METALS CORP,1369085,1040
DAC,DANAOS CORPORATION,1369241,4412
MYO,MYOMO INC,1369290,3845
QMNDQ,QIMONDA AG  -ADR,1369377,3674
CPRX,CATALYST PHARMACEUTICALS INC,1369568,2836
GHN,GRANAHAN MCCOURT ACQSTN CORP,1369639,9995
UECN,SHINER INTERNATIONAL INC,1369774,2670
SGNT,SAGENT PHARMACEUTICALS INC,1369786,2834
OB.1,ONEBEACON INSURANCE GROUP,1369817,6331
GLS.,GENESIS LEASE LTD -ADR,1369824,7359
CBPO,CHINA BIOLOGIC PRODUCTS HLDG,1369868,2836
ANAB,ANAPTYSBIO INC,1370053,2836
FCAL.1,FIRST CALIF FINL GROUP INC,1370291,6020
DBTK,DOUBLE-TAKE SOFTWARE INC,1370314,7372
WPRT,WESTPORT FUEL SYSTEMS INC,1370416,3714
VEDL,VEDANTA LTD,1370431,3330
TIL.2,TRANS-INDIA ACQUISITION CORP,1370433,9995
WLDN,WILLDAN GROUP INC,1370450,8711
USQ,UNION STREET ACQUISITION CP,1370618,9995
ETSY,ETSY INC,1370637,7370
QTNA,QUANTENNA COMMUNICATIONS INC,1370702,3674
TCPC,BLACKROCK TCP CAPITAL,1370755,6797
MNDT,MANDIANT INC,1370880,7373
OC,OWENS CORNING,1370946,3290
SDXC,SWITCH & DATA FACILITIES CO,1371011,4899
TRUP,TRUPANION INC,1371285,6399
FBRC,FBR & CO,1371446,6211
PLTE,CLAYMONT STEEL HOLDINGS INC,1371455,3312
III,INFORMATION SERVICES GROUP,1371489,7374
HQCL,HANWHA Q CELLS CO LTD,1371541,3674
XWES,WORLD ENERGY SOLUTIONS INC,1371781,7370
UPGI,UNIVERSAL POWER GROUP INC,1372000,5063
GLDD,GREAT LAKES DREDGE & DOCK CP,1372020,1600
PAET,PAETEC HOLDING CORP,1372041,4899
IRR,VOYA NATURAL RES EQ INCM FD,1372117,6726
NXTP,NEXTPLAY TECHNOLOGIES INC,1372183,7310
OCGN,OCUGEN INC,1372299,2836
MM,MILLENNIAL MEDIA INC,1372375,7370
HIVE.1,AEROHIVE NETWORKS INC,1372414,3576
KPRX,KIORA PHARMACEUTICALS INC,1372514,2834
BOX,BOX INC,1372612,7370
COMV,COMVERGE INC,1372664,3822
WSFGQ,WSB FINANCIAL GROUP INC,1372791,6020
BCIC,BCP INVESTMENT CORP,1372807,6797
AHII.,ANIMAL HEALTH INTL INC,1372813,5122
EDU,NEW ORIENTAL ED & TECH,1372920,8200
MR.1,MINDRAY MEDICAL INTL,1373060,3845
ALLB,ALLIANCE BANCORP OF PA,1373079,6036
FCVA,FIRST CAPITAL BANCORP INC/VA,1373525,6020
NEWS,NEWSTAR FINANCIAL INC,1373561,6159
HCD.1,HIGHLAND DISTRESSED OPPORTUN,1373641,6799
GRBK,GREEN BRICK PARTNERS INC,1373670,1531
ISLN,ISILON SYSTEMS INC,1373671,3572
TTPH,TETRAPHASE PHARMACEUTICALS,1373707,2836
NOW,SERVICENOW INC,1373715,7372
SE.7,SPECTRA ENERGY CORP,1373835,4923
HLYS,HEELYS INC,1373980,3140
ESSX,ESSEX RENTAL CORP,1373988,7350
ENTL,ENTELLUS MEDICAL INC,1374128,3845
CBOE,CBOE GLOBAL MARKETS INC,1374310,6200
FTLF,FITLIFE BRANDS INC,1374328,2834
PMN,PROMIS NEUROSCIENCES INC,1374339,2836
TAQ,TRANSFORMA ACQUISITION GROUP,1374346,9995
AIMC,ALTRA INDUSTRIAL MOTION CORP,1374535,3560
SGDTF,STERLITE GOLD LTD,1374593,1040
MULE,MULESOFT INC,1374684,7370
LRMR,LARIMAR THERAPEUTICS INC,1374690,2836
AXC.1,ADVANCED TECHNOLOGY ACQ CORP,1374796,9995
WAVE.2,NEXTWAVE WIRELESS INC,1374993,7372
SYNE,SYNTHESIS ENERGY SYSTEMS INC,1375063,6794
ZGNX,ZOGENIX INC,1375151,2834
PATH.3,NUPATHE INC,1375200,2834
URG,UR ENERGY INC,1375205,1090
OMPI,OBAGI MEDICAL PRODUCTS INC,1375247,2834
ELOQ,ELOQUA INC,1375271,7372
HBNK,HAMPDEN BANCORP INC,1375320,6036
OSBK.2,OSAGE BANCSHARES INC,1375336,6035
FOF,COHEN & STEERS CL-END OPP FD,1375340,6726
SMCI,SUPER MICRO COMPUTER INC,1375365,3570
DHG,DEUTSCHE HIGH INCM OPPOR FD,1375387,6726
MONT,MONTAGE TECHNOLOGY GROUP LTD,1375514,3674
GUID,GUIDANCE SOFTWARE INC,1375557,7372
THTI,THT HEAT TRANSFER TECH INC,1375686,3443
TLRA,TELARIA INC,1375796,7370
RRM,RR MEDIA LTD,1375829,4841
CSIQ,CANADIAN SOLAR INC,1375877,3674
CVI,CVR ENERGY INC,1376139,2911
CNET,ZW DATA ACTION TECHNOLGY INC,1376321,7310
MDXG,MIMEDX GROUP INC,1376339,2836
FOOD,VAUGHAN FOODS INC,1376556,2090
CAVO,CAVICO CORP,1376742,1600
PATAQ,PATRIOT COAL CORP,1376812,1220
HMIN,HOMEINNS HOTEL GROUP,1376972,7011
TWC,TIME WARNER CABLE INC,1377013,4841
LUNMF,LUNDIN MINING CORP,1377085,1000
PTGX,PROTAGONIST THERAPEUTICS INC,1377121,2836
3PPAC,PENN PACIFIC CORP,1377490,1311
NCMI,NATIONAL CINEMEDIA INC,1377630,7310
CYDEQ,CYBERDEFENDER CORP,1377720,7372
GAU,GALIANO GOLD INC,1377757,1040
AVNW,AVIAT NETWORKS INC,1377789,3663
ETELY,ETELECARE GLOBAL SOLUTION,1377902,7374
SAR,SARATOGA INVESTMENT CORP,1377936,6797
OPTT,OCEAN POWER TECHNOLOGIES INC,1378140,3612
OMAB,GRUPO AEROPORTUARIO DEL CENT,1378239,4581
TA,TRAVELCENTERS OF AMERICA INC,1378453,5500
ZPIN,ZHAOPIN LTD  -ADR,1378564,7370
BLIN,BRIDGELINE DIGITAL INC,1378590,7370
CBMG,CELLULAR BIOMEDICINE GROUP,1378624,2836
GDL,GDL FUND,1378701,6726
ADGE,AMERICAN DG ENERGY INC,1378706,4991
WAIR,WESCO AIRCRAFT HOLDINGS INC,1378718,5080
AER,AERCAP HOLDINGS NV,1378789,7359
ICLK.1,INTERCLICK INC,1378846,7310
PBCT,PEOPLE'S UNITED FINL INC,1378946,6020
PRTS,CARPARTS COM INC,1378950,5961
BERY,BERRY GLOBAL GROUP INC,1378992,3080
NNVC,NANOVIRICIDES INC,1379006,2836
GZTGF,G CITY LTD,1379009,6512
EIG,EMPLOYERS HOLDINGS INC,1379041,6331
BODY.1,BODY CENTRAL CORP,1379246,5621
DEP,DUNCAN ENERGY PARTNERS LP,1379378,4922
BTZ,BLACKROCK CR ALLOC INCM TR,1379384,6726
AOD,ABRDN TOTAL DYNAMIC DIV FUND,1379400,6726
EXG,EATON VANCE TAX-MNGD GLBL DV,1379438,6726
NGLS,TARGA RESOURCES PARTNERS LP,1379661,4922
BBDC,BARINGS BDC INC,1379785,6797
DYN.2,DYNEGY INC,1379895,1311
RPID,RAPID MICRO BIOSYSTEMS INC,1380106,3826
FIG.2,FORTRESS INVESTMENT GRP LLC,1380393,6282
HF.3,HFF INC,1380509,6163
FHO,FIRST TRUST STRAT HI INC III,1380534,6726
FPBN,1ST PACIFIC BANCORP,1380712,6020
TSC,TRISTATE CAPITAL HLDGS INC,1380846,6020
GOF,GUGGENHEIM STRATEGIC OPP FD,1380936,6726
RTCJF,BAIJIAYUN GROUP LTD,1381074,7370
GGA,GSC ACQUISITION CO,1381117,9995
IBKR,INTERACTIVE BROKERS GROUP,1381197,6211
BBND,BIGBAND NETWORKS INC,1381325,7373
BUS,COLUMBUS ACQUISITION -OLD,1381526,9995
UFS,DOMTAR CORP,1381531,2621
MFLR,MAYFLOWER BANCORP INC,1381639,6020
MLCO,MELCO RESORTS & ENTERTAINMEN,1381640,7990
TFSL,TFS FINANCIAL CORP,1381668,6035
STRO,SUTRO BIOPHARMA INC,1382101,2836
TSL.1,TRINA SOLAR CO LTD,1382158,3674
SIXD.1,6D GLOBAL TECHNOLOGIES,1382219,7370
ESSA,ESSA BANCORP INC,1382230,6036
TOO,TEEKAY OFFSHORE PARTNERS LP,1382298,4412
SCNX,SCIENTURE HOLDINGS INC,1382574,7370
FUQI,FUQI INTERNATIONAL INC,1382696,3911
RDFN,REDFIN CORP,1382821,6531
OREXQ,OREXIGEN THERAPEUTICS INC,1382911,2834
NAKD.1,NAKED BRAND GROUP INC,1383097,2300
ATRN.1,ATRINSIC INC -OLD,1383099,7370
COYNQ,COPSYNC INC,1383154,7372
CBMX,COMBIMATRIX CORP,1383183,8071
BR,BROADRIDGE FINANCIAL SOLUTNS,1383312,7373
SQNS,SEQUANS COMMUNICATIONS SA,1383395,3674
PNNT,PENNANTPARK INVESTMENT CORP,1383414,6797
NIE,VIRTUS EQ & CONV INCOME FUND,1383441,6726
GSM.3,GLOBE SPECIALTY METALS INC,1383571,3330
CQP,CHENIERE ENERGY PARTNERS LP,1383650,5171
HSTOQ,HISTOGEN INC,1383701,2836
FIO,FUSION-IO INC,1383729,3572
LOCK,LIFELOCK INC,1383871,7370
6033B,LRI HOLDINGS INC,1383875,5812
GRZZU,GRIZZLY ENERGY LLC,1384072,1311
VCYT,VERACYTE INC,1384101,2835
REI,RING ENERGY INC,1384195,1311
SCR.1,SIMCERE PHARMACEUTICAL GROUP,1384360,2834
MORE.1,MONOGRAM RESIDENTIAL TRUST,1384710,6798
RNG,RINGCENTRAL INC,1384905,7370
CELJF,CELLCOM ISRAEL LTD,1385145,4812
TEL,TE CONNECTIVITY PLC,1385157,3678
COV,COVIDIEN PLC,1385187,3845
BINDQ,DNIB UNWIND INC,1385228,9995
CNK,CINEMARK HOLDINGS INC,1385280,7830
TYPE,MONOTYPE IMAGING HOLDINGS,1385292,7372
LDKYQ,LDK SOLAR CO LTD,1385424,3674
OPNT,OPIANT PHARMACEUTICALS INC,1385508,2834
ZINCQ,HORSEHEAD HOLDING CORP,1385544,3341
JASO,JA SOLAR HOLDINGS CO LTD,1385598,3674
GLRE,GREENLIGHT CAPITAL RE LTD,1385613,6331
RAF.,RMR ASIA REAL ESTATE FUND,1385617,6726
IAE,VOYA ASIA PAC HI DIV EQ INCM,1385632,6726
JCE,NUVEEN CORE EQUITY ALPHA FND,1385763,6726
AYTU,AYTU BIOPHARMA INC,1385818,2836
NGSX,NEUROGESX INC,1385830,2836
UUUU,ENERGY FUELS INC,1385849,1090
COUP,COUPA SOFTWARE INC,1385867,7370
EOD,ALLSPRING GLOBAL DIVI OPP FD,1386067,6726
MEMS.1,MEMSIC INC,1386198,3674
GDOT,GREEN DOT CORP,1386278,7389
RSSS,RESEARCH SOLUTIONS INC,1386301,7389
BFD,BLACKROCK GLOBAL EQUITY INCM,1386369,6726
NAGE,NIAGEN BIOSCIENCE INC,1386570,2833
QXMCF,QIAO XING MOBILE COMM CO LTD,1386607,3663
TCM,TONGJITANG CHINESE MEDS -ADR,1386608,2834
SBLK,STAR BULK CARRIERS CORP,1386716,4412
VRY,VICTORY ACQUISITION CORP,1386787,9995
HPTX,HYPERION THERAPEUTICS INC,1386858,2836
9470B,KKR FINANCIAL HOLDINGS LLC,1386926,6799
AOSL,ALPHA AND OMEGA SEMICONDUCTO,1387467,3674
STRR.1,STAR TECHNOLOGIES INC,1387767,7372
HNW,PIONEER DIVERSIFIED HGH INCM,1388126,6726
SHOR,SHORETEL INC,1388133,3661
EDD,MORGN STAN EMER MKTS DOM DBT,1388141,6726
PMC,PHARMERICA CORP,1388195,5122
USRM,US STEM CELL INC,1388319,2836
ATNM,ACTINIUM PHARMACEUTICALS INC,1388320,2836
CAI.3,CAI INTERNATIONAL INC,1388430,7359
IRTC,IRHYTHM HOLDINGS INC,1388658,3845
SIRT,SIRTRIS PHARMACEUTICALS INC,1388775,2836
DEER,DEER CONSUMER PRODUCTS INC,1388855,3634
MRINQ,MARIN SOFTWARE INC,1389002,7370
AROC,ARCHROCK INC,1389050,3533
HTWR,HEARTWARE INTERNATIONAL INC,1389072,3841
TRGP,TARGA RESOURCES CORP,1389170,4923
GFASY,GAFISA SA,1389207,1520
RRR.2,RSC HOLDINGS INC,1389305,7350
XSELY,XINHUA SPORTS & ENTMT LTD,1389476,7311
NBY,NOVABAY PHARMACEUTICALS INC,1389545,2834
MTP.2,MLP & STRATEGIC EQUITY FUND,1389611,6726
IAN,INTER-ATLANTIC FINANCIAL INC,1389771,9995
JGT,NUVEEN DIVRSFD CURR OPP FUND,1390109,6726
HBMD,HOWARD BANCORP INC,1390162,6020
AWP,ABRDN GLBL PREMIER PPTS FUND,1390195,6726
BKJ,BANCORP OF NEW JERSEY INC,1390312,6020
SLS,SELLAS LIFE SCIENCES GROUP I,1390478,2836
BK,BANK OF NEW YORK MELLON CORP,1390777,6020
DPO,DOW 30 ENHANCED PREM INCOME,1390840,6726
WBC,WABCO HOLDINGS INC,1390844,3714
EGIOQ,EDGIO INC,1391127,7370
BCSB,BCSB BANCORP INC,1391137,6020
BZ.1,BOISE INC,1391390,2621
GRX,GABELLI HEALTHCARE & WELL TR,1391437,6726
AGC.2,ADVENT CLAYMORE CV SEC&IN II,1391461,6726
CYNI,CYAN INC,1391636,7373
STAR.2,STARENT NETWORKS CORP,1391672,3663
DDUP,DATA DOMAIN INC,1391984,3572
BKEP,BLUEKNIGHT ENERGY PRTNRS LP,1392091,5171
CBNA,CHAIN BRIDGE BANCORP INC,1392272,6020
BKMP,FIRST CANADIAN AMER HLDG CP,1392285,6324
CCEC,CAPITAL CLEAN ENERGY CARRIER,1392326,4412
GEVO,GEVO INC,1392380,2860
FSL,FREESCALE SEMICONDUCTOR LTD,1392522,3674
LABC,LOUISIANA BANCORP INC,1392562,6036
ESMK,ESMARK INC,1392600,3312
SURG,SURGEPAYS INC,1392694,4812
PRO,PROS HOLDINGS INC,1392972,7370
IVTY,INVUITY INC,1393020,3841
VEEV,VEEVA SYSTEMS INC,1393052,7370
RFP,RESOLUTE FOREST PRODUCTS INC,1393066,2621
BGY,BLACKROCK ENHANCED INT DV TR,1393299,6726
PSA,PUBLIC STORAGE,1393311,6798
OCUL,OCULAR THERAPEUTIX INC,1393434,2836
AMWL,AMERICAN WELL CORP,1393584,7370
DFS,DISCOVER FINANCIAL SVCS,1393612,6141
VTA,INVESCO DYNAMIC CREDIT OPPTY,1393662,6726
DSP.5,SP ACQUISITION HOLDINGS INC,1393718,9995
TIPT,TIPTREE INC,1393726,6331
ES.2,ENERGYSOLUTIONS INC,1393744,4955
BX,BLACKSTONE INC,1393818,6282
DHX,DHI GROUP INC,1393883,7370
YGEHY,YINGLI GREEN ENERGY HLDGS CO,1394029,3674
OSS,ONE STOP SYSTEMS INC,1394056,3571
0040A,YANKEE HOLDING CORP,1394069,3990
SEP,SPECTRA ENERGY PARTNERS LP,1394074,4922
SAUC,DIVERSIFIED RESTAURANT HLDGS,1394156,5812
OWW,ORBITZ WORLDWIDE INC,1394159,4700
WGW,WESTERN GOLDFIELDS INC,1394186,1040
RINO,RINO INTERNATIONAL CORP,1394220,3564
TCON,TRACON PHARMACEUTICALS INC,1394319,2836
ATS,ATS CORP,1394832,3569
GTATQ,GT ADVANCED TECHNOLOGIES INC,1394954,3674
INB,COHEN & STEERS GLBL INCM BD,1395057,6726
TAK,TAKEDA PHARMACEUTICAL CO LTD,1395064,2834
EDN,EMPRESA DISTRIBUIDORA Y COM,1395213,4911
ETJ,EATON VANCE RISK-MNGD DIV EQ,1395325,6726
OCNF,OCEANFREIGHT INC,1395593,4412
IID,VOYA INTL HI DIV EQ INCM FD,1395627,6726
IOTS,ADESTO TECHNOLOGIES CORP,1395848,3674
SNDX,SYNDAX PHARMACEUTICALS INC,1395937,2836
OPLN,OPENLANE INC,1395942,7389
LIMC,LIMCO-PIEDMONT INC,1395943,4581
DRP,DWS RREEF WORLD RL EST FUND,1395999,6726
VMC,VULCAN MATERIALS CO,1396009,1400
EDSFF,EXCEED CO LTD,1396016,2300
LLFLQ,LL FLOORING HOLDINGS INC,1396033,5211
DEX,DELAWARE ENHNCD GLBL DIV&INC,1396167,6726
CSUNY,CHINA SUNERGY CO LTD,1396247,3674
CHW,CALAMOS GLOBAL DYNAMIC INCM,1396277,6726
LIMS,STARLIMS TECHNOLOGIES LTD,1396278,7372
HGGG,HHGREGG INC,1396279,5731
MAIN,MAIN STREET CAPITAL CORP,1396440,6797
CYS,CYS INVESTMENTS INC,1396446,6798
HTY,JOHN HANCOCK TAX-ADV GLBL FD,1396502,6726
VM,VIRGIN MOBILE USA INC,1396546,4812
PCRX,PACIRA BIOSCIENCES INC,1396814,2834
DOLNQ,DOLAN CO,1396838,7389
OPXS,OPTEX SYSTEMS HOLDINGS INC,1397016,3827
FPAYQ,FLEXSHOPPER INC,1397047,6159
JTD,NUVEEN TAX-ADVNTGD DIV GRWTH,1397173,6726
IVDA,IVEDA SOLUTIONS INC,1397183,7372
LULU,LULULEMON ATHLETICA INC,1397187,2300
REXXQ,REX ENERGY CORP,1397516,1311
ABBC,ABINGTON BANCORP INC,1397533,6035
SILK,SILK ROAD MEDICAL INC,1397702,3845
6102B,NCO GROUP INC,1397772,7320
AMRE,AMREIT INC,1397807,6798
DUF,DUFF & PHELPS CORP,1397821,6282
6039B,GLOBAL AVIATION HOLDINGS INC,1397867,4512
LPLA,LPL FINANCIAL HOLDINGS INC,1397911,6211
BKOR,OAK RIDGE FINANCIAL SERVICES,1398006,6020
PMII,POWER MEDICAL INTERVENTIONS,1398090,3841
TARG,TARGANTA THERAPEUTICS CORP,1398161,2836
XIN,XINYUAN REAL ESTATE CO -ADR,1398453,6552
NGZ,ALLIANZGI GLBL EQ & CONV INC,1398481,6726
YONG,YONGYE INTERNATIONAL INC,1398551,2870
HIA,HIGHLANDS ACQUISITION CORP,1398632,9995
G,GENPACT LTD,1398659,7374
ENP,ENCORE ENERGY PARTNERS LP,1398664,1311
AQST,AQUESTIVE THERAPETC INC,1398733,2834
PTSXQ,POINT.360,1398797,7819
BEEM,BEAM GLOBAL,1398805,3690
RGYH,RENEGY HOLDINGS INC,1398931,4991
HOUS,ANYWHERE REAL ESTATE INC,1398987,6531
CCME,CHINA MEDIAEXPRESS HLDGS INC,1399067,7310
CFP,CORNERSTONE PROGRESIVE RT FD,1399186,6726
APWR,A-POWER ENERGY GENERATN SYS,1399233,1600
PZN,PZENA INVESTMENT MANAGEMENT,1399249,6282
TTHI,TRANSITION THERAPEUTICS INC,1399250,2836
MI.1,MARSHALL & ILSLEY CORP,1399315,6020
STKS,ONE GP HOSPITALITY (THE),1399520,5812
LIWA,LIHUA INTERNATIONAL INC,1399521,3357
DRNA,DICERNA PHARMACEUTICALS INC,1399529,2836
NVCN,NEOVASC INC,1399708,3841
MV.2,METAVANTE TECHNOLOGIES INC,1399768,6099
NAUH,NATIONAL AMERN UNIV HLDG INC,1399855,8200
FRANQ,FHC HOLDINGS CORP,1399935,5621
SGMT,SAGIMET BIOSCIENCES INC,1400118,2836
DMAN.1,DEMANDTEC INC,1400400,7372
LGO,LARGO INC,1400438,1090
HCI,HCI GROUP INC,1400810,6331
IHRT,IHEARTMEDIA INC,1400891,4832
SRV,NXG CUSHING MIDSTREAM E FUND,1400897,6726
DMAC,DIAMEDICA THERAPEUTICS INC,1401040,2836
MFGLQ,MF GLOBAL HOLDINGS LTD,1401106,6200
PRGNF,PARAGON SHIPPING INC,1401112,4412
FET,FORUM ENERGY TECH INC,1401257,3533
NEPTF,NEPTUNE WELLNESS SOLUTION IN,1401395,2040
ACIC,AMERICAN COASTAL INSURA CORP,1401521,6331
FFNW,FIRST FINANCIAL NORTHWEST,1401564,6020
BFED,BEACON FEDERAL BANCORP INC,1401573,6035
PBYI,PUMA BIOTECHNOLOGY INC,1401667,2836
VOLT.2,VOLTAIRE LTD,1401678,3571
CSOD,CORNERSTONE ONDEMAND INC,1401680,7370
VITC.,VITACOST.COM INC,1401688,5961
NSTGQ,NANOSTRING TECHNOLOGIES INC,1401708,2835
DARE,DARE BIOSCIENCE INC,1401914,2834
MAPP.2,MAP PHARMACEUTICALS INC,1401923,2834
CDW,CDW CORP,1402057,5045
CHPC.,CHIPPAC INC,1402159,3674
TOH,HICKS ACQUISITION CO I INC,1402175,9995
IDI.1,IDEATION ACQUISITION CORP,1402225,9995
ERINQ,ERIN ENERGY CORP,1402281,1311
SFSF,SUCCESSFACTORS INC,1402305,7372
SBFM,SUNSHINE BIOPHARMA INC,1402328,2836
ULEIQ,ULTIMATE ESCAPES INC,1402364,7997
WFG,WEST FRSER TMBR CO LTD,1402388,2421
SSNC,SS&C TECHNOLOGIES HLDGS INC,1402436,7370
MDVLQ,MEDAVAIL HOLDINGS INC,1402479,5912
BCOMF,B COMMUNICATIONS LTD,1402606,4813
DMNM,DOMINION MINERALS CORP,1402747,1000
ORN,ORION GROUP HOLDINGS INC,1402829,1600
CZZ,COSAN LTD,1402902,5172
JRJRQ,JRJR33 INC,1403085,5960
WX,WUXI PHARMATECH (CAYMAN)-ADR,1403132,8731
V,VISA INC,1403161,6099
BQR,BLACKROCK ECSLUTNS INVST TR,1403238,6726
SCU,SCULPTOR CAPITAL MANAGEMENT,1403256,6282
FAV,FIRST TRUST DIVIDND & INC FD,1403275,6726
RCR,RMR DIVIDEND CAPTURE FUND,1403301,6726
SYA,SYMETRA FINANCIAL CORP,1403385,6311
HCCI,HERITAGE-CRYSTAL CLEAN INC,1403431,4955
BMRC,BANK OF MARIN BANCORP,1403475,6020
OAK,OAKTREE CAPITAL GROUP LLC,1403528,6282
ULTA,ULTA BEAUTY INC,1403568,5990
EVOK,EVOKE PHARMA INC,1403708,2834
ZSTN,ZST DIGITAL NETWORKS INC,1403794,3663
NIVS,NIVS INTELLIMEDIA TECHNOLOGY,1403795,3651
PWRD.1,PERFECT WORLD CO LTD,1403849,7372
NES,NUVERRA ENVIRONMENTAL SOLUTN,1403853,1389
SSNY,SAMSON OIL & GAS LTD,1404079,1311
ONEM,1LIFE HEALTHCARE INC,1404123,8011
ELDN,ELEDON PHARMACEUTICALS INC,1404281,2836
ACFC,ATLANTIC COAST FINANCIAL CP,1404296,6035
FABK,FIRST ADVANTAGE BANCORP,1404306,6020
MTGNY,MODERN TIMES GROUP MTG AB,1404424,4833
RVM,REVETT MINING CO INC,1404592,1000
NGNE,NEUROGENE INC,1404644,2836
HUBS,HUBSPOT INC,1404655,7370
CCALF,CASCAL N.V.,1404675,4941
KKR,KKR & CO INC,1404912,6311
EGC,ENERGY XXI GULF COAST INC,1404973,1311
URX,UNITED REFINING ENERGY CORP,1405037,9995
7131B,UNITED FINANCIAL BANCRP -OLD,1405049,6035
AREXQ,APPROACH RESOURCES INC,1405073,1311
TCW,TRIPLECROWN ACQUISITION CORP,1405082,9995
TLCR,TALECRIS BIOTHERAPEUTCS HLDG,1405197,2836
CTCT,CONSTANT CONTACT INC,1405277,7310
SGS,STREAM GLOBAL SERVICES INC,1405287,7374
GIGIQ,GULFSTREAM INTL GROUP INC,1405419,4512
IDCC,INTERDIGITAL INC,1405495,6794
STVVY,CHINA DIGITALTV HLDG CO -ADS,1405503,7373
EJ,E-HOUSE CHINA HOLDINGS  -ADR,1405658,6531
GFGFQ,GUARANTY FINANCIAL GROUP INC,1406081,6020
BIP,BROOKFIELD INFRS PTRS LP,1406234,4911
WLBC,WESTERN LIBERTY BANCORP,1406251,6020
EST.4,ENTERPRISE ACQUISITION CORP,1406391,9995
STNV,STATIA TERMINALS GROUP NV,1406407,5171
SIHI,SINOHUB INC,1406574,5065
FOR,FORESTAR GROUP INC,1406587,6552
FTT,FEDERATED ENHANCED TREAS FD,1406591,6726
GLGLF,GLG LIFE TECH CORP,1406635,2090
CALX,CALIX INC,1406666,3661
CLA.2,CAPITOL ACQUISITION CORP,1406982,9995
RIOM,RIO ALTO MINING LTD,1407007,1040
GPH.2,GOLDEN POND HEALTHCARE INC,1407031,9995
BGMD,BG MEDICINE INC,1407038,2835
FSB,FRANKLIN FINL NETWORK INC,1407067,6020
QELP,QUEST ENERGY PARTNERS LP,1407185,1311
VMEMQ,VIOLIN MEMORY INC,1407190,3572
FNRG,FORCEFIELD ENERGY INC,1407268,5063
FLY.1,FLY LEASING LTD  -ADR,1407298,7359
DTAS.,DIGITAS INC,1407313,8742
GVFG,GEROVA FINANCIAL GROUP LTD,1407437,6331
CNVO,CONVIO INC,1407450,7372
PSE.3,PIONEER SOUTHWEST ENERGY -LP,1407463,1311
LIA,LIBERTY ACQUISITION HOLDINGS,1407539,9995
ROIC,RETAIL OPPORTUNITY INVTS CP,1407623,6798
DFT,DUPONT FABROS TECHNOLOGY INC,1407739,6798
SONX,SONENDO INC,1407973,3843
GPK,GRAPHIC PACKAGING HOLDING CO,1408075,2650
KW,KENNEDY-WILSON HOLDINGS INC,1408100,6510
TGY,TREMISIS ENERGY ACQ CORP II,1408193,9995
MSCI,MSCI INC,1408198,6282
SAPX,SEVEN ARTS ENTERTAINMENT INC,1408276,7812
SYNC,SYNACOR INC,1408278,7370
ZEP,ZEP INC,1408287,2842
SCTY.1,SOLARCITY CORP,1408356,3620
MIST,MILESTONE PHARMACEUTICLS INC,1408443,2834
PAR.3,3PAR INC,1408501,3572
FGBI,FIRST GUARANTY BANCSHARES,1408534,6020
FN,FABRINET,1408710,3670
ABII,ABRAXIS BIOSCIENCE INC,1409012,2836
OSP,OSG AMERICA LP,1409134,4400
TITN,TITAN MACHINERY INC,1409171,5080
VERO,VENUS CONCEPT INC,1409269,3845
OESX,ORION ENERGY SYSTEMS INC,1409375,3640
GQN,GLOBAL BRANDS ACQUISITION CP,1409383,9995
FERO.,FERROFLUIDICS CORP,1409475,3679
CIM,CHIMERA INVESTMENT CORP,1409493,6798
BBVA1,BBVA COMPASS BANCSHARES INC,1409775,6020
NRTSF,NOBILIS HEALTH CORP,1409916,8093
LC,LENDINGCLUB CORP,1409970,6141
GRHHQ,GREENHUNTER RESOURCES INC,1410056,1389
ARYX,ARYX THERAPEUTICS INC,1410064,2834
CRMD,CORMEDIX INC,1410098,2834
RBCN,RUBICON TECHNOLOGY INC,1410172,3674
QTWO,Q2 HOLDINGS INC,1410384,7370
CEXE,CIRCLE ENTERTAINMENT INC,1410402,6552
XWEL,XWELL INC,1410428,7990
IPCM,IPC HEALTHCARE INC,1410471,8090
AWK,AMERICAN WATER WORKS CO INC,1410636,4941
RHIEQ,RHI ENTERTAINMENT INC,1410637,7812
DNBK,DANVERS BANCORP INC,1410703,6036
AMCO,ARMCO METALS HOLDINGS INC,1410711,3341
EPB,EL PASO PIPELINE PARTNERS LP,1410838,4922
ISEE,IVERIC BIO INC,1410939,2836
ANAC.1,ANACOR PHARMACEUTICALS INC,1411158,2836
ALSN,ALLISON TRANSMISSION HLDGS,1411207,3714
CBNJ,CAPE BANCORP INC,1411303,6020
EFC,ELLINGTON FINANCIAL INC,1411342,6798
CEDU,CHINAEDU CORP -ADR,1411419,8200
HAWK,BLACKHAWK NETWORK HLDGS INC,1411488,7374
SCAI,SURGICAL CARE AFFILIATES INC,1411574,8090
AMC,AMC ENTERTAINMENT HOLDINGS,1411579,7830
WMZ,WILLIAMS PIPELINE PRTNRS -LP,1411583,4922
VTGN,VISTAGEN THERAPEUTICS INC,1411685,2836
TCSGQ,CONTAINER STORE GROUP,1411688,5700
BNGO,BIONANO GENOMICS INC,1411690,3841
NED,NOAH EDUCATION HOLDINGS -ADR,1411825,8200
MAKO,MAKO SURGICAL CORP,1411861,3841
AMPE,AMPIO PHARMACEUTICALS INC,1411906,2834
OPWR,OPOWER INC,1412043,7370
CASC,CASCADIAN THERAPEUTICS INC,1412067,2836
TROO,TROOPS INC,1412095,9997
SMPL.1,SIMPLICITY BANCORP INC,1412109,6035
HMR.1,SPORTS PROPERTIES ACQ CORP,1412203,9995
VWR,VWR CORP,1412232,5040
CRCM,CARE.COM INC,1412270,7370
WMLPQ,WESTMORELAND RES PARTNERS LP,1412347,1220
PHR,PHREESIA INC,1412408,7370
COCP,COCRYSTAL PHARMA INC,1412486,2834
LGFTY,LONGTOP FINANCIAL TECH -ADR,1412494,7371
EVO,EVOTEC SE,1412558,8731
MOFG,MIDWESTONE FINANCIAL GROUP,1412665,6020
LEVL,LEVEL ONE BANCORP INC,1412707,6020
BHL,BLACKROCK DEFINED OPPORTY TR,1412914,6726
TGH,TEXTAINER GROUP HOLDINGS LTD,1413159,7359
GRO.5,AGRIA CORP -ADS,1413257,100
PM,PHILIP MORRIS INTERNATIONAL,1413329,2111
HOME.1,HOME FEDERAL BANCORP INC,1413440,6035
NXPI,NXP SEMICONDUCTORS NV,1413447,3674
SRCI,SRC ENERGY INC,1413507,1311
AXG.3,ATLAS ACQUISITION HOLDINGS,1413609,9995
YDKG,YUEDA DIGITAL HOLDING,1413745,7310
FFWM,FIRST FOUNDATION INC,1413837,6020
AIFU,AIFU INC,1413855,6411
DALN,DALLASNEWS CORP,1413898,2711
FYR,SAPPHIRE INDUSTRIALS CORP,1414255,9995
PBNC.,PARAGON COMMERCIAL CORP,1414374,6020
WES.3,WESTERN GAS PARTNERS LP,1414475,1311
NCPL,NETCAPITAL INC,1414767,6211
NPD,CHINA NEPSTAR CHAIN DRUG-ADS,1414850,5912
OCSL,OAKTREE SPECIALTY LENDING CP,1414932,6797
GA,GIANT INTERACTIVE GROUP -ADR,1415016,7372
TCPTF,THOMPSON CREEK METALS CO INC,1415020,1000
WSB,WSB HOLDINGS INC,1415022,6035
FUBC,1ST UNITED BANCORP INC,1415277,6020
DFRG,DEL FRISCOS RESTURNT GRP INC,1415301,5812
ZLTQ,ZELTIQ AESTHETICS INC,1415336,3845
NLX,OVERTURE ACQUISITION CORP,1415362,9995
SATS,ECHOSTAR CORP,1415404,4899
TUX,TRIAN ACQUISITION I CORP,1415581,9995
YUME,YUME INC,1415624,7310
CDCSY,CDC SOFTWARE CORP  -ADR,1415841,7372
VISN.1,VISIONCHINA MEDIA INC,1415911,7310
GMLP,GOLAR LNG PARTNERS LP,1415916,4412
NMM,NAVIOS MARITIME PARTNERS LP,1415921,4412
NASV,JAWZ INC,1415998,7372
6583B,BAUSCH & LOMB HLDGS  -REDH,1416436,2834
CABLF,CHINA CABLECOM HOLDINGS LTD,1416569,9995
RLYP,RELYPSA INC,1416792,2834
YUANF,FINCERA INC,1417370,6153
HI,HILLENBRAND INC,1417398,3530
LINUF,LINIU TECHNOLOGY GROUP,1417754,7990
IDE,VOYA INFRASTR INDL AND MATLS,1417802,6726
SOL,EMEREN GROUP LTD,1417892,1623
VIT,VANCEINFO TECHNOLOGIES -ADR,1417961,7370
SLRC,SLR INVESTMENT CORP,1418076,6797
TWTR,TWITTER INC,1418091,7370
AVYAQ,AVAYA HLDGS CORP,1418100,7372
APLE,APPLE HOSPITALITY REIT INC,1418121,6798
BSPM,BIOSTAR PHARMACEUTICALS INC,1418133,2834
KDP,KEURIG DR PEPPER INC,1418135,2080
WSHLY,WSP HOLDINGS LTD,1418225,3533
BPW,BPW ACQUISITION CORP,1418255,9995
IRDM,IRIDIUM COMMUNICATIONS INC,1418819,4899
KIORQ,KIOR INC,1418862,2990
CPEX,CPEX PHARMACEUTICALS INC,1418919,2834
FBRX,FORTE BIOSCIENCES INC,1419041,2836
ART,ARTIO GLOBAL INVESTORS INC,1419178,6282
AT,ATLANTIC POWER CORP,1419242,4991
RVYL,RYVYL INC,1419275,7374
VTGDF,VANTAGE DRILLING CO,1419428,1381
STB,STUDENT TRANSPORTATION INC,1419465,4100
HTS,HATTERAS FINANCIAL CORP,1419521,6798
CBNK,CAPITAL BANCORP INC,1419536,6020
BBLG,BONE BIOLOGICS CORP,1419554,2836
FDML,FEDERAL-MOGUL HOLDINGS CORP,1419581,3714
FLXN.1,FLEXION THERAPEUTICS INC,1419600,2834
SEDG,SOLAREDGE TECHNOLOGIES INC,1419612,3674
APTI,APPTIO INC,1419625,7370
GU,GUSHAN ENVIRONMNTL ENRGY-ADR,1419723,2990
REEMF,RARE ELEMENT RESOURCES LTD,1419806,1090
MFRM.1,MATTRESS FIRM HOLDING CORP,1419852,5712
TNK,TEEKAY TANKERS LTD,1419945,4412
DTST,DATA STORAGE CORP,1419951,7370
LOGM,LOGMEIN INC,1420302,7370
NHR,NORTH ASIA INVESTMENT CORP,1420413,9995
ATOM,ATOMERA INC,1420520,3674
FCTY,1ST CENTURY BANCSHARES INC,1420525,6020
AACG,ATA CREATIVITY GLOBAL -ADS,1420529,8200
RNTX,REIN THERAPEUTICS INC,1420565,2836
IBIO,IBIO INC,1420720,2836
CPPL,COLUMBIA PIPELINE PRTNRS LP,1420783,4922
ENOV,ENOVIS CORP,1420800,3842
ONDK,ON DECK CAPITAL INC,1420811,6159
ET.4,EXACTTARGET INC,1420850,7370
3JLNY,JENNA LANE INC,1421100,2330
VRS,VERSO CORP,1421182,2621
AGAM,AGA MEDICAL HOLDINGS INC,1421419,3845
IPI,INTREPID POTASH INC,1421461,1400
ERII,ENERGY RECOVERY INC,1421517,3559
CPGI,CHINA SHENGDA PACKAGING GP,1421561,2650
GSHR.1,INCOMED CORP,1421712,4412
GLPG,GALAPAGOS NV,1421876,2836
NORNQ,NORANDA ALUMINUM HOLDING CP,1422105,3334
BBLUQ,BLUE EARTH INC,1422109,1700
WHWK,WHITEHAWK THERAPEUTICS INC,1422142,2836
KURA,KURA ONCOLOGY INC,1422143,2836
FSK,FS KKR CAPITAL CORP,1422183,6797
TXIC,TONGXIN INTERNATIONAL LTD,1422185,3711
MMGT.,MEDICAL MANAGEMENT INC,1422678,7350
WAAS,AQUAVENTURE HOLDINGS LTD,1422841,4941
PMFG,PMFG INC,1422862,3569
SGLY,SINGULARITY FUTURE TECH LTD,1422892,4731
PUBM,PUBMATIC INC,1422930,7370
NX,QUANEX BUILDING PRODUCTS,1423221,3442
SKUL,SKULLCANDY INC,1423542,3651
AGNC,AGNC INVESTMENT CORP,1423689,6798
ZUO,ZUORA INC,1423774,7370
ALDR,ALDER BIOPHARMACEUTICALS INC,1423824,2836
PCB,PCB BANCORP,1423869,6020
WES,WESTERN MIDSTRM PRTNRS LP,1423902,4922
BNL,BROADSTONE NET LEASE INC,1424182,6798
CUEN,CUENTAS INC,1424657,4812
TVPT,TRAVELPORT WORLDWIDE LTD,1424755,7370
LO,LORILLARD INC,1424847,2111
FOXF,FOX FACTORY HOLDING CP,1424929,3751
IOVA,IOVANCE BIOTHERAPEUTICS INC,1425205,2836
WKHS,WORKHORSE GROUP INC,1425287,3711
UAN,CVR PARTNERS LP,1425292,2870
SUIG,SUI GROUP HOLDINGS LTD,1425355,6153
KIDS,ORTHOPEDIATRICS CORP,1425450,3842
RGSEQ,REAL GOODS SOLAR INC,1425565,3690
SOBR,SOBR SAFE INC,1425627,3829
GPRC,GUANWEI RECYCLING CORP,1425715,5093
NGM,NGM BIOPHARMACEUTICAL INC,1426332,2836
ASMB,ASSEMBLY BIOSCIENCES INC,1426800,2836
ECHO,ECHO GLOBAL LOGISTICS INC,1426945,4731
GTRC,GUITAR CENTER INC,1427553,5700
HIND,VYOME HOLDINGS INC,1427570,3845
TLPH,TALPHERA INC,1427925,2834
CRA,CELERA CORP,1428156,8731
ARR,ARMOUR RESIDENTIAL REIT INC,1428205,6798
HQY,HEALTHEQUITY INC,1428336,6324
ROKU,ROKU INC,1428439,4841
RDUS.1,RADIUS HEALTH INC,1428522,2836
TMX,TERMINIX GLOBAL HOLDINGS INC,1428875,7340
FBIO,FORTRESS BIOTECH INC,1429260,2836
BWOWF,WOWJOINT HOLDINGS LTD,1429360,3537
PZRXQ,PHASERX INC,1429386,2836
HBRM,HERBORIUM GROUP INC,1429494,2834
TRVN,TREVENA INC,1429560,2836
FNTE,FINTECH ACQUISITION CP II,1429688,9995
BLNK,BLINK CHARGING CO,1429764,3714
BTG,B2GOLD CORP,1429937,1040
CSAN,COSAN SA,1430162,5172
TNXP,TONIX PHARMACEUTICALS HLDG,1430306,2836
PSOF,PANSOFT COMPANY LIMITED,1430452,7372
FNGN,FINANCIAL ENGINES INC,1430592,6282
SNI.1,SCRIPPS NETWORKS INTERACTIVE,1430602,4833
SFBS,SERVISFIRST BANCSHARES INC,1430723,6020
GSL,GLOBAL SHIP LEASE INC,1430725,4400
GSTCQ,GASTAR EXPLORATION INC,1431372,1311
OVLY,OAK VALLEY BANCORP,1431567,6020
OLO,OLO INC,1431695,7370
ODV,OSISKO DEVELOPMENT CORP,1431852,1040
BNNY,ANNIE'S INC,1431897,2000
MMATQ,META MATERIALS INC,1431959,3679
KLTR,KALTURA INC,1432133,7370
GIG.2,GIGPEAK INC,1432150,3674
PGLC,PERSHING GOLD CORP,1432196,1040
TRIV,TRIVASCULAR TECHNOLOGIES INC,1432732,3841
APPF,APPFOLIO INC,1433195,7370
AR,ANTERO RESOURCES CORP,1433270,1311
NSPR,INSPIREMD INC,1433607,3845
HLNE,HAMILTON LANE INC,1433642,6282
JBTM,JBT MAREL CORP,1433660,3550
CSLT,CASTLIGHT HEALTH INC,1433714,7370
FFD,MORGAN STAN FRONTIER EMG MKT,1434130,6726
SVN,7 DAYS GROUP HLDGS LTD  -ADR,1434220,7011
GMAB,GENMAB AS,1434265,2836
FATE,FATE THERAPEUTICS INC,1434316,2836
CNST,CONSTELLATION PHARMCTCL,1434418,2836
CLIR,CLEARSIGN TECHNOLOGIES CORP,1434524,3823
LOPE,GRAND CANYON EDUCATION INC,1434588,8200
TTTM,T3 MOTION INC,1434589,3711
CCRO.1,CLINTRIALS RESEARCH INC,1434598,8734
SAND,SANDSTORM GOLD LTD,1434614,1040
ILG,ILG INC,1434620,6532
TREE,LENDINGTREE INC,1434621,6163
ZVRA,ZEVRA THERAPEUTICS INC,1434647,2834
GWRS,GLOBAL WATER RESOURCES INC,1434728,4941
HSNI,HSN INC,1434729,5961
SB,SAFE BULKERS INC,1434754,4412
FLSS,FORBES ENERGY SERVICES LTD,1434842,1389
ESPR,ESPERION THERAPEUTICS INC,1434868,2834
KDNY,CHINOOK THERAPEUTICS INC,1435049,2836
CETX,CEMTREX INC,1435064,3829
FSFG,FIRST SAVINGS FINANCIAL GP,1435508,6020
CFL.2,BRINKS HOME SECURITY HLDGS,1436040,7381
MG,MISTRAS GROUP INC,1436126,8711
LEGH,LEGACY HOUSING CORP,1436208,2451
BTCS,BTCS INC,1436229,7370
KYTH,KYTHERA BIOPHARMA INC,1436304,2836
HBCP,HOME BANCORP INC,1436425,6035
MEIL,METHES ENERGIES INTL LTD,1436549,2990
DJSP,DJSP ENTERPRISES INC,1436612,9995
IVR,INVESCO MORTGAGE CAPITAL INC,1437071,6798
ASCMA,ASCENT CAPITAL GROUP INC,1437106,7380
WBD,WARNER BROS DISCOVERY INC,1437107,4841
MHH,MASTECH DIGITAL INC,1437226,7361
NNA,NAVIOS MARITIME ACQUISITION,1437260,4412
EVBG,EVERBRIDGE INC,1437352,7370
ARDX,ARDELYX INC,1437402,2836
POET,POET TECHNOLOGIES INC,1437424,3674
ROII,RISKON INTERNATIONAL INC,1437491,7389
LLEXQ,LILIS ENERGY INC,1437557,1311
BFAM,BRIGHT HORIZONS FAMILY SOLTN,1437578,8351
IMDZ,IMMUNE DESIGN CORP,1437786,2836
GMGI,GOLDEN MATRIX GROUP INC,1437925,7990
CCB,COASTAL FINANCIAL CORP,1437958,6020
TNDM,TANDEM DIABETES CARE INC,1438133,3845
DMRC,DIGIMARC CORP,1438231,7370
MRAM,EVERSPIN TECHNOLOGIES INC,1438423,3674
TVTX,TRAVERE THERAPEUTICS INC,1438533,2836
GRFS,GRIFOLS S A,1438569,2836
DL,CHINA DISTANCE EDUCATION-ADR,1438644,8200
ALJJ,ALJ REGIONAL HOLDINGS INC,1438731,7374
GNT,GAMCO NAT RES GOLD & INCM TR,1438893,6726
MRC,MRC GLOBAL INC,1439095,5051
AXIA,AXIA ENERGIA SA,1439124,4911
CTPR,CTPARTNERS EXEC SEARCH INC,1439199,7361
AGIO,AGIOS PHARMACEUTICALS,1439222,2836
CMMCY,CHINA MASS MEDIA CORP,1439229,7311
ZWS,ZURN ELKAY WATER SOLUTI CORP,1439288,3430
ZNGA,ZYNGA INC,1439404,7372
BDSX,BIODESIX INC,1439725,8071
RRTS,ROADRUNNER TRANS SYSTEMS INC,1440024,4731
UUGRY,UNITED UTILITIES GROUP PLC,1440130,4941
UDFI,UNITED DEV FUNDING IV,1440292,6798
LAR,LITHIUM ARGENTINA AG,1440972,1400
CLW,CLEARWATER PAPER CORP,1441236,2631
MODL.1,MMODAL INC,1441567,7374
APPN,APPIAN CORP,1441683,7370
MBII,MARRONE BIO INNOVTIONS,1441693,2870
MDB,MONGODB INC,1441816,7370
FACT.1,FACET BIOTECH CORP,1441848,2836
CLDPQ,CLOUD PEAK ENERGY INC,1441849,1220
VRSK,VERISK ANALYTICS INC,1442145,8742
BLZE.1,AZTEC ENERGY CORP/UT,1442215,1311
ADAT.1,AUTHENTIDATE HOLDING -OLD,1442222,7372
QRHC,QUEST RESOURCE HOLDING CORP,1442236,4950
CLWR,CLEARWIRE CORP,1442505,4899
YOKU,YOUKU TUDOU INC,1442596,7370
RCON,RECON TECHNOLOGY LTD,1442620,3533
BRG,BLUEROCK RESIDENTIAL GROWTH,1442626,6798
XBKS.1,XENITH BANKSHARES INC-OLD,1442741,6020
MRSN,MERSANA THRPEUTIC INC,1442836,2836
BMTL,BIOMEDICAL TECHNOLOGY SOLTNS,1443062,4955
RIF.3,RMR REAL ESTATE INCM FD -OLD,1443387,6726
BAH,BOOZ ALLEN HAMILTON HLDG CP,1443646,7370
PRLB,PROTO LABS INC,1443669,3559
GNRT,GENER8 MARITIME INC,1443799,4412
CNWHF,CHINA NETWORKS INTL HOLDINGS,1443979,9995
3MKORE,MCCORMICK CAPITAL INC,1444064,6200
GRCE,GRACE THERAPEUTICS INC,1444192,2833
ONCSQ,ONCOSEC MEDICAL INC,1444307,2836
GCAP,GAIN CAPITAL HOLDINGS INC,1444363,6200
NVRO,NEVRO CORP,1444380,3845
OSHC,OCEAN SHORE HOLDING CO,1444397,6035
EC,ECOPETROL SA,1444406,2911
EM.3,EMDEON INC,1444598,7374
FTLK,FUNTALK CHINA HOLDINGS LTD,1444677,5065
XRDC,CROSSROADS CAPITAL INC,1444706,9995
UNIV.,UNIVERSAL INTL INC,1444914,5331
KANT,KINETA INC,1445283,2836
WK,WORKIVA INC,1445305,7370
IMPLQ,IPI LEGACY LIQUIDATION CO,1445499,2834
KB,KB FINANCIAL GROUP,1445930,6020
AGPU,AXE COMPUTE INC,1446159,3841
AHEXY,ADECCO GROUP AG,1446251,7363
IRWD,IRONWOOD PHARMACEUTICALS INC,1446847,2834
ABUS,ARBUTUS BIOPHARMA CORP,1447028,2836
TBNK,TERRITORIAL BANCORP INC,1447051,6036
CSTL,CASTLE BIOSCIENCES INC,1447362,8071
ORIG,OCEAN RIG UDW INC,1447382,1381
FIT.2,FITBIT INC,1447599,3663
TWLO,TWILIO INC,1447669,7370
NEWR,NEW RELIC INC,1448056,7370
ANCB,ANCHOR BANCORP/WA,1448301,6036
SHIP,SEANERGY MARITIME HOLDINGS C,1448397,4412
OPRX,OPTIMIZERX CORP,1448431,7370
ESNT,ESSENT GROUP LTD,1448893,6351
TUBE,TUBEMOGUL INC,1449278,7372
CCLP,CSI COMPRESSCO LP,1449488,1382
STTSY.,STATS CHIPPAC LTD,1449579,3674
WGRP,WILLBROS GROUP INC,1449732,1623
PPSI,PIONEER POWER SOLUTIONS INC,1449792,3612
CHOPF,CHINA GERUI ADV MATERIALS GP,1449801,3312
PZE,PETROBRAS ARGENTINA SA,1449877,2911
LINIA,LINDAS DIVERSIFED HLDGS-CL A,1450307,5812
NUW,NUVEEN AMT-FREE MUNI VL FD,1450445,6726
INVHY,INVITEL HOLDINGS AS  -ADR,1450598,4899
VIVK,VIVAKOR INC,1450704,5171
RIG,TRANSOCEAN LTD,1451505,1381
SITM,SITIME CORP,1451809,3674
FFNTQ,FRIENDFINDER NETWORKS INC,1451951,7370
TPCG,TPC GROUP INC,1452217,2860
HAWKQ,SEAHAWK DRILLING INC,1452384,1381
SEVN,SEVEN HILLS REALTY TRUST,1452477,6798
MJN,MEAD JOHNSON NUTRITION CO,1452575,2020
NMBL.1,NIMBLE STORAGE INC,1452751,3572
SPLP,STEEL PARTNERS HOLDINGS LP,1452857,9997
UTRS,MINERVA SURGICAL INC,1452965,3841
BLDP,BALLARD POWER SYSTEMS INC,1453015,3690
XTNT,XTANT MEDICAL HOLDINGS INC,1453593,3842
RNAC,CARTESIAN THERAPEUTICS INC,1453687,2836
MDSO,MEDIDATA SOLUTIONS INC,1453814,7370
PMIC,PENN MILLERS HOLDING CORP,1453820,6331
MTT,WESTERN ASSET MUN DEF OPP TR,1454021,6726
ASPX,AUSPEX PHARMACEUTICALS INC,1454189,2836
SGM,STONEGATE MORTGAGE CORP,1454389,6162
EOT,EATON VANCE NATL MUN OPP TR,1454741,6726
ATXS,ASTRIA THERAPEUTICS INC,1454789,2836
TEAD,TEADS HOLDING CO,1454938,7370
NPN,NUVEEN PA MUNICIPAL VALUE FD,1454978,6726
NCB,NUVEEN CA MUNICIPAL VL FD 2,1454979,6726
NJV,NUVEEN NJ MUNICIPAL VALUE FD,1454980,6726
NYV,NUVEEN NY MUNICIPAL VL FD 2,1454981,6726
CGTX,COGNITION THERAPEUTICS INC,1455365,2834
TPICQ,TPI COMPOSITES INC,1455684,3510
PPPMF,PRIMERO MINING CORP,1455886,1040
FNV,FRANCO-NEVADA CORP,1456346,6795
OPITQ,OFFICE PROPERTIES INCOME TR,1456772,6798
CFN,CAREFUSION CORP,1457543,3841
GNCAQ,GENOCEA BIOSCIENCES INC,1457612,2836
CFB,CROSSFIRST BANKSHARES INC,1458412,6020
SNSAY,STOLT NIELSEN LTD,1458660,4412
CYOU,CHANGYOU.COM LTD,1458696,7372
MB.3,MINDBODY INC,1458962,7370
ALRM,ALARM.COM HOLDINGS INC,1459200,7370
ZSPH,ZS PHARMA INC,1459266,2834
TWOUQ,2U INC,1459417,8200
MYRX,MYREXIS INC,1459450,2836
SIBN,SI-BONE INC,1459839,3842
KIPS,KIPS BAY MEDICAL INC,1460198,3841
FLNT,FLUENT INC,1460329,8742
ORGS,ORGENESIS INC,1460602,2836
AIXC,AIXCRYPTO HOLDINGS INC,1460702,2836
TRITF,TRI-TECH HOLDING INC,1460801,7373
CRHM,CRH MEDICAL CORP,1461119,8011
HMTA,HOMETOWN BANKSHARES CORP,1461640,6020
ACBI,ATLANTIC CAP BANCSHARES INC,1461755,6020
MLNTQ,MELINTA THERAPEUTICS INC,1461993,2834
BLZE,BACKBLAZE INC,1462056,7370
LOB,LIVE OAK BANCSHARES INC,1462120,6020
NIXX,NIXXY INC,1462223,7370
ASPS,ALTISOURCE PORTFOLIO SOLTNS,1462418,6531
IGI,WESTERN AST INV GRD OP TR IN,1462586,6726
JIVE.1,JIVE SOFTWARE INC,1462633,7372
CNOB.1,CONNECTONE BANCORP INC -OLD,1462694,6020
ENPH,ENPHASE ENERGY INC,1463101,3674
ZEN,ZENDESK INC,1463172,7370
REGI,RENEWABLE ENERGY GROUP INC,1463258,2990
UNBX,UNITY BIOTECHNOLOGY INC,1463361,2836
CPC.3,CHEMSPEC INTL LTD  -ADR,1463398,2890
MNELF,MISSION NEWENERGY LTD,1463471,2990
RCPT,RECEPTOS INC,1463729,2836
IDWM,IDW MEDIA HOLDINGS INC,1463833,2721
DSKX,DS HEALTHCARE GROUP INC,1463959,2834
VUZI,VUZIX CORP,1463972,3827
ATLC,ATLANTICUS HOLDINGS CORP,1464343,6141
PMT,PENNYMAC MORTGAGE INVEST TR,1464423,6798
GPRK,GEOPARK LTD,1464591,1311
RILY,BRC GROUP HOLDINGS INC,1464790,6211
FCRD,FIRST EAGLE ALTERNATIVE CAPI,1464963,6797
DTV.2,DIRECTV,1465112,4841
STWD,STARWOOD PROPERTY TRUST INC,1465128,6798
DGWIY,DUOYUAN GLOBAL WATER  -ADR,1465317,3580
TWO,TWO HARBORS INVESTMENT CORP,1465740,6798
WMC,WESTERN ASSET MTG CAPITAL CP,1465885,6798
MSBI,MIDLAND STATES BANCORP INC,1466026,6020
IRT,INDEPENDENCE REALTY TRUST,1466085,6798
TT,TRANE TECHNOLOGIES PLC,1466258,3585
BVA,CORDIA BANCORP INC,1466292,6020
CLVSQ,CLOVIS ONCOLOGY INC,1466301,2836
COWN,COWEN INC,1466538,6282
OTTR,OTTER TAIL CORP,1466593,4911
ABCD,CAMBIUM LEARNING GROUP INC,1466815,7370
CXS,CREXUS INVESTMENT CORP,1467027,6798
NOVNQ,NVN LIQUIDATION INC,1467154,2834
ACN,ACCENTURE PLC,1467373,8742
DBX,DROPBOX INC,1467623,7370
NEOS,NEOS THERAPEUTICS INC,1467652,2834
ARI,APOLLO COMMERCIAL RE FIN INC,1467760,6798
FIEE,FIEE INC,1467761,3661
CORBF,GLOBAL CORD BLOOD CORP,1467808,8090
GM,GENERAL MOTORS CO,1467858,3711
AAVVF,ADVANTAGE ENERGY LTD,1468079,1311
VEON,VEON LTD,1468091,4812
H,HYATT HOTELS CORP,1468174,7011
RENT,RENT THE RUNWAY INC,1468327,7200
ADUS,ADDUS HOMECARE CORP,1468328,8082
HSCS,HEARTSCIENCES INC,1468492,3845
AOL,AOL INC,1468516,7370
FER,FERROVIAL SE,1468522,1600
SCWX,SECUREWORKS CORP,1468666,7372
KOD,KODIAK SCIENCES INC,1468748,2836
NXGL,NEXGEL INC,1468929,3842
CNR.1,CHINA METRO-RURAL HOLDINGS,1468944,6552
FCFP,FIRST CMNTY FINL PARTNERS,1469134,6020
RUN,SUNRUN INC,1469367,3620
MSGN,MSG NETWORKS INC,1469372,4841
NEV,NUVEEN ENHANCED MUNI VALUE,1469392,6726
PAM,PAMPA ENERGIA SA,1469395,4911
ACOM,ANCESTRY.COM INC,1469433,7370
RKDA,ARCADIA BIOSCIENCES INC,1469443,100
REN,RESOLUTE ENERGY CORP,1469510,1311
AMCF,ANDATEE CHINA MARINE FUEL,1469606,5171
MOBL,MOBILEIRON INC,1470099,7370
GAME.1,SHANDA GAMES LTD  -ADR,1470157,7372
ICBK,COUNTY BANCORP INC,1470205,6020
TW.3,TOWERS WATSON & CO,1470215,8742
SSLZY,SANTOS LTD,1470579,1311
AEHL,ANTELOPE ENTERPRISE HOLDINGS,1470683,5961
ARCL,ARCHIPELAGO LEARNING INC,1470699,8200
OABC,OMNIAMERICAN BANCORP INC,1470795,6035
GTEC.1,GLOBAL DEFNSE TCH & SYS INC,1471038,7373
BSBR,BANCO SANTANDER BRASIL  -ADR,1471055,6020
OBAF,OBA FINANCIAL SERVICES INC,1471088,6035
CIEIQ,COBALT INTL ENERGY INC,1471261,1311
NWBI,NORTHWEST BANCSHARES INC,1471265,6036
STK,COLUMBIA SELIGMAN PRM TEC GR,1471420,6726
RUE,RUE21 INC,1471458,5600
SRXH,SRX HEALTH SOLUTIONS INC,1471727,2040
IMNM,IMMUNOME INC,1472012,2836
CCM,CONCORD MEDICAL SVCS  -ADR,1472072,8060
PDSB,PDS BIOTECHNOLOGY CORP,1472091,2836
JLS,NUVEEN MORTGAGE AND INC FUND,1472215,6726
GRO,BRAZIL POTASH CORP,1472326,1400
GDO,WESTERN ASST GL CP OP FD INC,1472341,6726
ROKA,SORRENTO TECH INC,1472343,2835
CRIC,CHINA REAL ESTATE INFO  -ADR,1472353,8742
LONCF,LONCOR GOLD INC,1472619,1040
FAF,FIRST AMERICAN FINANCIAL CP,1472787,6361
PSTRQ,POSTROCK ENERGY CORP,1473061,1311
CHSP,CHESAPEAKE LODGING TRUST,1473078,6798
3STTCE,STRATOSPHERE CORP,1473298,7990
XWIN,XMAX INC,1473334,2510
STRI,STR HOLDINGS INC,1473597,3674
STEL,STELLAR BANCORP INC,1473844,6020
BALT.1,BALTIC TRADING LTD,1474042,4412
PEB,PEBBLEBROOK HOTEL TRUST,1474098,6798
COSM,COSMOS HEALTH INC,1474167,5122
PSTG,PURE STORAGE INC,1474432,3572
TNAV,TELENAV INC,1474439,4899
NYRT,NEW YORK REIT INC,1474464,6798
TASIF,TASMAN METALS LTD,1474547,1090
GKOR,GOLKOR INC,1474558,9995
NEGG,NEWEGG COMMERCE INC,1474627,5961
GNRC,GENERAC HOLDINGS INC,1474735,3621
AFCO,AMERICAN FARMLAND CO,1474777,6798
IPCIQ,INTELLIPHARMACEUTICS INTL,1474835,2834
BGSF,BGSF INC,1474903,7363
NKBP,CHINA NUOKANG BIO-PHARMA-ADR,1474952,2834
EB,EVENTBRITE INC,1475115,7370
CVE,CENOVUS ENERGY INC,1475260,2911
SALE.,RETAILMENOT INC,1475274,7370
LBC,LUTHER BURBANK CORP,1475348,6020
NBHC,NATIONAL BANK HLDGS CORP,1475841,6020
PRI,PRIMERICA INC,1475922,6311
MCB,METROPOLITAN BANK HLDNG,1476034,6020
CLDT,CHATHAM LODGING TRUST,1476045,6798
TRNO,TERRENO REALTY CORP,1476150,6798
UNISQ,UNILIFE CORP,1476170,3841
PECO,PHILLIPS EDISON & CO INC,1476204,6798
WFBI,WASHINGTONFIRST BANKSHARES,1476264,6020
FCB,FCB FINANCIAL HOLDINGS INC,1476651,6020
CRMBQ,CRUMBS BAKE SHOP INC,1476719,5400
ETUA,EUNITS 2 YR U S MKT PARTN TR,1476721,6726
GBDC,GOLUB CAPITAL BDC INC,1476765,6797
EXFY,EXPENSIFY INC,1476840,7370
SCPX,SCORPIUS HOLDINGS INC,1476963,2836
PGRX,PROSPECT GLOBAL RESOURCES,1477032,1400
KGEI,KOLIBRI GLOBAL ENERGY INC,1477081,1311
CHC,CHINA HYDROELECTRIC CORP-ADR,1477156,4991
FUEL,ROCKET FUEL INC,1477200,7370
SANW,S&W SEED CO,1477246,100
ST,SENSATA TECHNOLOGES HLDG PLC,1477294,3823
CTCLY,IFM INVESTMENTS LTD,1477324,6531
NET,CLOUDFLARE INC,1477333,7370
SEND,SENDGRID INC,1477425,7370
TDOC,TELADOC HEALTH INC,1477449,8090
DQ,DAQO NEW ENERGY CORP,1477641,3674
ASAN,ASANA INC,1477720,7370
SG,SWEETGREEN INC,1477815,5812
ANVS,ANNOVIS BIO INC,1477845,2836
CFRXQ,CONTRAFECT CORP,1478069,2836
GRM,GRAHAM PACKAGING CO INC,1478085,3089
DMO,WESTERN ASSET MORTGAGE OP FD,1478102,6726
PFNX,PFENEX INC,1478121,2836
IQV,IQVIA HOLDINGS INC,1478242,8731
ADPT,ADAPTIVE BIOTECH CORP,1478320,2835
EBMT,EAGLE BANCORP MONTANA INC,1478454,6020
ZU,ZULILY INC,1478484,5961
CHFN,CHARTER FINANCIAL CORP/MD,1478726,6035
NBB,NUVEEN TAXABLE MNCPL INC FD,1478888,6726
EXL,EXCEL TRUST INC,1478950,6798
STAG,STAG INDUSTRIAL INC,1479094,6798
JMT,NUVEEN MTG OPP TERM FD 2,1479238,6726
RVNC,REVANCE THERAPEUTICS INC,1479290,2836
KALA,KALA BIO INC,1479419,2836
DVOXQ,DYNAVOX INC,1479426,7373
SLN,SILENCE THERAPEUTICS PLC,1479615,2836
NUTX,NUTEX HEALTH INC,1479681,8060
CBF,CAPITAL BANK FINANCIAL CORP,1479750,6020
TBSIQ,TBS INTERNATIONAL PLC,1479920,4412
EXD,EATON VANCE TAX-MG BUY-WT ST,1480999,6726
CRU.2,CRUDE CARRIERS CORP,1481055,4412
PSHG,PERFORMANCE SHIPPING INC,1481241,4412
PNG,PAA NATURAL GAS STORAGE LP,1481506,4922
RARX,RA PHARMACEUTICALS INC,1481512,2836
JKS,JINKOSOLAR HOLDING CO,1481513,3674
RYI,RYERSON HOLDING CORP,1481582,5051
ACCD,ACCOLADE INC,1481646,8090
QUAD,QUAD/GRAPHICS INC,1481792,2750
APTS,PREFERRED APARTMENT CMNTYS,1481832,6798
ICEL,CELLULAR DYNAMICS INTL INC,1482080,2836
HPP,HUDSON PACIFIC PPTYS INC,1482512,6798
BNC,CEA INDUSTRIES INC,1482541,3523
COCO,VITA COCO COMPANY INC,1482981,2086
WPZ,WILLIAMS PARTNERS LP,1483096,1311
ORIT,ORITANI FINANCIAL CORP,1483195,6035
BXEFF,BELLATRIX EXPLORATION LTD,1483405,1311
EXPRQ,EXPRESS INC,1483510,5600
NKA,NISKA GAS STORAGE PARTNERS,1483830,4922
STNG,SCORPIO TANKERS INC,1483934,4412
HTHT,H WORLD GROUP LIMITED,1483994,7011
AXXDF,ALDERON IRON ORE CORP,1484457,1000
FURX,FURIEX PHARMACEUTICALS INC,1484478,2834
GIMO,GIGAMON INC,1484504,7373
SLNO,SOLENO THERAPEUTICS INC,1484565,2836
OM,OUTSET MEDICAL INC,1484612,3845
FUBO,FUBOTV INC,1484769,7370
TDUP,THREDUP INC,1484778,5961
JXSB,JACKSONVILLE BANCORP INC/MD,1484949,6036
ONFC,ONEIDA FINANCIAL CORP,1485001,6036
CARM,CARISMA THERAPEUTICS INC,1485003,2836
FXCB,FOX CHASE BANCORP INC,1485176,6035
TOWR,TOWER INTERNATIONAL INC,1485469,3711
CHRM,CHARM COMMUNICATIONS INC,1485487,7310
COBK,COLONIAL FINANCIAL SVCS INC,1485527,6020
OSN,OSSEN INNOVATION CO LTD -ADR,1485538,3310
PACQF,PRIME ACQUISITION CORP,1485922,6512
TBOW,TRUNKBOW INTL HOLDINGS LTD,1485933,7372
PEOP,PEOPLES FEDERAL BANCSHS INC,1485964,6035
FFCO,FEDFIRST FINANCIAL CORP,1486058,6035
CHRD,CHORD ENERGY CORP,1486159,1311
BSL,BLACKSTONE S F R 2027 T FUND,1486298,6726
BIQIF,BIQI INTL HLDGS CORP,1486299,200
ONE.2,HIGHER ONE HOLDINGS INC,1486800,6099
BWXT,BWX TECHNOLOGIES INC,1486957,3559
LTXB,LEGACY TEX FINANCIAL GRP INC,1487052,6020
KEYW,KEYW HOLDING CORP,1487101,7370
BRFH,BARFRESH FOOD GROUP INC,1487197,2030
ASPU,ASPEN GROUP INC,1487198,8200
CIS,CAMELOT INFO SYSTEMS INC-ADR,1487295,7372
BSTE,BIOSITE INC,1487310,2835
GNMK,GENMARK DIAGNOSTICS INC,1487371,3845
HRZN,HORIZON TECHNOLOGY FINANCE,1487428,6797
DMEDF.1,MEAT-TECH 3D LTD,1487525,3845
NHS,NEUBERGER HIGH YLD STRAT FND,1487610,6726
AL,AIR LEASE CORP,1487712,7359
SPB.1,SPECTRUM BRANDS HOLDINGS INC,1487730,3690
RVEN,REVEN HOUSING REIT INC,1487782,6798
LKCOF,LUOKUNG TECHNOLOGY CORP,1487839,7370
YRIV,YANGTZE RIV PORT & LGSTC LTD,1487843,4400
OFS,OFS CAPITAL CORP,1487918,6797
VPG,VISHAY PRECISION GROUP INC,1487952,3674
HCOM.1,HAWAIIAN TELCOM HOLDCO INC,1487986,4813
ARX.1,AEROFLEX HOLDING CORP,1487990,3674
BOX.2,SEACUBE CONTAINER LEASING,1487999,7359
ATOS,ATOSSA THERAPEUTICS INC,1488039,2836
IL,INTRALINKS HOLDINGS INC,1488075,7370
AMRC,AMERESCO INC,1488139,1600
FMI,FOUNDATION MEDICINE INC,1488613,2836
CEM,CLEARBRIDGE MLP AND MDS FUND,1488775,6726
CUBI,CUSTOMERS BANCORP INC,1488813,6020
ELMD,ELECTROMED INC,1488917,3845
THR,THERMON GROUP HOLDINGS INC,1489096,3690
SEMG.1,SEMGROUP CORP,1489136,5171
MCPIQ,MOLYCORP INC,1489137,3390
SMT,SMART TECHNOLOGIES INC,1489147,3577
IMRSQ,IMRIS INC,1489161,3845
LYB,LYONDELLBASELL INDUSTRIES NV,1489393,2820
LZENF,LIZHAN ENVIRONMENTAL CORP,1489784,2200
AMAP,AUTONAVI HLDG LTD,1489895,7372
TFM.1,FRESH MARKET INC,1489979,5411
FULL,FULL CIRCLE CAPITAL CORP,1490013,6797
SOWG,SOW GOOD INC,1490161,2030
EACIQ,ERICKSON INC,1490165,7350
WLDBF,WILDBRAIN LTD,1490186,7812
GRPN,GROUPON INC,1490281,5960
NTG,TORTOISE MIDSTRM EN FUND INC,1490286,6726
PFX,PHENIXFIN CORP,1490349,6797
BORNY,CHINA NEW BORUN CORP -ADR,1490366,2085
VELTF,VELTI PLC,1490412,7372
RHNO.1,RHINO RESOURCE PARTNERS LP,1490630,1220
GMANQ,G-ESTATE LIQUIDATION STORES,1490636,5600
CSFSF,CASH STORE FINANCIAL SVCS,1490658,6141
MKTO,MARKETO INC,1490660,7370
COR.4,CORESITE REALTY CORP,1490892,6798
CFFN,CAPITOL FEDERAL FINL INC,1490906,6035
DDMGQ,DIGITAL DOMAIN MEDIA GRP INC,1490930,7812
SDGR,SCHRODINGER INC,1490978,7372
CCG.3,CAMPUS CREST COMMUNITIES INC,1490983,6798
LVO,LIVEONE INC,1491419,7370
TMS,TMS INTERNATIONAL CORP,1491501,5051
TSRO,TESARO INC,1491576,2836
ANGI.1,ANGIE'S LIST INC,1491778,7370
PFBC,PREFERRED BANK LOS ANGELES,1492165,6020
ELTTY,ELSTER GROUP SE  -ADR,1492261,3824
SBRA,SABRA HEALTH CARE REIT INC,1492298,6798
APLS,APELLIS PHARMACEUTICALS,1492422,2836
HZNP,HORIZON THERAPEUTICS PUB LTD,1492426,2836
NLSN,NIELSEN HOLDINGS PLC,1492633,8700
WMGI,WRIGHT MEDICAL GROUP NV,1492658,3842
TTOO,T2 BIOSYSTEMS INC,1492674,2835
KNX,KNIGHT-SWIFT TRPTN HLDGS INC,1492691,4213
EQU,EQUAL ENERGY LTD,1492832,1311
STND,STANDARD AVB FINANCIAL CORP,1492915,6036
NORD.1,NORD ANGLIA EDUCATION INC,1492966,8200
SPBC.2,SP BANCORP INC,1493182,6035
NFBK,NORTHFIELD BANCORP INC,1493225,6035
HBOS,HERITAGE FINANCIAL GP INC,1493491,6036
NBD,NUVEEN BUILD AMERICA BD OPP,1493523,6726
NVSL,NAUGATUCK VALLEY FINANCIAL,1493552,6035
OTIC,OTONOMY INC,1493566,2836
MTSI,MACOM TECHNLGY SOL HLDGS INC,1493594,3674
RDA,RDA MICROELECTRONCS INC -ADR,1493637,3674
PACT,PACTERA TECHNOLOGY INTL,1493639,7370
TBCH,TURTLE BEACH CORP,1493761,3577
SAFE.2,SAFENET HOLDING CORP-REDH,1494037,3577
CARG,CARGURUS INC,1494259,7370
UNVR,UNIVAR SOLUTIONS INC,1494319,5160
EMGCQ,EMERGENT CAPITAL INC,1494448,6159
FSD,FIRST TRUST HIGH INCM LG/SHR,1494530,6726
CCT,CORPORATE CAPITAL TR INC,1494538,6797
AMBO,AMBOW EDUCATION HLDGS,1494558,8200
BOC,BOSTON OMAHA CORP,1494582,7310
OPTN,OPTINOSE INC,1494650,2834
SRTS,SENSUS HEALTHCARE INC,1494891,3845
GBLI,GLOBAL INDEMNITY GROUP LLC,1494904,6331
MMYT,MAKEMYTRIP LTD,1495153,4700
OXLC,OXFORD LANE CAPITAL CORP,1495222,6199
IZEA,IZEA WORLDWIDE INC,1495231,7370
LAND,GLADSTONE LAND CORP,1495240,6798
VRA,VERA BRADLEY INC,1495320,3100
BBRG,BRAVO BRIO RESTAURANT GP INC,1495479,5812
MMI.3,MOTOROLA MOBILITY HLDGS INC,1495569,3663
KH,CHINA KANGHUI HOLDINGS -ADR,1495660,3841
GBAB,GUGGENHEIM TAXABLE MUN TRUST,1495825,6726
FRF.2,FORTEGRA FINANCIAL CORP,1495925,6411
EXPI,EXP WORLD HOLDINGS INC,1495932,6531
BPYU,BROOKFIELD PROPERTY REIT,1496048,6798
NMFC,NEW MOUNTAIN FINANCE CORP,1496099,6797
IHD,VOYA EMERGIN MKTS HI DIV EQ,1496292,6726
IGMS,IGM BIOSCIENCES INC,1496323,2836
MOKO,INVICTUS THERAPEUTICS LTD,1496371,4812
PAYS,PAYSIGN INC,1496443,7389
NTSP,NETSPEND HOLDINGS INC,1496623,6141
FNBCQ,FIRST NBC BANK HOLDING CO,1496631,6020
CALA,CALITHERA BIOSCIENCES INC,1496671,2836
SQSP,SQUARESPACE INC,1496963,7370
HYI,WESTERN ASST HG YD OP FD INC,1497186,6726
VIVS,VIVOSIM LABS INC,1497253,2836
XG,EXTORRE GOLD MINES LTD,1497270,1040
STBZ,STATE BANK FINANCIAL CORP,1497275,6020
INV.4,INVENTIV GROUP HLDGS -REDH,1497350,5122
PLXPQ,PLX PHARMA INC,1497504,2834
INN,SUMMIT HOTEL PROPERTIES INC,1497645,6798
WD,WALKER & DUNLOP INC,1497770,6162
SYSW,SYSWIN INC  -ADR,1497862,6531
EXAM,EXAMWORKS GROUP INC,1498021,8090
ARA,AMERICAN RENAL ASSOCS HLDGS,1498068,8090
CPTN,CEPTON INC,1498233,3829
ASNAQ,ASCENA RETAIL GROUP INC,1498301,5621
HURA,TUHURA BIOSCIENCES INC,1498382,2836
BLRX,BIOLINERX LTD,1498403,2836
CCIHY,CHINACACHE INTL HLDGS  -ADR,1498576,7370
PSF,COHEN & STEERS SL PFD & INC,1498612,6726
FLYYQ,SPIRIT AVIATION HOLDINGS INC,1498710,4512
IDC,INTERACTIVE DATA HLDGS -REDH,1498720,6200
RBB,RBB BANCORP,1499422,6020
STXB,SPRT OF TXS BNCSR INC,1499453,6020
SHP,SHANGPHARMA CORP -ADR,1499470,2834
DXF,EASON TECHNOLOGY LTD -ADR,1499494,7371
AGRO,ADECOAGRO SA,1499505,2060
GAGA,LE GAGA HOLDINGS LTD  -ADR,1499506,100
NOAH,NOAH HOLDINGS LIMITED,1499543,6282
AACPF,AUSTRALIA ACQUISITION CORP,1499593,9995
TUDO,TUDOU HOLDINGS LTD  -ADR,1499599,7370
XUE,XUEDA EDUCATION GROUP  -ADR,1499619,8200
TAL,TAL EDUCATION GROUP,1499620,8200
LASLY,LENTUO INTERNATIONAL -ADR,1499673,5500
AVIV.1,AVIV REIT INC,1499686,6798
STAFQ,STAFFING 360 SOLUTIONS INC,1499717,7363
DANG,E-COMMERCE CH DANGDANG -ADR,1499744,5961
GLBS,GLOBUS MARITIME LTD,1499780,4412
BITA,BITAUTO HOLDINGS LTD  -ADR,1499781,7370
KTWO,K2M GROUP HOLDINGS INC,1499807,3841
TSQ,TOWNSQUARE MEDIA INC,1499832,4832
LND,BRASILAGRO CIA BRAS DE PROP,1499849,100
GLBR,GLOBAL BROKERAGE INC,1499912,6211
CCSC,COUNTRY STYLE COOK,1499934,5812
BINI,BOLLINGER INNOVATIONS INC,1499961,3711
KMF,KAYNE ANDERSON MDSTRM/ENG FD,1500096,6726
GEDU,GLB EDUCATION & TECH -ADR,1500108,8200
NMTC,NEUROONE MED TECHNOLOGIES CO,1500198,3845
SIFI.1,SI FINANCIAL GROUP INC,1500213,6036
AAT,AMERICAN ASSETS TRUST INC,1500217,6798
MOBI,SKY-MOBI LTD  -ADR,1500252,7372
ISS,ISOFTSTONE HOLDINGS LIMITED,1500308,7370
0044A,BWAY INTERMEDIATE CO INC,1500341,3411
HFBL,HOME FEDERAL BANCORP INC/LA,1500375,6035
HMENF,HEMISPHERE ENERGY CORP,1500424,1311
GPRO,GOPRO INC,1500435,3861
MY,CHINA MING YANG WIND PWR-ADR,1500689,3510
WBKC,WOLVERINE BANCORP INC,1500836,6035
INXN,INTERXION HOLDING NV,1500866,7370
EU,ENCORE ENERGY CORP,1500881,1090
OFED,OCONEE FEDERAL FINANCIAL CP,1501078,6035
EDF,VIRTUS STONE H E M INC FUND,1501103,6199
NVTAQ,INVITAE CORP,1501134,8071
ZAHLY,ZUOAN FASHION LTD  -ADR,1501176,2320
UBNK,UNITED FINANCIAL BANCORP INC,1501364,6036
VBTX,VERITEX HOLDINGS INC,1501570,6020
HII,HUNTINGTON INGALLS IND INC,1501585,3730
ADVM,ADVERUM BIOTECHNOLOGIES,1501756,2836
MCOX,MECOX LANE LTD,1501775,7389
AURA,AURA BIOSCIENCES INC,1501796,2836
6027B,SSI INVESTMENTS II LTD,1501919,7372
CTMX,CYTOMX THERAPEUTICS INC,1501989,2836
QRE,QR ENERGY LP,1502012,1311
GNCIQ,GNC HOLDINGS INC,1502034,5400
ALO,ALIO GOLD INC,1502154,1040
PRHI,PRESURANCE HOLDINGS INC,1502292,6331
CTGO,CONTANGO ORE INC,1502377,1040
BRP.2,BROOKFIELD RESIDENTIAL PPTYS,1502554,1531
AFT,APOLLO SENIOR FLOATING RT FD,1502573,6726
JMF,NUVEEN ENERGY MLP TOTAL RET,1502711,6726
EVER.3,EVERBANK FINANCIAL CORP,1502749,6035
SODA,SODASTREAM INTERNATIONAL LTD,1502916,3634
QTRX,QUANTERIX CORP,1503274,3845
ACP,ABRDN INCM CREDIT STRAT FUND,1503290,6726
21ST10,21ST CENTURY ONCOLOGY HLDGS,1503518,8090
CMRE,COSTAMARE INC,1503584,4412
LMEFF,LAURION MINERALS EXPL INC,1503768,1040
KPTI,KARYOPHARM THERAPEUTICS INC,1503802,2836
BKU,BANKUNITED INC,1504008,6020
TMBRQ,TREX WIND DOWN INC,1504167,2834
BGX,BLACKSTONE/GSO LONG-SHORT FD,1504234,6726
CSTE,CAESARSTONE LTD,1504379,3281
NGL,NGL ENERGY PARTNERS LP,1504461,5172
BWG,BRANDYWINEGBL GBL INCM OPP,1504545,6726
PFLT,PENNANTPARK FLOATING RT CAP,1504619,6797
LOOP,LOOP INDUSTRIES INC,1504678,2821
SWSH,SWISHER HYGIENE INC,1504747,5160
WRBY,WARBY PARKER INC,1504776,5990
TEUFF,BOX SHIPS INC,1504795,4412
BONA,BONA FILM GROUP LIMITED,1504796,7822
BWAY,BRAINSWAY LTD,1505065,3845
UPLD,UPLAND SOFTWARE INC,1505155,7370
VOC,VOC ENERGY TRUST,1505413,1311
BRTX,BIORESTORATIVE THERAPIES INC,1505497,2836
RGLS,REGULUS THERAPEUTICS INC,1505512,2836
DPSI,DECISIONPOINT SYSTEMS INC,1505611,7370
ICAGY,INTL CONSOL AIRLINES GROUP,1505706,4512
BWFG,BANKWELL FINANCIAL GROUP INC,1505732,6020
FRNK,FRANKLIN FINANCIAL CORP/VA,1505823,6035
DOMO,DOMO INC,1505952,7370
IMMP,IMMUTEP LTD,1506184,2836
CTXR,CITIUS PHARMACEUTICALS INC,1506251,2834
BCX,BLACKROCK RESOURCES & CMD ST,1506289,6726
PINS,PINTEREST INC,1506293,7370
KMI,KINDER MORGAN INC,1506307,4923
HIFR,INFRAREIT INC,1506401,6798
SHSP,SHARPSPRING INC,1506439,7370
NXG,NXG NEXTGEN INFRAS INCM FUND,1506488,6726
NUWE,NUWELLIS INC,1506492,3845
ZXAIY,CHINA ZENIX AUTO INTL  -ADR,1506756,3714
AVGR,AVINGER INC,1506928,3841
LPRIQ,LONE PINE RESOURCES INC,1506932,1311
GCTK,GLUCOTRACK INC,1506983,3845
TAOM,TAOMEE HOLDINGS LTD -ADR,1507051,7372
FND,FLOOR & DECOR HLDGS,1507079,5211
NMAR.1,NAUTILUS MARINE ACQ CORP,1507154,9995
PSTB,PARK STERLING CORP,1507277,6020
VER,VEREIT INC,1507385,6798
MARA,MARA HOLDINGS INC,1507605,7370
ANDX,ANDEAVOR LOGISTICS LP,1507615,4610
USMD,USMD HOLDINGS INC,1507881,8060
STRZA,STARZ,1507934,4833
IPWR,IDEAL POWER INC,1507957,3613
KOR,CORVUS GOLD INC,1507964,1040
JTPY,JETPAY CORP,1507986,6099
SUNS.1,SLR SENIOR INVESTMENT CORP,1508171,6797
VNET,VNET GROUP INC,1508475,7370
ARCO,ARCOS DORADOS HOLDINGS INC,1508478,5812
TSLX,SIXTH STREET SPECIALTY LENDI,1508655,6797
PVG,PRETIUM RESOURCES INC,1508844,1040
QIHU,360 SECURITY TECHNOLOGY INC,1508913,7372
PETX,ARATANA THERAPEUTICS,1509190,2836
MTBLY,MOATABLE INC,1509223,7370
RZLT,REZOLUTE INC,1509261,2836
RPXC,RPX CORP,1509432,6794
SSSS,SURO CAPITAL CORP,1509470,6797
CIVI,CIVITAS RESOURCES INC,1509589,1311
FENG,PHOENIX NEW MEDIA LTD,1509646,7370
CYPH,CYPHERPUNK TECHNOLOGIES INC,1509745,2836
GARS,GARRISON CAPITAL INC,1509892,6799
LKM,LINK MOTION INC -ADR,1509986,7370
KOS,KOSMOS ENERGY LTD,1509991,1311
MPC,MARATHON PETROLEUM CORP,1510295,2911
DCIN,DIGITAL CINEMA DESTINATIONS,1510326,7830
TAHO,TAHOE RESOURCES INC,1510400,1040
PRNB,PRINCIPIA BIOPHARMA,1510487,2836
KITE,KITE PHARMA INC,1510580,2836
XNET,XUNLEI LTD  -ADS,1510593,7370
PDI,PIMCO DYNAMIC INCOME FUND,1510599,6726
PBSK,POAGE BANKSHARES INC,1511071,6035
FBNK.1,FIRST CONNECTICUT BANCORP,1511198,6036
RLJ,RLJ LODGING TRUST,1511337,6798
DATE,JIAYUAN.COM INTL LTD,1511683,7370
UI,UBIQUITI INC,1511737,3663
RMGN,RMG NETWORKS HOLDING CORP,1512074,3577
GEENQ,GLOBAL EAGLE ENTERTAINMENT,1512077,4899
GBSNQ,GREAT BASIN SCIENTIFIC INC,1512138,2835
NB,NIOCORP DEVELOPMENTS LTD,1512228,1090
LIND,LINDBLAD EXPEDITIONS HLDGS,1512499,4700
XYZ,BLOCK INC,1512673,7374
THTX,THERATECHNOLOGIES INC,1512717,2834
CHRS,COHERUS ONCOLOGY INC,1512762,2836
SII,SPROTT INC,1512920,6282
PETV,PETVIVO HOLDINGS INC,1512922,3842
MRCC,MONROE CAPITAL CORP,1512931,6797
HLSSF,HOME LOAN SERVICING SOLTNS,1513161,6162
FDUS,FIDUS INVESTMENT CORP,1513363,6797
ADIL,ADIAL PHARMACEUTICALS,1513525,2834
NCLH,NORWEGIAN CRUISE LINE HLDGS,1513761,4400
ARAV,ARAVIVE INC,1513818,2836
NBIS,NEBIUS GROUP N V,1513845,7370
NTRP.,NEUROTROPE INC,1513856,2836
AMID.2,AMERICAN MIDSTREAM PTNRS LP,1513965,4922
SMF,SALIENT MLP & ENERGY INFRAST,1513970,6726
SIBC,STATE INVESTORS BANCORP INC,1513971,6035
UAM,UNIVERSAL AMERICAN CORP,1514128,6321
UCBA,UNITED COMMUNITY BANCORP,1514131,6035
SILO,SILO PHARMA INC,1514183,2836
8550B,DELTA TUCKER HOLDINGS INC,1514226,4581
PSGLQ,OLD PSG WIND-DOWN LTD,1514242,9995
MITT,AG MORTGAGE INVESTMENT TRUST,1514281,6798
QRMLF,QUEST RARE MINERALS LTD,1514341,1090
BAND,BANDWIDTH INC,1514416,7370
RGT,ROYCE GLOBAL TRUST INC,1514490,6726
FURY,FURY GOLD MINES LTD,1514597,1040
SXC,SUNCOKE ENERGY INC,1514705,3312
SAEXQ,SAEXPLORATION HOLDINGS INC,1514732,1382
IROQ,IF BANCORP INC,1514743,6035
AMCX,AMC NETWORKS INC,1514991,4833
5929B,CPI INTERNATIONAL HLDG CORP,1515003,3669
ARQ,ARQ INC,1515156,2890
ARDC,ARES DYNAMIC CREDIT ALLOC FD,1515324,6726
DPG,DUFF & PHELPS GLB UTL INC FD,1515671,6726
RARE,ULTRAGENYX PHARMACEUTICAL,1515673,2836
BSAR,BANCO SANTANDER ARGENTINA,1515794,6020
PLYM,PLYMOUTH INDL REIT INC,1515816,6798
KIO,KKR INCOME OPPORTUNITIES FD,1515940,6726
AMTG,APOLLO RESIDENTIAL MTG INC,1515980,6798
OILT.1,OILTANKING PARTNERS LP,1516007,5171
INSYQ,INSYS THERAPEUTICS INC,1516479,2834
DOCS,DOXIMITY INC,1516513,7370
SKYE,SKYE BIOSCIENCE INC,1516551,2836
YTRA,YATRA ONLINE INC,1516899,4700
OBK,ORIGIN BANCORP,1516912,6020
MTGE,MTGE INVESTMENT CORP,1516973,6798
GATO,GATOS SILVER INC,1517006,1040
AKBA,AKEBIA THERAPEUTICS INC,1517022,2836
PME,PINGTAN MARINE ENTERPRISE,1517130,2090
CHEF,CHEFS' WAREHOUSE INC,1517175,5140
COMM,COMMSCOPE HOLDING CO INC,1517228,3663
APAM,ARTISAN PARTNERS ASSET MGMT,1517302,6282
PACDQ,PACIFIC DRILLING SA,1517342,1381
SPT,SPROUT SOCIAL INC,1517375,7370
SSYS,STRATASYS LTD,1517396,3577
SUPV,GRUPO SUPERVIELLE,1517399,6020
SKIS,PEAK RESORTS INC,1517401,7990
FSLY,FASTLY INC,1517413,7370
EHIC,EHI CAR SERVICES LTD -ADR,1517492,7510
SLAI,SOLAI LTD  -ADR,1517496,7370
EMO,CLEARBRIDGE ENG MIDSTRM OPP,1517518,6199
MNGL,BLUE WOLF MONGOLIA HLDGS CP,1517526,9995
ININ,INTERACTIVE INTELLIGENCE GRP,1517650,7372
RATE.1,BANKRATE INC,1518222,7370
QTRHF,QUARTERHILL INC,1518419,3663
AMPG,AMPLITECH GROUP INC,1518461,3663
6685B,ALERIS CORP,1518587,3350
ORC,ORCHID ISLAND CAPITAL INC,1518621,6798
WPX,WPX ENERGY INC,1518832,1311
TSE,TRINSEO PLC,1519061,2821
VIEWF,VIEWTRAN GROUP INC,1519380,3663
RM,REGIONAL MANAGEMENT CORP,1519401,6141
SKWD,SKYWARD SPECIALTY INS GP INC,1519449,6331
SMXT,SOLARMAX TECHNOLOGY INC,1519472,8711
HIE,MILLER/HOWARD HGH INCM EQ FD,1519505,6726
LRE.2,LRR ENERGY LP,1519632,1311
FBIN,FORTUNE BRANDS INNOVATNS INC,1519751,3430
HPAC,HYDE PARK ACQUISITION CP II,1519817,9995
MTDR,MATADOR RESOURCES CO,1520006,1311
ALKS,ALKERMES PLC,1520262,2836
ASBB,ASB BANCORP INC,1520300,6036
MAMA,MAMA'S CREATIONS INC,1520358,2030
VLRS,CONTROLADORA VUELA COMPANIA,1520504,4512
NSM,NATIONSTAR MORTGAGE HOLDINGS,1520566,6162
ACHC,ACADIA HEALTHCARE CO INC,1520697,8060
LMOS,LUMOS NETWORKS CORP,1520744,4899
LNTH,LANTHEUS HOLDINGS INC,1521036,2835
APTV,APTIV PLC,1521332,3714
BGH,BARINGS GLBL SH DUR HI YLD F,1521404,6726
FBIZ,FIRST BUSINESS FINL SRV INC,1521951,6020
ENFC,ENTEGRA FINANCIAL CORP,1522327,6036
BLMT,BSB BANCORP INC,1522420,6035
MQ,MARQETA INC,1522540,7389
CWBR,COHBAR INC,1522602,2836
GWGHQ,GWG HOLDINGS INC,1522690,6799
USAC,USA COMPRESSION PRTNRS LP,1522727,1389
INF,BROOKFIELD GBL LSTD INFR INC,1522807,6726
AFIB,ACUTUS MEDICAL INC,1522860,3841
JPEP,JP ENERGY PARTNERS LP,1523404,4610
LITB,LIGHTINTHEBOX HOLDING CO,1523836,5961
TLYS,TILLY'S INC,1524025,5600
KANG,IKANG HEALTHCARE GROUP -ADR,1524190,8071
MN,MANNING & NAPIER INC,1524223,6282
VAC,MARRIOTT VACATIONS WORLDWIDE,1524358,7011
XLS,EXELIS INC,1524471,3812
XYL,XYLEM INC,1524472,3561
SLCA,U S SILICA HOLDINGS INC,1524741,1400
CHUY,CHUY'S HOLDINGS INC,1524931,5812
DBL,DOUBLELINE OPPORTUNISTIC FD,1525201,6722
VTOL,BRISTOW GROUP INC,1525221,4522
SRLP,SPRAGUE RESOURCES LP,1525287,5171
WUBA,58.COM INC  -ADR,1525494,7370
FSKR,FS KKR CAPITAL CORP II,1525759,6797
PLAY,DAVE & BUSTER'S ENTMT INC,1525769,7990
INTEQ,INTELSAT SA,1525773,4899
RNF,EAST DUBUQUE NITRN PRTR LP,1525998,2870
GEQ,GUGGENHEIM EQ WGHT ENHD INCM,1526104,6726
GNL,GLOBAL NET LEASE INC,1526113,6798
VSTM,VERASTEM INC,1526119,2836
GDS,GDS HOLDINGS LIMITED,1526125,7370
FLTX,FLEETMATICS GROUP PLC,1526160,7372
PPTA,PERPETUA RESOURCES CORP,1526243,1040
TTP,TORTOISE PIPELINE & ENRGY FD,1526329,6726
TRIP,TRIPADVISOR INC,1526520,7370
IRGTQ,IGNITE RESTAURANT GROUP INC,1526796,5812
WEBK,WELLESLEY BANCORP INC,1526952,6020
MIRO,MIROMATRIX MEDICAL INC,1527096,8731
CG,CARLYLE GROUP INC,1527166,6282
CACG.1,CHART ACQUISITION CORP,1527349,9995
NXL,NEXALIN TECHNOLOGY INC,1527352,3845
ATH,ATHENE HOLDING LTD,1527469,6311
PTVE,PACTIV EVERGREEN INC,1527508,2650
WHLR,WHEELER REAL ESTATE INVT TR,1527541,6798
RC,READY CAPITAL CORP,1527590,6798
SYBX,SYNLOGIC INC,1527599,2836
IMG,CIMG INC,1527613,2090
RRMS,ROSE ROCK MIDSTREAM LP,1527622,5171
AQ.1,ACQUITY GROUP LTD  -ADR,1527635,7370
ATHM,AUTOHOME INC,1527636,7370
MCEP,MID-CON ENERGY PARTNERS -LP,1527709,1311
LNAI,LUNAI BIOWORKS INC,1527728,2836
PSNL,PERSONALIS INC,1527753,2835
CD,CHAINCE DIGITAL HOLDINGS INC,1527762,7370
NDSG,NDS GROUP HLDGS LTD,1527890,7372
ANNX,ANNEXON INC,1528115,2836
VTLE,VITAL ENGY INC,1528129,1311
NPCE,NEUROPACE INC,1528287,3841
GNE,GENIE ENERGY LTD,1528356,4931
ZAZA,ZAZA ENERGY CORP,1528393,1311
GWRE,GUIDEWIRE SOFTWARE INC,1528396,7372
BTT,BLACKROCK MUNI 30 TARG TERM,1528437,6726
CVRS,CORINDUS VASCULAR ROBOTICS,1528557,3845
RSE,ROUSE PROPERTIES INC,1528558,6798
3PBCP,POLONIA BANCORP INC,1528610,6020
CMGE,CHINA MOBILE GAMES  -ADR,1528752,7372
SNECQ,SANCHEZ ENERGY CORP,1528837,1311
CHEV.1,CHEVIOT FINANCIAL CORP,1528843,6036
RH,RH,1528849,5712
AVGTF,AVG TECHNOLOGIES NV,1528903,7372
FRG,FRANCHISE GROUP INC,1528930,5399
XTIA,XTI AEROSPACE INC,1529113,3721
VIPS,VIPSHOP HOLDINGS LTD,1529192,5961
ALKT,ALKAMI TECHNOLOGY INC,1529274,7370
ACRE,ARES COMMERCIAL REAL ESTATE,1529377,6798
FTSI,FTS INTERNATIONAL INC,1529463,1389
SND,SMART SAND INC,1529628,1400
ENVA,ENOVA INTERNATIONAL INC,1529864,6141
JOYY,JOYY INC,1530238,7370
FSBW,FS BANCORP INC,1530249,6036
CPRI,CAPRI HOLDINGS LTD,1530721,2300
STEX,STREAMEX CORP,1530766,3845
TROX,TRONOX HOLDINGS PLC,1530804,2810
POST,POST HOLDINGS INC,1530950,2015
HNST,HONEST CO INC (THE),1530979,2844
ESQ,ESQUIRE FINCL HOLD INC,1531031,6020
NARI,INARI MEDICAL INC,1531048,3841
BJ,BJS WHSL CLUB HLDGS INC,1531152,5399
SGHT,SIGHT SCIENCES INC,1531177,3841
FNA,PARAGON 28 INC,1531978,3842
ESRX,EXPRESS SCRIPTS HOLDING CO,1532063,5912
CYNA,CYNAPSUS THERAPEUTICS INC,1532079,2834
NINE,NINE ENERGY SERVICE INC,1532286,1389
BCEL,ATRECA INC,1532346,2836
WTERD,ALKALINE WATER COMPANY INC,1532390,2086
EVRYQ,EVERYWARE GLOBAL INC,1532543,3910
PW,POWER REIT,1532619,6798
BGSC,BGS ACQUISITION CORP,1532700,9995
TTEN,TITAN ENERGY LLC,1532750,1311
SVNT,SEVENTY SEVEN ENERGY INC,1532930,1389
NVEE,NV5 GLOBAL INC,1532961,8711
PHIO,PHIO PHARMACEUTICALS CORP,1533040,2836
BEP,BROOKFIELD RENEWABLE PRTS LP,1533232,4911
NTI,NORTHERN TIER ENERGY LP,1533454,2911
BRSS,GLOBAL BRASS & COPPER HLDGS,1533526,3350
GMRE,GLOBAL MEDICAL REIT,1533615,6798
PCSA,PROCESSA PHARMACEUTICALS INC,1533743,2834
AMPY,AMPLIFY ENERGY CORP,1533924,1311
WP,WORLDPAY INC,1533932,7374
DRIO,DARIOHEALTH CORP,1533998,8000
AVTX,AVALO THERAPEUTICS INC,1534120,2834
GLOG,GASLOG LTD,1534126,4412
CALC,CALCIMEDICA INC,1534133,2834
AUID,AUTHID INC,1534154,7372
CMMB,CHEMOMAB THERAPEU -ADR,1534248,2836
CION,CION INVESTMENT CORP,1534254,6797
BIOAQ,BIOAMBER INC,1534287,2860
SMM,SALIENT MIDSTREAM & MLP FUND,1534293,6726
PBF,PBF ENERGY INC,1534504,2911
XBIO,XENETIC BIOSCIENCES INC,1534525,2836
TGLS,TECNOGLASS INC,1534675,3442
PSX,PHILLIPS 66,1534701,2911
BLNE,BEELINE HOLDINGS INC,1534708,6162
ISD,PGIM HIGH YIELD BND FUND INC,1534880,6199
SERA,SERA PROGNOSTICS INC,1534969,2835
FRGI,FIESTA RESTAURANT GROUP INC,1534992,5812
TUMI,TUMI HOLDINGS INC,1535031,3100
CLDR,CLOUDERA INC,1535379,7370
CRWD,CROWDSTRIKE HOLDINGS INC,1535527,7370
VOYA,VOYA FINANCIAL INC,1535929,6311
LPCN,LIPOCINE INC,1535955,2834
RNDY,ROUNDY'S INC,1536035,5411
CANF,CAN-FITE BIOPHARMA LTD,1536196,2836
ICDIQ,INDEPENDENCE CONTRACT DRLLNG,1537028,1381
GOGO,GOGO INC,1537054,4899
BOXC,BROOKFIELD CDA OFFICE PPTYS,1537063,6798
SLI,STANDARD LITHIUM LTD,1537137,1400
TGEN,TECOGEN INC,1537435,3585
SIR,SELECT INCOME REIT,1537667,6798
TYME,TYME TECHNOLOGIES INC,1537917,2836
EDG,EDGEN GROUP INC,1537951,5051
NEXI,NEXIMMUNE INC,1538210,2836
SRAX,SRAX INC,1538217,7370
HTB,HOMETRUST BANCSHARES INC,1538263,6020
LXFT,LUXOFT HOLDING INC,1538375,7370
IBTA,IBOTTA INC,1538379,7310
OPRT,OPORTUN FINANCIAL CORP,1538716,6141
JENGQ,JUST ENERGY GROUP INC,1538789,5172
ROYTL,PACIFIC COAST OIL TRUST,1538822,1311
GLDG,GOLDMINING INC,1538847,1040
CAPL,CROSSAMERICA PARTNERS LP,1538849,5172
FMTX,FORMA THERA HOLDIN INC,1538927,2836
STOR,STORE CAPITAL CORP,1538990,6798
CLSDQ,CLEARSIDE BIOMEDICAL INC,1539029,2834
CBDEF,CBD ENERGY LTD,1539042,8711
TFIN,TRIUMPH FINANCIAL INC,1539638,6036
FANG,DIAMONDBACK ENERGY INC,1539838,1311
AFHIF,ATLAS FINANCIAL HOLDINGS INC,1539894,6331
QIPT,QUIPT HOME MEDICAL CORP,1540013,8090
XTLS,XSTELOS HOLDINGS INC,1540145,2834
EDSA,EDESA BIOTECH INC,1540159,2836
MDLA,MEDALLIA INC,1540184,7370
EOPN,E2OPEN INC,1540400,7370
ATLX,ATLAS LITHIUM CORP,1540684,1400
FELPQ,FORESIGHT ENERGY LP,1540729,1220
EQM,EQT MIDSTREAM PARTNERS LP,1540947,4922
SFBC,SOUND FINANCIAL BANCORP INC,1541119,6020
ETUB,EUNITS 2 YR U S MKT PARTN II,1541133,6726
AKTX,AKARI THERAPEUTICS PLC -ADR,1541157,2836
ESRT,EMPIRE STATE REALTY TR INC,1541401,6798
GTWN,GEORGETOWN BANCORP INC,1542299,6035
UBER,UBER TECHNOLOGIES INC,1543151,4100
BETSF,BIT BROTHER LIMITED,1543268,7370
TMQ,TRILOGY METALS INC,1543418,1000
CUNB,CU BANCORP/CA,1543643,6020
FORG,FORGEROCK INC,1543916,7370
DRTX,DURATA THERAPEUTICS INC,1544116,2834
EVAC.1,EDWARDS GROUP LTD  -ADR,1544175,3560
CGBD,CARLYLE SECURED LENDING INC,1544206,6797
TPST,TEMPEST THERAPEUTICS INC,1544227,2836
EGL,VALINAR LLC,1544229,8711
FRSH,FRESHWORKS INC,1544522,7370
CNCOY,CENCOSUD SA,1544856,5411
KRFT,KRAFT FOODS GROUP INC,1545158,2000
TCPIF,TCP INTL HOLDINGS LTD,1545391,3640
ALEX,ALEXANDER & BALDWIN INC,1545654,6798
BPY,BROOKFIELD PROPERTY PRTRS LP,1545772,6512
VRN,VEREN INC,1545851,1311
PBA,PEMBINA PIPELINE CORP,1546066,4610
IPDN,PROFESSIONAL DIVERSITY NETWK,1546296,7361
RLJE,RLJ ENTERTAINMENT INC,1546381,7822
JXG,JX LUXVENTURE GROUP INC,1546383,5000
BLMN,BLOOMIN' BRANDS INC,1546417,5812
BGB,BLACKSTONE STR C 2027 T FUND,1546429,6726
ADT.4,ADT CORP,1546640,7380
TAM,TAMINCO CORP,1547063,2860
NDP,TORTOISE ENERGY INDEPENDENCE,1547158,6199
NGVC,NATURAL GROCERS VITAMIN CTGE,1547459,5400
LFT,LUMENT FINANCE TRUST INC,1547546,6798
MCBK,MADISON COUNTY FINANCIAL INC,1547635,6020
SXEEQ,SOUTHCROSS ENERGY PRTNRS LP,1547638,4922
NMIH,NMI HOLDINGS INC,1547903,6351
SOLY,SOLITON INC,1548187,3845
JACQF,COLLABRIUM JAPAN ACQ CP,1548281,9995
SHOS,SEARS HOMETOWN & OUTLET STR,1548309,5700
0738B,NPC RESTAURANT HOLDINGS LLC,1548621,5812
ARPI,AMERICAN RESIDENTIAL PPTYS,1548981,6798
EKSO,EKSO BIONICS HOLDINGS INC,1549084,3845
MANU,MANCHESTER UNITED PLC,1549107,7900
LPSB,LAPORTE BANCORP INC,1549276,6035
SSTK,SHUTTERSTOCK INC,1549346,7370
NRIX,NURIX THERAPEUTICS INC,1549595,2836
LNCOQ,LINNCO LLC,1549756,1311
JD,JD.COM INC,1549802,5961
HCRSQ,HI-CRUSH INC,1549848,1400
MESG,XURA INC,1549872,7370
SAMG,SILVERCREST ASSET MGT,1549966,6282
MLVF,MALVERN BANCORP INC,1550603,6020
PHLT,PERFORMANT HEALTHCARE INC,1550695,7320
SRSCQ,SEARS CANADA INC,1550910,5311
MKZR,MACKENZIE REALTY CAPITAL INC,1550913,6798
FTEO,FRONTEO INC,1550935,7370
QUNR,QUNAR CAYMAN ISLANDS  -ADR,1551060,7370
ABBV,ABBVIE INC,1551152,2836
PGNY,PROGYNY INC,1551306,8090
SIENQ,SIENTRA INC,1551693,3842
HBK,HAMILTON BANCORP INC/MD,1551739,6035
SCM,STELLUS CAPITAL INVESTMENT,1551901,6797
NMTRQ,9 METERS BIOPHARMA INC,1551986,2836
MPLX,MPLX LP,1552000,4610
TRU,TRANSUNION,1552033,7323
WHF,WHITEHORSE FINANCE INC,1552198,6797
SUN,SUNOCO LP,1552275,5172
ANFIF,AMIRA NATURE FOODS LTD,1552448,2040
MYOK,MYOKARDIA INC,1552451,2836
TAOP,TAOPING INC,1552670,7373
DKL,DELEK LOGISTICS PARTNERS LP,1552797,5171
TTSH,TILE SHOP HOLDINGS INC,1552800,5700
CONE,CYRUSONE INC,1553023,6798
ESBA,EMPIRE STATE REALTY OP LP,1553079,6798
WBBW,WESTBURY BANCORP INC,1553326,6035
SDLPQ,SEADRILL PARTNERS LLC,1553467,1381
SFXEQ,SFX ENTERTAINMENT INC,1553588,7900
RLMD,RELMADA THERAPEUTICS INC,1553643,2834
RDHL,REDHILL BIOPHARMA LTD,1553846,2836
GHY,PGIM GLOBAL HI YIELD FND INC,1554697,6726
AUUD,AUDDIA INC,1554818,7370
SMLR,SEMLER SCIENTIFIC INC,1554859,3845
TNTRQ,TINTRI INC,1554875,7370
RESI.1,FRONT YARD RESIDENTIAL CORP,1555039,6798
AAMCF,ACCELITRON ADN MTR CNTRL INC,1555074,6162
EMESQ,EMERGE ENERGY SERVICES LP,1555177,1400
ASN,ARCHSTONE INC-REDH,1555218,6798
MASS,908 DEVICES INC,1555279,3826
ZTS,ZOETIS INC,1555280,2834
WWAV,WHITEWAVE FOODS CO,1555365,2020
FWMHQ,FAIRWAY GROUP HOLDINGS,1555492,5411
SXCP,SUNCOKE ENERGY PARTNERS LP,1555538,3312
SYRS,SYROS PHARMACEUTICALS INC,1556263,2836
BYU,BAIYU HOLDINGS INC,1556266,5051
FEI,FIRST TR MLP & ENRGY INCM FD,1556336,6726
ORM,OWENS REALTY MORTGAGE INC,1556364,6798
RITM,RITHM CAPITAL CORP,1556593,6798
FNWB,FIRST NORTHWEST BANCRP,1556727,6020
THRY,THRYV HOLDINGS INC,1556739,2741
ALDW,ALON USA PARTNERS LP,1556766,2911
KFX,KOFAX LTD,1556884,7372
USER,USERTESTING INC,1557127,7370
KDMN,KADMON HOLDINGS INC,1557142,2836
SBY,SILVER BAY REALTY TRUST CORP,1557255,6798
RXDX.,IGNYTA INC,1557421,2836
PGZ,PRINCIPAL REAL EST INCME FD,1557523,6726
ACRS,ACLARIS THERAPEUTICS INC,1557746,2834
GLOB,GLOBANT SA,1557860,7370
DERM.2,DERMIRA INC,1557883,2836
NID,NUVEEN INTER DURATION MUNI,1557915,6726
ISPC,ISPECIMEN INC,1558569,7372
FUVV,ARCIMOTO INC,1558583,3711
CCHGY,COCA-COLA HBC AG,1558633,2086
CVRR,CVR REFINING LP,1558785,2911
PRTA,PROTHENA CORPORATION PLC,1559053,2836
7259B,PAR PHARMACEUTCL HLDGS -REDH,1559149,2834
TXO,TXO ENERGY PARTNERS LP,1559432,1311
ABNB,AIRBNB INC,1559720,7000
EVTC,EVERTEC INC,1559865,7374
HCAP,HARVEST CAPITAL CREDIT CORP,1559909,6797
DFP,FLAHERTY & CRUMRINE DYNM PFD,1559991,6726
NADLQ,NORTH ATLANTIC DRILLING LTD,1560186,1381
GTHX,G1 THERAPEUTICS INC,1560241,2836
ECOR,ELECTROCORE INC,1560258,3845
TNON,TENON MEDICAL INC,1560293,3842
RPD,RAPID7 INC,1560327,7372
NSLPQ,NEW SOURCE ENERGY PRTRS LP,1560443,1311
EARN,ELLINGTON CREDIT CO,1560672,6798
3SAMC,SAMSONITE GROUP SA,1560968,3100
BFYT,BENEFYTT TECHNOLOGIES INC,1561387,6411
DDOG,DATADOG INC,1561550,7370
QIWI,QIWI PLC,1561566,7389
XONE.1,EXONE CO,1561627,3550
PEGI,PATTERN ENERGY GROUP INC,1561660,4991
TPH,TRI POINTE HOMES INC,1561680,1531
KIN,KINDRED BIOSCIENCES INC,1561743,2836
HASI,HA SUSTAINABLE INFRA CAP INC,1561894,6798
TELA,TELA BIO INC,1561921,3841
CST,CST BRANDS INC,1562039,5500
DUOL,DUOLINGO INC,1562088,8200
ZAIS,ZAIS GROUP HLDGS INC,1562214,6282
AMH,AMERICAN HOMES 4 RENT,1562401,6798
INBK,FIRST INTERNET BANCORP,1562463,6020
TMHC,TAYLOR MORRISON HOME CORP,1562476,1531
FBRT,FRANKLIN BSP REALTY TRUST IN,1562528,6798
LIQDQ,LIQUID HOLDINGS GROUP INC,1562594,7372
SNYR,SYNERGY CHC CORP,1562733,2834
NETS,NETSHOES CAYMAN LTD,1562767,5961
COMP,COMPASS INC,1563190,6531
SFS,SMART & FINAL STORES INC,1563407,5411
CSTM,CONSTELLIUM SE,1563411,3350
EVTV,ENVIROTECH VEHICLES INC,1563568,3711
GRTX,GALERA THERAPEUTICS INC,1563577,2836
HRGN,HARVARD APPARATUS REGE T INC,1563665,2836
COVS,COVISINT CORP,1563699,7370
SPHS,SOPHIRIS BIO INC,1563855,2836
TRVI,TREVI THERAPEUTICS INC,1563880,2834
KNOP,KNOT OFFSHORE PRTNRS LP,1564180,4400
OSH,OAK STREET HEALTH INC,1564406,8000
SNAP,SNAP INC,1564408,7370
GRTUF,GRANITE REAL ESTATE INVEST,1564538,6798
NIQ.1,NUVEEN INTERMED DUR QUAL MUN,1564584,6726
IBTX,INDEPENDENT BK GRP INC,1564618,6020
NWSA,NEWS CORP,1564708,2711
THST,TRUETT-HURST INC,1564709,2084
PF,PINNACLE FOODS INC,1564822,2030
ALLK,ALLAKOS INC,1564824,2836
PRKS,UNITED PARKS & RESORTS INC,1564902,7996
ABEV,AMBEV SA,1565025,2082
VISL,VISLINK TECHNOLOGIES INC,1565228,3663
TXTR,TEXTURA CORP,1565337,7372
DMB,BNY MELLON MUN BD INFRASTRUC,1565381,6726
INTA,INTAPP INC,1565687,7370
VYNE,VYNE THERAPEUTICS INC,1566044,2834
FSTX,F-STAR THERAPEUTICS INC,1566373,2836
DSL,DOUBLELINE INCOME SOLTNS FD,1566388,6726
NHIQ,NANTHEALTH INC,1566469,7370
TONX,TON STRATEGY CO,1566610,7370
LGMK,LOGICMARK INC,1566826,3845
MZOR,MAZOR ROBOTICS LTD,1566844,3845
DRII,DIAMOND RESORTS INTL,1566897,7011
CNH,CNH INDUSTRIAL NV,1567094,3523
INTS,INTENSITY THERAPEUTICS INC,1567264,2836
HMTV,HEMISPHERE MEDIA GROUP INC,1567345,4833
ITCI,INTRA-CELLULAR THERAPIES INC,1567514,2836
KMDA,KAMADA LTD,1567529,2836
FPF,FIRST TRUST INT DUR PFD INCM,1567569,6726
CWEN,CLEARWAY ENERGY INC,1567683,4911
MNKTQ,MALLINCKRODT PLC,1567892,2834
BLBX,BLACKBOXSTOCKS INC,1567900,7370
SILA,SILA REALTY TRUST INC,1567925,6798
PD,PAGERDUTY INC,1568100,7370
RTL,NECESSITY RET REIT INC (THE),1568162,6798
IVH,DELAWARE IVY HG INM OPP FUND,1568292,6726
VLTC,VOLTARI CORP,1568319,6512
CONCQ,CONTOUR ENERGY CO,1568639,4922
OSCR,OSCAR HEALTH INC,1568651,6321
RCAPQ,RCS CAPITAL CORP,1568832,6282
TEP,TALLGRASS ENERGY PRT LP,1569134,4922
AHH,ARMADA HOFFLER PROPERTIES,1569187,6798
YGYI,YOUNGEVITY INTERNATIONAL INC,1569329,2834
CXM,SPRINKLR INC,1569345,7370
KCG.2,KCG HOLDINGS INC,1569391,6211
OZK,BANK OZK,1569650,6020
WSBF,WATERSTONE FINANCIAL INC,1569994,6035
CBA,CLEARBRIDGE AMERN ENERGY MLP,1570318,6726
EOLS,EVOLUS INC,1570562,2834
LBTYK,LIBERTY GLOBAL LTD,1570585,4841
VCTR,VICTORY CPTL HLDGS INC,1570827,6282
MWRX,MERGEWORTHRX CORP,1571088,9995
SAIC,SCIENCE APPLICATIONS INTL CP,1571123,7373
REXR,REXFORD INDUS REALTY,1571283,6798
LRFC,LOGAN RIDGE FINANCE CORP,1571329,6797
EPZM,EPIZYME INC,1571498,2836
SURW,SUREWEST COMMUNICATIONS,1571508,4899
CHMI,CHERRY HILL MTG INVST,1571776,6798
TAOX,TAO SYNERGIES INC,1571934,2836
ICE,INTERCONTINENTAL EXCHANGE,1571949,6200
DELL,DELL TECHNOLOGIES INC,1571996,3571
ARMF,ARES MULTI-STRATEGY CR FUND,1572280,6726
VABK,VIRGINIA NATIONAL BANKSHARES,1572334,6020
AST,ASTERIAS BIOTHERAPEUTICS INC,1572552,2836
GUTS,FRACTYL HEALTH INC,1572616,3845
AENZ,AENZA SAA ADR,1572621,1600
UCP,UCP INC,1572684,1531
GSBD,GOLDMAN SACHS BDC INC,1572694,6797
PSXP,PHILLIPS 66 PARTNERS LP,1572910,4610
HDS,HD SUPPLY HOLDINGS INC,1573097,5000
JONEQ,JONES ENERGY INC,1573166,1311
REAL,REALREAL INC (THE),1573221,7370
JPW,NUVEEN FLEXIBLE INVT INCM FD,1573312,6726
MUSA,MURPHY USA INC,1573516,5500
EFF,EATON VANCE FLTG-RT INCM PL,1573698,6726
BHR,BRAEMAR HOTELS & RESORTS INC,1574085,6798
RNXT,RENOVORX INC,1574094,2836
RNA.2,PROSENSA HOLDING NV,1574111,2836
PVTL,PIVOTAL SOFTWARE INC,1574135,7370
FPH,FIVE POINT HOLDINGS LLC,1574197,6552
ADXN,ADDEX THERAPEUTICS LTD,1574232,2834
PULM,PULMATRIX INC,1574235,2836
STRP,STRAIGHT PATH COMMUNICATIONS,1574460,4812
WCIC,WCI COMMUNITIES INC,1574532,1531
DOC.5,PHYSICIANS REALTY TR,1574540,6798
EVGN,EVOGENE LTD,1574565,2836
NWHM,NEW HOME CO INC,1574596,1531
ATHL,ATHLON ENERGY INC,1574648,1311
BEAT.2,BIOTELEMETRY INC,1574774,8090
BMCH,BMC STOCK HOLDINGS INC,1574815,5211
WPT,WORLD POINT TERMINALS LP,1574963,5171
SIRE,SISECAM RESOURCES LP,1575051,1400
MTCH.5,MATCH GROUP INC -OLD,1575189,7370
FTDCQ,GUE LIQ COS INC,1575360,5961
VERY,VERICITY INC,1575434,6311
SFM,SPROUTS FARMERS MARKET,1575515,5411
LIN.1,LIN MEDIA LLC,1575571,4833
AZURQ,AZURE MIDSTREAM PARTNERS LP,1575599,4922
ACMBB,ATLAS CONS MINING & DEV CORP,1575721,1000
WATT,ENERGOUS CORP,1575793,3690
XPRO,EXPRO GROUP HOLDINGS N V,1575828,1389
CACQ,CAESARS ACQUISITION CO,1575879,6799
GLPI,GAMING & LEISURE PPTYS,1575965,6798
EAGL.2,SILVER EAGLE ACQUISITION CP,1575988,9995
SPNT,SIRIUSPOINT LTD,1576018,6331
QEPM,QEP MIDSTREAM PARTNERS LP,1576044,4922
BNFT,BENEFITFOCUS INC,1576169,7370
MRTX,MIRATI THERAPEUTICS INC,1576263,2836
GH,GUARDANT HEALTH INC,1576280,2835
CEN,CENTER COAST MLP & INFRAS FD,1576340,6726
CRTO,CRITEO SA,1576427,7311
WIX,WIX COM LTD,1576789,7370
ABAT,AMERICAN BTTRY TECHNOLOGY CO,1576873,1000
ABOS,ACUMEN PHARMACEUTICALS INC,1576885,2836
MIXT,MIX TELEMATICS LTD,1576914,7370
CCS,CENTURY COMMUNITIES INC,1576940,1531
SFIX,STITCH FIX INC,1576942,5961
MYCC,CLUBCORP HOLDINGS INC,1577095,7997
QTS,QTS REALTY TRUST INC,1577368,6798
ASC,ARDMORE SHIPPING CORP,1577437,4412
AI,C3.AI INC,1577526,7370
BABA,ALIBABA GROUP HLDG,1577552,5961
LADR,LADDER CAPITAL CORP,1577670,6798
PDH,PETROLOGISTICS LP,1577785,2911
OCSI,OAKTREE STRATEGIC INCOME CP,1577791,6153
PINC,PREMIER INC,1577916,8742
EVHC.1,ENVISION HEALTHCARE HLDGS,1578318,8090
ICMB,INVESTCORP CRDT MNGMT BDC,1578348,6797
DLNG,DYNAGAS LNG PARTNERS LP,1578453,4412
MHGVY,MOWI ASA,1578526,2090
ABDC.1,ALCENTRA CAPITAL CORP,1578620,6797
MEP,MIDCOAST ENERGY PARTNERS LP,1578685,4922
MMI,MARCUS & MILLICHAP INC,1578732,6531
NGHC,NATIONAL GENERAL HOLDINGS CP,1578735,6331
PBIP,PRUDENTIAL BANCORP INC,1578776,6036
ENZY,ENZYMOTEC LTD,1578809,2833
AGN,ALLERGAN PLC,1578845,2834
OCIP,OCI PARTNERS LP,1578932,2860
BANX,ARROWMARK FINANCIAL CORP,1578987,6799
CART,MAPLEBEAR INC,1579091,5960
VNCE,VINCE HOLDING CORP,1579157,2300
EEX,EMERALD HOLDING INC,1579214,7389
ALLE,ALLEGION PLC,1579241,3420
JASNQ,JASON INDUSTRIES INC,1579252,3990
BURL,BURLINGTON STORES INC,1579298,5600
AXSM,AXSOME THERAPEUTICS INC,1579428,2836
SFR.1,STARWOOD WAYPOINT HOMES,1579471,6798
TDAY,USA TODAY CO INC,1579684,2711
BITI.1,BIOTIE THERAPIES CORP,1579695,2836
VITL,VITAL FARMS INC,1579733,2015
GMZ,GOLDMAN SACHS MLP INCM OPPS,1579762,6726
NBEVQ,NEWAGE INC,1579823,2834
OUT,OUTFRONT MEDIA INC,1579877,6798
RESN,RESONANT INC,1579910,3674
BIORQ,BIORA THERAPEUTICS INC,1580063,2836
BIVI,BIOVIE INC,1580149,2836
HMHC,HOUGHTON MIFFLIN HARCOURT CO,1580156,2731
JGWE,J.G. WENTWORTH CO,1580185,6153
TPVG,TRIPLEPOINT VENTURE GWTH BDC,1580345,6797
FLYW,FLYWIRE CORP,1580560,7389
SC,SANTANDER CONSUMER USA HLDGS,1580608,6141
LGIH,LGI HOMES INC,1580670,1531
KING,KING DIGITAL ENTERTAINMENT,1580732,7372
ATEN,A10 NETWORKS INC,1580808,7372
VRM,VROOM INC,1580864,6141
IBP,INSTALLED BLDG PRODUCTS INC,1580905,1700
BRX,BRIXMOR PROPERTY GROUP INC,1581068,6798
RMAX,RE/MAX HOLDINGS INC,1581091,6531
STAY,EXTENDED STAY AMERICA INC,1581164,7011
EPRX,EUPRAXIA PHARMACEUTICALS INC,1581178,2836
TWST,TWIST BIOSCIENCE CORP,1581280,2836
ROIQ,ROI ACQUISITION CORP II,1581607,9995
LOXO,LOXO ONCOLOGY INC,1581720,2836
LIF,LIFE360 INC,1581760,7372
NVGS,NAVIGATOR HOLDINGS LTD,1581804,4412
QTET,QUARTET MERGER CORP,1581889,9995
WNRL,WESTERN REFINING LGS LP,1581908,5172
ACSF,AMERICAN CAPITAL SR FLTG LTD,1581934,6797
TIG.2,TIGENIX NV,1581987,2836
PAGP,PLAINS GP HOLDINGS LP,1581990,5171
MHCC,MILLENNIUM HEALTHCARE INC,1582054,8090
BCRHF,BLUE CAP REINSURANCE,1582086,6331
XENE,XENON PHARMACEUTICALS INC,1582313,2836
MTNB,MATINAS BIOPHARMA HLDGS INC,1582554,2836
PBFX,PBF LOGISTICS LP,1582568,4610
VJTTY,VOXELJET AG,1582581,3555
NCFT,NORCRAFT COMPANIES INC,1582616,2430
JMLP,NUVEEN ALL CAP ENERGY MLP OP,1582817,6726
DOCN,DIGITALOCEAN HOLDINGS INC,1582961,7370
CQH,CHENIERE ENERGY PTNRS LP LLC,1582966,4924
CCLD,CARECLOUD INC,1582982,7370
FSLF,FIRST EAGLE SENIOR LOAN FUND,1583001,6726
VLP,VALERO ENERGY PARTNERS LP,1583103,4610
TBPH,THERAVANCE BIOPHARMA INC,1583107,2834
PVLA,PALVELLA THERAPEUTICS INC,1583648,2836
S,SENTINELONE INC,1583708,7372
ARCX.1,ARC LOGISTICS PARTNERS LP,1583744,5171
HEPA,HEPION PHARMACEUTICALS INC,1583771,2836
GOMO,SUNGY MOBILE LTD  -ADR,1584133,7372
OMF,ONEMAIN HOLDINGS INC,1584207,6141
SPEX.2,SPHERIX INC  -OLD,1584361,2836
ICCM,ICECURE MEDICAL LTD,1584371,3845
TCN,TRICON RESIDENTIAL INC,1584425,6513
ARMK,ARAMARK,1584509,5812
GP,GREENPOWER MOTOR CO INC,1584547,3713
VFF,VILLAGE FARMS INTL INC,1584549,100
TLIS,TALIS BIOMEDICAL CORP,1584751,2835
AKTSQ,AKOUSTIS TECHNOLOGIES INC,1584754,3679
OXBR,OXBRIDGE RE HOLDINGS LTD,1584831,6331
EPEGQ,EP ENERGY CORP,1584952,1311
CWAY,COASTWAY BANCORP INC,1585023,6035
FGL.3,FIDELITY & GUARANTY LIFE,1585064,6311
PRGO,PERRIGO CO PLC,1585364,2834
ZM,ZOOM COMMUNICATIONS INC,1585521,7370
TACO.3,DEL TACO RESTAURANTS INC,1585583,5812
JAGX,JAGUAR HEALTH INC,1585608,2834
HLT,HILTON WORLDWIDE HOLDINGS,1585689,7011
ADSW,ADVANCED DISPOSAL SERVICES,1585790,4953
SEMI.1,SUNEDISON SEMICONDUCTOR LTD,1585854,3674
GGZ,GABELLI GBL SM & MID CAP VAL,1585855,6726
OXFD,OXFORD IMMUNOTEC GLOBAL PLC,1586049,2835
ZCOR,ZYLA LIFE SCIENCES,1586105,2834
HELIQ,CHC GROUP LTD,1586300,4522
ZSANQ,ZOSANO PHARMA CORP,1587221,2834
CELPQ,CYPRESS ENVIRONMNTL PRTNS LP,1587246,1389
NETI,ENETI INC,1587264,7359
KN,KNOWLES CORP,1587523,3670
OGS,ONE GAS INC,1587732,4924
SNOW.,INTRAWEST RESORTS HLDGS INC,1587755,7990
NEWT,NEWTEKONE INC,1587987,6020
TANH,TANTECH HOLDINGS LTD,1588084,2860
RSPP,RSP PERMIAN INC,1588216,1311
RICE.,RICE ENERGY INC,1588238,1311
TFII,TFI INTERNATIONAL INC,1588823,4213
CAMB,CAMBRIDGE CAPITAL ACQ CORP,1588869,9995
SCTL,SOCIETAL CDMO INC,1588972,2834
PRCT,PROCEPT BIOROBTCS CORP,1588978,3841
GYRO,GYRODYNE LLC,1589061,6512
NAME,RIGHTSIDE GROUP LTD,1589094,7370
GWAV,GREENWAVE TECHNOLOGY SOL INC,1589149,4950
FPL,FIRST TR NEW OPP MLP &ENERGY,1589420,6726
BLBD,BLUE BIRD CORP,1589526,3713
FTAI,FTAI AVIATION LTD,1590364,7359
RENO,RENOVARE ENVIRONMENTAL INC,1590383,3590
FCUV,FOCUS UNIVERSAL INC,1590418,3829
QURE,UNIQURE NV,1590560,2836
CVEO,CIVEO CORP,1590584,7011
ESI,ELEMENT SOLUTIONS INC,1590714,2890
AREC,AMERICAN RESOURCES CORP,1590715,1220
CTRE,CARETRUST REIT INC,1590717,6798
VRDN,VIRIDIAN THERAPEUTICS INC,1590750,2836
RIVE,RIVERVIEW FINANCIAL CORP,1590799,6020
RGNX,REGENXBIO INC,1590877,2836
CZR,CAESARS ENTERTAINMENT INC,1590895,7990
PAYC,PAYCOM SOFTWARE INC,1590955,7370
MBUU,MALIBU BOATS INC,1590976,3730
LENSF,PRESBIA PLC,1591096,3841
TIME.,TIME INC,1591517,2721
AMK,ASSETMARK FIN HOLDINGS INC,1591587,7370
GOLD,GOLD.COM INC,1591588,5051
FPI,FARMLAND PARTNERS INC,1591670,6798
PCTY,PAYLOCITY HOLDING CORP,1591698,7370
ENBL,ENABLE MIDSTREAM PARTNERS LP,1591763,4922
SZMK,SIZMEK INC,1591877,7372
FGNX,FG NEXUS INC,1591890,3861
ANY,SPHERE 3D CORP,1591956,7372
ENLC,ENLINK MIDSTREAM LLC,1592000,4922
AGFS,AGROFRESH SOLUTIONS INC,1592016,2870
EVVAQ,ENVIVA INC,1592057,2400
PRTYQ,PARTY CITY HOLDCO INC,1592058,2670
DMTX,DIMENSION THERAPEUTICS INC,1592288,2836
CSBK,CLIFTON BANCORP INC,1592329,6035
FRSH.2,PAPA MURPHY'S HOLDINGS INC,1592379,5812
VIRT,VIRTU FINANCIAL INC,1592386,6211
CBPX,CONTINENTAL BUILDING PRODS,1592480,3270
VSA,VISIONSYS AI INC,1592560,8200
ENDPQ,ENDO INTERNATIONAL PLC,1593034,2834
TPCO,TRIBUNE PUBLISHING CO,1593195,2711
CIO,CITY OFFICE REIT INC,1593222,6798
HG,HAMILTON INSURANCE GROUP LTD,1593275,6331
NAVI,NAVIENT CORP,1593538,6111
AGS,PLAYAGS INC,1593548,3990
AVIR,ATEA PHARMACEUTICALS INC,1593899,2834
MIK,MICHAELS COS INC,1593936,5945
MDWD,MEDIWOUND LTD,1593984,2836
ISBC,INVESTORS BANCORP INC,1594012,6020
GRUB.2,GRUBHUB INC,1594109,7370
SKYS,SKY SOLAR HLDGS LTD -ADR,1594124,4991
CORI,CORIUM INTERNATIONAL INC,1594337,2834
PE,PARSLEY ENERGY INC,1594466,1311
HVBC,HV BANCORP INC,1594555,6036
PGNPQ,PARAGON OFFSHORE PLC,1594590,1381
WPGGQ,WASHINGTON PRIME GROUP INC,1594686,6798
SHOP,SHOPIFY INC,1594805,7370
JUNO,JUNO THERAPEUTICS INC,1594864,2836
ZOES,ZOE'S KITCHEN INC,1594879,5812
CRBP,CORBUS PHARMACEUTICALS HLDGS,1595097,2836
GNPX,GENPREX INC,1595248,2836
IMS,IMS HEALTH HOLDINGS INC,1595262,8700
GLMD,GALMED PHARMACEUTICALS LTD,1595353,2836
NYC,AMERICAN STRATEGIC INVEST CO,1595527,6512
TCDAQ,TRICIDA INC,1595585,2834
WB,WEIBO CORP,1595761,7370
TPTX,TURNING POINT THERAPE INC,1595893,2836
MGNI,MAGNITE INC,1595974,7310
ANET,ARISTA NETWORKS INC,1596532,3576
CTLT,CATALENT INC,1596783,2834
ENLV,ENLIVEX THERAPEUTICS LTD,1596812,2836
LEJUY,LEJU HOLDINGS LTD  -ADR,1596856,6531
QTNTQ,QUOTIENT LTD,1596946,2835
RDNW,RIDENOW GROUP INC,1596961,5500
HLG,HAILIANG EDUCATION GRP -ADR,1596964,8200
MC,MOELIS & CO,1596967,6282
LPG,DORIAN LPG LTD,1596993,4412
SABR,SABRE CORP,1597033,7370
TOUR,TUNIU CORP  -ADR,1597095,4700
GLRI,GLORI ENERGY INC,1597131,1311
BPMC,BLUEPRINT MEDICINES CORP,1597264,2836
VRAYQ,VIEWRAY INC,1597313,3845
EVARF,LOMBARD MEDICAL TECH PLC,1597426,3841
NSAM,NORTHSTAR ASSET MGMT GRP INC,1597503,6211
SAGE,SAGE THERAPEUTICS INC,1597553,2836
HOFSQ,HERMITAGE OFFSHORE SERVICES,1597659,4400
RYAM,RAYONIER ADVANCED MATERIALS,1597672,2820
JMEI,JUMEI INTL HOLDING LTD  -ADR,1597680,5961
CMCM,CHEETAH MOBILE INC  -ADR,1597835,7372
GRNQ,GREENPRO CAPITAL CORP,1597846,8741
INFO.1,IHS MARKIT LTD,1598014,7370
CYBR,CYBERARK SOFTWARE LTD,1598110,7372
MTUS,METALLUS INC,1598428,3312
IPHA,INNATE PHARMA SA,1598599,2836
NERV,MINERVA NEUROSCIENCES INC,1598646,2836
GLOP,GASLOG PARTNERS LP,1598655,4412
HRTG,HERITAGE INSURANCE HOLDINGS,1598665,6331
CSPR,CASPER SLEEP INC,1598674,2510
NDRM,NEURODERM LTD,1598696,2834
AM.2,ANTERO MIDSTREAM PARTNERS LP,1598968,1311
SKYX,SKYX PLATFORMS CORP,1598981,3690
MRD,MEMORIAL RESOURCE DEV CORP,1599222,1311
SMMT,SUMMIT THERAPEUTICS INC,1599298,2836
LBRA,1847 HOLDINGS LLC,1599407,5712
VRTV,VERITIV CORP,1599489,5110
DNOW,DNOW INC,1599617,5084
SBCP,SUNSHINE BANCORP INC,1599891,6035
RNA,AVIDITY BIOSCIENCE INC,1599901,2836
TERP,TERRAFORM POWER INC,1599947,4911
ELF,E.L.F. BEAUTY INC,1600033,2844
EBSB,MERIDIAN BANCORP INC (MD),1600125,6036
BLPH,BELLEROPHON THERAPEUTICS INC,1600132,2836
SDPI,SUPERIOR DRILLING PRODUCTS,1600422,3533
GMS,GMS INC,1600438,5030
MR,MONTAGE RESOURCES CORP,1600470,1311
DSKY,IDREAMSKY TECHNOLOGY  -ADR,1600527,7372
AUPH,AURINIA PHARMACEUTICALS INC,1600620,2836
PKST,PEAKSTONE REALTY TRUST,1600626,6798
DIBS,1STDIBS.COM INC,1600641,5961
GMDAQ,GAMIDA CELL LTD,1600847,2836
MELR,MELROSE BANCORP INC,1600890,6020
KSCP,KNIGHTSCOPE INC,1600983,7380
KEYS,KEYSIGHT TECHNOLOGIES INC,1601046,3825
AY,ATLANTICA SUSTAINABLE INFRA,1601072,4991
ELTX,ELICIO THERAPEUTICS INC,1601485,2836
BHBK,BLUE HILLS BANCORP INC,1601545,6036
VVX,V2X INC,1601548,8744
WTRE.1,WATFORD HOLDINGS LTD,1601669,6331
SYF,SYNCHRONY FINANCIAL,1601712,6141
RXRX,RECURSION PHARMA INC,1601830,2836
CYTOF,ALTAMIRA THERAPEUTICS LTD,1601936,2836
NMRD,NEMAURA MEDICAL INC,1602078,3845
ADPTQ,ADEPTUS HEALTH INC,1602367,8011
ISTR,INVESTAR HOLDING CORP,1602658,6020
ORIO,ORION DIGITAL CORP,1602842,6141
HMLP,HOEGH LNG PARTNERS LP,1603016,4412
XIFR,XPLR INFRASTRUCTURE LP,1603145,4911
NTBLQ,NOTABLE LABS LTD,1603207,2836
DM.1,DOMINION ENRG MIDSTRM PRT LP,1603286,4922
PARNF,PARNELL PHARMACEUTICAL HLDGS,1603429,2834
CELC,CELCUITY INC,1603454,2835
ULY,URGENT.LY INC,1603652,7370
AXNX,AXONICS INC,1603756,3845
WFRD,WEATHERFORD INTL PLC,1603923,1381
GGAC,GARNERO GROUP ACQUISITION CO,1603969,9995
AQB,AQUABOUNTY TECHNOLOGIES INC,1603978,2836
NISN,NISUN INT ENT DEV GRP CO LTD,1603993,5140
WMS,ADVANCED DRAINAGE SYSTEMS,1604028,3080
GRDX,GRIDAI TECHNOLOGIES CORP,1604191,2836
NXEO,NEXEO SOLUTIONS INC,1604416,5160
ATRA,ATARA BIOTHERAPEUTICS INC,1604464,2836
SQZB,SQZ BIOTECHNOLOGIES CO,1604477,2836
CMBT,CMB TECH NV,1604481,4412
THQ,ABRDN HEALTHCARE OPPORT FUND,1604522,6726
AQUA,EVOQUA WATER TECH,1604643,3580
WLKP,WESTLAKE CHEMICAL PRTNRS LP,1604665,2860
AINC,ASHFORD INC,1604738,6282
QRVO,QORVO INC,1604778,3674
NTRA,NATERA INC,1604821,8071
GRWG,GROWGENERATION CORP,1604868,5200
MOLGY,MOL GLOBAL INC  -ADR,1604929,7370
SCPH,SCPHARMACEUTICALS INC,1604950,2836
CBFV,CB FINANCIAL SERVICES INC,1605301,6020
STLA,STELLANTIS NV,1605484,3711
PGRE,PARAMOUNT GROUP INC,1605607,6798
VTTI,VTTI ENERGY PARTNRS LP,1605725,5171
ATLN,ATLANTIC INTERNATIONAL CORP,1605888,7363
TLDAY,TDC A/S,1605975,4813
MCUR,MACROCURE LTD,1606012,2836
LMB,LIMBACH HOLDINGS INC,1606163,1700
AACH,AAC HOLDINGS INC,1606180,8060
VIA.2,VIA RENEWABLES INC,1606268,4931
GNBC,GREEN BANCORP INC,1606363,6020
LOCO,EL POLLO LOCO HOLDINGS INC,1606366,5812
RBNC,RELIANT BANCORP INC,1606440,6020
ATTOF,ATENTO SA,1606457,7374
AVNS,AVANOS MEDICAL INC,1606498,3842
ALPP,ALPINE 4 HOLDINGS INC,1606698,9997
LTRPA,LIBERTY TRIPADVISOR HOLDINGS,1606745,7370
KE,KIMBALL ELECTRONICS INC,1606757,3674
PANL,PANGAEA LOGISTICS SOLUTIONS,1606909,4412
OASMY,VIVESTO AB,1607245,2836
RIGP,TRANSOCEAN PARTNERS LLC,1607250,1381
MBBYF,MOBILEYE NV,1607310,7372
VKTX,VIKING THERAPEUTICS INC,1607678,2836
VSLR,VIVINT SOLAR INC,1607716,3620
YECO,YULONG ECO-MATLS LTD,1607741,3270
UDMY,UDEMY INC,1607939,7370
LFWD,LIFEWARD LTD,1607962,3842
NMS,NUVEEN MINNESOTA QUAL MUN,1607997,6726
TYC,TYCO INTERNATIONAL PLC,1608109,3669
ZAYO,ZAYO GROUP HOLDINGS INC,1608249,4899
SMAC,SINO MERCURY ACQUISITION CP,1608269,9995
TRTL.1,TERRAPIN 3 ACQUISITION CORP,1608298,9995
AFMDQ,AFFIMED NV,1608390,2836
CIVI.,CIVITAS SOLUTIONS INC,1608638,8082
QQQX,NUVEEN NASDAQ 100 DYN OVRWRT,1608741,6726
DIAX,NUVEEN DOW 30 DYNA OVERWRITE,1608742,6726
PBHC,PATHFINDER BANCORP INC,1609065,6020
BNK,C1 FINANCIAL INC,1609132,6020
WEAV,WEAVE COMMUNICATI INC,1609151,7370
CRC,CALIFORNIA RESOURCES CORP,1609253,1311
ONCE,SPARK THERAPEUTICS INC,1609351,2836
INSP,INSPIRE MEDICAL SYSTEM,1609550,3845
CNVAF,CNOVA NV,1609653,5961
CDK,CDK GLOBAL INC,1609702,7370
GDDY,GODADDY INC,1609711,7370
THOR,SYNTHORX INC,1609727,2836
OEC,ORION SA,1609804,2890
MCRB,SERES THERAPEUTICS INC,1609809,2836
NCOM,NATIONAL COMMERCE CORP,1609951,6020
BUFF.,BLUE BUFFALO PET PRODUCTS,1609989,2040
DPLO,DIPLOMAT PHARMACY INC,1610092,5912
SNR,NEW SENIOR INVESTMENT GROUP,1610114,6798
AVOL,AVOLON HOLDINGS LTD,1610128,7359
BOOT,BOOT BARN HOLDINGS INC,1610250,5661
CNXM,CNX MIDSTREAM PARTNERS LP,1610418,4922
SHLX,SHELL MIDSTREAM PARTNERS LP,1610466,4610
UBS,UBS GROUP AG,1610520,6282
HDP,HORTONWORKS INC,1610532,7372
MBAI,CHECK-CAP LTD,1610590,3845
MOMO,HELLO GROUP INC,1610601,7370
CDTX,CIDARA THERAPEUTICS INC,1610618,2836
USDP,USD PARTNERS LP,1610682,4610
SNC,STATE NATIONAL COS INC,1610793,6331
BCTX,BRIACELL THERAPEUTICS CORP,1610820,2836
HSDT,SOLANA CO,1610853,3845
SYNH,SYNEOS HEALTH INC,1610950,8731
KEN,KENON HOLDINGS LTD,1611005,4991
PCOR,PROCORE TECHNOLGY INC,1611052,7370
MDLM,MEDLEY MANAGEMENT INC,1611110,6282
MXPT,MAXPOINT INTERACTIVE INC,1611231,7370
UE,URBAN EDGE PROPERTIES,1611547,6798
FRPT,FRESHPET INC,1611647,2040
SPRC,SCISPARC LTD,1611746,2836
SCNI,SCINAI IMMUNOTHERAPEUTICS,1611747,2836
AAAP,ADVANCED ACCELERATR APP -ADR,1611787,2836
LN,LINE CORP,1611820,7370
PYPD,POLYPID LTD,1611842,2834
RAHGF,ROAN HOLDINGS GROUP CO LTD,1611852,6159
LBRDK,LIBERTY BROADBAND CORP,1611983,4812
FSAM,FIFTH STREET ASSET MGMT INC,1611988,9995
ASND,ASCENDIS PHARMA AS,1612042,2836
JYNT,JOINT CORP (THE),1612630,6794
NEXT,NEXTDECADE CORP,1612720,4923
PRQR,PROQR THERAPEUTICS NV,1612940,2836
CDRBQ,CODE REBEL CORP,1613011,7370
MDT,MEDTRONIC PLC,1613103,3845
GWB,GREAT WESTERN BANCORP INC,1613665,6020
DBVT,DBV TECHNOLOGIES S A,1613780,2836
PRAH,PRA HEALTH SCIENCES INC,1613859,8731
ARDS,ARIDIS PHARMACEUTICALS,1614067,2836
YEXT,YEXT INC,1614178,7370
CADE.3,CADENCE BANCORPORATION,1614184,6020
VA,VIRGIN AMERICA INC,1614436,4512
PDGI,PHARMANET DEVELOPMENT GROUP,1614675,8731
PPBT,PURPLE BIOTECH LTD,1614744,2834
RPT,RITHM PROPERTY TRUST INC,1614806,6798
CCN,CARDCONNECT CORP,1614818,7374
ISO,ISOPLEXIS CORP,1615055,8731
INSE,INSPIRED ENTERTAINMENT,1615063,7812
FENX,FENIX PARTS INC,1615153,5010
VERI,VERITONE INC,1615165,7370
DCOY,DECOY THERAPEUTICS INC,1615219,2836
LMRK,LANDMARK INFRAST PRTNS LP,1615346,6519
BNCL,BENEFICIAL BANCORP INC,1615418,6035
CJ,C&J ENERGY SERVICES INC,1615817,1389
AXAR,AXAR ACQUISITION CORP,1615892,9995
IFS,INTERCORP FINANCIAL SVCS INC,1615903,6020
JGH,NUVEEN GLOBAL HIGH INCOME FD,1615905,6726
XHR,XENIA HOTELS & RESORTS INC,1616000,6798
SSRG,SYMMETRY SURGICAL INC,1616101,3841
TRIL.1,TRILLIUM THERAPEUTICS INC,1616212,2836
RMCF,ROCKY MOUNTAIN CHOC FACT INC,1616262,2060
JPPYY,JUPAI HOLDINGS LTD -ADR,1616291,6282
AVNU,AVENUE FINANCIAL HOLDINGS,1616297,6020
MRT.4,MEDEQUITIES REALTY TRUST INC,1616314,6798
VSTO,VISTA OUTDOOR INC,1616318,3480
PENG,PENGUIN SOLUTIONS INC,1616533,3674
SENS,SENSEONICS HLDGS INC,1616543,3845
W,WAYFAIR INC,1616707,5961
PATI,PATRIOT TRANSPORTATION HLDG,1616741,4213
MPG.4,METALDYNE PERFORMANCE GROUP,1616817,3714
AXTA,AXALTA COATING SYSTEMS LTD,1616862,2851
NAP,NAVIOS MARITIME MIDSTR PN LP,1617049,4412
JAX,J. ALEXANDER'S HOLDINGS INC,1617227,5812
KRNY,KEARNY FINANCIAL CORP,1617242,6036
PK,PARK HOTELS & RESORTS,1617406,6798
ZIP,ZIPRECRUITER INC,1617553,7370
Z,ZILLOW GROUP INC,1617640,7370
NEFF,NEFF CORP,1617667,7350
UFABQ,UNIQUE FABRICATING INC,1617669,3714
PTXP,PENNTEX MIDSTREAM PRTNRS LP,1617798,4922
AMIX,AUTONOMIX MEDICAL INC,1617867,3841
KLXI,KLX INC,1617898,5080
HABT,HABIT RESTAURANTS INC (THE),1617977,5812
XYLO,XYLO TECHNOLOGIES LTD,1618500,7311
NVET,NEXVET BIOPHARMA PLC,1618561,2836
NSA,NATIONAL STORAGE AFFILIATES,1618563,6798
PFGC,PERFORMANCE FOOD GROUP CO,1618673,5140
NTNX,NUTANIX INC,1618732,7370
QSR,RESTAURANT BRANDS INTL INC,1618756,5812
EVFM,EVOFEM BIOSCIENCES INC,1618835,2834
TLTZY,TELE2 AB,1618865,4812
WBA,WALGREENS BOOTS ALLIANCE INC,1618921,5912
STDY,STEADYMED LTD,1619087,2834
VLRXQ,VALERITAS HOLDINGS INC,1619250,3841
TLSNY,TELIA COMPANY AB,1619489,4813
JFU,9F INC -ADR,1619544,7370
OACQF,ORIGO ACQUISITION CORP,1619551,9995
BRSL,BRIGHTSTAR LOTTERY PLC,1619762,7990
CRBU,CARIBOU BIOSCIENCE INC,1619856,2836
PNTPQ,PATRIOT NATIONAL INC,1619917,6411
INOV.1,INOVALON HOLDINGS INC,1619954,7370
XELA,EXELA TECHNOLOGIES INC,1620179,7374
NXRT,NEXPOINT RESIDENTIAL TR INC,1620393,6798
JRVR,JAMES RIVER GROUP HLDGS INC,1620459,6331
LONA,LEONABIO INC,1620463,2834
SHAK,SHAKE SHACK INC,1620533,5812
BXLT,BAXALTA INC,1620546,2836
CCRC,CHINA CUSTOMER RELATNS  CTRS,1620664,7374
GLBL.2,TERRAFORM GLOBAL INC,1620702,4991
OGI,ORGANIGRAM GLOBAL INC,1620737,2834
RMP,RICE MIDSTREAM PARTNERS LP,1620928,1311
ARTL,ARTELO BIOSCIENCES INC,1621221,2834
ADAPY,ADAPTIMMUNE THERAPEUTICS PLC,1621227,2836
BSM,BLACK STONE MINERALS LP,1621434,1311
ZYNE,ZYNERBA PHARMACEUTICALS INC,1621443,2834
SUM,SUMMIT MATERIALS INC,1621563,1400
SLE,SUPER LEAGUE ENTERPRISE INC,1621672,7370
AQMS,AQUA METALS INC,1621832,4953
BHAC.1,BARINGTON/HILCO ACQ CORP,1622175,9995
DEA,EASTERLY GOVERNMENT PPTYS,1622194,6798
COGT,COGENT BIOSCIENCES INC,1622229,2836
POLA,POLAR POWER INC,1622345,3621
JCAP.1,JERNIGAN CAPITAL INC,1622353,6798
TLN,TALEN ENERGY CORP,1622536,4911
ARWA,AROWANA INC,1622577,9995
JMG.1,JOURNAL MEDIA GROUP INC,1622893,2711
STOK,STOKE THERAPEUTICS INC,1623526,2836
ATLS,ATLAS ENERGY GROUP LLC,1623595,1311
IMGO,IMAGO BIOSCIENCES INC,1623715,2836
GI,ENDOCHOICE HOLDINGS INC,1623919,3845
AM,ANTERO MIDSTREAM CORP,1623925,4922
BFST,BUSINESS FIRST BANCSHS INC,1624322,6020
PAVM,PAVMED INC,1624326,3841
BOXL,BOXLIGHT CORP,1624512,3861
ALNAQ,ALLENA PHARMACEUTICALS,1624658,2836
CSW,CSW INDUSTRIALS INC,1624794,3559
PLSE,PULSE BIOSCIENCES INC,1625101,3845
NRDS,NERDWALLET INC,1625278,7370
INDV,INDIVIOR PLC,1625297,2834
BZUN,BAOZUN INC,1625414,5961
LAW,CS DISCO INC,1625641,7370
KRNT,KORNIT DIGITAL LTD,1625791,3555
PJT,PJT PARTNERS INC,1626115,6200
ALPN,ALPINE IMMUNE SCIENCES INC,1626199,2836
CMRC,COMMERCE.COM INC,1626450,7370
MJCO,MAJESCO,1626853,7372
XBIT,XBIOTECH INC,1626878,2836
CRVS,CORVUS PHARMACEUTICALS INC,1626971,2836
BKI,BLACK KNIGHT INC,1627014,7370
CC,CHEMOURS CO,1627223,2860
OR,OR ROYALTIES INC,1627272,1040
CLLS,CELLECTIS SA,1627281,2836
CWD,CALIBERCOS INC,1627282,6282
UPWK,UPWORK INC,1627475,7361
FOGO.1,FOGO DE CHAO INC,1627487,5812
DTEAF,DAVIDSTEA INC,1627606,5400
SAIL.2,SAILPOINT TECHNO HLDG,1627857,7370
SRG,SERITAGE GROWTH PROPERTIES,1628063,6512
RVMD,REVOLUTION MEDICINES INC,1628171,2836
CWK,CUSHMAN & WAKEFIELD,1628369,6531
BOLD.1,AUDENTES THERAPEUTICS INC,1628738,2836
PROF,PROFOUND MEDICAL CORP,1628808,3845
EVH,EVOLENT HEALTH INC,1628908,7372
HLTHQ,CUE HEALTH INC,1628945,3841
MBIN,MERCHANTS BANCORP,1629019,6020
GBT,GLOBAL BLOOD THERAPEUTICS,1629137,2836
PZG,PARAMOUNT GOLD NEVADA CORP,1629210,1040
VDTH,VIDEOCON D2H LTD  -ADR,1629220,4841
LBCC,LONG BLOCKCHAIN CORP,1629261,2086
CPGX,COLUMBIA PIPELINE GROUP INC,1629995,4922
BTCY,BIOTRICITY INC,1630113,3845
BOJA,BOJANGLES' INC,1630132,5812
ALBT,AVALON GLOBOCARE CORP,1630212,6512
TRTX,TPG RE FINANCE TRT INC,1630472,6798
TMCI,TREACE MEDIC CNCPTS INC,1630627,3842
BW,BABCOCK & WILCOX ENTERPRISES,1630805,3510
PFHD,PROFESSIONAL HOLDING CORP,1630856,6020
AAPCF,ATLANTIC ALLIANCE PARTNERSHP,1630940,9995
DTSS,DATASEA INC,1631282,7372
CHCT,COMMUNITY HEALTHCARE TRUST,1631569,6798
WVE,WAVE LIFE SCIENCES LTD,1631574,2836
KREF,KKR REAL ESTATE FIN TR INC,1631596,6798
AIMT,AIMMUNE THERAPEUTICS INC,1631650,2836
YRD,YIREN DIGITAL LTD -ADR,1631761,6141
PSDO,PRESIDIO INC,1631825,7370
CABO,CABLE ONE INC,1632127,4841
ENR,ENERGIZER HOLDINGS INC,1632790,3690
EQGP,EQT GP HOLDINGS LP,1632933,4922
AHR,AMERICAN HEALTHCARE REIT INC,1632970,6798
AXLA,AXCELLA HEALTH INC,1633070,2836
PGND,PRESS GANEY HOLDINGS INC,1633142,7372
CCAP,CRESCENT CAPITAL BDC INC,1633336,6797
AZREF,AZURE POWER GLOBAL LIMITED,1633438,4911
SECOY,SECOO HOLDING LIMITED,1633441,5961
TGE.4,TALLGRASS ENERGY GROUP LP,1633651,4922
PYPL,PAYPAL HOLDINGS INC,1633917,7389
BLD,TOPBUILD CORP,1633931,1700
EPIX,ESSA PHARMA INC,1633932,2836
LITE,LUMENTUM HOLDINGS INC,1633978,3661
PROS,PROSIGHT GLOBAL INC,1634038,6331
BNED,BARNES & NOBLE EDUCATION INC,1634117,5940
MTCR,METACRINE INC,1634379,2834
SBBP,STRONGBRIDGE BIOPHARMA PLC,1634432,2836
ISUNQ,ISUN INC,1634447,1700
AGR,AVANGRID INC,1634997,4911
ACON,ACLARION INC,1635077,7372
ROIV,ROIVANT SCIENCES LTD,1635088,2836
GMXRQ,GMX RESOURCES INC,1635235,1311
MSBF,MSB FINANCIAL CORP,1635261,6035
RMNI,RIMINI STREET INC,1635282,7370
FLUT,FLUTTER ENTERTAINMENT PLC,1635327,7990
CAFD,8POINT3 ENERGY PARTNERS LP,1635581,4991
EQFN,EQUITABLE FINANCIAL CORP,1635626,6035
GPP,GREEN PLAINS PARTNERS LP,1635650,4610
GCI.1,GANNETT CO INC -OLD,1635718,2711
EXTN,EXTERRAN CORP,1635881,1389
NWLI,NATIONAL WESTERN LIFE GROUP,1635984,6311
SIOX,SIO GENE THERAPIES INC,1636050,2836
WING,WINGSTOP INC,1636222,5812
SYRE,SPYRE THERAPEUTICS INC,1636282,2836
ALTA,ALTABANCORP,1636286,6020
HCAT,HEALTH CATALYST INC,1636422,7370
MSGS,MADISON SQUARE GARDEN SPORTS,1636519,7900
FIHL,FIDELIS INSURANCE HOLDINGS,1636639,6331
OVID,OVID THRPUTCS INC,1636651,2836
ZSPC,ZSPACE INC,1637147,3571
PLNT,PLANET FITNESS INC,1637207,7997
KHC,KRAFT HEINZ CO,1637459,2030
CCR,CONSOL COAL RESOURCES LP,1637558,1220
HZN,HORIZON GLOBAL CORP,1637655,3714
OKUR,ONKURE THERAPEUTICS INC,1637715,2836
SOLO,ELECTRAMECCANICA VEHS CORP,1637736,3711
SPNE,SEASPINE HOLDINGS CORP,1637761,3842
FSV,FIRSTSERVICE CORP,1637810,6531
ACVA,ACV AUCTIONS INC,1637873,5010
CYADY,CELYAD ONCOLOGY SA,1637890,2836
MCRN,MILACRON HOLDINGS CORP,1637913,3559
FORK,FULING GLOBAL INC,1637921,3089
ENTX,ENTERA BIO LTD,1638097,2836
MTVA,METAVIA INC,1638287,2836
MCFT,MASTERCRAFT BOAT HLDNGS IN,1638290,3730
NTEC,INTEC PHARMA LTD,1638381,2834
TTAN,SERVICETITAN INC,1638826,7370
SGRY,SURGERY PARTNERS INC,1638833,8090
LVGO,LIVONGO HEALTH INC,1639225,3845
OLLI,OLLIE'S BARGAIN OUTLET HLDGS,1639300,5331
CAVA,CAVA GROUP INC,1639438,5812
ELEC,ELECTRUM SPECIAL ACQUISITION,1639669,9995
LIVN,LIVANOVA PLC,1639691,3845
PTON,PELOTON INTERACTIVE INC,1639825,7370
GSM,FERROGLOBE PLC,1639877,3330
SPOT,SPOTIFY TECHNOLOGY SA,1639920,7370
CCP,CARE CAPITAL PPTYS INC,1639947,6798
PXS,PYXIS TANKERS INC,1640043,4412
SNOW,SNOWFLAKE INC,1640147,7370
WINSF,WINS FINANCE HOLDINGS INC,1640251,6159
VYGR,VOYAGER THERAPEUTICS INC,1640266,2836
BETR.1,AMPLIFY SNACK BRANDS,1640313,2090
LMFA,LM FUNDING AMERICA INC,1640384,7370
EVER,EVERQUOTE INC,1640428,7370
JNCE,JOUNCE THERAPEUTICS INC,1640455,2836
LKST,LOOKSMART GROUP INC,1641129,7370
EACQ,EASTERLY ACQUISITION CORP,1641197,9995
BOLT,BOLT BIOTHRPTCS INC,1641281,2836
GDC,GD CULTURE GROUP LTD,1641398,8742
VTVT,VTV THERAPEUTICS INC,1641489,2836
PMTS,CPI CARD GROUP INC,1641614,3572
XAIR,BEYOND AIR INC,1641631,3845
NBRVF,NABRIVA THERAPEUTICS PLC,1641640,2836
FLOW.2,SPX FLOW INC,1641991,3561
ACGP,ASSOCIATED CAPITAL GROUP INC,1642122,6200
CXRXF,ADVANZ PHARMA CORP LTD,1642271,2834
GHSI,GUARDION HEALTH SCIENCS INC,1642375,2834
IMDX,INSIGHT MOLECLAR DIAGNOS INC,1642380,2836
DSKE,DASEKE INC,1642453,4213
SWAV,SHOCKWAVE MEDICAL INC,1642545,3845
IOT,SAMSARA INC,1642896,7370
SUMO,SUMO LOGIC INC,1643269,7370
NNDM,NANO DIMENSION LTD,1643303,3559
MEG,MONTROSE ENV GROUP INC,1643615,8734
PTHN,PATHEON NV,1643848,2834
BCSI,BLUE COAT SYSTEMS INC,1643858,7370
BDRX,BIODEXA PHARMACEUTICALS PLC,1643918,2836
PRPL,PURPLE INNOVATION INC,1643953,2510
LPTVQ,LOOP MEDIA INC,1643988,7830
1641B,NEIMAN MARCUS GROUP LTD LLC,1644147,5311
RMR,RMR GROUP INC,1644378,8741
TWNK,HOSTESS BRANDS INC,1644406,2050
GCP,GCP APPLIED TECHNOLOGIES INC,1644440,2860
PACE.1,PACE HOLDINGS CORP,1644509,9995
MIME,MIMECAST LTD,1644675,7370
YCBD,CBDMD INC,1644903,2834
ATXI,AVENUE THERAPEUTICS INC,1644963,2834
STER,STERLING CHECK CORP,1645070,7389
NVCR,NOVOCURE LIMITED,1645113,3845
CUE,CUE BIOPHARMA,1645460,2836
MNPR,MONOPAR THERAPEUTICS INC,1645469,2836
ARRS,ARRIS INTERNATIONAL PLC,1645494,3663
DICE,DICE THERAPEUTICS INC,1645569,2834
HPE,HEWLETT PACKARD ENTERPRISE,1645590,3571
KZR,KEZAR LIFE SCIENCES,1645666,2836
FMOG,FREEPORT MCMRN OIL&GAS -REDH,1645676,1311
ZY.1,ZYMERGEN INC,1645842,3679
MDV,MODIV INDUSTRIAL INC,1645873,6798
MPSX,MULTI PACKAGING SOLUTNS INTL,1645926,2670
ONDS,ONDAS HOLDINGS INC,1646188,3720
HOME,AT HOME GROUP INC,1646228,5700
CSRA,CSRA INC,1646383,7370
NRE,NORTHSTAR REALTY EUROPE CORP,1646587,6798
ACI,ALBERTSONS COS INC,1646972,5411
WSC,WILLSCOT HOLDINGS CORP,1647088,6512
CMTA,CLEMENTIA PHARMACEUTICALS,1647320,2836
GSUM,GRIDSUM HOLDING INC  -ADR,1647338,7370
FCE.A,FOREST CITY REALTY TRUST INC,1647509,6798
NBLX,NOBLE MIDSTREAM PARTNERS LP,1647513,4610
UPST,UPSTART HOLDINGS INC,1647639,6141
JHB,NUVEEN HI INCM NOV 2021 TARG,1647933,6726
AREB,AMERICAN REBEL HOLDINGS INC,1648087,2540
HCM,HUTCHMED (CHINA) LTD,1648257,2834
RACE,FERRARI NV,1648416,3711
SQBGQ,SEQUENTIAL BRANDS GROUP INC,1648428,6794
NVTRQ,NUVECTRA CORP,1648893,3845
MYSE,MYSEUM INC,1648960,7372
CHAI,CORE AI HOLDINGS INC,1649009,3663
PCVX,VAXCYTE INC,1649094,2836
CLPR,CLIPPER REALTY INC,1649096,6798
BWLP,BW LPG LTD,1649313,4400
CIFC,CIFC LLC,1649709,6282
BAFN,BAYFIRST FINANCIAL CORP,1649739,6020
DLTH,DULUTH HOLDINGS INC,1649744,5961
FBK,FB FINANCIAL CORP,1649749,6020
NMG,NOUVEAU MONDE GRAPHITE INC,1649752,1000
RYTM,RHYTHM PHARMACEUTICLS,1649904,2836
OTLK,OUTLOOK THERAPEUTICS INC,1649989,2836
ATXG,ADDENTAX GROUP CORP,1650101,4210
CCEP,COCA-COLA EUROPACIFIC PARTNE,1650107,2086
FCPT,FOUR CORNERS PROPERTY TR INC,1650132,6798
TOST,TOAST INC,1650164,7389
TEAM,ATLASSIAN CORP,1650372,7370
QHCCQ,QUORUM HEALTH CORP,1650445,8062
BRQSF,BORQS TECHNOLOGIES INC,1650575,7373
FDMT,4D MOLECULAR THER INC,1650648,2836
EDIT,EDITAS MEDICINE INC,1650664,2836
LSF,LAIRD SUPERFOOD INC,1650696,2000
SITE,SITEONE LANDSCAPE SUPPLY INC,1650729,5080
WBT,WELBILT INC,1650962,3580
FOCS,FOCUS FINANCL PRTNR INC,1651052,6282
ELVT,ELEVATE CREDIT INC,1651094,6141
ACIA,ACACIA COMMUNICATIONS INC,1651235,3663
ONC,BEONE MEDICINES LTD,1651308,2836
MRUS,MERUS NV,1651311,2836
9566B,ACELITY HOLDINGS INC -REDH,1651347,2836
CKPT,CHECKPOINT THERAPEUTICS INC,1651407,2836
CMPI,CHECKMATE PHARMACE INC,1651431,2836
TRHC,TABULA RASA HEALTHCARE INC,1651561,7370
COUR,COURSERA INC,1651562,8200
ACIU,AC IMMUNE SA,1651625,2836
NOMD,NOMAD FOODS LTD,1651717,2030
GIPR,GENERATION INCOME PROPER INC,1651721,6798
DMTKQ,DERMTECH INC,1651944,2835
GOOGL,ALPHABET INC,1652044,7370
PBBI,PB BANCORP INC,1652106,6035
NTLA,INTELLIA THERAPEUTICS INC,1652130,2836
OMP,OASIS MIDSTREAM PARTNR,1652133,4610
IEA,INFRASTRUCTR & ENRGY ALT INC,1652362,1600
ICHR,ICHOR HOLDINGS LTD,1652535,3559
LHDXQ,LUCIRA HEALTH INC,1652724,3845
ABILF,ABILITY INC,1652866,7370
AVXS,AVEXIS INC,1652923,2836
ACTU,ACTUATE THERAPEUTICS INC,1652935,2836
ALEC,ALECTOR INC,1653087,2836
NTB,BANK OF NT BUTTERFIELD & SON,1653242,6020
ASAPQ,WAITR HOLDINGS INC,1653247,7370
RWAY,RUNWAY GROWTH FINANCE CORP,1653384,6797
NGVT,INGEVITY CORP,1653477,2860
GTLB,GITLAB INC,1653482,7370
PRTH,PRIORITY TECHNLGY HLDNGS INC,1653558,7374
RRR,RED ROCK RESORTS INC,1653653,7990
BIRD,ALLBIRDS INC,1653909,3021
ZIM,ZIM INTEGRATED SHIPPING SERV,1654126,4412
DCPH,DECIPHERA PHRMCTAL INC,1654151,2836
MDRR,MEDALIST DIVRSFD REIT,1654595,6798
BBU,BROOKFIELD BUSINESS PRTNR LP,1654795,9997
XOG,EXTRACTION OIL & GAS INC,1655020,1311
BCSF,BAIN CAP SPECIALTY FIN INC,1655050,6797
AFIIQ,ARMSTRONG FLOORING INC,1655075,3089
RA,BROOKFIELD REAL ASTS INCM FD,1655099,6726
BYND,BEYOND MEAT INC,1655210,2030
ARVN,ARVINAS INC,1655759,2836
OBDC,BLUE OWL CAPITAL CORP,1655888,6797
TRMD,TORM PLC,1655891,4412
ACOG,ALPHA COGNITION INC,1655923,2836
DAVA,ENDAVA PLC,1656081,7373
PNK,PINNACLE ENTERTAINMENT INC,1656239,7990
SNNAQ,SIENNA BIOPHARMACEUTICL,1656328,2836
CRON,CRONOS GROUP INC,1656472,2834
DBTX,DECIBEL THERAPEUTICS INC,1656536,2836
GRTSQ,GRITSTONE BIO INC,1656634,2836
MGP,MGM GROWTH PROPERTIES LLC,1656936,6798
COTV,COTIVITI HOLDINGS INC,1657197,7389
VRNA,VERONA PHARMA PLC,1657312,2834
XMTR,XOMETRY INC,1657573,5961
KRP,KIMBELL ROYALTY PARTNERS LP,1657788,1311
HTZ,HERTZ GLOBAL HOLDINGS INC,1657853,7510
CRNX,CRINETICS PHARMCTCL INC,1658247,2834
AMLX,AMYLYX PHARMACEUTICALS INC,1658551,2834
PR,PERMIAN RESOURCES CORP,1658566,1311
ROSEQ,ROSEHILL RESOURCES INC,1659122,1311
FTV,FORTIVE CORP,1659166,3829
ITRM,ITERUM THERAPEUTICS,1659323,2836
CDAKQ,CODIAK BIOSCIENCES IN,1659352,2836
COE,51TALK ONLINE EDU GROUP -ADR,1659494,8200
SILV,SILVERCREST METALS INC,1659520,1040
MBRX,MOLECULIN BIOTECH INC,1659617,2836
ENIC,ENEL CHILE SA,1659939,4911
IMRN,IMMURON LTD,1660046,2836
OKTA,OKTA INC,1660134,7370
TENB,TENABLE HOLDINGS INC,1660280,7370
VRCA,VERRICA PHARMACEUTICAL,1660334,2834
INNL,INNOCOLL HOLDINGS PLC,1660484,2836
VSM,VERSUM MATERIALS INC,1660690,2860
ARLZQ,ARALEZ PHARMACEUTICALS INC,1660719,2834
BIPC1,TRITON INTERNATIONAL LTD,1660734,7359
NVNO,ENVVENO MEDICAL CORPORATION,1661053,3841
NXTC,NEXTCURE INC,1661059,2836
YIN,YINTECH INVST HLDGS LTD -ADR,1661125,6200
ORGO,ORGANOGENESIS HOLDINGS INC,1661181,2836
GMKKY,GRUMA SAB DE CV,1661215,2040
MNTG,MTR GAMING GROUP INC,1661290,7990
PSTX,POSEIDA THERAPEUTICS,1661460,2836
LONE,LONESTAR RESOURCES US INC,1661920,1311
QTTB,Q32 BIO INC,1661998,2836
CYTT,CYTEIR THERAPEUTICS INC,1662244,2836
TIBR,TIBERIUS ACQU CORP,1662253,9995
AKCA,AKCEA THERAPEUTICS INC,1662524,2836
GROM,GROM SOCIAL ENTERPRISES INC,1662574,7812
CCCC,C4 THERAPEUTICS INC,1662579,2836
KULR,KULR TECHNOLOGY GROUP,1662684,3670
QNCX,QUINCE THERAPEUTICS INC,1662774,2836
SEZL,SEZZLE INC,1662991,7389
LOGC.2,LOGICBIO THERAPEUTICS INC,1664106,2834
BE,BLOOM ENERGY CORP,1664703,3621
KROS,KEROS THERAPEUTICS INC,1664710,2834
KNBE,KNOWBE4 INC,1664998,7370
PHUN,PHUNWARE INC,1665300,7370
EVOQ,EVOQ PROPERTIES INC,1665562,6510
CHUBK,COMMERCEHUB INC,1665658,7370
USFD,US FOODS HOLDING CORP,1665918,5140
BVS,BIOVENTUS INC,1665988,3845
CDLX,CARDLYTICS INC,1666071,7311
BL,BLACKLINE INC,1666134,7370
ATKR,ATKORE INC,1666138,3640
FTS,FORTIS INC,1666175,4911
CMTG,CLAROS MORTGAGE TRUST INC,1666291,6798
DD,DUPONT DE NEMOURS INC,1666700,2820
AIP,ARTERIS INC,1667011,7372
RNDB,RANDOLPH BANCORP INC,1667161,6036
VITRY,VITRO SAB DE CV,1667280,3220
ZDGE,ZEDGE INC,1667313,7372
CNTFY,CHINA TECHFAITH WIRELESS-ADR,1667415,3663
FTSV,FORTY SEVEN INC,1667633,2836
FSBC.2,FSB BANCORP INC,1667939,6036
WCFB,WCF BANCORP INC,1667944,6035
EDTXF,SPECTRAL MEDICAL INC,1667966,2835
DBGI,DIGITAL BRANDS GRP INC,1668010,5961
TLND,TALEND SA  -ADR,1668105,7370
URGN,UROGEN PHARMA LTD,1668243,2836
BCTF,BANCORP 34 INC,1668340,6035
TBLT,TOUGHBUILT INDUSTRIES INC,1668370,3420
MEDP,MEDPACE HOLDINGS INC,1668397,8731
PETQ,PETIQ INC,1668673,2834
BUD,ANHEUSER-BUSCH INBEV,1668717,2082
KNSL,KINSALE CAPITAL GROUP INC,1669162,6331
LEXEA,LIBERTY EXPEDIA HOLDINGS INC,1669600,4700
CWH,CAMPING WORLD HOLDINGS INC,1669779,5500
APFH,ADVANCEPIERRE FOODS HOLDINGS,1669792,2000
DFIN,DONNELLEY FINANCIAL SOLTNS,1669811,7370
LKSDQ,LSC COMMUNICATIONS INC,1669812,2750
ULCC,FRONTIER GRP HOLD INC,1670076,4512
USWS,US WELL SERVICES INC,1670349,1389
ADNT,ADIENT PLC,1670541,2531
YETI,YETI HOLDINGS INC,1670592,3949
CATM,CARDTRONICS PLC,1671013,7389
NEUE,NEUEHEALTH INC,1671284,6324
QNRX,QUOIN PHARMACEUTICALS LTD,1671502,2834
APVO,APTEVO THERAPEUTICS INC,1671584,2836
ONCR,ONCORUS INC,1671818,2836
SCAC,SABAN CAPITAL ACQUISITION CP,1671854,9995
SPRY,ARS PHARMACEUTICALS INC,1671858,2836
IMCR,IMMUNOCORE HOLDINGS PLC,1671927,2836
TTD,TRADE DESK INC,1671933,7370
GOLF,ACUSHNET HOLDINGS CORP,1672013,3949
YUMAQ,YUMA ENERGY INC,1672326,1311
ELVN,ENLIVEN THERAPEUTICS INC,1672619,2834
ABSI,ABSCI CORP,1672688,2836
CPHC,CANTERBURY PARK HOLDING CORP,1672909,7990
YUMC,YUM CHINA HOLDINGS INC,1673358,5812
SEGG,LOTTERY COM INC,1673481,7990
RAPT,RAPT THERAPEUTICS INC,1673772,2836
ASIX,ADVANSIX INC,1673985,2820
VRT,VERTIV HOLDINGS CO,1674101,3679
HGV,HILTON GRAND VACATIONS,1674168,6532
WORX,SCWORX CORP,1674227,7370
JELD,JELD-WEN HOLDING INC,1674335,2430
APTX,APTINYX INC,1674365,2836
CRSP,CRISPR THERAPEUTICS AG,1674416,2836
YYAI,AIRWA INC,1674440,3949
MTFB,MOTIF BIO PLC,1674657,2836
TPH.3,TRI POINTE HOMES INC  -OLD,1674745,1531
ASH,ASHLAND INC,1674862,2820
VVV,VALVOLINE INC,1674910,5500
FLGT,FULGENT GENETICS INC,1674930,8071
ZEAL,ZEALAND PHARMA AS,1674988,2836
GECC,GREAT ELM CAPITAL CORP,1675033,6797
AA,ALCOA CORP,1675149,3334
OTTW,OTTAWA BANCORP INC,1675192,6020
PIXY,SHIFTPIXY INC,1675634,7361
FVCB,FVCBANKCORP INC,1675644,6020
TIVO,TIVO CORP,1675820,7370
NTRB,NUTRIBAND INC,1676047,2834
BRZE,BRAZE INC,1676238,7370
CSTR,CAPSTAR FINANCIAL HLDGS INC,1676479,6020
CART.2,CAROLINA TRUST BANCSHARES,1676667,6020
IDYA,IDEAYA BIOSCIENCES INC,1676725,2836
ALZN,ALZAMEND NEURO INC,1677077,2836
QCP,QUALITY CARE PROPERTIES INC,1677203,6798
SSRX,3SBIO INC,1677235,2836
ZTO,ZTO EXPRESS CAYMAN INC,1677250,4513
IIPR,INNOVATIVE INDUSTRIAL PPTYS,1677576,6798
CNDT,CONDUENT INC,1677703,7374
PKY,PARKWAY INC,1677761,6798
BYSI,BEYONDSPRING INC,1677940,2836
NEWA,NEWATER TECHNOLOGY INC,1678022,3560
FRTA,FORTERRA INC,1678463,3272
EVHC,ENVISION HEALTHCARE CORP,1678531,8011
PRLD,PRELUDE THERAPEUTICS INC,1678660,2836
JPT,NUVEEN PREFERRED AND IN FUND,1679033,6726
INSW,INTERNATIONAL SEAWAYS INC,1679049,4412
CSSEQ,CHICKEN SOUP FOR SOUL ENTNT,1679063,7812
MYOV,MYOVANT SCIENCES LTD,1679082,2834
TUSK,MAMMOTH ENERGY SERVICES INC,1679268,1389
LW,LAMB WESTON HOLDINGS INC,1679273,2030
MORF,MORPHIC HOLDING INC,1679363,2836
JUNS,JUPITER NEUROSCIENCES INC,1679628,2834
DBRG,DIGITALBRIDGE GROUP INC,1679688,6282
COIN,COINBASE GLOBAL INC,1679788,6200
PING,PING IDENTITY HOLDING CORP,1679826,7370
MBIO,MUSTANG BIO INC,1680048,2836
ORLA,ORLA MINING LTD,1680056,1040
ACMR,ACM RESEARCH INC,1680062,3559
PUMP,PROPETRO HOLDING CORP,1680247,1389
STTK,SHATTUCK LABS INC,1680367,2836
SNES,SENESTECH INC,1680378,2870
SBT,STERLING BANCORP INC,1680379,6035
FULC,FULCRUM THERAPEUTICS INC,1680581,2836
APOP,CELLECT BIOTECHNOLOGY LTD,1680653,2836
HFFG,HF FOODS GROUP INC,1680873,5140
TECX,TECTONIC THERAPEUTIC INC,1681087,2836
NODK,NI HOLDINGS INC,1681206,6331
VVPR,VIVOPOWER INTERNATIONAL PLC,1681348,3621
FTI,TECHNIPFMC PLC,1681459,1389
VREX,VAREX IMAGING CORP,1681622,3844
NDRA,ENDRA LIFE SCIENCES INC,1681682,3845
BIVV,BIOVERATIV INC,1681689,2836
WRD.2,WILDHORSE RES DVLPT,1681714,1311
ICCH,ICC HOLDINGS INC,1681903,6331
IFMK,IFRESH INC,1681941,5411
DVLT,DATAVAULT AI INC,1682149,3674
SACH,SACHEM CAPITAL CORP,1682220,6798
MATH,METALPHA TECHNOLOGY HOLDING,1682241,6799
GTYH,GTY TECHNOLOGY HOLDINGS,1682325,7370
WBLT,WELBILT CORP,1682467,3580
HYPD,HYPERION DEFI INC,1682639,2836
VRRM,VERRA MOBILITY CORP,1682745,7374
MRNA,MODERNA INC,1682852,2836
ACB,AURORA CANNABIS INC,1683541,2834
SPRB,SPRUCE BIOSCIENCES INC,1683553,2836
CARS,CARS.COM INC,1683606,7370
IMXI,INTERNATIONAL MONEY EXPR INC,1683695,6099
TRVG,TRIVAGO NV,1683825,7370
ZOMDF,ZOMEDICA CORP,1684144,3845
PETZ,TDH HOLDINGS INC,1684425,6512
SLGL,SOL GEL TECHNOLOGIES LTD,1684693,2834
BHF,BRIGHTHOUSE FINANL INC,1685040,6311
DOVA,DOVA PHARMACEUTICAL INC,1685071,2834
OBSVF,OBSEVA SA,1685316,2836
LMDXF,LUMIRADX LTD,1685428,3845
JAG.1,JAGGED PEAK ENERGY INC,1685715,1311
MOTS,MOTUS GI HOLDINGS INC,1686850,3845
ASWRF,GUNGNIR RESOURCES INC,1686954,1000
FIV,FIRST TRUST SR FLTG RT 2022,1687081,6722
METC,RAMACO RESOURCES INC,1687187,1220
REVG,REV GROUP INC,1687221,3713
INVH,INVITATION HOMES INC,1687229,6798
RETO,RETO ECO SOLUTIONS INC,1687277,3560
ZKIN,ZK INTERNATIONAL GROUP,1687451,3312
FRGT,FREIGHT TECHNOLOGIES INC,1687542,4731
JILL,J JILL INC,1687932,5621
NEX,NEXTIER OILFIELD SOLUTNS INC,1688476,1389
DXC,DXC TECHNOLOGY CO,1688568,7370
ESTA,ESTABLISHMNT LBS HLDNG,1688757,3842
FBM,FOUNDATION BLDG MRL INC,1688941,5031
TRDA,ENTRADA THERAPUTIS INC,1689375,2836
KOMG,KOMAG INC,1689437,3695
PRAX,PRAXIS PRECIS MEDI INC,1689548,2836
CELL,PHENOMEX INC,1689657,2836
ARD,ARDAGH GROUP SA,1689662,3411
SSBK,SOUTHERN STATES BANCSHAR INC,1689731,6020
JBGS,JBG SMITH PPTYS,1689796,6798
BHVN.1,BIOHAVEN PHRMCUTCL HLD,1689813,2834
AYX,ALTERYX INC,1689923,7370
ETHZ,ETHZILLA CORP,1690080,2834
SMHI,SEACOR MARINE HLDGS INC,1690334,4412
GOOS,CANADA GOOSE HLDG,1690511,2300
DNTH,DIANTHUS THERAPEUTICS INC,1690585,2836
VBNK,VERSABANK,1690639,6020
NMRK,NEWMARK GROUP INC,1690680,6531
AMRQQ,ALTA MESA RESOURCES INC,1690769,1311
CVNA,CARVANA CO,1690820,5500
ASV,ASV HOLDINGS INC,1690881,3531
HEXO,HEXO CORP,1690947,2834
YAYO,EVMO INC,1691077,7370
FRSX,FORESIGHT AUTONOMOUS,1691221,3714
HCC,WARRIOR MET COAL INC,1691303,1220
PCSB,PCSB FINANCIAL CORP,1691337,6020
LMND,LEMONADE INC,1691421,6331
BGIO,BLACKROCK 2022 GLB IM OY TST,1691433,6722
FINV,FINVOLUTION GROUP,1691445,6141
NU,NU HOLDINGS LTD,1691493,6020
SNAX,STRYVE FOODS INC,1691936,2013
SNDR,SCHNEIDER NATIONAL INC,1692063,4210
SWX,SOUTHWEST GAS HOLDINGS INC,1692115,4923
VEL,VELOCITY FINANCIAL INC,1692376,6162
PLYA,PLAYA HOTELS & RESORTS N V,1692412,7011
CODX,CO-DIAGNOSTIC INC,1692415,2835
NCSM,NCS MULTISTAGE HLDG INC,1692427,3533
HTT,HIGH TEMPLAR TECH LTD,1692705,6141
KNTK,KINETIK HOLDINGS INC,1692787,4922
VST,VISTRA CORP,1692819,4911
STSA,SATSUMA PHARMACEUTICALS INC,1692830,2834
INZY,INOZYME PHARMA INC,1693011,2836
WTTR,SELECT WATER SOLUTIONS INC,1693256,1389
TBIO.2,TRANSLATE BIO INC,1693415,2836
MNSB,MAINSTREET BANCSHARES INC,1693577,6020
LBRT,LIBERTY ENERGY INC,1694028,1389
NTGN,NEON THERAPEUTICS INC,1694187,2836
DK,DELEK US HOLDINGS INC,1694426,2911
ROYL,ROYALE ENERGY INC,1694617,1311
EVLO,EVELO BIOSCIENCES INC,1694665,2836
HYFM,HYDROFARM HLDNG GP INC,1695295,3524
PRVB,PROVENTION BIO INC,1695357,2836
BEDU,BRIGHT SCHOLAR EDUCATION,1696355,8200
MITO,STEALTH BIOTHERA -ADR,1696396,2836
JRSH,JERASH HOLDINGS (US),1696558,2300
XTLB,XTL BIOPHARMACEUTICALS,1696804,2836
OPB,OPUS BANK,1697463,6020
SEI,SOLARIS ENRGY INFRASTRUCTURE,1697500,3533
APLT,APPLIED THERAPEUTICS INC,1697532,2836
XYNO,XYNOMIC PHARMACEU HLDNGS INC,1697805,2834
AMBR,AMBER INTERNATIONAL HOLDING,1697818,7370
REKR,REKOR SYSTEMS INC,1697851,7370
ARGX,ARGENX SE,1697862,2836
IDICQ,PARTS ID INC,1698113,5961
VEAC,VANTAGE ENERGY ACQ CORP,1698209,9995
BSMX,BANCO SANTANDER MEXICO -ADR,1698287,6020
NESR,NATIONAL ENERGY SERVICES REU,1698514,1389
XCUR,EXICURE INC,1698530,2836
NXE,NEXGEN ENERGY LTD,1698535,1090
MGY,MAGNOLIA OIL & GAS CORP,1698990,1311
ACEL,ACCEL ENTERTAINMENT INC,1698991,7990
EFBI,EAGLE FINANCIAL BANCORP,1699018,6036
GRAL,GRAIL INC,1699031,2835
RNGR,RANGER ENERGY SERVICES,1699039,1389
WHD,CACTUS INC,1699136,3533
IR,INGERSOLL RAND INC,1699150,3560
PMVP,PMV PHARMACEUTICALS INC,1699382,2836
LFIN,LONGFIN CORP,1699683,6159
CFLT,CONFLUENT INC,1699838,7372
AMLIF,AMERICAN LITHIUM CORP,1699880,1000
CISN,CISION LTD,1701040,7370
WOW,WIDEOPENWEST INC,1701051,4813
SPRO,SPERO THERAPEUTICS INC,1701108,2836
APRN,BLUE APRON HOLDNG INC,1701114,5961
EFL,EATON VANCE FLTNG RATE 2022,1701167,6726
FAMI,FARMMI INC,1701261,5140
AZTR,AZITRA INC,1701478,2836
BDTX,BLACK DIAMOND THERAPEUTICS,1701541,2836
BKR,BAKER HUGHES CO,1701605,1389
ALTR,ALTAIR ENGINEERING INC,1701732,7372
SDOT,SADOT GROUP INC,1701756,100
LOVE,LOVESAC CO (THE),1701758,2510
CBH,VIRTUS CONV & INCM 2024 TARG,1701809,6722
VS,VERSUS SYSTEMS INC,1701963,7372
CRDL,CARDIOL THERAPEUTICS INC,1702123,2836
SMPL,SIMPLY GOOD FOODS COMPANY,1702744,2060
BY,BYLINE BANCORP INC,1702750,6020
OPTU,OPTIMUM COMMUNICATIONS INC,1702780,4841
WRAP,WRAP TECHNOLOGIES,1702924,3690
NRCG,NRC GROUP HOLDINGS CORP,1703038,4955
ADT,ADT INC,1703056,7380
ABCL,ABCELLERA BIOLOGICS INC,1703057,2836
XFLT,XAI OCTAGON FLT RT & ALT INC,1703079,6726
DESP,DESPEGAR COM CORP,1703141,4700
SE,SEA LIMITED,1703399,5961
YOGAQ,YOGAWORKS INC,1703497,7990
GPMT,GRANITE POINT MORTGE TRS INC,1703644,6798
KRRO,KORRO BIO INC,1703647,2836
BBCP,CONCRETE PUMPING HOLDINGS,1703956,1700
QES,QUINTANA ENERGY SVC INC,1704235,1389
BJDX,BLUEJAY DIAGNOSTICS INC,1704287,3841
ZLAB,ZAI LAB LTD,1704292,2836
EVOP,EVO PAYMENTS INC,1704596,7374
FNKO,FUNKO INC,1704711,3942
AMR,ALPHA METALLURGICAL RESOURCE,1704715,1220
CNNE,CANNAE HOLDINGS INC,1704720,5812
AVCTQ,AMERICAN VIRTUAL CL TECH INC,1704760,7370
FAT,FAT BRANDS INC,1705012,5812
ANGI,ANGI INC,1705110,7370
SMTSF,SIERRA METALS INC,1705259,1000
LOVLQ,SPARK NETWORKS SE,1705338,7370
AGMH,AGM GROUP HLD INC,1705402,3577
VNTRF,VENATOR MATERIALS PLC,1705682,2810
VICI,VICI PROPERTIES INC,1705696,6798
CBUS,CIBUS INC,1705843,2836
BRY,BERRY CORP,1705873,1311
PORT.2,NORTH HILLS SIGNAL PROCESSNG,1706089,3661
VIR,VIR BIOTECHNOLOGY INC,1706431,2836
UGRO,URBAN-GRO INC,1706524,3523
SPCE,VIRGIN GALACTIC HOLDINGS INC,1706946,4700
DLPH,DELPHI TECHNOLOGIES PLC,1707092,3714
CPLG,COREPOINT LODGING INC,1707178,6798
NMCI,NAVIOS MARITIME CONTAINERS,1707210,4412
DOGZ,DOGNESS (INTL) CORP,1707303,3990
SLDB,SOLID BIOSCIENCES INC,1707502,2836
ESTC,ELASTIC NV,1707753,7372
REBN,REBORN COFFEE INC,1707910,5812
CENN,CENNTRO INC,1707919,3711
LIN,LINDE PLC,1707925,2810
ECVT,ECOVYST INC,1708035,2810
RBBN,RIBBON COMMUNICATIONS INC,1708055,7373
HOFV,HALL OF FAME RESORT & ENT CO,1708176,7900
LX,LEXINFINTECH HOLDINGS LTD,1708259,6141
BPMP,BP MIDSTREAM PARTNERS,1708301,4610
VRPX,VIRPAX PHARMACEUTICALS INC,1708331,2834
AGAE,ALLIED GAMING & ENTERTAI INC,1708341,7900
TRMT,TREMONT MORTGAGE TRUST,1708405,6798
WINR,SIMPLICITY ESPRTS AND GAM,1708410,7900
MYND,MYND AI INC,1708441,8200
HARP,HARPOON THERAPEUTICS,1708493,2836
ELUT,ELUTIA INC,1708527,2836
SER,SERINA THERAPEUTICS INC,1708599,2836
IFRX,INFLARX NV,1708688,2836
GFS,GLOBALFOUNDRIES INC,1709048,3674
HBB,HAMILTON BEACH BND HDNG,1709164,3630
RUBY,RUBIUS THERAPEUTICS INC,1709401,2836
FSUN,FIRSTSUN CAP BANCORP,1709442,6021
BEST,BEST INC,1709505,4213
NCNA,NUCANA PLC -ADS,1709626,2836
CTOS,CUSTOM TRUCK ONE SOURCE INC,1709682,7359
STNL,SENTINEL ENERGY SERV,1709768,9995
FEDU,FOUR SEASONS EDUCATION (CAYM,1709819,8200
BIOA,BIOAGE LABS INC,1709941,2834
EWTX,EDGEWISE THERA INC,1710072,2834
EYE,NATIONAL VISION HOLDINGS INC,1710155,5990
ETON,ETON PHARMACEUTICALS,1710340,2834
BTBT,BIT DIGITAL INC,1710350,7370
CNR,CORE NATURAL RESOURCES INC,1710366,1220
JMSB,JOHN MARSHALL BANCORP INC,1710482,6020
SWCH,SWITCH INC,1710583,7370
AIHS,SENMIAO TECHNOLOGY LTD,1711012,6159
EVRG,EVERGY INC,1711269,4931
KRYS,KRYSTAL BIOTECH INC,1711279,2836
CUROQ,CURO GROUP HLDGS CORP,1711291,6141
LOMA,LOMA NEGRA C.I.A.S.A.,1711375,3241
UROY,URANIUM ROYALTY CORP,1711570,1090
NITE.1,NIGHTSTAR THRPUTC -ADS,1711675,2836
INMB,INMUNE BIO INC,1711754,2836
HOTH,HOTH THERAPEUTICS INC,1711786,2836
AKYA,AKOYA BIOSNCS INC,1711933,3826
NAAS,NAAS TECHNOLOGY INC,1712178,5500
LILAK,LIBERTY LATIN AMERICA LTD,1712184,4813
TH,TARGET HOSPITALITY CORP,1712189,6510
PACK,RANPAK HOLDINGS CORP,1712463,2670
BIAF,BIOAFFINITY TECHNOLOGIES INC,1712762,2835
FWPAY,FORWARD PHARMA AS,1712786,2836
PAGS,PAGSEGURO DIGITAL LTD,1712807,7374
GSKY,GREENSKY INC,1712923,7370
ATPC,AGAPE ATP CORP,1713210,5122
MSC,STUDIO CTY INT HDGS LTD-ADR,1713334,7990
KL,KIRKLAND LAKE GOLD LTD,1713443,1040
RDDT,REDDIT INC,1713445,7370
KXIN,KAIXIN HOLDINGS,1713539,5500
ZS,ZSCALER INC,1713683,7370
SKE,SKEENA RESOURCES LTD,1713748,1040
HYREQ,HYRECAR INC,1713832,7370
RFL,RAFAEL HOLDINGS INC,1713863,2836
AIJTY,JIANPU TECH -ADR,1713923,7370
NEXA,NEXA RESOURCES SA,1713930,1000
SOGO,SOGOU INC,1713947,7370
VVNT,VIVINT SMART HOME INC,1713952,7380
BUR,BURFORD CAPITAL LIMITED,1714174,6159
HUD,HUDSON LTD,1714368,5990
GAME,GAMESQUARE HOLDINGS INC,1714562,7370
PRVL,PREVAIL THERAPEUTICS INC,1714798,2836
DNLI,DENALI THERAPEUTCS INC,1714899,2836
BORR,BORR DRILLING LTD,1715497,1381
TGAN,TRANSPHORM INC,1715768,3674
BKRIY,BANK OF IRELAND GROUP PLC,1715773,6020
HYFT,MINDWALK HOLDINGS CORP,1715925,2836
3LUCO,LUCOR INC  -CL A,1716128,7500
VVOS,VIVOS THERAPEUTICS INC,1716166,3841
PT,PINTEC TCHN HLDN -ADR,1716338,7370
HYZN,HYZON MOTORS INC,1716583,3713
VTAK,CATHETER PRECISION INC,1716621,3845
FCBP,FIRST CHOICE BANCORP,1716697,6020
RTME,RTCORE INC,1716726,7370
WAFU,WAH FU EDUCATION GROUP LTD,1716770,8200
ENSC,ENSYSCE BIOSCIENCES INC,1716947,2836
TEM,TEMPUS AI INC,1717115,8071
CEPU,CENTRAL PUERTO SA,1717161,4931
ILPT,INDSTRL LGST PRPT TRST,1717307,6798
CAAP,CORPORACION AMERICA AIRPORTS,1717393,4581
ODTC,ODONATE INC,1717452,9995
BRSP,BRIGHTSPIRE CAPITAL INC,1717547,6798
BBIG,VINCO VENTURES INC,1717556,7370
BASFY,BASF SE,1717557,2800
RWGE,REGALWOOD GLBL ENRGY,1717961,9995
SURF,SURFACE ONCOLOGY INC,1718108,2836
BTBD,BT BRANDS INC,1718224,5812
ROAD,CONSTRUCTION PRTNR INC,1718227,1600
HYMC,HYCROFT MINING HOLDING CORP,1718405,1040
AXIL,AXIL BRANDS INC,1718500,3651
GTES,GATES INDUSTRIAL CORP PLC,1718512,3560
RXDX,PROMETHEUS BIOSCNC INC,1718852,2836
RLM,REALM THERAPEUTICS PLC,1718903,2836
IDAI,T STAMP INC,1718939,7372
EAR,EARGO INC,1719395,3842
NRXP,NRX PHARMACEUTICALS INC,1719406,2834
KLR,KALEYRA INC,1719489,7370
MREO,MEREO BIOPHARMA GROUP PLC,1719714,2836
MTEC,MTECH ACQUISITION CORP,1719893,9995
ALGR,ALLEGRO MERGER CORP,1720025,9995
RDVT,RED VIOLET INC,1720116,7370
CTRM,CASTOR MARITIME INC,1720161,4412
IPIC,IPIC ENTERTAINMENT INC,1720201,7830
NEBU,NEBULA ACQUISITON CORP,1720353,9995
IBEX,IBEX LTD,1720420,7370
HIVE,HIVE DIGITAL TECHNOLOGIE LTD,1720424,7370
ZEPP,ZEPP HEALTH CORP,1720446,3679
ACET,ADICET BIO INC,1720580,2836
RPAY,REPAY HOLDINGS CORP,1720592,7389
NVT,NVENT ELECTRIC PLC,1720635,3440
HCP,HASHICORP INC,1720671,7370
OYST,OYSTER POINT PHARM INC,1720725,2836
PAE,PAE INC,1720821,8700
BTAI,BIOXCEL THERAPEUTICS INC,1720893,2836
FSRNQ,FISKER INC,1720990,3711
HHR,HEADHUNTER GROUP PLC -ADR,1721181,7370
LSEA,LANDSEA HOMES CORP,1721386,1520
LGVN,LONGEVERON INC,1721484,2836
GORV,LAZYDAYS HOLDINGS INC,1721741,5500
JAMF,JAMF HOLDING CORP,1721947,7370
OPBK,OP BANCORP,1722010,6020
AKUS,AKOUOS INC,1722271,2836
AIU,META DATA LIMITED,1722380,8200
DOMA,DOMA HOLDINGS INC,1722438,6361
AVTR,AVANTOR INC,1722482,3826
MTA,METALLA RYLTY STRMNG LTD,1722606,1000
IQ,IQIYI INC,1722608,7370
WH,WYNDHAM HOTELS & RESRTS,1722684,7011
TLC,TAIWAN LIPOSOME CO LTD,1722890,2836
ASLN,ASLAN PHARMACEUTIC,1722926,2836
YMAB,Y MABS THERAPEUTICS INC,1722964,2836
SMTA,SPIRIT MTA REIT,1722992,6798
TLSA,TIZIANA LIFE SCIENCES LTD,1723069,2836
CHX,CHAMPIONX CORP,1723089,3533
AMRX,AMNEAL PHARMACEUTICALS INC,1723128,2834
BHST,BIOHARVEST SCIENCES INC,1723464,2834
BFICQ,BURGERFI INTERNATIONAL INC,1723580,5812
CLBK,COLUMBIA FINANCIAL INC,1723596,6035
LVOX,LIVEVOX HOLDING INC,1723648,7370
BILI,BILIBILI INC,1723690,7370
SIC,SELECT INTERIOR CONCEPTS INC,1723866,7389
STG,SUNLANDS TECHNOLOGY GROUP,1723935,8200
SXTC,CHINA SXT PHARMACEUTICALS,1723980,2834
PRT,PERMROCK ROYALTY TRUST,1724009,1311
ETTX,ENTASIS THRPTCS HLDNG,1724344,2836
RCUS,ARCUS BIOSCIENCES INC,1724521,2836
CLPS,CLPS INC,1724542,7370
MSP,DATTO HOLDING CORP,1724570,7370
PRSP,PERSPECTA INC,1724670,7370
GHG,GREENTREE HOSPITALITY GROUP,1724755,7011
TALO,TALOS ENERGY INC,1724965,1311
RAIN.3,RAIN ONCOLOGY INC,1724979,2834
XYF,X FINANCIAL -ADR,1725033,7370
CANG,CANGO INC,1725123,7370
DMSLQ,DIGITAL MEDIA SOLUTIONS INC,1725134,7310
ZNTL,ZENTALIS PHARMACEUTICALS INC,1725160,2836
AHCO,ADAPTHEALTH CORP,1725255,5047
GRIN.2,GRINDROD SHIPPING,1725293,4412
ALAR,ALARUM TECHNOLOGIES LTD,1725332,7372
INBS,INTELLIGENT BIO SOLUTION INC,1725430,3845
HPR,HIGHPOINT RESOURCES CORP,1725526,1311
PS,PLURALSIGHT INC,1725579,7370
BMTX,BM TECHNOLOGIES INC,1725872,7370
NTR,NUTRIEN LTD,1725964,2870
PSTNY,POSTNL NV,1725969,4210
EPSN,EPSILON ENERGY LTD,1726126,1311
BH,BIGLARI HOLDINGS INC,1726173,5812
NEWYY,PUXIN LTD -ADS,1726189,8200
PACQ,PURE ACQUISITION CORP,1726293,9995
SEER,SEER INC,1726445,8731
SGLDF,SABRE GOLD MINES CORP,1726685,1040
ADTX,ADITXT INC,1726711,2834
GSHD,GOOSEHEAD INSURANCE,1726978,6411
SRRK,SCHOLAR ROCK HOLDNG CRP,1727196,2836
FTDR,FRONTDOOR INC,1727263,7600
CFFA,CF FINANCE ACQ,1728041,9995
GOSS,GOSSAMER BIO INC,1728117,2836
HUYA,HUYA INC,1728190,7370
PLL,PIEDMONT LITHIUM INC,1728205,1400
INM,INMED PHARMACEUTICALS INC,1728328,2834
IIIV,I3 VERTICALS INC,1728688,7374
AIBGY,AIB GROUP PLC,1728918,6020
EPRT,ESSENTIAL PPT RLTY TST,1728951,6798
PHCFF,PUHUI WLTH INV MNGT CO,1729089,6282
VMD,VIEMED HEALTHCARE,1729149,8090
UXIN,UXIN LIMITED,1729173,7370
XRTX,XORTX THERAPEUTICS INC,1729214,2834
BFAGY,BIOFRONTERA AG,1729244,2834
CNSP,CNS PHARMACEUTICALS INC,1729427,2834
KBNT,KUBIENT INC,1729750,7370
FTAC,FINTECH ACQ CORP III,1729756,9995
BACK,IMAC HOLDINGS INC,1729944,2836
AVGO,BROADCOM INC,1730168,3674
CHRA,CHARAH SOLUTIONS,1730346,4950
KNSA,KINIKSA PHRMCTICALS INTL PLC,1730430,2836
AUTL,AUTOLUS THERAPEUTICS -ADR,1730463,2836
BSFC,BLUE STAR FOODS CORP,1730773,2090
BCML,BAYCOM CORP,1730984,6020
TOTA,TOTTENHAM ACQUSITN LTD,1731176,9995
NKLAQ,NIKOLA CORP,1731289,3711
TLRY,TILRAY BRANDS INC,1731348,2834
EDRY,EURODRY LTD,1731388,4412
LMPX,LMP AUTOMOTIVE HOLDINGS INC,1731727,5500
EIDX.,EIDOS THERAPEUTICS INC,1731831,2836
WRK,WESTROCK CO,1732845,2650
VNE,VEONEER INC,1733186,3714
FNCH,FINCH THERA GRP INC,1733257,2836
GBIO,GENERATION BIO CO,1733294,2836
QTTOY,QUTOUTIAO INC -ADR,1733298,7370
TFFP,TFF PHARMACEUTICALS INC,1733413,2834
CNF,CNFINANCE HLDGS LTD -ADR,1733868,6162
NWN,NORTHWEST NATURAL HLDNG CO,1733998,4924
APM,APTORUM GROUP LIMITED,1734005,2836
SOHU,SOHU COM LIMITED,1734107,7372
CTKYY,COOTEK (CAYMAN) INC,1734262,7372
AMTB,AMERANT BANCORP INC,1734342,6020
VIE,VIELA BIO INC,1734517,2836
ALYAF,ALITHYA GROUP INC,1734520,7370
BV,BRIGHTVIEW HOLDINGS,1734713,700
PATH,UIPATH INC,1734722,7372
MOVE,MOVANO INC,1734750,3845
IMVIF,IMV INC,1734768,2836
MSVB,MID-SOUTHERN BANCORP INC,1734875,6035
WEIDY,WEIDAI LTD -ADR,1734902,7370
GTEC,GREENLAND TECH HOLDING CORP,1735041,3569
RVIC,RETAIL VALUE INC,1735184,6798
BTOG,BIT ORIGIN LIMITED,1735556,7370
GTX,GARRETT MOTION INC,1735707,3714
APR,APRIA INC,1735803,8082
LGCYQ,LEGACY RESERVES INC,1735828,1311
FPAC.1,FAR POINT ACQ CORP,1735858,9995
GBNHF,GREENBROOK TMS INC,1735948,8093
BXSL,BLACKSTONE SECURED LENDING F,1736035,6797
ACXP,ACURX PHARMA INC,1736243,2836
ALAB,ASTERA LABS INC,1736297,3674
NIO,NIO INC,1736541,3711
CAMP,CAMP4 THERAPEUTICS CORP,1736730,2836
HCCH,HL ACQUISITION CORP,1736874,9995
ARLO,ARLO TECHNOLOGIES INC,1736946,3669
ALLO,ALLOGENE THERAPEUTICS,1737287,2836
JG,AURORA MOBILE -ADR,1737339,7370
NFH,NEW FRONTIER HEALTH CORP,1737422,8062
OPRA,OPERA LIMITED,1737450,7370
BGLC,BIONEXUS GENE LAB CORP,1737523,5160
SDRL,SEADRILL LTD,1737706,1381
PDD,PDD HOLDINGS INC,1737806,5960
NCDL,NUVEEN CHURCHILL DI LEN CORP,1737924,6797
CGC,CANOPY GROWTH CORP,1737927,2833
REPL,REPLIMUNE GROUP INC,1737953,2836
STSS,SHARPS TECHNOLOGY INC,1737995,3841
CMPX,COMPASS THERAPEUTICS INC,1738021,2836
CMBM,CAMBIUM NETWORKS CORP,1738177,3663
WKEY,WISEKEY INTERNATIONAL HOLD,1738699,3674
CHR,CHEER HOLDING INC,1738758,7822
KLXE,KLX ENERGY SERVS HLDNG,1738827,1389
YI,111 INC,1738906,5961
ELAN,ELANCO ANIMAL HLTH INC,1739104,2834
PHGE,BIOMX INC,1739174,2836
RLYB,RALLYBIO CORP,1739410,2836
RVLPQ,RVL PHARMACEUTICALS PLC,1739426,2834
ACA,ARCOSA INC,1739445,3440
UTZ,UTZ BRANDS INC,1739566,2090
INBX.1,INHIBRX INC,1739614,2836
MNTV,MOMENTIVE GLOBAL INC,1739936,7370
CI,CIGNA GROUP (THE),1739940,6324
SWI,SOLARWINDS CORP,1739942,7370
INAB,IN8BIO INC,1740279,2836
REZI,RESIDEO TECHNOLOGIES,1740332,5065
UROV,UROVANT SCIENCES LTD,1740547,2836
ARCE,ARCO PLATFORM LTD,1740594,8200
FTCHQ,FARFETCH LIMITED,1740915,7370
TTCFQ,TATTOOED CHEF INC,1741231,2090
QFIN,QFIN HOLDINGS INC,1741530,6141
UOKA,MDJM LTD,1741534,6531
KRON,KRONOS BIO INC,1741830,2836
LAIXY,LAIX INC - ADR,1742056,8200
CBMB,CBM BANCORP INC,1742089,6035
HKIT,HITEK GLOBAL INC,1742341,7370
MTC,MMTEC INC,1742518,6211
INMD,INMODE LTD,1742692,3845
VIOT,VIOMI TECHNOLOGY -ADR,1742770,3630
RVPH,REVIVA PHARMACEUTICALS HOLD,1742927,2834
JFIN,JIAYIN GROUP INC -ADR,1743102,6159
TC,TOKEN CAT LTD -ADR,1743340,7389
PYRGF,PYROGENESIS INC,1743344,3567
GDYN,GRID DYNAMICS HOLDGS INC,1743725,7370
GNLN,GREENLANE HOLDINGS INC,1743745,5099
CRSR,CORSAIR GAMING INC,1743759,3570
LOAC,LONGEVITY ACQUISITION,1743858,9995
BBIO,BRIDGEBIO PHARMA INC,1743881,2836
FLFG,FEDERAL LIFE GROUP IN,1743886,6311
RVSN,RAIL VISION LTD,1743905,3669
SNCY,SUN CONTY AIR HLD INC,1743907,4512
MOGU,MOGU INC -ADR,1743971,5961
DIS,DISNEY (WALT) CO,1744489,4888
ADNH,ADVENT TECHNOLOGIES HOLD INC,1744494,3690
AKRO,AKERO THERAPEUTICS INC,1744659,2836
TME,TENCENT MUSIC ENTERTAINMENT,1744676,7370
NIU,NIU TECHNOLOGIES,1744781,3751
SG.4,SIRIUS INTL INSURANCE LTD,1744894,6331
CCC.4,CHURCHILL CAPITAL CORP,1744895,9995
THRX,THESEUS PHARMACEUTICALS INC,1745020,2834
IAA,IAA INC,1745041,5500
MOLN,MOLECULAR PARTNERS AG,1745114,2836
VIK,VIKING HOLDINGS LTD,1745201,4400
VLDR,VELODYNE LIDAR INC,1745317,3812
STNE,STONECO LTD,1745431,6099
MNRL,BRIGHAM MINERALS INC,1745797,1311
PFSI,PENNYMAC FINANCIAL SERVICES,1745916,6162
BEAM,BEAM THERAPEUTICS INC,1745999,2836
ARYA.1,ARYA SCIENCES ACQ CORP,1746037,9995
BFC,BANK FIRST CORP,1746109,6020
BSVN,BANK7 CORP,1746129,6020
EQ,EQUILLIUM INC,1746466,2836
EDTX.1,EDTECHX HOLDINGS ACQU,1746468,9995
PLRX,PLIANT THERAPEUTICS INC,1746473,2834
RVLV,REVOLVE GROUP INC,1746618,5961
RMI,RIVERNORTH OPPO MUN FD,1746967,6726
ETRN,EQUITRANS MID CORP,1747009,4922
MCBS,METROCITY BANKSHARES INC,1747068,6020
BALY,BALLYS CORP,1747079,7990
KBDC,KAYNE ANDERSON BDC INC,1747172,6797
ZNB,ZETA NETWORK GROUP,1747661,7370
XM,QUALTRICS INTERNATIONAL INC,1747748,7370
NEOV,NEOVOLTA INC,1748137,3690
DDMX.2,DD3 ACQUISITION CORP,1748252,9995
ALAC,ALBERTON ACQUISITION,1748621,9995
KPFSY,PEPPER FOOD SERVICE CO LTD,1748679,5812
RTLR,RATTLER MDSTRM PRTNRS LP,1748773,4922
AMCR,AMCOR PLC,1748790,2670
DOO,BRP INC,1748797,3790
AAMI,ACADIAN ASSET MANAGEMENT INC,1748824,6282
ORTX,ORCHARD THERAPEUTICS PLC,1748907,2836
AGTI,AGILITI INC,1749704,7350
NFE,NEW FORTRESS ENERGY INC,1749723,4924
CIH,CHINA INDEX HLD LTD -ADR,1749797,7370
TCRR,TCR2 THERAPEUTICS INC,1750019,2836
AEI,ALSET INC,1750106,6552
IKT,INHIBIKASE THERAPE INC,1750149,2836
GOEVQ,CANOO INC,1750153,3711
MAAS,MAASE INC,1750264,6411
OLMA,OLEMA PHARMACEUTICALS INC,1750284,2836
DUO,FANGDD NETWORK GROUP LTD,1750593,7370
MRBK,MERIDIAN CORP,1750735,6020
APP,APPLOVIN CORP,1751008,7372
ITMR,ITAMAR MEDICAL LTD,1751017,3845
ATCX.1,ATLAS TECHNICAL CONSULTANTS,1751143,8700
KLDO,KALEIDO BIOSCIENCES INC,1751299,2836
RBKB,RHINEBECK BANCORP INC,1751783,6036
DOW,DOW INC,1751788,2821
PAVS,PARANOVUS ENTERTAINMENT TECH,1751876,7310
CALB,CALIFORNIA BANCORP,1752036,6020
PPHI,POSITIVE PHYSICIANS HLDGS,1752039,6331
RBZHF,REEBONZ HOLDING LTD,1752108,5961
CELU,CELULARITY INC,1752828,2836
CVET,COVETRUS INC,1752836,5912
FTHM,FATHOM HOLDINGS INC,1753162,6531
RUHN,RUHNN HOLDING LTD -ADR,1753268,5961
SANG,SANGOMA TECHNOLOGIES CORP,1753368,3663
BKSY,BLACKSKY TECHNOLOGY INC,1753539,7370
JFK,8I ENTPRIS ACQ CORP,1753648,9995
SJ,SCIENJOY HOLDING CORP,1753673,7370
FREE,WHOLE EARTH BRANDS INC,1753706,2090
STON,STONEMOR INC,1753886,6531
KLRS,KALARIS THERAPEUTICS INC,1754068,2836
ASLE,AERSALE CORP,1754170,5080
OBT,ORANGE COUNTY BANCORP INC,1754226,6020
FOXA,FOX CORP,1754301,4833
XTKG,X3 HOLDINGS CO LTD,1754323,7372
FUTU,FUTU HOLDINGS LIMITED,1754581,6211
DM,DESKTOP METAL INC,1754820,3555
SAMA.1,SCHULTZE SPECIAL PURP,1754824,9995
ZBAI,ATIF HOLDINGS LTD,1755058,8742
CYCN,CYCLERION THERAPEUTICS,1755237,2836
CTVA,CORTEVA INC,1755672,100
ABTC,AMERICAN BITCOIN CORP,1755953,7370
NCRA,NOCERA INC,1756180,1600
TMDX,TRANSMEDICS GROUP INC,1756262,3845
CHNG,CHANGE HEALTHCARE INC,1756497,7372
IVA,INVENTIVA SA,1756594,2836
EQX,EQUINOX GOLD CORP,1756607,1040
ARDT,ARDENT HEALTH INC,1756655,8062
TIGR,UP FINTECH HOLDING LTD,1756699,6211
LNKB,LINKBANCORP INC,1756701,6020
JMIA,JUMIA TECHNOLOGIES AG,1756708,5961
GNFTY,GENFIT SA,1757064,2836
NVST,ENVISTA HOLDINGS CORP,1757073,3843
CNTGF,CENTOGENE NV,1757097,8071
PAIYY,AESTHETIC MEDICAL INTERNATIO,1757143,8090
TUFN,TUFIN SOFTWARE TECHNOLOGIES,1757399,7372
SHPH,SHUTTLE PHARMACEUTICAL H INC,1757499,2834
ATER,ATERIAN INC,1757715,3634
INDO,INDONESIA ENERGY CORP LTD,1757840,1311
STE,STERIS PLC,1757898,3841
RMO,ROMEO POWER INC,1757932,3690
QUBT,QUANTUM COMPUTING INC,1758009,3570
KRT,KARAT PACKAGING INC,1758021,5110
LAZRQ,LUMINAR TECHNOLOGIES INC,1758057,3714
OSW,ONESPAWORLD HOLDINGS LTD,1758488,7200
SY,SO YOUNG INTERNATIONAL INC,1758530,7370
TW,TRADEWEB MARKETS INC,1758730,7370
MKDTY,MOLECULAR DATA INC -ADS,1758736,5961
STEM,STEM INC,1758766,7389
LOTZ,CARLOTZ INC,1759008,5500
BHAT,BLUE HAT INTERACTIVE ENTERTA,1759136,7372
CABA,CABALETTA BIO INC,1759138,2836
COEP,COEPTIS THERAPEUTIC HOLD INC,1759186,2836
MIRM,MIRUM PHARMACEUTICALS INC,1759425,2836
LYFT,LYFT INC,1759509,4100
NRDE,NU RIDE INC,1759546,3711
YJ,YUNJI INC -ADR,1759614,5961
HYLN,HYLIION HOLDINGS CORP,1759631,3711
PRVA,PRIVIA HEALTH GROUP INC,1759655,8011
PSTL,POSTAL REALTY TRUST INC,1759774,6798
EH,EHANG HOLDINGS LIMITED,1759783,3721
ALTG,ALTA EQUIPMENT GROUP INC,1759824,5080
SRGAQ,SURGALIGN HOLDINGS INC,1760173,3842
GIFT,GIFTIFY INC,1760233,7370
HOOK,HOOKIPA PHARMA INC,1760542,2836
MVST,MICROVAST HOLDINGS INC,1760689,3690
SCPL,SCIPLAY CORP,1760717,7372
GMVDF,G MEDICAL INNOVATIONS HLDGS,1760764,8071
NBTX,NANOBIOTIX SA,1760854,2836
BNKK,BONK INC,1760903,2844
KTB,KONTOOR BRANDS INC,1760965,2300
PLMR,PALOMAR HOLDINGS INC,1761312,6331
BCYC,BICYCLE THERAPEUTICS PLC,1761612,2836
CRKN,CROWN ELECTROKINETICS CORP,1761696,1623
ERAS,ERASCA INC,1761918,2836
DSSI,DIAMOND S SHIPPING INC,1761940,4412
KAVL,KAIVAL BRANDS INNV GROUP INC,1762239,5190
FVRR,FIVERR INTERNATIONAL LTD,1762301,7363
RCEL,AVITA MEDICAL INC,1762303,2836
SFTGQ,SHIFT TECHNOLOGIES INC,1762322,5961
DOYU,DOUYU INTERNATIONAL HOLDINGS,1762417,7370
ANCN,ANCHIANO THERAPEUTICS LTD,1762418,2836
ATC,ATOTECH LIMITED,1762459,2890
VIST,VISTA ENERGY SAB DE CV,1762506,1311
MOHOY,ECMOHO LTD -ADS,1763197,5961
RPLA,REPLAY ACQUISITION CORP,1763731,9995
LTRN,LANTERN PHARMA INC,1763950,2836
IMVT,IMMUNOVANT INC,1764013,2836
CLVT,CLARIVATE PLC,1764046,7370
SCPE,SC HEALTH CORP,1764301,9995
PAAC,PROFICIENT ALPHA ACQ CORP,1764711,9995
DIDIY,DIDI GLOBAL INC,1764757,4100
ORPHY,STRATEGIC PARTNERS A/S,1764791,2836
WORK,SLACK TECHNOLOGIES INC,1764925,7370
TSBX,TURNSTONE BIOLOGICS CORP,1764974,2836
NVEI,NUVEI CORP,1765159,7389
AURE,AURELION INC,1765850,6282
UNCY,UNICYCIVE THERAPEUTICS INC,1766140,2836
EDR,ENDEAVOR GROUP HOLDINGS,1766363,7900
MEC,MAYVILLE ENGNERING CMPNY INC,1766368,3460
PNTG,PENNANT GROUP INC (THE),1766400,8050
AOMR,ANGEL OAK MORTGAGE REIT INC,1766478,6798
CHWY,CHEWY INC,1766502,5961
SNDL,SNDL INC,1766600,2834
KGS,KODIAK GAS SERVICES INC,1767042,1389
MMDM,MODERN MEDIA ACQ CORP,1767043,9995
XPEL,XPEL INC,1767258,3714
LKNCY,LUCKIN COFFEE INC,1767582,5961
RMBI,RICHMOND MUTUAL BANCO INC,1767837,6020
GNOG,GOLDEN NUGGET ONLINE GAMING,1768012,7990
ARCT,ARCTURUS THERAPETCS HOLD INC,1768224,2836
GOTU,GAOTU TECHEDU INC,1768259,8200
CRNC,CERENCE INC,1768267,7372
CLYM,CLIMB BIO INC,1768446,2836
GRCYF,GREENCITY ACQUISIT COR,1768910,9995
BPTSY,BIOPHYTIS SA,1768946,2836
VIAOY,VIA OPTRONICS HOLDING AG,1769116,3679
THBR,THUNDER BRIDGE ACQ II LTD,1769318,9995
BIOX,BIOCERES CROP SOLUTIONS CORP,1769484,2870
HONE,HARBORONE BANCORP INC,1769617,6036
ILLR,TRILLER GROUP INC,1769624,6282
PBFS,PIONEER BANCORP INC,1769663,6036
LITM,SNOW LAKE RESOURCES LTD,1769697,1400
AMTD,AMTD IDEA GROUP,1769731,6200
MGRM,MONOGRAM TECHNOLOGIES INC,1769759,3842
AUGX,AUGMEDIX INC,1769804,7374
WIMI,WIMI HOLOGRAM CLOUD INC,1770088,7370
SANA,SANA BIOTCHNOLOGY INC,1770121,2836
UPHL,UPHEALTH INC,1770141,8090
MITQ,MOVING IMAGE TECHNOLOGIS INC,1770236,3861
ORSN,ORISUN ACQUSITION CORP,1770251,9995
XRX,XEROX HOLDINGS CORP,1770450,3577
VENU,VENU HOLDING CORP,1770501,5812
TXG,10X GENOMICS INC,1770787,2835
LINX,LINX SA,1770883,7370
AFYA,AFYA LIMITED,1771007,8200
WSG,WANDA SPRT GP CO -ADR,1771279,7900
GO,GROCERY OUTLET HLDNG CORP,1771515,5411
QNTM,QUANTUM BIOPHARMA LTD,1771885,2834
HYAC.1,HAYMAKER ACQ CORP II,1771908,9995
ADCT,ADC THERAPEUTICS SA,1771910,2836
KRTX,KARUNA THERPEUTICS INC,1771917,2836
BRBR,BELLRING BRANDS INC,1772016,2000
SCPS,SCOPUS BIOPHARMA INC,1772028,2836
KRUS,KURA SUSHI USA INC,1772177,5812
FLNG,FLEX LNG LTD,1772253,4412
NOVAQ,SUNNOVA ENRGY INTL INC,1772695,4991
SPRU,SPRUCE POWER HOLDG CORP,1772720,4911
ONEW,ONEWATER MARINE INC,1772921,5500
ZGYH,YUNHONG INTERNATIONAL,1773086,9995
THCA,TUSCAN HLDINGS CORP II,1773087,9995
MMX,MAVERIX METALS INC,1773250,1040
DT,DYNATRACE INC,1773383,7370
SWTX,SPRINGWORKS THERAPEUTICS INC,1773427,2836
HIMS,HIMS & HERS HEALTH INC,1773751,2834
BTRS,BTRS HOLDINGS INC,1774155,7370
AIOT,POWERFLEET INC,1774170,7370
SKIL,SKILLSOFT CORP,1774675,8200
BROGF,BROOGE ENERGY LIMITED,1774983,5171
CLEUF,CHINA LIB EDUCTN HOLDING LTD,1775085,8200
UPXI,UPEXI INC,1775194,2834
SDCCQ,SMILEDIRECTCLUB INC,1775625,3843
BENF,BENEFICIENT,1775734,6200
UCL,UCLOUDLINK GROUP INC -ADR,1775898,4899
OCG,ORIENTAL CULT HOLD LTD,1776067,5960
MBX,MBX BIOSCIENCES INC,1776111,2834
AKUMQ,AKUMIN INC,1776197,8071
ADV,ADVANTAGE SOLUTIONS INC,1776661,8742
NFIN,NETFIN ACQUSITION CORP,1776903,9995
CURI,CURIOSITYSTREAM INC,1776909,7374
NTCOY,NATURA COSMETICOS SA,1776967,2844
BNTX,BIONTECH SE,1776985,2836
CISO,CISO GLOBAL INC,1777319,7373
CHPT,CHARGEPOINT HOLDINGS INC,1777393,7500
VQSSF,VIQ SOLUTIONS INC,1777765,7370
PWP,PERELLA WEINBERG PARTNERS,1777835,6211
AVPT,AVEPOINT INC,1777921,7370
IRNTQ,IRONNET INC,1777946,7372
NBP,NOVABRIDGE BIOSCIENCES,1778016,2836
AIO,VIRTUS A I & TECHNGY OPPS FD,1778114,6726
HUIZ,HUIZE HOLDING LTD -ADR,1778982,6411
DNMRQ,DANIMER SCIENTIFIC INC,1779020,2821
SRTA,STRATA CRITICAL MEDICAL INC,1779128,4522
BEAT,HEARTBEAM INC,1779372,3845
MAPS,WM TECHNOLOGY INC,1779474,7370
KRKR,36KR HOLDINGS INC -ADS,1779476,7370
BGM,BGM GROUP LTD,1779578,2834
BXRXQ,BAUDAX BIO INC,1780097,2836
LVLU,LULU'S FASHION LOUN HOLD INC,1780201,5961
GFL,GFL ENVIRONMENTAL INC,1780232,4950
NBAC,NEWBORN ACQUISITION CORP,1780262,9995
ASTS,AST SPACEMOBILE INC,1780312,4899
OCFT,ONECONNECT FINANCIAL,1780531,7370
CAN,CANAAN INC,1780652,3674
EPOW,SUNRISE NEW ENERGY CO LTD,1780731,3620
CNEY,CN ENERGY GROUP INC,1780785,2810
ALUS,ALUSSA ENERGY ACQ CORP,1781115,9995
MNTS,MOMENTUS INC,1781162,3670
ACRV,ACRIVON THERAPEUTICS INC,1781174,2834
QH,QUHUO LIMITED,1781193,7389
OTIS,OTIS WORLDWIDE CORP,1781335,3530
EEIQ,EPICQUEST EDU GROUP INTL LTD,1781397,8200
GAUZ,GAUZY LTD,1781446,3679
TCBX,THIRD COAST BANCSHARES INC,1781730,6020
DAO,YOUDAO INC -ADS,1781753,8200
BWIN,BALDWIN INSURANCE GROUP INC,1781755,6411
APRE,APREA THERAPEUTICS INC,1781983,2836
YGMZF,MINGZHU LOG HOLD LTD,1782037,4210
ONCO,ONCONETIX INC,1782107,2836
RELY,REMITLY GLOBAL INC,1782170,7389
PYXS,PYXIS ONCOLOGY INC,1782223,2836
BOLD,BOUNDLESS BIO INC,1782303,2836
EDTK,SKILLFUL CRAFT ED TECH,1782309,8200
STRW,STRAWBERRY FIELDS REIT INC,1782430,6798
MSDL,MORGAN STANLEY DRCT LEND FND,1782524,6797
GTH,GENETRON HOLD LTD -ADS,1782594,2836
WBEVQ,WINC INC,1782627,2084
AZEK,AZEK COMPANY INC (THE),1782754,2430
TIRX,TIAN RUIXIANG HOLD LTD,1782941,6411
PRTC,PURETECH HEALTH PLC,1782999,2836
ELEV,ELEVATION ONCOL INC,1783032,2836
CARR,CARRIER GLOBAL CORP,1783180,3585
PHAT,PHATHOM PHARMA INC,1783183,2834
MCFE,MCAFEE CORP,1783317,7372
TCRX,TSCAN THERAPEUTICS INC,1783328,2836
UWMC,UWM HOLDINGS CORP,1783398,6162
ECOL,US ECOLOGY INC,1783400,4955
SOGP,SOUND GROUP INC,1783407,7370
HOOD,ROBINHOOD MARKETS INC,1783879,6211
MDIA,MEDIACO HOLDING INC,1784254,4832
PRCH,PORCH GROUP INC,1784535,6331
HCDIQ,HARBOR CUSTOM DEV INC,1784567,1531
BRMK,BROADMARK REALTY CAPITAL INC,1784797,6798
SHPWQ,SHAPEWAYS HOLDINGS INC,1784851,2750
NXTT,NEXT TECHNOLOGY HOLDING INC,1784970,7370
CHPM,CHP MERGER CORP,1785041,9995
TRNR,INTERACTIVE STRENGTH INC,1785056,3949
ETNB,89BIO INC,1785173,2836
MGX,METAGENOMI THERAPEUTICS INC,1785279,2836
LABP,LANDOS BIOPHARMA INC,1785345,2834
KPLT,KATAPULT HOLDINGS INC,1785424,6141
HOWL,WEREWOLF THERAPTCS INC,1785530,2836
ZCMD,ZHONGCHAO INC,1785566,8200
LFLH,LEAFLY HOLDINGS INC,1785592,7370
BVC,BITVENTURES LTD,1785680,6282
TRIN,TRINITY CAPITAL INC,1786108,6797
PINE,ALPINE INCOME PROPERTY TRUST,1786117,6798
FHSEY,FIRST HIGH-SCHOL EDU GP -ADR,1786182,8200
ACLX,ARCELLX INC,1786205,2836
NREF,NEXPOINT REAL EST FIN,1786248,6798
ICVX,ICOSAVAX INC,1786255,2836
DPRO,DRAGANFLY INC,1786286,3829
BILL,BILL HOLDINGS INC,1786352,7370
REYN,REYNOLDS CONSUMER PRODUCTS,1786431,2673
FREHY,FRESH2 GROUP LTD -ADS,1786511,2836
VNT,VONTIER CORP,1786842,3829
SBSW,SIBANYE-STILLWATER LIMITED,1786909,1090
CNNB,CINCINNATI BANCORP,1787005,6035
PASG,PASSAGE BIO INC,1787297,2836
ARQT,ARCUTIS BIOTHERAPEUTICS INC,1787306,2834
FFBW,FFBW INC,1787384,6035
NKTX,NKARTA INC,1787400,2836
BSBK,BOGOTA FINANCIAL CORP,1787414,6036
XP,XP INC,1787425,6211
NUKK,NUKKLEUS INC,1787518,7372
CNVY,CONVEY HEALTH SOL HLDNGS INC,1787640,7370
TIVC,TIVIC HEALTH SYSTEMS INC,1787740,3845
JIH,JUNIPER INDUSTRIAL HLD,1787791,9995
WNW,MEIWU TECHNOLOGY COMPANY LTD,1787803,2844
XHG,XCHANGE TEC.INC -ADR,1788016,6411
JSPR,JASPER THERAPEUTICS INC,1788028,2836
IPST,HERITAGE DISTILNG HLD CO INC,1788230,2085
BWMX,BETTERWARE DE MEXICO S A P,1788257,5961
BIPC,BROOKFIELD INFRASTRCTR,1788348,4932
FXLV,F45 TRAINING HLDNGS INC,1788717,7990
MCOM,MICROMOBILITY.COM INC,1788841,7370
ROOT,ROOT INC,1788882,6331
XPER,XPERI INC,1788999,7372
AEVA,AEVA TECHNOLOGIES INC,1789029,3829
NITO,N2OFF INC,1789192,2870
WTO,UTIME LTD,1789299,3663
CIIC,CIIG MERGER CORP,1789760,9995
TIL,INSTIL BIO INC,1789769,2836
HESM,HESS MIDSTREAM LP,1789832,1311
FWRG,FIRST WATCH RESTAURA GRO INC,1789940,5812
CGEM,CULLINAN THERAPEUTICS INC,1789972,2836
FLGC,FLORA GRWT CORP,1790169,5122
IMRX,IMMUNEERING CORP,1790340,2836
EQOSQ,EQONEX LIMITED,1790515,6200
AGILQ,AGILETHOUGHT INC,1790625,7371
GNRSQ,GREENROSE HLDG CO INC (THE),1790665,2833
ARNC,ARCONIC CORP,1790982,3350
TLMD,SOC TELEMED INC,1791091,7370
BLCT,BLUECITY HOLDI LI -ADR,1791278,7370
LI,LI AUTO INC,1791706,3711
HUDI,HUADI INTER GRO CO LTD,1791725,3317
BEPC,BROOKFIELD RENEWABLE CORP,1791863,4911
IMCC,IM CANNABIS CORP,1792030,2834
VTRS,VIATRIS INC,1792044,2834
BNR,BURNING ROCK BIOTECH LIMITED,1792267,2835
OVV,OVINTIV INC,1792580,1311
KRBPQ,KIROMIC BIOPHARMA INC,1792581,2836
JTKWY,JUST EAT TAKEAWAY.COM N.V.,1792627,5961
CURV,TORRID HOLDINGS INC,1792781,5961
DASH,DOORDASH INC,1792789,7370
VSTA,VASTA PLATFORM LTD,1792829,8200
HPK,HIGHPEAK ENERGY INC,1792849,1311
CTEV,CLARITEV CORP,1793229,7372
PPD,PPD INC,1793294,8731
RSI,RUSH STREET INTERACTIVE INC,1793659,7990
VTEX,VTEX,1793663,7370
ASGI,ABRDN GLBL INFRAS INCOME FD,1793855,6726
DADA,DADA NEXUS LIMITED,1793862,5960
CDTG,CDT ENVIRN TECH INVE HOL LTD,1793895,4950
IGIC,INTERNATIONAL GEN INS HL LTD,1794338,6331
YALA,YALLA GROUP LIMITED,1794350,7370
GTM,ZOOMINFO TECHNO INC,1794515,7370
QNGYQ,QUANERGY SYSTEMS INC,1794621,3812
FOUR,SHIFT4 PAYMENTS INC,1794669,7389
SCVX,SCVX CORP,1794717,9995
PSBD,PALMER SQUARE CAPTAL BDC INC,1794776,6797
SLQT,SELECTQUOTE INC,1794783,6411
ATCO,ATLAS CORP,1794846,7359
CYXTQ,CYXTERA TECHNOLOGIES INC,1794905,7370
OSTX,OS THERAPIES INC,1795091,2836
SPHR,SPHERE ENTERTAINMENT CO,1795250,4841
NNOX,NANO X IMAGING LTD,1795251,8011
CALT,CALLIDITAS THERAPE,1795579,2834
KC,KINGSOFT CLOUD HOLDINGS LTD,1795589,7370
BCAL,CALIFORNIA BANCRP,1795815,6020
STEP,STEPSTONE GROUP INC,1796022,6282
VZLA,VIZSLA SILVER CORP,1796073,1000
VINC,VINCERX PHARMA INC,1796129,2836
APG,API GROUP CORP,1796209,1700
ORIC,ORIC PHARMACEUTICALS,1796280,2836
ROCH,ROTH CH ACQUISITION I,1796303,9995
ALIZY,ALLIANZ SE,1796335,6331
BTCT,BTC DIGITAL LTD,1796514,7370
MAXN,MAXEON SOLAR TECHNOLOGIES,1796898,3674
WSTM,HRSOFT INC,1796911,7372
PTK,PTK ACQUISITION CORP,1797099,9995
KNTE,KINNATE BIOPHARMA INC,1797768,2836
NTST,NETSTREIT CORP,1798100,6798
IONM,ASSURE HOLDINGS CORP,1798270,8090
TMC,TMC THE METALS CO INC,1798562,1000
JBIO,JADE BIOSCIENCES INC,1798749,2836
LUCD,LUCID DIAGNOSTICS INC,1799011,3845
TOI,ONCOLOGY INSTITUTE INC (THE),1799191,8011
AUNA,AUNA S A,1799207,8062
DNB,DUN & BRADSTREET HOLDNGS INC,1799208,7323
EBON,EBANG INTERNATIONAL HOLDINGS,1799290,6200
GAN,GAN LTD,1799332,7370
ALGS,ALIGOS THERAPEUTICS INC,1799448,2836
CGRO.2,COLLECTIVE GROWTH CORP,1799611,9995
GLSI,GREENWICH LIFESCIE INC,1799788,2836
RCOR,RENOVACOR INC,1799850,2836
GB,GLOBAL BLUE GROUP HOLDING AG,1799983,7374
IAC,IAC INC,1800227,7370
GLTO,GALECTO INC,1800315,2836
ETWO,E2OPEN PARENT HOLDINGS INC,1800347,7370
MLGO,MICROALGO INC,1800392,7371
RYM,RYTHM INC,1800637,3523
FROG,JFROG LTD,1800667,7372
CANOQ,CANO HEALTH INC,1800682,8062
ANAT,AMERICAN NATIONAL GROUP-OLD,1801075,6311
OPEN,OPENDOOR TECHNOLOGIES INC,1801169,6531
CLOV,CLOVER HEALTH INVESTMENTS,1801170,6324
LEGN,LEGEND BIOTEC COR -ADR,1801198,2836
MP,MP MATERIALS CORP,1801368,1090
SBIG,SPRINGBIG HOLDINGS INC,1801602,7370
SKLZ,SKILLZ INC,1801661,7370
TIG,TREAN INSURANCE GR INC,1801754,6331
AMTI,APPLIED MOLEC TRAN INC,1801777,2836
PRFX,PAINREFORM LTD,1801834,2834
XPOF,XPONENTIAL FITNESS INC,1802156,7990
GRDN,GUARDIAN PHARMACY SERVIS INC,1802255,8000
MSPR,MSP RECOVERY INC,1802450,8090
ORGN,ORIGIN MATERIALS INC,1802457,2821
HRMY,HARMONY BIOSC HOLD INC,1802665,2834
ZEVY,LIGHTNING EMOTORS INC,1802749,3711
RPRX,ROYALTY PHARMA PLC,1802768,2834
API,AGORA INC,1802883,7370
AVO,MISSION PRODUCE INC,1802974,5140
TDCX,TDCX INC -ADS,1803112,8742
OST,OSTIN TECHNOLOGY GROU CO LTD,1803407,3679
CNXC,CONCENTRIX CORP,1803599,7374
ADEA,ADEIA INC,1803696,7372
EHAB,ENHABIT INC,1803737,8082
TALK,TALKSPACE INC,1803901,8090
PLBY,PLAYBOY INC,1803914,2300
BFLY,BUTTERFLY NETWORK INC,1804176,3845
GFAI,GUARDFORCE AI CO LTD,1804469,7381
RAASY,CLOOPEN GROUP LTD -ADR,1804583,7370
MEHCQ,CHROME HOLDING CO,1804591,8071
DRVN,DRIVEN BRANDS HOLDINGS INC,1804745,7500
VTRU,VITRU BRASIL EMPREENDIMENTOS,1805012,8200
EOSE,EOS ENERGY ENTERPRISES INC,1805077,3690
GLSHQ,GELESIS HOLDINGS INC,1805087,2836
RKT,ROCKET COS INC,1805284,6162
EVLV,EVOLV TECHNOLOGIES HOLDINGS,1805385,3812
CERE,CEREVEL THERAPEUTICS HOLDING,1805387,2836
FFAI,FARADAY FUTURE INTELLIGENT,1805521,3711
DFDV,DEFI DEVELOPMENT CORP,1805526,6163
JWEL,JOWELL GLBL LTD,1805594,5961
MKTW,MARKETWISE INC,1805651,7370
SST,SYSTEM1 INC,1805833,7370
FUSN,FUSION PHARMACEUTI INC,1805890,2836
LPRO,OPEN LENDING CORP,1806201,7323
TSHA,TAYSHA GENE THERPS INC,1806310,2836
WEST,WESTROCK COFFEE CO,1806347,2090
LGHL,LION GROUP HOLDING LTD -ADS,1806524,6200
VERX,VERTEX INC,1806837,7370
EZGO,EZGO TECHNOLOGIES LTD,1806904,3690
LYEL,LYELL IMMUNOPHARMA INC,1806952,2836
OZ,BELPOINTE PREP LLC,1807046,6510
DSGN,DESIGN THERAPEUTIS INC,1807120,2836
AMST,AMESITE INC,1807166,7372
CD.1,CHINDATA GROUP HOLD LTD -ADR,1807192,7374
CPOP,POP CULTURE GROUP CO LTD,1807389,7389
MLAC.1,MALACCA STRAITS ACQ CO LTD,1807594,9995
APPHQ,APPHARVEST INC,1807707,100
CRDO,CREDO TECH GROUP HOLDING LTD,1807794,3674
ML,MONEYLION INC,1807846,6141
LASE,LASER PHOTONICS CORP,1807887,3540
PAND,PANDION THERPUTC INC,1807901,2836
MDNAF,MEDICENNA THERAPEUTICS CORP,1807983,2836
DDC,DDC ENTERPRISE LTD,1808110,2090
RPTX,REPARE THERAPEUTIC INC,1808158,2836
GOCO,GOHEALTH INC,1808220,6411
LUCY,INNOVATIVE EYEWEAR INC,1808377,3851
ASRT,ASSERTIO HOLDINGS INC,1808665,2834
NAUT,NAUTILUS BIOTECHNOLOGY INC,1808805,8731
PRG,PROG HOLDINGS INC,1808834,6141
ITOS,ITEOS THERAPEUTICS INC,1808865,2836
BNTC,BENITEC BIOPHARMA INC,1808898,2836
AOUT,AMERICAN OUTDOOR BRANDS,1808997,3949
ALIT,ALIGHT INC,1809104,7374
CVAC,CUREVAC N.V.,1809122,2836
KUKEY,KUKE MUS HOLD LTD -ADR,1809158,7900
IMTX,IMMATICS NV,1809196,2836
GDRX,GOODRX HLDGS INC,1809519,7370
BEKE,KE HOLDINGS INC,1809587,6531
UPC,UNIVERSE PHARMACEU INC,1809616,2834
HKD,AMTD DIGITAL INC -ADR,1809691,7011
EDBL,EDIBLE GARDEN AG INC,1809750,100
MIR,MIRION TECHNOLOGIES INC,1809987,3829
RXT,RACKSPACE TECHNOLO INC,1810019,7370
FRLN,FREELINE THER PLC -ADR,1810031,2836
POLCQ,POLISHED.COM INC,1810140,5961
ALXO,ALX ONCOLOGY HOLDI INC,1810182,2836
SNTG,SENTAGE HOLDINGS INC,1810467,7320
EBC,EASTERN BANKSHARES INC,1810546,6020
REVB,REVELATION BIOSCIENCES INC,1810560,2836
RADI,RADIUS GLOBAL INFRASTRUCTURE,1810739,4813
U,UNITY SOFTWARE INC,1810806,7372
XPEV,XPENG INC,1810997,3711
NUVB,NUVATION BIO INC,1811063,2834
TPL,TEXAS PACIFIC LAND CORP,1811074,6792
AUVI,APPLIED UV INC,1811109,3640
RNLXD,RENALYTIX PLC,1811115,7372
LCID,LUCID GROUP INC,1811210,3711
BAOS,BAOSHENG ME GR HOL LTD,1811216,7310
QS,QUANTUMSCAPE CORP,1811414,3690
PXMD,PAXMEDICA INC,1811623,2834
PNT,POINT BIOPHARMA GLOBAL INC,1811764,2834
VIEWQ,VIEW INC,1811856,3211
PSTH,PERSHING SQ TN HOL LTD,1811882,9995
FMHS,FARMHOUSE INC,1811999,7370
RBOT,VICARIOUS SURGICAL INC,1812173,3845
CCV,CHURCHILL CAPITAL CORP V,1812234,9995
FOXO,FOXO TECHNOLOGIES INC,1812360,8000
RLAY,RELAY THERAPEUTICS INC,1812364,2836
SKYQ,SKY QUARRY INC,1812447,2911
BITF,BITFARMS LTD,1812477,7374
RELI,RELIANCE GLOBAL GROUP INC,1812727,6411
TMPOQ,TEMPO AUTOMATION HOLDING INC,1813658,3672
WEWKQ,WEWORK INC,1813756,6512
VMAR,VISION MARINE TECH INC,1813783,3730
MNMD,MIND MEDICINE MINDMED INC,1813814,2834
CMAXQ,CAREMAX INC,1813914,8011
LXEH,LIXIANG EDUCATIO CO LTD -ADR,1814067,8200
OBIO,ORCHESTRA BIOMED HOLDING INC,1814114,3845
APGN,APEXIGEN INC,1814140,2836
BURU,NUBURU INC,1814215,3540
ABX,ABACUS GLOBAL MANAGEMENT INC,1814287,6411
ASTR,ASTRA SPACE INC,1814329,3760
IH,IHUMAN INC -ADR,1814423,7372
ETAC,E MERGE TECHN ACQ CORP,1814728,9995
KSMT,KISMET ACQUIS ONE CORP,1814824,9995
ILAG,INTELLIGENT LIVING APP G INC,1814963,3420
BQ,BOQII HOLDING LTD,1815021,5961
RBAC,REDBALL ACQUISITI CORP,1815184,9995
AHI,ADVANCED HEALTH INTELLIGENCE,1815436,7372
KYMR,KYMERA THERAPEUTIC INC,1815442,2836
BTAQ,BURGUNDY TECH ACQ CORP,1815526,9995
IFBD,INFOBIRD CO LTD,1815566,7311
OPTEY,OPTHEA LTD,1815620,2836
LENZ,LENZ THERAPEUTICS INC,1815776,2834
HAFN,HAFNIA LTD,1815779,4412
MNSO,MINISO GROUP HOLDING LTD,1815846,5331
ATIP,ATI PHYSICAL THERAPY INC,1815849,8000
PTPI,PETROS PHARMACEUTICALS INC,1815903,2834
ANEB,ANEBULO PHARMA INC,1815974,2834
LU,LUFAX HOLDING LTD,1816007,6141
SPIR,SPIRE GLOBAL INC,1816017,8731
SAII,SOFTWARE ACQUIS GROUP INC II,1816048,9995
FTOC,FTAC OLYMPUS ACQU CORP,1816090,9995
DMYD,DMY TECHNOLOGY INC II,1816101,9995
GOAC,GO ACQUISITION CORP,1816176,9995
SHCR,SHARECARE INC,1816233,7370
LYTHF,LYTUS TECH HLD PTV LTD,1816319,7841
QSI,QUANTUM SI INC,1816431,3826
OUST,OUSTER INC,1816581,3829
CMPS,COMPASS PATHWAYS PLC,1816590,2836
MKFG,MARKFORGED HOLDING CORP,1816613,3555
OWLT,OWLET INC,1816708,3827
IRON,DISC MEDICINE INC,1816736,2836
BON,BON NTRL LIFE LTD,1816815,2800
GRSV,GORES HOLDINGS V INC,1816816,9995
NXXT,NEXTNRG INC,1817004,5900
HZAC,HORIZON ACQUISITION CORP,1817071,9995
VOR,VOR BIOPHARMA INC,1817229,2836
HGAS,GLOBAL GAS CORP,1817232,2810
ARTV,ARTIVA BIOTHERAPEUTICS INC,1817241,2836
ASO,ACADEMY SPO AND OU INC,1817358,5940
SOPA,SOCIETY PASS INC,1817511,7370
JANX,JANUX THERAPEUTICS INC,1817713,2836
AUST,AUSTIN GOLD CORP,1817740,1040
SMTK,SMARTKEM INC,1817760,3674
CRXTQ,CLARUS THERAPEUTICS HOLD INC,1817944,2836
BOAC,BLUESCAPE OPP ACQ CORP,1818089,9995
SKIN,BEAUTY HEALTH CO (THE),1818093,3841
CCC,CCC INTELLIGENT SOLUTIONS HL,1818201,7370
WGS,GENEDX HOLDINGS CORP,1818331,8071
BFT,FOLEY TRASIMENE ACQU CORP II,1818355,9995
HUMA,HUMACYTE INC,1818382,2836
MAX,MEDIAALPHA INC,1818383,7370
OPFI,OPPFI INC,1818502,6141
LIDR,AEYE INC,1818644,3829
DYN,DYNE THERAPEUTICS INC,1818794,2836
ADAG,ADAGENE INC,1818838,2836
DWTX,DOGWOOD THERAPEUTICS INC,1818844,2836
IPOF,SOCIAL CAPITAL HEDOSOPHIA,1818873,9995
SOFI,SOFI TECHNOLOGIES INC,1818874,6141
IPOD.1,SOCIAL CAPI HED HOLD CORP IV,1818876,9995
MILE,METROMILE INC,1819035,6331
SNCE,SCIENCE 37 HOLDINGS INC,1819113,8731
TNGX,TANGO THERAPEUTICS INC,1819133,2836
SES,SES AI CORP,1819142,3690
BTMD,BIOTE CORP,1819253,8090
MAAC,MONTES ARCHIMEDES ACQ CORP,1819263,9995
TWCT,TWC TECH HOLDI II CORP,1819313,9995
MTTR,MATTERPORT INC,1819394,7370
SONDQ,SONDER HOLDINGS INC,1819395,7000
TPGY,TPG PACE BENE FIN CORP,1819399,9995
NRDY,NERDY INC,1819404,8200
GANX,GAIN THERAPEUTICS INC,1819411,2836
GWH,ESS TECH INC,1819438,3690
XOS,XOS INC,1819493,3713
UP,WHEELS UP EXPERIENCE INC,1819516,4522
BARK,BARK INC,1819574,5961
LQDA,LIQUIDIA CORP,1819576,2834
YSG,YATSEN HOLDING LTD -ADR,1819580,2844
VLTA,VOLTA INC,1819584,3620
AVAN,AVANTI ACQUISITION CORP,1819608,9995
CLVR,CLEVER LEAVES HOLDINGS INC,1819615,2833
MRM,MEDIROM HLTHCR TECH INC -ADR,1819704,7200
TARS,TARSUS PHARMACEUTI INC,1819790,2834
HTOO,FUSION FUEL GREEN PLC,1819794,5172
GCMG,GCM GROSVENOR INC,1819796,6200
RDW,REDWIRE CORP,1819810,3760
JOBY,JOBY AVIATION INC,1819848,4522
TRIRF,TRITERRAS INC,1819876,7370
PAYA,PAYA HOLDINGS INC,1819881,7374
DV,DOUBLEVERIFY HOLD INC,1819928,7372
SKYT,SKYWATER TECH INC,1819974,3674
CIFR,CIPHER MINING INC,1819989,7372
RKLB,ROCKET LAB CORP,1819994,3760
GRND,GRINDR INC,1820144,7370
SCLX,SCILEX HOLDING CO,1820190,2834
RDBX,REDBOX ENTERTAINMENT INC,1820201,7841
BKKT,BAKKT HOLDINGS INC,1820302,6200
ISPO,INSPIRATO INC,1820566,4700
PTRAQ,PROTERRA INC,1820630,3711
ARRY,ARRAY TECHNOLOGIES INC,1820721,3829
GBTG,GLOBAL BUSINESS TRAVL GP INC,1820872,4700
CXAI,CXAPP INC,1820875,7370
AIRC,APARTMENT INCOME REIT CORP,1820877,6798
AFRM,AFFIRM HOLDINGS INC,1820953,6141
EVGO,EVGO INC,1821159,5500
GHLD,GUILD HOLDINGS CO,1821160,6162
MSGM,MOTORSPORT GAMES INC,1821175,7372
TSBA,TOUCHSTONE BANKSHARES INC,1821297,6020
SGTX,SIGILON THERAPTICS INC,1821323,2836
NGMS,NEOGAMES SA,1821349,7372
AAN,AARONS CO INC (THE),1821393,5700
UK,UCOMMUNE INTERNATIONAL LTD,1821424,6512
YQ,17 EDUCATION & TE -ADR,1821468,8200
EXOD,EXODUS MOVEMENT INC,1821534,7370
MLTX,MOONLAKE IMMUNOTHERAPEUTICS,1821586,2836
NVTS,NAVITAS SEMICONDUCTOR CORP,1821769,3674
HZON,HORIZON ACQUISITION CORP II,1821788,9995
LESL,LESLIE'S INC,1821806,5990
OGN,ORGANON & CO,1821825,2834
SUNLQ,SUNLIGHT FINANCIAL HOLDINGS,1821850,6141
PRST,PRESTO AUTOMATION INC,1822145,3578
LOGC,CONTEXTLOGIC HOLDINGS INC,1822250,5961
DCGO,DOCGO INC,1822359,8090
FHTX,FOGHORN THERAPEUTICS INC,1822462,2836
SHC,SOTERA HEALTH CO,1822479,8734
HLMN,HILLMAN SOLUTIONS CORP,1822492,3452
AFCG,ADVANCED FLOWER CAPITAL INC,1822523,6798
GRNA,GREENLIGHT BIOSCIENCES HLDGS,1822691,2836
PRDS,PARDES BIOSCIENCES INC,1822711,2836
CLNN,CLENE INC,1822791,2836
OZON,OZON HOLDINGS PLC,1822829,5961
VYGG,VY GLOBAL GROWTH,1822877,9995
HLLY,HOLLEY INC,1822928,3714
SMR,NUSCALE POWER CORP,1822966,3621
JXN,JACKSON FINANCIAL INC,1822993,6311
CNXX,CONX CORP,1823000,6512
CMPO,COMPOSECURE INC,1823144,3577
MRVI,MARAVAI LIFESCIENS HLDGS INC,1823239,8731
LSPD,LIGHTSPEED COMMERCE INC,1823306,7370
GBNY,GENERATIONS BANCORP NY INC,1823365,6035
AFBI,AFFINITY BANCSHARES INC,1823406,6020
NOTE,FISCALNOTE HOLDINGS INC,1823466,7370
ACT,ENACT HOLDINGS INC,1823529,6351
ZFOX,ZEROFOX HOLDINGS INC,1823575,7372
AENT,ALLIANCE ENTMNT HOLDING CORP,1823584,5099
SKYH,SKY HARBOUR GROUP CORP,1823587,4581
TSPH,CREATEAI HOLDINGS INC,1823593,7372
AMAL,AMALGAMATED FINANCIAL CORP,1823608,6020
EVEX,EVE HOLDING INC,1823652,3721
LFG,ARCHAEA ENERGY INC,1823766,4900
ARKO,ARKO CORP,1823794,5500
MYPS,PLAYSTUDIOS INC,1823878,7372
MIMOQ,AIRSPAN NETWORKS HOLDINGS IN,1823882,3663
OWL,BLUE OWL CAPITAL INC,1823945,6799
WDH,WATERDROP INC,1823986,6411
HAAC,HEALTH ASSURA ACQ CORP,1824013,9995
IDBAY,IDEX BIOMETRICS ASA,1824036,3670
GRI,GRI BIO INC,1824293,2836
RSVR,RESERVOIR MEDIA INC,1824403,8900
ACHR,ARCHER AVIATION INC,1824502,4522
BGRY,BERKSHIRE GREY INC,1824734,3569
CGNT,COGNYTE SOFTWARE LTD,1824814,7372
SRZN,SURROZEN INC,1824893,2836
IONQ,IONQ INC,1824920,3571
PCPC,PERIPHAS CAPTL PA CORP,1824993,9995
OPAD,OFFERPAD SOLUTIONS INC,1825024,6531
VELO,VELO3D INC,1825079,3555
DFH,DREAM FINDERS HOMES INC,1825088,1531
TIXT,TELUS INTERNATIONAL IN,1825155,7374
CFIV,CF ACQUISITION CORP IV,1825249,9995
CHSN,CHANSON INTERNATIONL HOLDING,1825349,5400
ONFO,ONFOLIO HOLDINGS INC,1825452,7370
POSH,POSHMARK INC,1825480,5961
PAX,PATRIA INVESTMENTS LTD,1825570,6282
RAYA,ERAYAK PWR SOLUTIO GROUP INC,1825875,3690
LTCH,LATCH INC,1826000,7370
BNZI,BANZAI INTERNATIONAL INC,1826011,7370
ROVR,ROVER GROUP INC,1826018,700
TIMB,TIM S.A.,1826168,4812
VINP,VINCI COMPASS INVEST LTD,1826286,6200
GSUN,GOLDEN SUN HEALTH TECH G LTD,1826376,8200
AVX,AVAX ONE TECHNOLOGY LTD,1826397,3569
GLUE,MONTE ROSA THERAPEUTICS INC,1826457,2836
WOOF,PETCO HEALTH AND WELLNESS CO,1826470,5990
GRCL,GRACELL BIOTE INC -ADR,1826492,2836
MNTK,MONTAUK RENEWABLES INC,1826600,1311
WETH,WETOUCH TECHNOLOGY INC,1826660,3679
TLSI,TRISALUS LIFE SCIENCES INC,1826667,3841
PDYN,PALLADYNE AI CORP,1826681,3590
BODI,BEACHBODY CO INC (THE),1826889,7200
BCAB,BIOATLA INC,1826892,2836
CVT,CVENT HOLDING CORP,1827075,7370
VIGL,VIGIL NEUROSCIENCE INC,1827087,2836
CERT,CERTARA INC,1827090,7370
DRUG,BRIGHT MINDS BIOSCIENCES INC,1827401,2836
TRML,TOURMALINE BIO INC,1827506,2836
FRGE,FORGE GLOBAL HOLDINGS INC,1827821,6200
EMBK,EMBARK TECHNOLOGY INC,1827980,7372
PLTK,PLAYTIKA HOLDING CORP,1828016,7372
STKH,STEAKHOLDER FOODS LTD,1828098,3550
KARO,KAROOOOO LTD,1828102,7370
HIPO,HIPPO HOLDINGS INC,1828105,6411
AUR,AURORA INNOVATION INC,1828108,7372
FTCI,FTC SOLAR INC,1828161,3600
SGFY,SIGNIFY HEALTH INC,1828182,8082
BRNS,BARINTHUS BIOTHERAPEUTICS,1828185,2836
CVII,CHURCHILL CAP CRP VII,1828248,9995
CCVI,CHURCHILL CAP CORP VI,1828250,9995
EVAX,EVAXION A/S  -ADR,1828253,2836
PHAR,PHARMING GROUP NV,1828316,2836
ENVX,ENOVIX CORP,1828318,3690
RLX,RLX TECHNOLOGY INC,1828365,3990
WMPN,WILLIAM PENN BANCORP,1828376,6036
OCDX,ORTHO CLINICAL DIAG HLDG PLC,1828443,3845
EFTR,EFFECTOR THERAPEUTICS INC,1828522,2836
NRGV,ENERGY VAULT HOLDINGS INC,1828536,3690
HNVR,HANOVER BANCORP INC,1828588,6020
BOXDQ,BOXED INC,1828672,5961
HCWB,HCW BIOLOGICS INC,1828673,2836
AMPS,ALTUS POWER INC,1828723,4911
DSP,VIANT TECHNOLOGY INC,1828791,7370
LICYQ,LI-CYCLE HOLDINGS CORP,1828811,4953
MONDQ,MONDEE HOLDINGS INC,1828852,4700
FOA,FINANCE OF AMERICA COMPANIES,1828937,6162
CRCT,CRICUT INC,1828962,3555
BZFD,BUZZFEED INC,1828972,7370
TUYA,TUYA INC,1829118,7370
BFRG,BULLFROG AI HOLDINGS INC,1829247,7372
FORA,FORIAN INC,1829280,7370
FPAC,FAR PEAK ACQUISITION CORP,1829426,9995
AAC,ARES ACQSTN CORP,1829432,9995
CARE,CARTER BANKSHARES INC,1829576,6020
RNAZ,TRANSCODE THERAPEUTICS INC,1829635,2836
RGC,REGENCELL BIOSCIENCE HOL LTD,1829667,2834
TFPM,TRIPLE FLAG PRECIOUS METALS,1829726,1040
EMPD,EMPERY DIGITAL INC,1829794,3751
SNSE,SENSEI BIOTHERAPEU INC,1829802,2836
TASK,TASKUS INC,1829864,7374
CIXXF,CI FINANCIAL CORP,1829948,6282
OGBLY,ONION GLOBAL LTD - ADR,1829949,5960
DCBO,DOCEBO INC,1829959,7370
EBET,EBET INC,1829966,7990
GRDI,GRIID INFRASTRUCTURE INC,1830029,7370
PCT,PURECYCLE TECHNOLOGIES INC,1830033,2821
BMBL,BUMBLE INC,1830043,7370
IPW,IPOWER INC,1830072,5961
RUM,RUMBLE INC,1830081,7370
LBPS,4D PHARMA PLC,1830162,2836
ENJYQ,LEGACY EJY INC,1830180,5731
UHG,UNITED HOMES GROUP INC,1830188,1531
HMPT,HOME POINT CAPITAL INC,1830197,6162
BHILQ,BENSON HILL INC,1830210,100
DNA,GINKGO BIOWORKS HOLDINGS INC,1830214,8731
PHVS,PHARVARIS NV,1830487,2836
ACHL,ACHILLES THERAPEUTI PLC -ADR,1830749,2836
GEG,GREAT ELM GROUP INC,1831096,6799
AGL,AGILON HEALTH INC,1831097,8090
LIANY,LIANBIO -ADR,1831283,2836
JWSMF,JAWS MUSTANG ACQU CORP,1831359,9995
TERN,TERNS PHARMACEUTIC INC,1831363,2834
SOC,SABLE OFFSHORE CORP,1831481,1311
DSEY,DIVERSEY HOLDINGS LTD,1831617,2840
LDI,LOANDEPOT INC,1831631,6162
SHLS,SHOALS TECHNOLOGIES GRP INC,1831651,3670
VERA,VERA THERAPEUTICS INC,1831828,2836
SEMR,SEMRUSH HOLD INC,1831840,7370
ICU,SEASTAR MEDICAL HOLDING CORP,1831868,3841
LUXE,LUXEXPERIENCE B V,1831907,5961
CTKB,CYTEK BIOSCIENCES INC,1831915,8731
SDST,STARDUST POWER INC,1831979,3330
IVVD,INVIVYD INC,1832038,2836
LBPH,LONGBOARD PHARMA INC,1832168,2834
AVAH,AVEANNA HCARE HOLD INC,1832332,8082
BTTX,BETTER THERAPEUTICS INC,1832415,7372
ALHC,ALIGNMENT HEALTHCARE INC,1832466,6324
SERV,SERVE ROBOTICS INC,1832483,4210
PIII,P3 HEALTH PARTNERS INC,1832511,8090
BMN,BLACKROCK 2037 MUN TGT TM TR,1832871,6726
HELP,CYBIN INC,1833141,2834
SWIM,LATHAM GROUP INC,1833197,3949
SABS,SAB BIOTHERAPEUTICS INC,1833214,2836
MDAI,SPECTRAL AI INC,1833498,3845
DRS,LEONARDO DRS INC,1833756,3812
HYPR,HYPERFINE INC,1833769,3845
PSFE,PAYSAFE LIMITED,1833835,7389
ALFIQ,ALFI INC,1833908,7370
GROY,GOLD ROYALTY CORP,1834026,1040
VWESQ,VINTAGE WINE ESTATES INC,1834045,2084
ASAIY,SENDAS DISTRIBUIDORA S.A.,1834048,5411
IBO,IMPACT BIOMEDICAL INC,1834105,2836
EM,SMART SHARE GLOBAL LTD -ADS,1834253,7359
INNV,INNOVAGE HOLD CORP,1834376,8090
NABL,N-ABLE INC,1834488,7370
GENI,GENIUS SPORTS LTD,1834489,7370
MLNK,MERIDIANLINK INC,1834494,7370
CPNG,COUPANG INC,1834584,5961
JOANQ,JOANN INC,1834585,5940
HAYW,HAYWARD HOLDINGS INC,1834622,3590
PKBO,PEAK BIO INC,1834645,2836
LEVGQ,LION ELECTRIC CO (THE),1834974,3711
VEVMQ,VICINITY MOTOR CORP,1834975,3713
COYA,COYA THERAPEUTICS INC,1835022,2836
ARVLF,ARRIVAL,1835059,3713
NAPA,DUCKHORN PORTFOLIO INC (THE),1835256,2084
CNTB,CONNECT BIOPHARMA HOLDIG LTD,1835268,2836
CTV,INNOVID CORP,1835378,7310
LLAP,TERRAN ORBITAL CORP,1835512,3663
OLK,OLINK HOLDING AB (PUBL),1835539,3826
PEARQ,PEAR THERAPEUTICS INC,1835567,7370
IMA,IMAGENEBIO INC,1835579,2836
VZIO,VIZIO HOLDING CORP,1835591,3651
PEPG,PEPGEN INC,1835597,2836
MHUAF,MEIHUA INTERNATIO M T CO LTD,1835615,3841
MRVL,MARVELL TECHNOLOGY INC,1835632,3674
INVZ,INNOVIZ TECHNOLOGIES LTD,1835654,3829
PWSC,POWERSCHOOL HOLDINGS INC,1835681,7370
ZH,ZHIHU INC,1835724,7370
KVYO,KLAVIYO INC,1835830,7370
BETR,BETTER HOME & FINANCE HLG CO,1835856,6162
GLBE,GLOBAL-E ONLINE LTD,1835963,5961
BTX,BLACKROCK TECH AND PVT EQUTY,1836057,6726
FATH,FATHOM DIGITAL MANUFACT CORP,1836176,3569
TKLF,TOKYO LIFESTYLE CO LTD -ADR,1836242,5990
VECT,VECTIVBIO HOLDING AG,1836379,2836
SRAD,SPORTRADAR GROUP AG,1836470,7370
VALN,VALNEVA SE,1836564,2836
LGCY,LEGACY EDUCATION INC,1836754,8200
PL,PLANET LABS PBC,1836833,8700
NVVE,NUVVE HOLDING CORP,1836875,3620
ZENV,ZENVIA INC,1836934,7372
BBAI,BIGBEAR.AI HOLDINGS INC,1836981,7370
SMRT,SMARTRENT INC,1837014,3829
SYM,SYMBOTIC INC,1837240,3569
SLGC,SOMALOGIC INC,1837412,3841
BNT,BROOKFIELD WEALTH SOLUTIONS,1837429,6399
IS,IRONSOURCE LTD,1837430,7370
IINN,INSPIRA TECH OXY BHN LTD,1837493,3841
AEON,AEON BIOPHARMA INC,1837607,2836
VMEO,VIMEO INC,1837686,7370
ZJYL,JIN MEDICAL INTRNATIONAL LTD,1837821,3842
BNAI,BRAND ENGAGEMENT NETWORK INC,1838163,7372
AUS,AUSTERLITZ ACQ CORP I,1838207,9995
APGB,APOLLO STRATEGI CAP II,1838337,9995
RGTI,RIGETTI COMPUTING INC,1838359,3674
BKV,BKV CORP,1838406,1311
YMM,FULL TRUCK ALLIANCE CO LTD,1838413,4731
ALTI,ALTI GLOBAL INC,1838615,6282
ADTH,ADTHEORENT HOLDING COM INC,1838672,7370
GNTA,GENENTA SCIENCE S.P.A.,1838716,2836
ZMENY,ZHANGMEN EDC INC -ADR,1838937,8200
RERE,ATRENEW INC  -ADR,1838957,5961
SPWR,SUNPOWER INC,1838987,3674
HCTI,HEALTHCARE TRIANGL INC,1839285,7371
CORZ,CORE SCIENTIFIC INC,1839341,7370
FAZE,FAZE HOLDINGS INC,1839360,7900
QTEKQ,QUALTEK SERVICES INC,1839412,1623
PYCR,PAYCOR HCM INC,1839439,7370
XBP,XBP GLOBAL HOLDINGS INC,1839530,7389
GETR,GETAROUND INC,1839608,4100
SLHGF,SKYLIGHT HEALTH GROUP INC,1839730,8011
GAMB,GAMBLING.COM GROUP LIMITED,1839799,7310
JBI,JANUS INTERNATIONL GROUP INC,1839839,3442
AONC,AMERICAN ONCOLOGY NETWRK INC,1839998,8011
WALD,WALDENCAST PLC,1840199,2844
INKT,MINK THERAPEUTICS INC,1840229,2836
XLO,XILIO THERAPEUTICS INC,1840233,2836
HLGN,HELIOGEN INC,1840292,3620
VEEA,VEEA INC,1840317,7370
SSM,SONO GROUP NV,1840416,3714
BMEA,BIOMEA FUSION INC,1840439,2836
TBLA,TABOOLA.COM LTD,1840502,7370
ELAB,PMGC HOLDINGS INC,1840563,2844
LUCK,LUCKY STRIKE ENTERTNMNT CORP,1840572,7900
VERV,VERVE THERAPEUTICS INC,1840574,2836
NFGC,NEW FOUND GOLD CORP,1840616,1040
SOPH,SOPHIA GENETICS SA,1840706,7370
LVTX,LAVA THERAPEUTICS N V,1840748,2836
HGTY,HAGERTY INC,1840776,6411
LOCL,LOCAL BOUNTI CORP,1840780,100
SOUN,SOUNDHOUND AI INC,1840856,7372
COCH,ENVOY MEDICAL INC,1840877,3842
BSLK,BOLT PROJECTS HOLDINGS INC,1841125,2860
PAY,PAYMENTUS HOLDINGS INC,1841156,7374
KTTA,PASITHEA THERAPEUTICS CORP,1841330,2836
CADL,CANDEL THERAPTCS INC,1841387,2836
DAVE,DAVE INC,1841408,6141
VGAS,VERDE CLEAN FUELS INC,1841425,2911
APA,APA CORP,1841666,1311
ARBK,ARGO BLOCKCHAIN PLC,1841675,7372
GROV,GROVE COLLABORATIVE HLDG INC,1841761,5961
NOGNQ,NOGIN INC,1841800,7370
INST,INSTRUCTURE HOLDINGS INC,1841804,7370
INDI,INDIE SEMICONDUCTOR INC,1841925,3674
PX,P10 INC,1841968,6282
DTM,DT MIDSTREAM INC,1842022,4922
OPAL,OPAL FUELS INC,1842279,5500
PETXQ,WAG GROUP CO,1842356,8900
EONR,EON RESOURCES INC,1842556,1311
AISP,AIRSHIP AI HOLDINGS INC,1842566,7372
IAS,INTEGRAL AD SCIENCE HOL CORP,1842718,7370
SMWB,SIMILARWEB LTD,1842731,7370
BZ,KANZHUN LIMITED,1842827,7361
XAGE,LONGEVITY HEALTH HLDINGS INC,1842939,2836
CNTX,CONTEXT THERAPEUTICS INC,1842952,2834
LIEN,CHICAGO ATLANTIC BDC INC,1843162,6797
YHC,LQR HOUSE INC,1843165,7311
KAHC,KKR ACQ HOLD I CORP,1843212,9995
VORBQ,VIRGIN ORBIT HOLDINGS INC,1843388,3480
OTLY,OATLY GROUP AB,1843586,2020
REE,REE AUTOMOTIVE LTD,1843588,3714
RMCO,ROYALTY MANAGEMENT HOLD CORP,1843656,8711
LNZA,LANZATECH GLOBAL INC,1843724,4950
EQRX,EQRX INC,1843762,2834
FLYX,FLYEXCLUSIVE INC,1843973,4522
SPEC,SPECTAIRE HOLDINGS INC,1844149,3826
THRN,THORNE HEALTHTECH INC,1844280,2834
MRAI,MARPAI INC,1844392,6411
ESLA,ESTRELLA IMMUNOPHARMA INC,1844417,2836
ELVA,ELECTROVAYA INC,1844450,3690
LUNR,INTUITIVE MACHINES INC,1844452,3760
QTIH,QT IMAGING HOLDINGS INC,1844505,3845
SLDP,SOLID POWER INC,1844862,3690
GREE,GREENIDGE GENERATIN HOLD INC,1844971,7370
BASE,COUCHBASE INC,1845022,7370
AMBP,ARDAGH METAL PACKAGING SA,1845097,3411
ANNA,ALEANNA INC,1845123,1311
LFST,LIFESTAN HLTH GRP INC,1845257,8093
MIC,MACQUARIE INFRASTR HOLD LLC,1845290,4924
DAWN,DAY ONE BIOPHARMACEUTCLS INC,1845337,2836
MNDY,MONDAY COM LTD,1845338,7370
NPWR,NET POWER INC,1845437,3510
NKGN,NKGEN BIOTECH INC,1845459,2836
CULL,CULLMAN BANCORP INC,1845799,6035
PAYO,PAYONEER GLBL INC,1845815,7389
TSAT,TELESAT CORP,1845840,4899
BLFY,BLUE FOUNDRY BANCORP,1846017,6036
NXDR,NEXTDOOR HOLDINGS INC,1846069,7370
OABI,OMNIAB INC,1846253,2836
SHCO,SOHO HOUSE & CO INC,1846510,7011
FIGS,FIGS INC,1846576,2300
WAVE,ECO WAVE POWER GLOBAL AB,1846715,4911
DLO,DLOCAL LIMITED,1846832,7389
PSQH,PSQ HOLDINGS INC,1847064,7370
SAIH,SAIHEAT LTD,1847075,7370
BCOW,1895 BANCORP OF WISCONSN INC,1847360,6035
ALMS,ALUMIS INC,1847367,2836
NECB,NORTHEAST COMMUNITY BANCORP,1847398,6036
HITI,HIGH TIDE INC,1847409,2834
WKME,WALKME LTD,1847584,7370
BWMN,BOWMAN CONSLTG GRP LTD,1847590,8711
GNS,GENIUS GROUP LTD,1847806,8200
EUDA,EUDA HEALTH HOLDINGS LTD,1847846,6531
BEEP,MOBILE INFRASTRUCTURE CORP,1847874,6519
CNTA,CENTESSA PHARMACEUTICALS PLC,1847903,2836
DFLI,DRAGONFLY ENERGY HLDNGS CORP,1847986,3600
TOP,TOP FINANCIAL GROUP LTD,1848275,6211
SGML,SIGMA LITHIUM CORP,1848309,1000
GDEV,GDEV INC,1848739,7372
RNW,RENEW ENERGY GLOBAL PLC,1848763,4911
AAGR,AFRICAN AGRICLTRE HLDNGS INC,1848898,100
OKLO,OKLO INC,1849056,4911
PMNT,PERFECT MOMENT LTD,1849221,2300
RYAN,RYAN SPECIALTY HOLDINGS INC,1849253,6411
OKYO,OKYO PHARMA LIMITED,1849296,2836
ONMD,ONEMEDNET CORP,1849380,7372
NEXN,NEXXEN INTERNATIONAL LTD,1849396,7310
TCBS,TEXAS COMMUNITY BANCSHAR INC,1849466,6036
DJT,TRUMP MEDIA & TECHNO GRP CRP,1849635,7370
PBBK,PB BANKSHARES INC,1849670,6036
KITT,NAUTICUS ROBOTICS INC,1849820,7359
STVN,STEVANATO GROUP S P A,1849853,8731
CLST,CATALYST BANCORP INC,1849867,6035
TBIO,TELESIS BIO INC,1850079,3826
IPSC,CENTURY THERAPEUTI INC,1850119,2836
HEPS,D MARKET ELEKTRONIK HIZMETLE,1850235,5961
AKLI,AKILI INC,1850266,7372
PROK,PROKIDNEY CORP,1850270,2836
TCBC,TC BANCSHARES INC,1850398,6035
MYNAY,MYNARIC AG,1850453,3812
OMGAQ,OMEGA THERAPEUTICS INC,1850838,2836
TKNO,ALPHA TEKNOVA INC,1850902,2836
OMIC,SINGULAR GENOM SYS INC,1850906,3826
ZETA,ZETA GLOBAL HOLDINGS CORP,1851003,7370
RSKD,RISKIFIED LTD,1851112,7370
VTYX,VENTYX BIOSCIENCES INC,1851194,2834
CTOR,CITIUS ONCOLOGY INC,1851484,2836
VAXX,VAXXINITY INC,1851657,2836
MFLTY,MISSFRESH LTD -ADR,1851682,5961
SMFL,SMART FOR LIFE INC,1851860,2834
GCTS,GCT SEMICONDUCTOR HOLDNG INC,1851961,3674
RKLYQ,ROCKLEY PHOTONICS HLDING LTD,1852117,3674
NXT,NEXTPOWER INC,1852131,3690
GXO,GXO LOGISTIC INC,1852244,4731
DC,DAKOTA GOLD CORP,1852353,1040
JZ,JIANZHI EDUC T G CO LTD -ADR,1852440,7370
NVA,NOVA MINERALS LTD,1852551,1040
PNSTQ,PINSTRIPES HOLDINGS INC,1852633,5812
MRT,MARTI TECHNOLOGIES INC,1852767,7510
BRLS,BOREALIS FOODS INC,1852973,2090
AERT,AERIES TECHNOLOGY INC,1853044,8742
EVCM,EVERCOMMERCE INC,1853145,7370
MCW,MISTER CAR WASH INC,1853513,7500
ATAT,ATOUR LIFESTYLE HLD LTD -ADS,1853717,7011
DRMA,DERMATA THERAPEUTICS INC,1853816,2836
DTCX,DATACENTREX INC,1853825,7370
ERO,ERO COPPER CORP,1853860,1000
IAUX,I-80 GOLD CORP,1853962,1040
ZVIA,ZEVIA PBC,1854139,2086
EGLXF,ENTHUSIAST GAMING HLD INC,1854233,7372
SNTI,SENTI BIOSCIENCES INC,1854270,2836
ZCAR,ZOOMCAR HOLDINGS INC,1854275,7510
DGXX,DIGI POWER X INC,1854368,7370
BRDG,BRIDGE INV GRP HLD INC,1854401,6200
VRAR,GLIMPSE GROUP INC(THE),1854445,7371
DEVS,DEVVSTREAM CORP,1854480,8900
DDL,DINGDONG (CAYMAN) LIMITED,1854545,5961
IZM,ICZOOM GROUP INC,1854572,5961
CAUD,COLLECTIVE AUDIENCE INC,1854583,7310
CLBT,CELLEBRITE DI LTD,1854587,7370
CGAU,CENTERRA GOLD INC,1854640,1040
SHFS,SHF HOLDINGS INC,1854963,6159
GHRS,GH RESEARCH PLC,1855129,2834
CTNM,CONTINEUM THERAPEUTICS INC,1855175,2834
TYGO,TIGO ENERGY INC,1855447,3690
KORE,KORE GROUP HOLDINGS INC,1855457,4812
MOBX,MOBIX LABS INC,1855467,3674
AIRJ,AIRJOULE TECHNOLOGIES CORP,1855474,3585
CLDI,CALIDI BIOTHERAPEUTICS INC,1855485,2836
VEEE,TWIN VEE POWERCATS CO,1855509,3730
HLP,HONGLI GROUP INC,1855557,3310
GRAB,GRAB HOLDINGS LIMITED,1855612,4210
AWIN,AERWINS TECHNOLOGIES INC,1855631,3721
ZURA,ZURA BIO LIMITED,1855644,2836
BLND,BLEND LABS INC,1855747,7370
LILMF,LILIUM N V,1855756,4522
SDIG,STRONGHOLD DIGITAL MININ INC,1856028,7372
SEAT,VIVID SEATS INC,1856031,7990
RDGT,RIDGETECH INC,1856084,5122
EWCZ,EUROPEAN WAX CENTER INC,1856236,7200
YOU,CLEAR SECURE INC,1856314,7370
FINW,FINWISE BANCORP,1856365,6020
SNPO,SNAP ONE HOLDINGS CORP,1856430,3651
VSCO,VICTORIAS SECRET AND CO,1856437,5621
SLVM,SYLVAMO CORP,1856485,2621
CNM,CORE & MAIN INC,1856525,5070
SOVO,SOVOS BRANDS INC,1856608,2030
RANI,RANI THERAPET HOLD INC,1856725,2836
INCR,INTERCURE LTD,1857030,2834
INDP,INDAPTUS THERAPEUTICS INC,1857044,2836
TRUG,TRUGOLF HOLDINGS INC,1857086,3944
DNUT,KRISPY KREME INC,1857154,5400
NYXH,NYXOAH S A,1857190,3841
DOLE,DOLE PLC,1857475,2030
GCT,GIGACLOUD TECHNOLOGY INC,1857816,5961
COOK,TRAEGER INC,1857853,3630
WEBR,WEBER INC,1857951,3630
AVDX,AVIDXCHANGE HOLDINGS INC,1858257,7389
APO,APOLLO GLOBAL MGMT INC,1858681,6282
BFRI,BIOFRONTERA INC,1858685,2834
FLX,BINGEX LTD -ADR,1858724,4210
TNYA,TENAYA THERAPEUTICS INC,1858848,2836
ONON,ON HOLDING AG,1858985,3140
ZVSA,ZYVERSA THERAPEUTICS INC,1859007,2836
AIRE,REALPHA TECH CORP,1859199,7372
HRT,HIRERIGHT HOLDING CORP,1859285,7361
CZOOF,CAZOO GROUP LTD,1859639,5961
ARQQ,ARQIT QUANTUM INC,1859690,7370
NVX,NOVONIX LTD,1859795,3825
CDRE,CADRE HOLDINGS INC,1860543,3480
ALLR,ALLARITY THERAPEUT INC,1860657,2836
BLCO,BAUSCH & LOMB CORP,1860742,3851
TSVT,2SEVENTY BIO INC,1860782,2836
ASTL,ALGOMA STEEL GROUP INC,1860805,3312
TVGN,TEVOGEN BIO HOLDINGS INC,1860871,2836
CBLL,CERIBELL INC,1861107,3845
ILLMF,ILLUMIN HOLDINGS INC,1861233,7370
BRDSQ,BIRD GLOBAL INC,1861449,4100
PIKM,KIDPIK CORP,1861522,5961
NUVL,NUVALENT INC,1861560,2836
JTAI,JET.AI INC,1861622,4522
THAR,THARIMMUNE INC,1861657,2836
HSAI,HESAI GROUP,1861737,3714
DH,DEFINITIVE HEALTH CORP,1861795,7370
ARBE,ARBE ROBOTICS LTD,1861841,3812
ECX,ECARX HOLDINGS INC,1861974,3714
ZKH,ZKH GROUP LTD -ADR,1862044,5000
RBTC,RUBICON TECHNOLOGS INC,1862068,7370
CING,CINGULATE INC,1862150,2834
REAX,REAL BROKERAGE INC (THE),1862461,6531
AMOD,ALPHA MODUS HOLDINGS INC,1862463,7372
DCFCQ,TRITIUM DCFC LTD,1862490,3690
CURR,CURRENC GROUP INC,1862935,7389
VLN,VALENS SEMICONDUCTOR LTD,1863006,3674
ESMT,ENGAGESMART LLC,1863105,7370
TYRA,TYRA BIOSCIENCES INC,1863127,2836
SFWL,SHENGFENG DEVELOPMENT LTD,1863218,4731
PROCF,SOFGEN PHARMA SA,1863362,2834
ADUR,ADURO CLEAN TECHNOLOGIES INC,1863934,3580
MSAI,MULTISENSOR AI HOLDINGS INC,1863990,3823
ABTS,ABITS GROUP INC,1864055,7370
INTR,INTER & CO INC,1864163,6020
WEJOF,WEJO GROUP LTD,1864448,7370
VSEE,VSEE HEALTH INC,1864531,7372
FGI,FGI INDUSTRIES LTD,1864943,5070
AKA,A.K.A. BRAND HOLD CORP,1865107,5961
LSDIF,LUCY SCIENTIFIC DISCOVRY INC,1865127,2834
ARIS,ARIS WATER SOLUTIN INC,1865187,1389
EXAI,EXSCIENTIA PLC,1865408,2836
REUN,REUNION NEUROSCIENCE INC,1865482,2836
IOBT,IO BIOTECH INC,1865494,2836
ZEO,ZEO ENERGY CORP,1865506,1700
NN,NEXTNAV INC,1865631,7370
BTSG,BRIGHTSPRING HEALTH SVCS INC,1865782,8082
AZ,A2Z CUST2MATE SOLUTIONS CORP,1866030,3537
CRGY,CRESCENT ENERGY CO,1866175,1311
CWAN,CLEARWATER ANA HOL INC,1866368,7370
BBLNF,BABYLON HOLDINGS LTD,1866390,8090
WBX,WALLBOX NV,1866501,3690
TWKS,THOUGHTWORKS HOLDG INC,1866550,7371
BROS,DUTCH BROS INC,1866581,5812
CCSI,CONSENSUS CLOUD SOLUTION INC,1866633,7370
AMPL,AMPLITUDE INC,1866692,7370
BRLT,BRILLIANT EARTH GP INC,1866757,5944
CDRO,CODERE ONLINE LUXEMBOURG SA,1866782,7990
OPTX,SYNTEC OPTICS HOLDINGS INC,1866816,3679
DERM,JOURNEY MEDICAL CORPO,1867066,2834
KD,KYNDRYL HOLDINGS INC,1867072,7370
XERS,XERIS BIOPHARMA HOLDINGS INC,1867096,2834
EVTL,VERTICAL AEROSPACE LTD,1867102,3721
GET,GETNET ADQUIRENCIA E,1867325,7374
WRD,WERIDE INC,1867729,3711
CANPY,CIAN PLC,1867752,7370
BRAG,BRAGG GAMING GROUP,1867834,7990
REFI,CHICAGO ATLANTIC REA E F INC,1867949,6798
LINE,LINEAGE INC,1868159,6798
CEG,CONSTELLATION ENE CORP,1868275,4911
AVBP,ARRIVENT BIOPHARMA INC,1868279,2836
YIBO,PLANET IMAGE INTERNATION LTD,1868395,3861
RDZN,ROADZEN INC,1868640,7372
OLPX,OLAPLEX HOLDINGS INC,1868726,2844
INFA,INFORMATICA INC,1868778,7370
ENFN,ENFUSION INC,1868912,7370
FLNC,FLUENCE ENERGY INC,1868941,3690
CINT,CI&T INC,1868995,7371
LTH,LIFE TIME GRP HOLD INC,1869198,7990
SVRN,OCEANPAL INC,1869467,4412
SSUNF,SIGNA SPORTS UNITED NV,1869858,5961
OCEA,OCEAN BIOMEDICAL INC,1869974,2836
CDIO,CARDIO DIAGNOSTICS HOLDI INC,1870144,2835
CERO,CERO THERAPEUTICS HLDGS INC,1870404,2836
SBDS,SOLO BRANDS INC,1870600,3949
AIRS,AIRSCULPT TECHNOLO INC,1870940,8000
LYLTQ,LOYALTY VENTURES INC,1870997,7389
BBUC,BROOKFIELD BUSINESS CORP,1871130,9997
RGFC,THE REAL GOOD FOOD CO INC,1871149,2030
DRTS,ALPHA TAU MEDICAL LTD,1871321,3841
PTLO,PORTILLO'S INC,1871509,5812
ICLTF,GREENFIRST FOREST PRDCTS INC,1871688,2421
ANGH,ANGHAMI INC,1871983,7389
YXT,YXT.COM GRP HOLDING LTD -ADR,1872090,7370
NA,NANO LABS LTD,1872302,3674
MKULQ,MOLEKULE GROUP INC,1872356,3564
SWAG,STRAN & COMPANY INC,1872525,7311
MDXH,MDXHEALTH SA,1872529,2835
EMBC,EMBECTA CORP,1872789,3842
TCBPY,TC BIOPHARM HOLDINGS PLC,1872812,2836
MTEK,MARIS-TECH LTD,1872964,3829
GDTC,CYTOMED THERAPEUTICS LIMITED,1873093,2836
PGRU,PROPERTYGURU GROUP LIMITED,1873331,7370
KLC,KINDERCARE LEARNG COMPNI INC,1873529,8351
IMMX,IMMIX BIOPHARMA INC,1873835,2836
IXHL,INCANNEX HEALTHCARE INC,1873875,2834
ONL,ORION OFFICE REIT INC,1873923,6798
PDLB,PONCE FINANCIAL GROUP INC,1874071,6035
MMVVF,MULTIMETAVERSE HOLDINGS LTD,1874074,7812
CYN,CYNGN INC,1874097,7370
RIVN,RIVIAN AUTOMOTIVE INC,1874178,3711
MYNZ,MAINZ BIOMED N V,1874252,2835
SATL,SATELLOGIC INC,1874315,3663
ALLGF,ALLEGO N V,1874474,5500
HOUR,HOUR LOOP INC,1874875,5961
VCSA,VACASA INC,1874944,7000
NRSN,NEUROSENSE THERAPEUTICS LTD,1875091,2836
ARHS,ARHAUS INC,1875444,5712
LCFY,LOCAFY LTD,1875547,7370
NVCT,NUVECTIS PHARMA INC,1875558,2836
SWVL,SWVL HOLDINGS CORP,1875609,4100
IHS,IHS HOLDING LIMITED,1876183,4813
PRE,PRENETICS GLOBAL LTD,1876431,8071
IMPP,IMPERIAL PETE INC,1876581,4412
ZIMV,ZIMVIE INC,1876588,3843
LICN,LICHEN INTERNATIONAL LTD,1876766,8721
ESAB,ESAB CORP,1877322,3540
THCH,TH INTERNATIONAL LIMITED,1877333,5812
ZGN,ERMENEGILDO ZEGNA N V,1877787,2320
CTM,CASTELLUM INC,1877939,7371
SGHC,SUPER GROUP (SGHC) LTD,1878057,7990
MAIA,MAIA BIOTECHNOLOGY INC,1878313,2836
IREN,IREN LIMITED,1878848,7374
DOUG,DOUGLAS ELLIMAN INC,1878897,6531
IE,IVANHOE ELECTRIC INC,1879016,1000
CFSB,CFSB BANCORP INC,1879103,6035
ADSE,ADS TEC ENERGY PLC,1879248,3690
GTIJF,GRAPHJET TECHNOLOGY,1879373,3620
LRHC,LA ROSA HOLDINGS CORP,1879403,6531
SIDU,SIDUS SPACE INC,1879726,3760
EHGO,ESHALLGO INC,1879754,5040
PEVM,PHOENIX MOTOR INC,1879848,3711
PRM,PERIMETER SOLUTIONS INC,1880319,2810
AMZE,AMAZE HOLDINGS INC,1880343,2084
VHAI,VOCODIA HOLDINGS CORP,1880431,7372
ANTX,AN2 THERAPEUTICS INC,1880438,2834
DRCT,DIRECT DIGITAL HOLDINGS INC,1880613,7311
TPG,TPG INC,1880661,6200
SOAR,VOLATO GROUP INC,1881172,4522
MEGL,MAGIC EMPIRE GLOBAL LTD,1881472,6211
ACDC,PROFRAC HOLDING CORP,1881487,1389
STI,SOLIDION TECHNOLOGY INC,1881551,3690
NSTS,NSTS BANCORP INC,1881592,6035
SSCC,SPIRITS CAP CORP,1881767,5961
ALPSQ,ALPINE SUMMIT ENGY PTNRS INC,1882607,1311
PGY,PAGAYA TECHNOLOGIES LTD,1883085,7370
SVV,SAVERS VALUE VILLAGE INC,1883313,5900
DKNG,DRAFTKINGS INC,1883685,7990
DHAI,DIH HOLDING US INC,1883788,3845
SLND,SOUTHLAND HOLDINGS INC,1883814,1600
JEWL,ADAMAS ONE CORP,1884072,3911
PSNY,POLESTAR AUTOMOTIVE HOLDING,1884082,3711
DTI,DRILLING TOOLS INTERNAT CORP,1884516,7359
STRYQ,STARRY GROUP HOLDINGS INC,1884697,4899
THLLY,THALES SA,1884735,3812
JFBR,JEFFS BRANDS LTD,1885408,5961
NMRA,NEUMORA THERAPEUTICS INC,1885522,2834
VRAX,VIRAX BIOLABS GROUP LTD,1885827,2835
GGR,GOGORO INC,1886190,3751
MGAM,MOBILE GLOBAL ESPORTS INC,1886362,7900
BGXXQ,BRIGHT GREEN CORP,1886799,2833
SNAL,SNAIL INC,1886894,7372
WLDS,WEARABLE DEVICES LTD,1887673,3577
SHIM,SHIMMICK CORP,1887944,1600
HLVX,HILLEVAX INC,1888012,2836
AKAN,AKANDA CORP,1888014,5122
FMTOF,FEMTO TECHNOLOGIES INC,1888151,7372
EE,EXCELERATE ENERGY INC,1888447,4922
UBXG,U-BX TECHNOLOGY LTD,1888525,7370
FEAM,5E ADVANCED MATERIALS INC,1888654,1400
GPCR,STRUCTURE THERAPEUTICS  -ADR,1888886,2834
LRE,LEAD REAL ESTATE CO LTD -ADR,1888980,1531
BLTE,BELITE BIO INC -ADR,1889109,2836
CRBG,COREBRIDGE FINANCIAL INC,1889539,6311
DFSC,DEFSEC TECHNOLOGIES INC,1889823,7372
OS,ONESTREAM INC,1889956,7370
BRCC,BRC INC,1891101,2090
GENK,GEN RESTAURANT GROUP INC,1891856,5812
PMEC,PRIMECH HOLDINGS LTD,1891944,4950
GV,VISIONARY HOLDINGS INC,1892274,6512
MSS,MAISON SOLUTIONS INC,1892292,5411
HTCR,HEARTCORE ENTERPRISES INC,1892322,7370
HPCO,HEMPACCO CO INC,1892480,2111
ORBS,EIGHTCO HOLDINGS INC,1892492,6153
CMND,CLEARMIND MEDICINE INC,1892500,2834
LUXHQ,LUXURBAN HOTELS INC,1893311,6513
SGE,STRONG GLOBAL ENTERTNMNT INC,1893448,3861
PLRZ,POLYRIZON LTD,1893645,2836
PRME,PRIME MEDICINE INC,1894562,2836
SVRE,SAVERONE 2014 LTD,1894693,3829
XPON,EXPION360 INC,1894954,3690
CNTM,CONNECTM TECHNOLOGY SOLUTION,1895249,3640
NE,NOBLE CORP PLC,1895262,1381
ICG,INTCHAINS GROUP LTD  -ADR,1895597,3674
GXAI,GAXOS.AI INC,1895618,7372
STIXF,SEMANTIX INC,1896049,7370
IONR,IONEER LTD,1896084,1000
CDT,CDT EQUITY INC,1896212,2834
LBGJ,LI BANG INTERNATINL CORP INC,1896425,3550
SUPX,SUPERX AI TECHNOLOGY LTD,1897087,7389
HWH,HWH INTERNATIONAL INC,1897245,7370
GRAF,GRAF GLOBAL CORP,1897463,9995
INGM,INGRAM MICRO HOLDING CORP,1897762,5045
AZPN,ASPEN TECHNOLOGY INC,1897982,7372
ALVO,ALVOTECH,1898416,2836
SGN,SIGNING DAY SPORTS INC,1898474,7370
GETY,GETTY IMAGES HOLDINGS INC,1898496,7389
IPX,IPERIONX LIMITED,1898601,1090
VSTD,VESTAND INC,1898604,5812
MOB,MOBILICOM LTD,1898643,3669
TPET,TRIO PETROLEUM CORP,1898766,1311
LVWR,LIVEWIRE GROUP INC,1898795,3751
BMR,BEAMR IMAGING LTD,1899005,7372
BTDR,BITDEER TECHNOLOGIES GROUP,1899123,7374
AMPX,AMPRIUS TECHNOLOGIES INC,1899287,3690
WLGSF,WANG & LEE GROUP INC,1899658,1700
PERF,PERFECT CORP,1899830,7370
FIP,FTAI INFRASTRUCTURE INC,1899883,4013
HLN,HALEON PLC,1900304,2834
BNRG,BRENMILLER ENERGY LTD,1901215,3690
NYAX,NAYAX LTD,1901279,7370
FRZA,FORZA X1 INC,1901305,3730
ULS,UL SOLUTIONS INC,1901440,8734
USCB,USCB FINANCIAL HOLDINGS INC,1901637,6020
BTM,BITCOIN DEPOT INC,1901799,7374
MPTI,M-TRON INDUSTRIES INC,1902314,3679
NCNO,NCINO INC,1902733,7370
GRRR,GORILLA TECHNOLOGY GROUP INC,1903145,7372
BHM,BLUEROCK HOMES TRST INC,1903382,6798
AFRI,FORAFRIC AGRO HOLDINGS LTD,1903870,2040
MGIH,MILLENNIUM GP INTL HLNGS LTD,1903995,2650
MIRA,MIRA PHARMACEUTICALS INC,1904286,2834
ZTEK,ZENTEK LTD,1904501,3842
EFXT,ENERFLEX LTD,1904856,3533
JCSE,JE CLEANTECH HOLDINGS LTD,1905511,3580
HUBC,HUB CYBER SECURITY (ISRAEL),1905660,7370
GLXG,GALAXY PAYROLL GROUP LTD,1905920,8721
TGL,TREASURE GLOBAL INC,1905956,7371
ICCT,ICORECONNECT INC,1906133,7370
QDEL,QUIDELORTHO CORP,1906324,2835
ODD,ODDITY TECH LTD,1907085,2844
LXEO,LEXEO THERAPEUTICS INC,1907108,2836
ELBM,ELECTRA BATTERY MATERIALS CO,1907184,1040
KLTO,KLOTHO NEUROSCIENCES INC,1907223,2836
CMRA,COMERA LIFE SCIENCES HLD INC,1907685,2836
VOXR,VOX ROYALTY CORP,1907909,1090
QBTS,DWAVE QUANTUM INC,1907982,7370
GLE,GLOBAL ENGINE GROUP HLDG LTD,1908705,7370
SLNAF,SELINA HOSPITALITY PLC,1909417,7000
MBLY,MOBILEYE GLOBAL INC,1910139,7372
RCM,R1 RCM INC,1910851,8741
GITS,GLOBAL INTERACTIVE TECHN INC,1911545,7370
AIEV,THUNDER POWER HOLDINGS INC,1912582,3711
USEA,UNITED MARITIME CORP,1912847,4412
BRSHF,BRUUSH ORAL CARE INC,1913210,3634
VFS,VINFAST AUTO LTD,1913510,3711
GMM,GLOBAL MOFY AI LTD,1913749,7812
CNCK,COINCHECK GROUP NV,1913847,6200
BPRN,PRINCETON BANCORP INC,1913971,6020
ECBK,ECB BANCORP INC,1914605,6020
BANL,CBL INTERNATIONAL LTD,1914805,4400
STBXF,STARBOX GROUP HOLDINGS LTD,1914818,7311
SATX,SATIXFY COMMUNICATIONS LTD,1915403,3663
DINO,HF SINCLAIR CORP,1915657,2911
PRZO,PARAZERO TECHNOLOGIES LTD,1916241,3829
NCI,NEO-CONCEPT INTL GRP HLD LTD,1916331,2300
INTJ,INTELLIGENT GROUP LTD,1916416,8700
PTHS,PELTHOS THERAPEUTICS INC,1919246,2836
GELS,GELTEQ LTD,1920092,2834
RZLV,REZOLVE AI PLC,1920294,7372
ASST,STRIVE INC,1920406,7311
FUFU,BITFUFU INC,1921158,7370
ASPI,ASP ISOTOPES INC,1921865,2810
ATMU,ATMUS FILTRATION TECHNLS INC,1921963,3714
LANV,LANVIN GROUP HOLDINGS LTD,1922097,2300
SYRA,SYRA HEALTH CORP,1922335,7363
DEC,DIVERSIFIED ENERGY CO,1922446,1311
ENLT,ENLIGHT RENEWABLE ENERGY,1922641,4911
ECDA,ECD AUTOMOTIVE DESIGN INC,1922858,3711
NCL,NORTHANN CORP,1923780,3089
THRD,THIRD HARMONIC BIO INC,1923840,2836
NNE,NANO NUCLEAR ENERGY INC,1923891,3443
IBG,INNOVATION BEVERAG GROUP LTD,1924482,2085
SFHG,SAMFINE CREATION HLD GRP LTD,1926792,2750
OBULF,ONE BULLION LTD,1927026,1040
CRGO,FREIGHTOS LTD,1927719,7370
GDHG,GOLDEN HEAVEN GROUP HOLD LTD,1928340,7996
GRNT,GRANITE RIDGE RESOURCES INC,1928446,1311
FTEL,FITELL CORP,1928581,5961
HTCO,HIGH-TREND INTERNATIONAL GRP,1928948,4412
RXO,RXO INC,1929561,4731
WOK,WORK MED TECHNOLOGY GROP LTD,1929783,3842
HOVR,NEW HORIZON AIRCRAFT LTD,1930021,3721
ARBB,ARB IOT GROUP LTD,1930179,7373
SBC,SBC MEDICAL GROUP HLDNGS INC,1930313,8742
VCIG,VCI GLOBAL LTD,1930510,8742
CCTG,CCSC TECHNOLOGY INTL HOL LTD,1931717,3678
LOBO,LOBO TECHNOLOGIES LTD,1932072,3751
GEHC,GE HEALTHCARE TECHNOLOGI INC,1932393,3845
AIIO,ROBO AI INC,1932737,3711
HERE,HERE GROUP LTD,1932770,8200
MLYS,MINERALYS THERAPEUTICS INC,1933414,2836
NRXS,NEURAXIS INC,1933567,3841
INEO,INNEOVA HOLDINGS LTD,1933951,5013
OSAPQ,PROSOMNUS INC,1934064,3841
NWTG,NEWTON GOLF COMPANY INC,1934245,3949
MDBH,MDB CAPITAL HOLDINGS LLC,1934642,6211
FG,F&G ANNUITIES & LIFE INC,1934850,6311
AIXI,XIAO-I CORP -ADR,1935172,7372
FMST,FOREMOST CLEAN ENERGY LTD,1935418,1000
BHVN,BIOHAVEN LTD,1935979,2836
SRFM,SURF AIR MOBILITY INC,1936224,4512
NAMS,NEWAMSTERDAM PHARMA COMPANY,1936258,2836
SDA,SUNCAR TECHNOLOGY GROUP INC,1936804,7500
AMBIQ,AMBIPAR EMERGENCY RESPONSE,1937441,4950
ZYME,ZYMEWORKS INC,1937653,2836
MLEC,MOOLEC SCIENCE SA,1937737,2836
BAM,BROOKFIELD ASSET MANAG LTD,1937926,6282
FBYD,FALCON'S BEYOND GLOBAL INC,1937987,8700
CVKD,CADRENAL THERAPEUT INC,1937993,2836
MGRX,MANGOCEUTICALS INC,1938046,2834
PAPL,PINEAPPLE FINANCIAL INC,1938109,6163
JYD,JAYUD GLOBAL LOGISTICS LTD,1938186,4731
WAI,TOP KINGWIN LTD,1938865,6211
IVP,INSPIRE VETERINARY PRTNS INC,1939365,8060
UCAR,U POWER LTD,1939780,3559
SLMT,BRERA HOLDINGS PLC,1939965,7900
PODC,PODCASTONE INC,1940177,7370
SMX,SMX (SECURITY MATTERS) PLC,1940674,3829
MFI,MF INTERNATIONAL LTD,1940941,6211
TORO,TORO CORP,1941131,4412
MBC,MASTERBRAND INC,1941365,2430
MWG,MULTI WAYS HOLDINGS LTD,1941500,5082
ZJK,ZJK INDUSTRIAL CO LTD,1941506,3452
BAER,BRIDGER AEROSPACE GP HLD INC,1941536,7389
SVCO,SILVACO GROUP INC,1943289,7372
TRSG,TUNGRAY TECHNOLOGIES INC,1943444,3559
FSEA,FIRST SEACOAST BANCORP INC,1943802,6035
RBRK,RUBRIK INC,1943896,7372
CR,CRANE CO,1944013,3490
KVUE,KENVUE INC,1944048,2840
CLCO,COOL COMPANY LTD,1944057,4400
ELWS,EARLY WORKS CO LTD -ADS,1944399,7371
ANL,ADLAI NORTYE LTD,1944552,2836
VTS,VITESSE ENERGY INC,1944558,1311
APLM,APOLLOMICS INC,1944885,2836
OMH,OHMYHOME LTD,1944902,6531
ROMA,ROMA GREEN FINANCE LTD,1945240,8742
HUHU,HUHUTECH INTERNATIONAL GROUP,1945415,8711
LVRO,LAVORO LTD,1945711,5190
SYTTY,SYLA HOLDINGS CO LTD,1946216,6531
LSBCF,LAKESHORE BIOPHARMA CO LTD,1946399,2836
SXTP,60 DEGREES PHARMACEUTICA INC,1946563,2834
NAKA,KINDLY MD INC,1946573,8093
WBUY,WEBUY GLOBAL LTD,1946703,5400
ROLR,HIGH ROLLER TECHNOLOGIES INC,1947210,7990
USGO,US GOLDMINING INC,1947244,1000
ANZGY,ANZ GROUP HOLDINGS LIMITED,1947559,6020
NMHI,NATURE'S MIRACLE HOLDING INC,1947861,3523
MTEN,MINGTENG INTERNATL CORP INC,1948099,3714
NWGL,CL WORKSHOP GROUP LTD -ADR,1948294,2400
JL,J-LONG GROUP LTD,1948436,5130
RAY,RAYTECH HOLDING LTD,1948443,5065
ISPR,ISPIRE TECHNOLOGY INC,1948455,2111
SPPL,SIMPPLE LTD,1948697,5084
HCWC,HEALTHY CHOICE WELLNESS CORP,1948864,5411
GPAK,GAMER PAKISTAN INC,1948884,7900
RADX,RADIOPHARM THERANOSTICS LTD,1949257,2836
DTCK,DAVIS COMMODITIES LTD,1949478,5140
STR,SITIO ROYALTIES CORP,1949543,1311
MTAL,MAC COPPER LIMITED,1950246,1000
CISS,C3IS INC,1951067,4400
CRML,CRITICAL METALS CORP,1951089,1400
LAES,SEALSQ CORP,1951222,3674
RITR,REITAR LOGTECH HOLDINGS LTD,1951229,1540
SRBK,SR BANCORP INC,1951276,6020
VSME,VS MEDIA HOLDINGS LTD,1951294,7370
CTNT,CHEETAH NET SUPLY CN SER INC,1951667,4731
MSGE,MADISON SQUA GARDEN ENT CORP,1952073,7900
MAMO,MASSIMO GROUP,1952853,3790
NLOP,NET LEASE OFFICE PROPERTIES,1952976,6798
MPU,MEGA MATRIX INC,1953021,7822
STHO,STAR HOLDINGS,1953366,6552
OCS,OCULIS HOLDING AG,1953530,2836
CNL,COLLECTIVE MINING LTD,1953575,1000
ZBIO,ZENAS BIOPHARMA INC,1953926,2836
BCG,BINAH CAPITAL GROUP INC,1953984,6200
ZK,ZEEKR INTELLIGENT TECH HOLD,1954042,3711
GSIW,GARDEN STAGE LTD,1954269,6211
HAO,HAOXI HEALTH TECHNOLOGY LTD,1954594,7311
LGCL,LUCAS GC LTD,1954694,7361
ZAPPF,ZAPP ELECTRIC VEHICLES LTD,1955104,3751
KNF,KNIFE RIVER CORP,1955520,1400
MSW,MING SHING GROUP HOLDING LTD,1956166,1700
ZONE,CLEANCORE SOLUTIONS INC,1956741,3580
TRON,TRON INC,1956744,3944
UMAC,UNUSUAL MACHINES INC,1956955,3728
FEBO,FENBO HOLDINGS LTD,1957001,3634
SN,SHARKNINJA INC,1957132,3630
EXTOY,ALMACENES EXITO SA,1957146,5399
DCX,DIGITAL CURRENCY X TECHN INC,1957413,3711
ABLV,ABLE VIEW GLOBAL INC,1957489,8742
ESGL,ESGL HOLDINGS LTD,1957538,4950
CLB,CORE LABORATORIES INC,1958086,1389
BATRK,ATLANTA BRAVES HOLDINGS INC,1958140,7900
LZM,LIFEZONE METALS LTD,1958217,1000
MI,NFT LTD,1958713,7370
FBLG,FIBROBIOLOGICS INC,1958777,2836
RENX,RENX ENTERPRISES CORP,1959023,6552
AXG,SOLOWIN HOLDINGS,1959224,6282
KLG,WK KELLOGG CO,1959348,2040
HSHP,HIMALAYA SHIPPING LTD,1959455,4412
AZI,AUTOZI INTERNET TECHN GLOBL,1959726,5500
COOT,AUSTRALIAN OILSEEDS HLDG LTD,1959994,2070
VEOEY,VEOLIA ENVIRONNEMENT S A,1961017,4941
INHD,INNO HOLDINGS INC,1961847,5045
KAPA,KAIROS PHARMA LTD,1962011,2836
BOF,BRANCHOUT FOOD INC,1962481,2090
CASI,CASI PHARMACEUTICALS INC,1962738,2834
LOT,LOTUS TECHNOLOGY INC,1962746,3711
PXDT,PIXIE DUST TECHNOLOGIES -ADR,1962845,8731
SLRN,ACELYRIN INC,1962918,2836
TURB,TURBO ENERGY SA,1963439,3690
RR,RICHTECH ROBOTICS INC,1963685,3580
NCNCF,NOCO-NOCO INC,1964021,3690
JBDI,JBDI HOLDINGS LTD,1964314,3089
BHRB,BURKE HERBERT FINL SRVS CORP,1964333,6020
ARMN,ARIS MINING CORP,1964504,1040
VSTTF,VAST RENEWABLES LTD,1964630,1600
ORIS,ORIENTAL RISE HOLDINGS LTD,1964664,2090
SOLV,SOLVENTUM CORP,1964738,3842
HUT,HUT 8 CORP,1964789,7374
ECO,OKEANIS ECO TANKER,1964954,4412
ALUR,ALLURION TECHNOLOGIES INC,1964979,3841
FTRE,FORTREA HOLDINGS INC,1965040,8731
CCG,CHECHE GROUP INC,1965473,6411
NIPG,NIP GROUP INC -ADR,1966233,7900
GFR,GREENFIRE RESOURCES LTD,1966287,1311
CRGX,CARGO THERAPEUTICS INC,1966494,2836
ZDAI,DIRECTBOOKING TCHNLGY CO LTD,1966678,4210
ZBAO,ZHIBAO TECHNOLOGY INC,1966750,6411
LAC,LITHIUM AMERICAS CORP,1966983,1400
ATGL,ALPHA TECHNOLOGY GROUP LTD,1967621,7371
NAMI,JINXIN TECHNO HOLDNG CO -ADR,1967631,8200
VSTS,VESTIS CORP,1967649,7200
VLTO,VERALTO CORP,1967680,3826
WS,WORTHINGTON STEEL INC,1968487,3310
PHIN,PHINIA INC,1968915,3714
PONY,PONY AI INC,1969302,7372
VTMX,CORPORACION INMOBILIARIA VES,1969373,6510
LGCB,LINKAGE GLOBAL INC,1969401,5961
SUGP,SU GROUP HOLDINGS LTD,1969863,7380
PTHL,PHETON HOLDINGS LTD,1970544,7372
RYDE,RYDE GROUP LTD,1971115,4100
SBGI,SINCLAIR INC,1971213,4833
NXUR,NXU INC,1971382,3690
TELO,TELOMIR PHARMACEUTICALS INC,1971532,2834
QMMM,QMMM HOLDINGS LTD,1971542,7311
MURA,MURAL ONCOLOGY PLC,1971543,2836
LNKS,LINKERS INDUSTRIES LTD,1972074,3690
BTOC,ARMLOGI HOLDING CORP,1972529,4731
ARM,ARM HOLDINGS PLC,1973239,3674
TKO,TKO GROUP HOLDINGS INC,1973266,7900
SVUHF,SRIVARU HOLDING LTD,1973368,3751
AU,ANGLOGOLD ASHANTI PLC,1973832,1040
NATL,NCR ATLEOS CORP,1974138,7389
APGE,APOGEE THERAPEUTICS INC,1974640,2836
FLYE,FLY-E GROUP INC,1975940,3751
SYNX,SILYNXCOM LTD,1976443,3661
MNDR,MOBILE-HEALTH NETWORK SOLTNS,1976695,8000
JDZG,JIADE LTD,1976908,8200
BIRK,BIRKENSTOCK HOLDING PLC,1977102,3140
ALTM,RIO TINTO LITHIUM,1977303,2810
TWG,TOP WEALTH GROUP HOLDING LTD,1978057,2090
GVH,GLOBAVEND HOLDINGS LTD,1978527,4731
GOVB,GOUVERNEUR BANCORP INC,1978811,6035
CDLR,CADELER A/S,1978867,1600
TBBB,BBB FOODS INC,1978954,5411
NBBK,NB BANCORP INC,1979330,6020
CPBI,CENTRAL PLAINS BANCSHARS INC,1979332,6035
ORKT,ORANGEKLOUD TECHNOLOGY INC,1979407,7370
XCH,XCHG LTD -ADR,1979887,3620
MNR,MACH NATURAL RESOURCES LP,1980088,1311
ENGN,ENGENE HOLDINGS INC,1980845,2836
LDTCF,LEDDARTECH HOLDINGS INC,1981462,7372
MMA,MIXED MARTIAL ARTS GROUP LTD,1981519,7900
SBET,SHARPLINK GAMING INC,1981535,7990
CTRI,CENTURI HOLDINGS INC,1981599,1623
NIVF,NEWGENIVF GROUP LTD,1981662,8090
HHH,HOWARD HUGHES HOLDINGS INC,1981792,6552
BDMD,BAIRD MEDICAL INVST HLDS LTD,1982444,3845
SDHC,SMITH DOUGLAS HOMES CORP,1982518,1531
TDTH,TRIDENT DG TEC HLDG LTD -ADR,1983550,7373
BLMZF,HARRISON GLOBAL HOLDINGS INC,1984014,7819
AESI,ATLAS ENERGY SOLUTIONS INC,1984060,1389
SEPN,SEPTERNA INC,1984086,2834
PBM,PSYENCE BIOMEDICAL LTD,1985062,2836
TOYO,TOYO CO LTD,1985273,3674
YYGH,YY GROUP HOLDING LTD,1985337,7340
KSPI,JOINT STOCK COMPANY KASPI KZ,1985487,6141
FVR,FRONTVIEW REIT INC,1988494,6798
MRNO,MURANO GLOBAL INVESTMENTS,1988776,6512
AS,AMER SPORTS INC,1988894,2300
FGL,FOUNDER GROUP LTD,1989930,1700
WCT,WELLCHANGE HOLDING CMPNY LTD,1990251,7370
WAY,WAYSTAR HOLDING CORP,1990354,7370
AMAM,AMBRX BIOPHARMA INC,1990550,2836
SKK,SKK HOLDINGS LTD,1991261,1623
CGON,CG ONCOLOGY INC,1991792,2836
TE,T1 ENERGY INC,1992243,3690
ZOOZ,ZOOZ STRATEGY LTD,1992818,3690
NWE,NORTHWESTERN ENRGY GROUP INC,1993004,4931
YSXT,YSX TECH CO LTD,1993463,7500
SNT,SENSTAR TECHNOLOGIES CORP,1993727,3669
KYTX,KYVERNA THERAPEUTICS INC,1994702,2836
RECT,RECTITUDE HOLDINGS LTD,1995116,5000
HDL,SUPER HI INTERNATIONAL HOLDI,1995306,5812
ICON,ICON ENERGY CORP,1995574,4412
LB,LANDBRIDGE CO LLC,1995807,6792
LSH,LAKESIDE HOLDING LTD,1996192,4731
GEV,GE VERNOVA INC,1996810,3510
BG,BUNGE GLOBAL SA,1996862,2040
PSIG,PS INTERNATIONAL GROUP LTD,1997201,4731
MDCX,MEDICUS PHARMA LTD,1997296,2836
ZENA,ZENATECH INC,1997403,7372
MRX,MAREX GROUP PLC,1997464,6200
TBN,TAMBORAN RESOURCES CORP,1997652,1311
LPA,LOGISTIC PRP OF THE AMERICAS,1997711,6512
WBTN,WEBTOON ENTERTAINMENT INC,1997859,7370
PC,PREMIUM CATERG (HOLDING) LTD,1998056,5812
PAL,PROFICIENT AUTO LGISTICS INC,1998768,4210
FUN,SIX FLAGS ENTERTAINMENT CORP,1999001,7996
ANRO,ALTO NEUROSCIENCE INC,1999480,2834
WYHG,WING YIP FOOD HOLDINGS GROUP,1999860,2013
LOAR,LOAR HOLDINGS INC,2000178,3728
BRIA,BRILLIA INC,2000230,5130
SCAG,SCAGE FUTURE -ADR,2000366,3711
GMHS,GAMEHAUS HOLDINGS INC,2000530,7372
DMNIF,DAMON INC,2000640,3751
PACS,PACS GROUP INC,2001184,8051
INV,INNVENTURE INC,2001557,6282
HPAI,HELPORT AI LTD,2001699,7370
SPHL,SPRINGVIEW HOLDINGS LTD,2002236,1520
BOW,BOWHEAD SPECIALTY HOLDGS INC,2002473,6331
STFS,STAR FASHION CULTR HLDNG LTD,2003061,8742
SW,SMURFIT WESTROCK PLC,2005951,2631
ADGM,ADAGIO MEDICAL HOLDINGS INC,2006986,3841
TLX,TELIX PHARMACEUTICALS LTD,2007191,2836
TWFG,TWFG INC,2007596,6411
INBX,INHIBRX BIOSCIENCES INC,2007919,2836
SEG,SEAPORT ENTERTAINMENT GR INC,2009684,7990
EXOZ,EXOZYMES INC,2010788,2836
SUUN,POWERBANK CORP,2011053,1600
SPAI,SAFE PRO GROUP INC,2011208,3842
AMTM,AMENTUM HOLDINGS INC,2011286,8700
AVR,ANTERIS TECHNOLOGIES GLBL CP,2011514,3842
FERG,FERGUSON ENTERPRISES INC,2011641,5070
PMAX,POWELL MAX LTD,2012096,7380
BLK,BLACKROCK INC,2012383,6282
RAPP,RAPPORT THERAPEUTICS INC,2012593,2836
SUNS,SUNRISE REALTY TRUST INC,2012706,6798
FDSB,FIFTH DISTRICT BANCORP INC,2012726,6035
TNMG,TNL MEDIAGENE,2013186,7311
FBLA,FB BANCORP INC,2013639,6036
CLMT,CALUMET INC,2013745,2911
FOXX,FOXX DEVELOPMENT HOLDING INC,2013807,3663
CON,CONCENTRA GRP HLDS PARNT INC,2014596,8060
ELPW,ELONG POWER HOLDING LTD,2015691,3690
ECG,EVERUS CONSTRCTION GROUP INC,2015845,1700
PTLE,PTL LTD,2016337,5172
TTGT,TECHTARGET INC,2018064,7310
SOBO,SOUTH BOW CORP,2019061,4610
SLSR,SOLARIS RESOURCES INC,2019103,1000
HIT,HEALTH IN TECH INC,2019505,6411
CLIK,CLICK HOLDINGS LTD,2020027,7361
UNIT,UNITI GROUP INC,2020795,6798
SNREY,SUNRISE COMMUNICATIONS AG,2021938,4813
SLXN,SILEXION THERAPEUTICS CORP,2022416,2836
UPB,UPSTREAM BIO INC,2022626,2836
HTLM,HOMESTOLIFE LTD,2023153,5712
BCAX,BICARA THERAPEUTICS INC,2023658,2836
SMC,SUMMIT MIDSTREAM CORP,2024218,1311
SARO,STANDARDAERO INC,2025410,4581
CURB,CURBLINE PROPERTIES CORP,2027317,6798
RAIN,RAIN ENHANCEMENT TECHNOL INC,2028293,3590
NUAI,NEW ERA ENERGY & DIGITAL INC,2028336,1311
HMR,HEIDMAR MARITIME HOLDGS CORP,2029471,4400
ONEG,ONECONSTRUCTION GROUP LTD,2030834,1700
BTTC,BLACK TITAN CORP,2034400,7370
VWAV,VISIONWAVE HOLDINGS INC,2038439,3728
PSKY,PARAMOUNT SKYDANCE CORP,2041610,4833
PRMB,PRIMO BRANDS CORP,2042694,2086
HIFS,HINGHAM INSTN FOR SAVINGS,2044671,6036
AEBI,AEBI SCHMIDT HOLDING AG,2048519,3537
LION,LIONSGATE STUDIOS CORP,2052959,7812
KG,KESTREL GROUP LTD,2055116,6331
CNVIF,CONAVI MEDICAL CORP,2069519,3845
PRBZF,PREMIUM BRANDS HLDGS CORP,2073955,2011
VNOM,VIPER ENERGY INC,2074176,6792
LLYVK,LIBERTY LIVE HOLDINGS INC,2078416,7900
PURR,HYPERLIQUID STRATEGIES INC,2078856,2836
ATAI,ATAIBECKLEY INC,2081043,2834
ABNYY,ABN-AMRO HOLDINGS NV,,6020
MERI.,MERITRUST FEDERAL SVGS BANK,,6035
WPCS,WPCS INTERNATIONAL INC,,1731
3APGC,PALMER (ARNOLD) GOLF CO,,3949
3CLXX.,CELLEX BIOSCIENCES INC,,3826
DRAM.1,DATARAM CORP - OLD,,3572
INTE.1,INTERACTIVE GROUP INC -OLD,,7373
WYIG,JM GLOBAL HOLDING CO,,9995
CADT,DT ASIA INVESTMENTS LTD,,9995
VOCL.1,VOCALTEC COMMUNICATIONS -OLD,,7372
CTA.2,CENTER TRUST INC,,6798
GPAC.1,GLOBAL PARTNER ACQUISITION,,9995
AATK,AMERICAN ACCESS TECHNOLOGIES,,3444
FFES,FIRST FSLA EAST HARTFORD CT,,6035
3TISI,TENET INFORMATION SVCS INC,,3790
CDBK.,CANDLEWOOD BANK & TRUST/CT,,6020
MDCA,MDC PARTNERS INC,,7311
GCW.,GERBER CHILDRENSWEAR INC,,2300
DWD,DEAN WITTER DISCOVER & CO,,6141
CISAA,CIS ACQUISITION LTD,,9995
3CSMWE,CSM ENVIRONMENTAL SYS  -CL A,,3564
3GENG.,GENERAL GENETICS CORP,,3532
3ORBS,ORBIS INC,,7373
AMRH,AMERI HOLDINGS INC,,7370
PHMD.1,PHOTOMEDEX INC-OLD,,3845
PLI.2,LEINER (P) NUTRITIONAL PRODS,,2834
PSSB,PALM SPRINGS SVGS BK FSB,,6035
AMEP.1,AMERICAN EDUCATIONAL PRODUCT,,2741
MYND.1,MYND ANALYTICS INC,,8090
CAW.2,CAESARS WORLD,,7990
3TLOP,TELE-OPTICS INC,,3861
CSNC,CARDINAL STATE BANK,,6020
BANC.3,BANC OF CALIFORNIA INC -OLD,,6020
BFO.2,BESTFOODS,,2030
ILCC.1,INTEGRATED LIVING CMNTYS INC,,8300
PLCSF,PLC SYSTEMS INC,,3845
3WELL.,WELLCARE MGMT GROUP,,6324
CEI.2,CAMBER ENERGY INC -OLD,,1311
TEEE.,GOLF ROUNDS.COM INC,,9995
BAZI.1,BAZI INTERNATIONAL INC -OLD,,2834
SATI,SISCOM INC,,7372
CYFN,CENTURY FINANCIAL CORP/PA,,6020
BPMX,BIOPHARMX CORP,,2834
CLWR.1,CLEARWIRE CORP-OLD,,4899
3CTHE,CT HOLDINGS ENTERPRISES INC,,9995
SBEI,SBE INC,,3576
RSTA.1,ROSETTA INPHARMATICS INC,,8731
ADVC.,ADVANCE CIRCUITS INC,,3672
FCFN.1,FIRST CMNTY FINL CORP/NC,,6036
GLOW.,GLOWPOINT INC -OLD,,7370
MIRAQ,MIRAMAR RESOURCES INC,,1311
PTVI,PTV INC,,4813
ARYA,ARYA SCIE ACQ CORP III,,9995
STPK,STAR PEAK ENE TRA CORP,,9995
UPRO.1,UPROAR INC,,7370
SOSA.,SOMERSET SVGS BK NEW SOMERVI,,6036
STO.3,STONE CONTAINER CORP,,2631
XPRSA,US XPRESS ENTP INC  -CL A,,4213
ZFGN,ZAFGEN INC,,2836
IRCE.1,INTERLINE RESOURCES CORP-OLD,,1311
STEM.1,STEMCELLS INC,,2836
MEA.1,MEAD CORP,,2621
MESAQ,MESA AIR GROUP INC,,4512
SSBI,SUMMIT STATE BANK,,6020
VABT,VALENCIA BANK & TRUST,,6020
KONE.1,KINGTONE WIRELESS  -ADR -OLD,,7372
BRLI,BRILLIANT ACQUISITION CORP,,9995
3NVSC,NEVSTAR GAMING & ENTMT CORP,,9995
CROS.1,CROSSMANN COMMUNITIES INC,,1531
3VICM.,ASIAN-AMERICAN INTL,,7385
PACE,TPG PACE TECH OPP CORP,,9995
CLAC,CAPITOL ACQUISITION CORP III,,9995
IZZI.1,INTEGRATED SECURITY SYS -OLD,,9995
CAZA,CAZADOR ACQUISITION CORP LTD,,9995
3FTLAQ,FRUIT OF THE LOOM LTD  -CL A,,2250
3PERF,PERFECTDATA CORP,,3990
3HMED,HIMEDICS INC,,2834
LTNU,UNION ACQUISITION CORP,,9995
3QTEL,QANTEL CORP,,3571
FEG.1,FLETCHER CHALLENGE ENERGY,,1311
CTAL.1,CATALYTICA INC,,2834
AA.3,ALCOA INC,,3720
AACQ,ARTIUS ACQUISITION INC,,9995
GNSL,GENOMIC SOLUTIONS INC,,3821
HAIR,RESTORATION ROBOTIC INC,,3845
SWAY,STARWOOD WAYPOINT RES TR,,6798
UNBO,UNB CORP/OH,,6020
CLHRF,CORAL GOLD RESOURCES LTD,,1040
FSTP,FRONTSTEP INC,,7372
TGC,TENGASCO INC,,1311
Q.1,QWEST COMMUNICATION INTL-OLD,,4813
CZN.1,CITIZENS COMMUN  -SER B OLD,,4931
MPAC.3,MATLIN & PARTNERS ACQ,,9995
FMCI.1,FORUM MERGER CORPORATION UNI,,9995
NTDG,THENETDIGEST.COM INC  -CL A,,9995
OHRP,OHR PHARMACEUTICAL INC,,2834
GXGX,GX ACQUISITION CORP,,9995
ALAO,ALCATEL ADS OPTRONICS,,3674
USV.2,U S RESTAURANT PROPERTIES,,6798
NSD.1,NATIONAL-STANDARD CO,,3310
3CDCSQ,CARDIAC CONTROL SYSTEMS INC,,3845
3NTWD.,NETWORD INC,,9995
PVR.1,PENN VIRGINIA RES PRTNR -OLD,,1311
SNUS,SONUS PHARMACEUTICALS INC,,2835
TZYM,TRANZYME INC,,2836
3RAST,RASTRA BUILDING SYSTEMS INC,,3270
NSCI.1,NATIONAL SURGERY CTRS,,8011
ALLC.,ALLIED CAPITAL CORP -OLD,,6799
RDYN,REPLIDYNE INC,,2834
LEXB,LEXINGTON SAVINGS BANK/MA,,6036
TOWN,TOWNEBANK,,6020
WNSB,WEST NEWTON SVGS BK MASS,,6036
SSA,SAATCHI & SAATCHI PLC,,7311
OEH.,ORIENT EXPRESS HOTELS-OLD,,4011
3SRCM,SOURCE MEDIA INC,,7370
JEFF.1,JEFFERSON SVGS & LN ASSN F A,,6035
AGI.3,ALAMOS GOLD INC -OLD,,1040
BMAC.1,SEAFIELD CAPITAL CORP,,6311
3AEGP.1,AMERICAN EAGLE GROUP IN -OLD,,6331
OGXI,ONCOGENEX PHARMACEUTICALS,,2834
FSTM.1,SUPERMAIL INTL INC,,6099
SBCM,SECURITY BANK CORP -OLD,,6020
BOWX,BOWX ACQUISITION CORP,,9995
ACCB,ACCESS BEYOND INC,,3576
PMCL,IMARK TECHNOLOGIES INC,,7372
CAPA,HIGHCAPE CAPI ACQ CORP,,9995
NLNK,NEWLINK GENETICS CORP,,2836
LAQ.Z,LATIN AMERICAN EQUITY FUND,,6726
PHRM.,PHARMION CORP,,2834
VGIN,VISIBLE GENETICS INC,,3845
GYK,GIANT YELLOWKNIFE MINES LTD,,1040
DFCO.2,DALRADA FINANCIAL CORP -OLD,,7363
GCBK,GREAT CTRY BANK ANSONIA CT,,6036
AHI.2,AMER HEALTHCARE MGMT,,8062
MYOS,MYOS RENS TECHNOLOGY INC,,2834
HTRN.,HEALTHTRONICS SURGICAL SVCS,,3845
CKL,CLARK EQUIPMENT CO,,3531
CBVA.1,COMMERCE BK VIRGINIA BEACH,,6020
LBIX,LEADING BRANDS INC,,9995
PAX.3,PROSPECT ACQUISITION CORP,,9995
PLA.3,PLAYBOY ENTERPRISES  -CL B,,4841
LITHF,LITHIUM ONE INC,,1040
TDAT,TERADATA CORP-OLD,,3571
HCAC.3,HENNESSY CAPITAL ACQ,,9995
ACL.2,ALCON INC- OLD,,3851
3CASL.,CASTLE DENTAL CENTERS INC,,8741
INSU,INSURANCE ACQ CORP,,9995
AONE,ONE,,9995
TRLI.,TRULI MEDIA GROUP INC,,7370
CBNY.1,COMMERCIAL BANK/NY,,6020
SFTW,OSPREY TECH ACQ CORP,,9995
TMAI,TECHNOLOGY MODELING ASSOC,,7372
CSYS.1,CENTRAL BANKING SYSTEMS INC,,6020
ARPO,AERPIO PHARMACEUTICALS INC,,2834
TORC,RESTORBIO INC,,2836
ADOM.1,ADOMANI INC -OLD,,3714
GSNB,GRANT STREET NATL BK - LIQ,,6020
3PARO,PARTNERS OIL CO  -CL A,,1311
TMCI.,TM CENTURY INC,,7900
3ICGC,ICG COMMUNICATIONS,,4813
ATVI.1,ACTIVISION INC,,7372
SRAC,STABLE ROAD ACQ CORP,,9995
NVLS,NIVALIS THERAPEUTICS INC,,2836
MRCC.1,MARK CONTROLS CORP,,3490
BUDT,BUDDING TIMES INC,,4899
EROS.1,EROS STX GLOBAL CORPORATION,,7812
MDBK,MEDFORD BANCORP INC,,6036
NETE,NET ELEMENT INC,,7374
IMF.1,SMITH BARNEY DISCIPLINED FD,,6726
GLAC.1,GREENLAND ACQSTN CORP,,9995
SPC.2,ST PAUL COS,,6331
EXPC,EXPERIENCE INVSTMNT CORP,,9995
FSNN.1,FUSION TELECOMMUNICATIONS,,4899
IMSC.2,IMPLANT SCIENCES CORP -OLD,,3829
CCMM,COMPUTER COMMUNICATIONS INC,,3576
CCTI.,COOPER & CHYAN TECH INC,,7372
ORH.1,ORCHARD SUPPLY HARDWARE STRS,,5200
WNUT.,WALNUT FINANCIAL SVCS-OLD,,8742
3FCAR.,FIRST CAROLINA INVTS  -OLD,,6552
WJ,WATKINS-JOHNSON,,3663
BRLC.,BRILLIAN CORP,,3663
GWBK.1,GULF WEST BANKS INC,,6020
PXT.1,PXRE GROUP LTD,,6331
SRP.Z.,SIERRA PACIFIC RES-OLD,,4931
LGN.1,LOGICON INC,,7371
SABI,SWISS ARMY BRANDS INC,,5072
0173A,SMITHFIELD FOODS INC -OLD,,2013
SCON,SUPERCONDUCTOR TECHNOLOGIES,,3670
HWEC.1,HALLWOOD ENERGY CORP-OLD,,1311
WAIN,WAINWRIGHT BANK & TRUST CO,,6020
MLND,MILLENDO THERAPEUTICS INC,,2836
3XXDTA,BANYAN MORTGAGE INVEST  -LP,,6799
PSAC,PROPERTY SOLU ACQ CORP,,9995
HSGX,HISTOGENICS CORP,,3842
NUVO.1,NUVELO INC,,8731
CFNC.,CAROLINA FINCORP,,6036
MYR.1,MYR GROUP INC -OLD,,1623
YLT,MORGAN STANLY HGH INC ADV II,,6726
MHI.4,MORRISON MGMT SPECIALISTS,,5812
CRGI.,CORGI INTERNATIONAL LTD,,3990
TELC,TCC INDUSTRIES INC,,5190
MATN.1,MATEON THERAPEUTICS INC -OLD,,2836
NSRU,NORTH STAR UNIVERSAL INC,,5045
EBI.1,EQUALITY BANCORP INC,,6035
3LOOK.,OPTICORP INC,,3851
LHC.2,LEO HOLDINGS CORP,,9995
DPHZ,DATAPHAZ INC,,5734
CFXT,CHEMFIX TECHNOLOGIES INC,,1700
LBBB.1,LIBERTY BELL BANK,,6020
SPAQ.1,SPARTAN ENRGY ACQST CRP,,9995
GSAH,GS ACQUI HOLDI CORP II,,9995
AMCI.2,AMCI ACQUISITION CORP,,9995
PRTO,PROTEON THERAPEUTICS INC,,2836
DLTDF,DELPHI INTERNATIONAL LTD,,6321
ANTF.1,ANTE4 INC,,7812
SLW.2,ST LAURENT PAPERBOARD INC,,2631
PDO.1,PYRAMID OIL CO,,1311
FBSM,ALPHA SOLARCO INC,,3433
FLC.2,R & B FALCON CORP,,1381
SWFT,SWIFT TRANSPORTATION CO,,4210
3SLVR,SILVER DINER INC,,5812
AGB.1,ARGENT BANK/LA,,6020
SANF,SANFORD CORP,,3950
IFLI.1,IFLI ACQUISITION CORP-OLD,,7900
CTP.2,CMP GROUP INC,,4911
3NVNW,NOVO NETWORKS INC,,4812
3ERCI,ERC INDUSTRIES INC/DE,,3533
BAC.Z.,BANKAMERICA CORP-OLD,,6020
TRNE,TRINE ACQUISITION CORP,,9995
WSVS,WILAND SERVICES INC,,7374
ICMC.1,INTELLIGENT COMM ENTR -OLD,,7372
ACR.3,AMERISCRIBE CORP,,8744
DEZI,DONNELLEY ENTERPRISE SOLTNS,,2750
PCC,PMC COMMERCIAL TRUST-OLD,,6798
FLBK.1,FLORIDABANK FEDERAL SVGS BK,,6035
SEII.1,SHARING ECONMY INTL INC -OLD,,3550
BSO,BANK SOUTHINGTON,,6020
TI.1,TELECOM ITALIA SPA- OLD,,4813
MRNA.1,MARINA BIOTECH INC -OLD,,2834
PZM,PITTSTON CO-MINERALS GROUP,,1220
BKLA,BANK LOS ANGELES/CA,,6020
EHI.1,EVERGREEN HEALTHCARE INC,,8051
APHB,AMPLIPHI BIOSCIENCES CORP,,2836
TTIIE,THERAPEUTIC TECH INC,,3845
DRS.1,DRS TECHNOLOGIES INC,,3812
CHIO.,CHINA INSONLINE CORP,,9995
DSO.1,DE SOTO INC,,2840
JAGX.1,JAGUAR ANIMAL HEALTH INC-OLD,,2834
FSNJ.,BAYONNE BANCSHARES,,6036
ESPR.1,ESPERION THERAPEUTICS-OLD,,2834
ONIS,ONI SYSTEMS CORP,,3661
VTIQ.1,VECTOIQ ACQ CORP,,9995
LSTZA,LIBERTY MEDIA STARZ GROUP,,4841
IPSW,IPSWICH BANCSHARES INC,,6036
CVTE,CAVION TECHNOLOGIES INC,,7373
ADMR.,ADMAR GROUP INC,,6411
CMSF.1,CMSF CORP  -OLD,,9995
WWON,WESTWOOD ONE INC  -OLD,,7900
BROG.1,TWELVE SEAS INVESTMENT CO,,9995
HOL,HOLICITY INC,,9995
PSWW.1,KUPPER PARKER COMMUNICATIONS,,7311
CNV.2,MERRILL LYNCH CONV FD  -CL A,,6726
SBOT.,STELLAR BIOTECHNOLOGIES INC,,2836
ACIT,ACI TELECENTRICS INC,,7389
AAGIY.,ANGLO AMER GOLD INVEST,,6799
TGG,TEMPLETON GLOBAL GVTS,,6726
FST.1,FOREST OIL CORP -OLD,,1311
PEOP.,PEOPLEPC INC,,7377
VICL,VICAL INC,,2836
FRTG.,FORTRESS GROUP INC,,1520
ARCW.1,ARC WIRELESS SOLUTIONS INC,,3663
CRK.5,COMSTOCK RESOURCES INC -OLD,,1311
GENTQ,GERANT INDUSTRIES INC,,9995
3ERDR,PHYAMERICA PHYSICIAN GROUP,,7363
YDKN.1,YADKIN FINANCIAL CORP -OLD,,6036
AVIR.,AVIRAGEN THERAPEUTICS INC,,2836
3TLHO.,TRESTLE HOLDINGS INC -OLD,,9995
RPID.1,RAPID LINK INC -OLD,,4813
OPAY.,OFFICIAL PAYMENTS CORP,,8721
CBG.3,RALSTON-CONTL BAKING GROUP,,2050
MT.1,MEDITRUST CORP,,6798
SGY,STONE ENERGY CORP,,1311
GNCMA,GCI LIBERTY INC -OLD,,4813
3VITC.,VICTORIA CREATIONS INC,,3960
GRAF.1,GRAF INDUSTRIAL CORP,,9995
EACO.1,EACO CORP-OLD,,6512
7565B,AMERICAN SAVINGS BANK-NY,,6036
FVCCQ,FIRST VIRTUAL COMMUNICATIONS,,3576
GNTY.1,GUARANTY BANCSRES INC/TX-OLD,,6020
MWBX,METROWEST BANK/MA,,6036
CHFD,CHARTER FED SVGS BK BRISTOL,,6035
APXT.2,APEX TECHNOLOGY ACQUISITION,,9995
MBK.1,BANK TOKYO-MITSUBISHI,,6020
SNPX.,SYNOPTICS COMMUNICATIONS INC,,3576
CII.4,CII FINANCIAL INC,,6331
CUBE.,C-CUBE MICROSYSTEMS INC,,3663
CRUD,TEUCRIUM CRUDE OIL FUND,,6722
3PNHV,PIRANHA INTERACTIVE PUBG INC,,7372
CLNK.1,COMPLINK LTD,,7372
XEL.1,EXCEL REALTY TRUST,,6798
IMRX.1,IMARX THERAPEUTICS INC-OLD,,9995
STST.,SENSYTECH INC,,3812
SBCO.1,SOUTHSIDE BANCSHARES CORP,,6020
3INGYY,INNOGY HOLDINGS PLC,,4911
TLMD.1,TELEMUNDO GROUP INC  -CL A,,4833
NBOC,NORTHERN BANK OF COMMERCE/OR,,6020
ELSF,ENVIRONMENTAL SAFEGUARDS INC,,4955
CNLA,COMMUNITY NATL BK OF LAKEWAY,,6020
VCNB,VENTURA CNTY NATL BANCORP,,6020
NTN,NTN BUZZTIME INC,,7370
3TOOT.,202 DATA SYSTEMS INC,,6552
TKAI,TOKAI PHARMACEUTICALS INC,,2836
EXM.2,B & H MARITIME CARRIERS,,4400
RACA,THERAPEUTICS ACQU CORP,,9995
MILK.1,BROUGHTONS FOODS CO,,2020
3UNRC,UNICO INC/NM,,5045
PCCI.,PACIFIC CREST CAPITAL-OLD,,6159
SLT.1,STERLITE INDUSTRIES (INDIA),,3330
FDNY,FIDELITY NY F S B GARDEN CTY,,6035
VRAZ,VERAZ NETWORKS INC,,3576
ICN.1,ICN PHARMACEUTICALS  -OLD,,2810
GSBK,GERMANTOWN SVGS BANK,,6036
NOVC.2,NOVACEA INC,,2836
3LFCR,LOMAS FINANCIAL CORP,,6162
CLGZF,HUTECH21 CO LTD,,4731
MTLI.1,MTL INC,,4213
TCOMA,TELE-COMM TCI GROUP  -SER A,,4841
SPN.2,SECURITY PA FINANCIAL CORP,,6036
DMGI,DIGITAL MUSIC GROUP INC-OLD,,8900
OBLN,OBALON THERAPEUTICS INC,,3841
USPC,U S PAGING CORP,,4812
SSSW,SILVERSTREAM SOFTWARE INC,,7372
FSTWD.1,TEXTMUNICATION HOLDINGS -OLD,,7372
AEN.2,AMC ENTERTAINMENT INC -OLD,,7830
FI.4,FRANK'S INTL NV,,1389
ATAC.2,ATLANTIC ACQUI CORP,,9995
NEOT,NEOTHETICS INC,,2834
WVTK,WAVETEK CORP-OLD,,3825
CEY.3,CERTEGY INC,,7389
VDPI,VIDCOM POST INC,,7819
ECAC,E-COMPASS ACQUISITION CORP,,9995
3STPHF,ACTION PLC,,7373
SPZR,SPATIALIZER AUDIO LABS INC,,9995
AMID.1,AMERICAN MIDSTREAM PRT -OLD,,4922
LPTN,LPATH INC,,2836
3NORPE,NORD PACIFIC LTD,,1000
RJETQ,REPUBLIC AIRWAYS HLDGS INC,,4512
3SSFT.,SCIENTIFIC SOFTWARE INTERCMP,,7372
3STKSF,STOCKSCAPE.COM TECH INC,,7370
IPLO.1,INTL PACKAGING AND LOG -OLD,,5080
RRMN,RAILROADMENS FED SVGS & LN,,6035
SVAC.1,STARBOARD VAL ACQ CORP,,9995
FREE.1,ORANGE UK,,7370
MCN.3,MCN ENERGY GROUP INC,,4932
EJ.1,EVEREST&JENNINGS INTL,,3842
TMI.1,TM ENTERTAINMNT & MEDIA -OLD,,9995
WHT,WESTSIDE ENERGY CORP,,1311
FLKS,FLEX PHARMA INC,,2834
CMLF,CM LIFE SCIENCES INC,,9995
CBYL,CARBYLAN THERAPEUTICS INC,,2836
DSP.3,DSP COMMUNICATIONS INC,,3663
TLII.1,TLII LIQUIDATING CORP,,6172
ISSM.1,INTEGRATED SURGICAL SYS-OLD,,9995
SAH.1,SAHARA CASINO PARTNERS  -LP,,7990
LCA.3,LANDCADIA HOLDINGS II INC,,9995
AED.3,BANCO DE A EDWARDS SA,,6020
GTA,GOLF TRUST OF AMERICA INC,,7990
CHAC.1,CHARDAN HEALTHCARE ACQ,,9995
ZD.1,ZIFF-DAVIS INC,,2721
FSFF.,FIRST SECURITYFED FINL INC,,6035
QPAC,QUINPARIO ACQUISITION CORP 2,,9995
JPTR.1,JUPITER COMMUNICATIONS INC,,8700
SEQL.2,SEQUEL TECHNOLOGY CORP,,7373
AHPA.1,AVISTA HEALTHCARE PUBLIC ACQ,,9995
CGEI.1,CHINA GROWTH EQUITY INVSTMNT,,9995
3SKYT,SKYTERRA COMMUNICATIONS INC,,4899
SECR.1,SECOR BK FED SVGS BK,,6035
DNFD,DANIELSON FED SVGS & LN ASSN,,6035
AWLD.1,ACTIVEWORLDS CORP  -OLD,,9995
RTGN.,RUTHIGEN INC,,2836
PETE.1,PRIMARY BK PETERBOROUGH NH,,6036
FRBA,FIRST BANK,,6020
SSN.1,SONUS CORP,,5990
TPTX.1,TORREYPINES THERAPEUTICS INC,,2836
MAIN.1,MAIN STREET RESTAURANT GROUP,,5812
GLT,GLATFELTER CORP,,2621
FBKP,FIRST BK PHILADELPHIA/PA,,6020
ZOOM.1,ZOOM TECHNOLOGIES INC -OLD,,3661
ETF.1,EMERGING MKTS TELECMS FD-OLD,,6726
0183B,ACORN HOLDING CORP -OLD,,6726
DPHC,DIAMONDPEAK HOLDINGS CORP,,9995
VCRTQ.1,VIDEOCART INC,,7310
FEXC,FIRST EXECUTIVE CORP,,6311
ADHD,ALCOBRA LTD,,2836
IPV,INTERPRIVATE ACQUISITION CRP,,9995
CFGI.,COMMUNITY FINL GROUP INC,,6020
RMGX.1,ICE HOLDINGS INC,,7370
CBNV,COMMUNITY BK NORTHERN VA,,6020
ZAPS.,BERKSHIRE BANCORP INC-OLD,,6799
LIBC.,LIBERTY NATL BK HUNTINGTN CA,,6020
VGHN,VAUGHNS COMMUNICATIONS INC,,7819
DWL,DEWOLFE COMPANIES INC,,6531
3WDIN,WEDDINGPAGES INC,,6794
IONN.1,ION NETWORKS INC  -OLD,,3577
BRFC,BRIDGEVILLE SVGS BK FSB/PA,,6035
USPMF,U S PRECIOUS METALS INC,,1040
PSLV,SPROTT PHYSICAL SILVER TRUST,,6722
EAGL.3,DOUBLE EAGLE ACQUISITION CRP,,9995
3SONA,SONIC ENVIRONMENTAL SYS,,3564
3FAXM,HOTELECOPY INC,,4822
USAC.2,USA COMPRESSION PRTNRS -OLD,,1389
FAHS,FARM & HOME SAVINGS ASSN,,6036
WEBB.1,WEBB INTERACTIVE SVCS INC,,7370
FWONK,LIBERTY MEDIA FORMULA ONE,,7948
GPIA,GP INVESTMENTS ACQUISITION,,9995
CBI.3,CURTICE-BURNS FOOD  -CL A,,2030
TBIOD,TRANSGENOMIC INC,,8071
ACTC,ARCLIGHT CLEAN TRA CORP UNIT,,9995
FBDC,FT CNFLNC BDC & SPL FIN INCM,,6726
DOUG.1,DOUGLAS & LOMASON CO,,2531
QELL,QELL ACQUISITION CORP,,9995
MAV.1,MAVESA SA,,2000
PBSF,PACIFIC BK N A SAN FRANCISCO,,6020
TRUE.1,TRUETIME INC,,3873
TRMS,TRIMERIS INC,,2836
NGAC,NEXTGEN ACQUISITI CORP,,9995
AKER,AKERS BIOSCIENCES INC,,2835
IBK,INDEPENDENT BANKSHARES INC,,6020
SFPH.1,SHEFFIELD PHARMACEUTICL -OLD,,2834
JSYN,JENSYN ACQUISITION CORP,,9995
3WDWT,WORLD WASTE TECHNOLOGIES INC,,2611
3INWN,INTL SYSTEMS & TECHNOLOGY,,3567
JOEZ,JOE'S JEANS INC,,2300
TGH.1,TRIGON HEALTHCARE INC,,6324
DAWH,DAVID WHITE INC,,3829
TLTN.1,TELTREND INC,,3661
GDEF.1,GLOBAL DEFENSE & NATL -OLD,,9995
IGOC,IGO CORP,,3690
DROP.1,FUSE SCIENCE INC -OLD,,2834
WBMD.1,WEBMD HEALTH CORP -OLD,,7370
CCNI.1,COMMAND CENTER INC -OLD,,7363
ISSG.1,INTL SMART SOURCING INC -OLD,,9995
3EDGI,ELECTROSOUND GROUP INC,,3652
VEGF,CORAUTUS GENETICS INC,,2836
KNAN,CANAAN ENERGY CORP,,1311
FCAU,FIAT CHRYSLER AUTOMOBILES NV,,3711
BSTK,GLOBAL ONE DISTR & MDSE INC,,2750
CEQG,CENTENNIAL GROUP,,1531
MEII10,MEI DIVERSIFIED INC,,7200
GEOI.1,GEORESOURCES INC -OLD,,1311
MIRN,MIRNA THERAPEUTICS INC,,2836
NPA,NEW PROVIDENCE ACQ CORP,,9995
3WEAN,WEAN INC/PA,,3540
MUFD,MUTUAL FED SVGS BK MIAMISBUR,,6035
3PGHS,PROGRESSIONS HEALTH SYS INC,,8060
VLP.1,VALERO NATURAL GAS PTNR  -LP,,4922
DSET.,DSET CORP,,7372
CTAC.,CHASERG TECHNOLOGY ACQ,,9995
APRI.1,APRICUS BIOSCIENCES INC,,2834
HUNT.1,HUNTER MARITIME ACQS -OLD,,9995
SBPH,SPRING BANK PHARMACEUTICALS,,2836
CLH.1,MUNIHOLDINGS CALIF INSD FUND,,6726
GIK,GIGCAPITAL3 INC,,9995
EDS.1,2020 CHINACAP ACQUIRCO INC,,9995
LYNXD,LYNX THERAPEUTICS INC,,2836
RCVA.1,RECEIVABLE ACQ &MGMT -OLD,,6159
STCK.1,STOCK BUILDING SUPPLY HLDGS,,5031
LUME,LUMENIS LTD - OLD,,3845
TICO,TRINITY CAPITAL ENTERPRISE,,6799
MOSC,MOSAIC ACQ CORP,,9995
NUMD.,NUMED HOME HEALTH CARE INC,,8082
MLTX.1,MULTEX.COM INC,,7370
SHLL,TORTOISE ACQUISITION CORP,,9995
HNB,HERALD NATIONAL BANK,,6020
RGS.,RGS ENERGY GROUP INC,,4931
DPII,DISCOVERY PARTNERS INTL INC,,8731
3GPAX,GVC VENTURE CORP,,9995
JPR,JP REALTY INC,,6798
GZSP,GENZYME SURGICAL PRODUCTS,,3841
GRNV,GREENVISION ACQUISITION CORP,,9995
NAB1,SR INVESTMENT INC,,6162
LBCT,LB CENTER INC,,3949
BTSB,BRAINTREE SAVINGS BANK,,6036
INNP,BALFOUR MACLAINE CORP,,5140
FLNB,FLEMINGTON NATL BK&TR CO/NJ,,6020
TELK.1,TELIK INC -OLD,,2836
PRY.A.,PITTWAY CORP/DE  -CL A,,3669
PAZZF,PACALTA RESOURCES LTD,,1311
HOFL,HOME FINANCIAL CORP/FL,,6035
INOMA,INNOVATIVE MATERIALS  -CL A,,3081
CMDT.2,ISHARES COMMDTY OPTIMIZED TR,,6722
CLTX.2,CELSUS THERAPEUTICS PLC -ADR,,2834
RNIN.1,WIRELESS RONIN TECHNLGS -OLD,,7373
AETI,AMERICAN ELECTRIC TECH INC,,3613
CBCI.1,CALUMET BANCORP INC,,6035
SFBI.,SECURITY FINL BANCORP INC,,6035
TELM,TELLIUM INC,,3661
UNNB,UNIVERSITY BK & TR PALO CA,,6020
3ADEMY,ALTOS HORNOS DE MEXICO,,3312
PAAC.1,PACIFIC SPECIAL ACQUISITION,,9995
ECMV,E COM VENTURES INC,,5912
SPK.2,SPIEKER PROPERTIES INC,,6798
NAGS,TEUCRIUM NATURAL GAS FUND,,6722
HMST,HOMESTREET INC,,6020
MACQ.1,M I ACQUISITIONS INC,,9995
HCAC.2,HENNESSY CAPITL ACQ CORP II,,9995
PMAN,PIEDMONT MANAGEMENT INC,,6331
BVI.2,BOW VALLEY ENERGY INC,,1311
USL,UNITED STATES 12 MNTH OIL LP,,6722
SONE.,SECURITY FIRST TECH-OLD,,6035
ARMX.,ARAMEX INTERNATIONAL LTD,,4513
POTP,POINT THERAPEUTICS INC,,2834
TSRC,TECHNISOURCE INC,,7370
BMBM.1,BMB MUNAI INC -OLD,,9995
HTA,HEALTHCARE TR OF AMERICA INC,,6798
3INAIQ,INTELLICORP INC,,7371
GBTC,GRAYSCALE BITCOIN TRUST ETF,,6722
ABBY.1,ABBEY HEALTHCARE GROUP INC,,8082
3ORGK,ORGANIK TECHNOLOGIES INC,,2253
SDP.2,SUNSOURCE INC,,5080
RNRC,RIVERSIDE NATIONAL BANK/CA,,6020
PNTC.1,PANATECH RESEARCH & DEV CORP,,3560
EPCT.1,EPICEPT CORP-OLD,,2834
BCKE.1,BROOKLYN CHEESECAKE & -OLD,,2050
GIG.1,GIGCAPITAL INC,,9995
DEH,D8 HOLDINGS CORP,,9995
IMNX,IMMUNEX CORP,,2836
ACMP,ACCESS MIDSTREAM PARTNERS LP,,1311
GROV.,GROVE BANK BRIGHTON MA,,6036
SNCA,SENECA BIOPHARMA INC,,2836
3DTAI,DATAIMAGE INC,,7373
3NSTR.,NORTHSTAR HEALTH SVCS INC,,8000
ABE.2,ABEX INC,,3812
3PHTE,PHONETEL TECHNOLOGIES INC,,4899
YBGJ.1,YUBO INTERNATNAL BIOTEC -OLD,,9995
DSS.1,DOCUMENT SECURITY SYS-OLD,,3555
BGLV,BALLY'S GRAND INC,,7990
IMUC.2,IMMUNOCELLULAR THERPTICS LTD,,2836
DPRX,DIPEXIUM PHARMACEUTICALS INC,,2834
3ISTVE,INSIGHT ENTERTAINMENT CORP,,4833
OWWI,OMEGA WORLDWIDE INC,,6282
INLQ,INTERLINQ SOFTWARE CORP,,7372
DCCN,DOCUCON INC,,9995
GNDR,GANDER MOUNTAIN INC,,5961
PWSB,PEOPLES WESTCHESTER SV BK NY,,6036
MMS.1,MID MAINE SAVINGS BANK FSB,,6035
3MBSV.,MOBILE SERVICES INTL CORP,,3140
BBX,BBX CAPITAL CORP,,6035
ATCMA,AMERICAN TV & COMMUN  -CL A,,4841
AVAN.1,AVANT IMMUNOTHERAPEUTICS-OLD,,2835
FCL.2,FOUNDATION COAL HOLDINGS INC,,1221
QUIN.,QUINCY SVGS BK MASS,,6036
VLFG,VALLEY FORGE SCIENTIFIC CORP,,3845
BCTG,BCTG ACQUISITION CORP,,9995
SOMR,SOMERSET GROUP INC,,6411
ZEGG.1,ZEGARELLI GROUP INTL INC-OLD,,2844
FRO.2,FRONTLINE LTD-OLD,,4412
BPAX.1,BIOSANTE PHARMACEUTICALS-OLD,,2834
3NIAG,NIAGARA CORP-OLD,,2590
COLB.1,COLUMBIA BNKING SYS INC -OLD,,6020
FUSB.1,FIRST UTD SB GREENCASTLE IND,,6035
CRRB.1,CARROLLTON BANCORP/MD -OLD,,6020
FNCE,FIRST INTL BANCORP INC,,6020
SUFB,FIRST BANKSHARES INC/VA,,6020
CF.4,CAROLINA FINANCIAL CORP -OLD,,6035
DEAC,DIAMOND EAGLE ACQ CORP,,9995
CDSI.2,CDSI HOLDINGS INC-OLD,,9995
SVON,SEVION THERAPEUTICS INC,,2836
INOV.,INNOVEDA INC,,7372
MKGI,MONAKER GROUP INC,,4700
AAC.1,ABLEAUCTIONS.COM INC,,7389
EONC,EON COMMUNICATIONS CORP,,4899
EVG.1,EVERGREEN RESOURCES,,1311
WYPT,WAYPOINT FINANCIAL CORP,,6036
CORE.1,CORE INC,,6411
IPOE,SOCIAL CAP HEDO CORP V,,9995
MLOG.1,MICROLOG CORP-OLD,,7372
SPW.2,SPX CORP-OLD,,3540
ALGH,ALLEGHENY & WESTERN ENERGY,,4924
UL.1,UNILEVER PLC PRIOR TO DUAL L,,2840
DRWN.1,A CLEAN SLATE INC -OLD,,9995
3USWI,US WIRELESS DATA INC,,9995
BDCO.1,BLUE DOLPHIN ENERGY CO  -OLD,,4922
HCAC,HENNESSY CAPITAL ACQ CORP IV,,9995
BKMD,BANK MARYLAND CORP,,6020
GSB.1,GOLDEN STATE BANCORP INC-OLD,,6035
CMRN.1,CAMERON FINANCIAL CORP,,6035
CLACB,COLONIAL COS INC  -CL B,,6321
BIN,PROGRESSIVE WASTE SOLUTIONS,,4953
TPGH,TPG PACE HOLDINGS CORP,,7990
3TLNOF,CONSOL TRILLION RES LTD,,1040
MDVX,MEDOVEX CORP,,3845
3SNTLQ,SUPERIOR NATL INS GROUP INC,,6331
AFBK,ALBEMARLE FIRST BANK,,6020
DCAR,DROPCAR INC,,7500
RESX.1,RESTORGENEX CORP-OLD,,2836
VTL,VITAL THERAPIES INC,,2836
VGAC,VG ACQUISITION CORP,,9995
IBAS.1,IBASIS INC-OLD,,4899
MTXC.,MATRIX BANCORP INC-OLD,,6162
LCA.2,LANDCADIA HOLDINGS INC,,9995
ECGI.,ENVOY CAPITAL GROUP INC,,8742
HDRA,HYDRA INDUSTRIES ACQUISITION,,9995
PTI,PROTEOSTASIS THERAPEUTICS,,2836
GTXI,GTX INC,,2834
EAGL.4,PLTNM EGLE ACQSTON CRP,,9995
SK.1,SAFETY-KLEEN CORP-OLD,,7389
CRSA,CRESCENT ACQ CORP,,9995
DVOP.1,DIVERSIFIED OPPORTYS -OLD,,9995
MNCL,MONOCLE ACQUISITION CORP,,9995
DFBH,DFB HEALTHCARE ACQ,,9995
BLP.1,COMPANIA BOLIVIANA ENERGIA,,4911
DPS,DR PEPPER SNAPPLE GROUP INC,,2086
GPAQ,GRDN PNTE ACQSTON CRP,,9995
HEAT.2,SMARTHEAT INC,,3443
GSAH.,GS ACQUISITION HLDGS CORP,,9995
TOMM,TOMORROWS MORNING INC,,2711
CGTK.1,CORGENTECH INC-OLD,,2836
ACAM,ACAMAR PARTNERS ACQUISITION,,9995
MPET,MAGELLAN PETROLEUM CORP,,1311
GGEN,GALAGEN INC,,2836
LGC,LEGACY ACQUISITION,,9995
EUAM,EUROAMERICAN GROUP INC,,7370
3GLOI.,GLOBALOPTIONS GROUP INC-OLD,,8742
PUBB,PACIFIC UNION BANK,,6020
3FCRES,FIRST CONTINENTAL REIT  -SBI,,6798
CLTR.1,COULTER PHARMACEUTICAL INC,,2836
HLD,SECURE AMERICA ACQ CORP,,9995
CERU,CERULEAN PHARMA INC,,2836
GAC.3,GULFSTREAM AEROSPACE,,3721
3HCHB,MEHL/BIOPHILE INTL CORP,,3990
LLIT,LIANLUO SMART LTD,,3845
7635B,INTL BROADCASTING CORP-OLD,,7900
NRVN,NATURE VISION INC,,3861
3UAIRQ,US AIRWAYS GROUP INC-OLD,,4512
LSXMK,LIBERTY MEDIA SIRIUSXM GROUP,,4832
ECGC,ESSEX COUNTY GAS CO,,4924
RLBY.1,RELIABILITY INC -OLD,,9995
LPHM.1,LEE PHARMACEUTICALS,,2844
MEG.1,MEDIA GENERAL INC  -OLD,,4833
CAVR.1,CARVER CORP/WA,,3651
MMG.2,METALLINE MINING CO-OLD,,1000
TOCA,TOCAGEN INC,,2836
3MPNC,MILLBROOK PRESS INC,,2731
AVGO.1,AVANTGO INC,,7372
CWDW.1,CDSS WIND DOWN INC -OLD,,9995
BIOD,BIODEL INC,,2836
PFRD,PREFERRED HOMECARE OF AMER,,8082
AGT.1,AMERICAN GENERAL HOSPITALITY,,6798
PYTOD.1,CERES VENTURES INC-OLD,,2836
APRB.1,APOGEE ROBOTICS INC -OLD,,9995
LEAP.1,LEAPNET INC,,7311
TRIO.1,TRIO MERGER CORP,,9995
MFAC,MEGALITH FNCL ACQS CORP,,9995
PIP,PHARMATHENE INC,,2836
XNY.1,CHINA XINIYA FASHN -ADR -OLD,,2300
STLR,STELLAR ACQUISITION III INC,,9995
OAC,OAKTREE ACQ CORP,,9995
3SVSH,SUAVE SHOE CORP,,3140
RMA.,RAUMA OY,,3530
TCIVA,TELE-COMM TCI VENTRS  -SER A,,4841
FSRV,FINSERV ACQUISITN CORP,,9995
RTP,REINVENT TECHNOLOGY PARTNERS,,9995
3XTRN.,XTRANA INC,,2835
CDTI.,CLEAN DIESEL TECHNOLOGIS-OLD,,2810
DOTA,DRAPER OAKWD TECH ACQN,,9995
IPOA,SOCIAL CAPITAL HDA HDG,,9995
GRSH,GORES HOLDINGS III INC,,9995
CDOM,TIGER X MEDICAL INC,,3842
3ANDN.,ANDEAN DEVELOPMENT CORP,,8711
FMCI,FORUM MERGER II CORP,,9995
GLBC.,GREAT LAKES BANCORP,,6035
KILFE,KELLER INDUSTRIES LTD,,9995
PRIM.1,PAC RIM HOLDING CO,,6331
CLRX.,CST ENTERTAINMENT INC,,7829
GNVHQ,GENEVA STEEL HOLDINGS CORP,,3312
3HNDL,HINDERLITER INDS INC,,6162
BLCA.1,BOREL BK & TR CO SAN MATEO,,6020
IFSRF,INTERNATIONAL FOCUS RES INC,,1311
3408B,MORGAN FINANCIAL CORP/DE,,6035
BWE,BANCWEST CORP,,6020
VENP,VENTURI PARTNERS INC,,7363
DFNS,LGL SYSTEMS ACQUISITON,,9995
GLAD.1,CHARIOT ENTERTAINMENT INC,,5500
LFAC.1,LF CAP ACQ CORP,,9995
UBKS,UNITED BANKS OF COLORADO,,6020
TMAX.,TOYMAX INTERNATIONAL INC,,3944
NLSP,NLS PHARMACEUTICS LTD,,2834
DCPI.,CLARK (DICK) PRODUCTIONS INC,,7812
DCW,DCW TOTAL RETURN FUND,,6726
FAM.3,FIRST AMERICAN CORP/TN,,6020
TSPT,TRANSCEPT PHARMACEUTICALS,,2836
NEOL.1,NEOPHARM INC-OLD,,2836
PIC,PIVOTAL INVEST CORP II,,9995
VRNG.1,VRINGO INC  -OLD,,7372
TKKS,TKK SYMPHONY ACQ CORP,,9995
NWTH.1,NORWESTECH INC  -OLD,,9995
LNTE.1,LANTE CORP,,7370
CRAU.1,ANTHONY (C.R.) CO,,5311
SGP,SCHERING-PLOUGH,,2834
3FMOLS,FREEPT MCMORAN O&G ROYALTY,,6792
SNC.3,SNYDER COMMUNICATIONS INC,,7389
CNAT,CONATUS PHARMACEUTICALS INC,,2836
EDGE.2,EDGE THERAPEUTICS INC,,2836
KEY.3,KEYCORP  -OLD,,6020
CDSY,CUMETRIX DATA SYSTEMS CORP,,5045
FGF.2,FG FINANCIAL GROUP INC,,6331
TLRY.1,TILRAY INC -OLD,,2834
ONDI,ONTRACK DATA INTL INC,,7370
HRMN,HARMONY MERGER CORP,,9995
FLP,FLETCHER CHALLENGE PAPER,,2621
USVI,U S VISION INC,,5990
AVSO.1,AVATECH SOLUTIONS INC-OLD,,7372
CLAC.1,CAPITOL ACQUISITION CORP II,,9995
OEI.Z,OCEAN ENERGY INC-OLD,,1311
ABGA,ALLIED BANKSHARES INC/GA,,6020
DIGX.,DIGEX INC-OLD,,7370
BOSP,BANK SAN PEDRO CALIF,,6020
STAR,ISTAR INC,,6798
MCAF.1,MCAFEE.COM CORP,,7372
MSTX.1,MAST THERAPEUTICS,,2834
IRDM.1,GHL ACQUISITION CORP,,9995
MCB.1,MCB FINANCIAL CORP,,6020
ANOR,ANORMED INC,,2836
TGPAF,TECHNIGEN CORP  -CL A,,3949
WMFG,WMF GROUP LTD,,6162
DIGA.1,DIGITAL ANGEL CORP-OLD2,,7372
ACOI,AMERICAN CREDIT OPTICAL/DE,,5990
TGP.1,GEORGIA-PACIFIC TIMBER CO,,2421
CNVX,CANCERVAX CORP,,2836
TDAC.1,TRIDENT ACQUISTNS CORP,,9995
BCOM.,BANK OF COMMERCE SAN DIEGO,,6020
LNSB,LINCOLN SVGS BK CARNEGIE PA,,6036
KMAC.,KUSHI MACROBIOTICS CORP,,2090
CYBA.,CYBEAR GROUP,,7372
TWP.1,TWO PESOS INC,,5812
TKP,POLARIS ACQUISITION CORP,,9995
DDII,DATA DOCUMENTS INC/DE,,2750
8893A,BOATMENS SUNWEST INC,,6020
HCM.1,HANOVER CAPITAL MTG HOLDINGS,,6798
ITEK,INOTEK PHARMACEUTICALS CORP,,2836
CDT.1,CABLE DESIGN TECH CP  -CL A,,3357
NTMG.,NUTMEG FED SVGS & LN ASSN/CT,,6035
TZACU,TENZING ACQUISITION,,9995
3SMETE,SIMETCO INC,,3330
PSAC.1,PIT STOP AUTO CENTERS INC,,7500
AGOL.,ETFS ASIAN GOLD TRUST,,6722
LE.2,LANDS END INC -OLD,,5961
APTI.2,ADVANCED POWER TECHNOL INC,,3674
CCIV,CHURCHILL CAPI CORP IV,,9995
DGNR,DRAGONEER GRO OPP CORP,,9995
FUSE.2,FUSION ACQUISITION COR,,9995
GIX,GIGCAPITAL2  INC,,9995
BSB.1,BANCO SANTANDER CHILE SA,,6020
STEH.1,STARTECH ENERGY INC,,1311
USB.1,U S BANCORP/DE-OLD,,6020
RACM.CM,RALSTON PURINA-CONSOLIDATED,,2040
TRNX.1,TORNIER NV,,3842
SUPR.2,SUPERIOR SERVICES INC,,4953
CPAA.2,CONYERS PARK II ACQ,,9995
CHTB,COHASSETT SAVINGS BANK/MA,,6036
SIGN.1,PLASTI-LINE INC,,3990
AHH.,AMERIHEALTH INC/DE,,8062
POSH.1,BABYUNIVERSE INC-OLD,,5961
WAMUQ,WASHINGTON MUTUAL INC,,6035
IFON.1,INFOSONICS CORP -OLD,,3663
3NVDC,NAVIDEC INC,,1311
OLAB,ORALABS HOLDING CORP,,2844
PLH,PIERCE LEAHY CORP,,4220
MUDS.1,MUDRICK CPTL AQSTN CRP,,9995
CORN,TEUCRIUM CORN FUND,,6722
3CUSIF,CUSAC GOLD MINES LTD,,1040
RCG.1,RESURGENS COMMUNICATIONS GP,,4813
IHTA,INVESCO HIGH INCOME FUND,,6722
ARVT,ARIES VENTURES INC,,9995
PRS.3,PURE RESOURCES INC,,1311
3KNICQ,KNICKERBOCKER L L INC,,3942
JCS,COMMUNICATIONS SYSTEMS INC,,7370
THCB,TUSCAN HOLDINGS CORP,,9995
MTSL,MER TELEMGMT SOLUTIONS LTD,,7370
SANP10,LUNDIN OIL AB,,1311
GSHT,GORES HOLDINGS II INC,,9995
EQAUE,EQUITY AU INC,,1040
GRY.2,PACIFIC GREYSTONE CORP,,6552
HKT.2,CABLE & WIRELESS HKT LTD,,4813
JFFN,JEFFERSON BK PHILADELPHIA PA,,6020
AMMA,ALLIANCE MMA INC,,7900
STUH,STUART HALL CO INC,,2670
CHAQ,CHARDAN HEALTHCR ACQ 2,,9995
CTBK,CITYBANK,,6020
AMB,AMB PROPERTY CORP,,6798
CRTX.,CRITICAL THERAPEUTICS INC,,2834
ORPN,BIOBLAST PHARMA LTD,,2836
3EXTL,EXPERTELLIGENCE INC,,7372
MNLO.1,MENLO THERAPEUTICS INC -OLD,,2836
BVC.1,BAY VIEW CAPITAL CORP,,6020
POWW.1,AMMO INC -OLD,,2330
MSDI.2,MONSTER DIGITAL INC -OLD,,3572
SBE,SWITCHBACK ENERGY ACQ CORP,,9995
IMAAZ,INFORMATION MGMT ASSOC INC,,7372
3PRDF,PRODUCERS PIPELINE CORP,,1311
WLBC.2,WESTERN LIBERTY BANCORP -OLD,,9995
MOSY,MOSYS INC,,3674
AMPB,AMERICAN PACIFIC BANK  -CL B,,6020
LIVK,LIV CAPITAL ACQ CORP,,9995
CQX.,CONQUEST EXPLORATION CO,,1311
CSTB,CALIF STATE BK COVINA,,6020
ZHNE,ZHONE TECHNOLOGIES INC,,3661
SKH,SKILLED HEALTHCARE GROUP INC,,8051
BIRI,BRAINERD INTL INC,,7948
BWMC,BOXWOOD MERGER CORP,,9995
TANK,TEI INC,,4953
BIOF.1,BIOFUEL ENERGY CORP,,2860
USPI.1,UNITED SURGICAL PRTNRS -OLD,,8011
HFSB,HAMILTON BANCORP INC,,6035
JWS,JAWS ACQUISITION CORP,,9995
ESWB.1,ESIO WATER AND BEVERAGE-OLD,,9995
AXMP.1,AXM PHARMA INC -OLD,,2834
SMED.1,SMED INTERNATIONAL INC,,2522
CREO.,CREO INC,,3861
EPMN,EPIMMUNE INC,,2834
EDA.1,ENDEAVOR ACQUISITION CORP,,9995
BURG,CHANTICLEER HOLDINGS INC,,5812
3NECT,NATIONAL ENVIROMENTAL CTL,,2870
VDTI,TAILOR AQUAPONICS WORLDWIDE,,6162
BSBC,BRANFORD SVGS BK/CT,,6036
CGIX,CANCER GENETICS INC,,8071
NBIC,NORTHEAST BANCORP -OLD,,6020
CVT.,CVENT INC,,7370
NAO.3,HERMITAGE OFFSHORE SER - OLD,,4412
TGE.3,TGC INDUSTRIES INC,,1382
TEA.1,TEMPLETON EMRG MKTS APPRN FD,,6726
VSCI,VISION-SCIENCES INC,,3845
KITDQ,KIT DIGITAL INC,,7372
HHHH,WEALTHBRIDGE ACQUISIT,,9995
RMG,RMG ACQUISITION CORP,,9995
MVBI,MISSISSIPPI VALLEY BANCSHRS,,6020
IHCO,INTERSTATE HOTELS CORP,,7011
VIAN,VIANT CORP,,7370
CBLI.2,CLEVELAND BIOLABS INC,,2834
ADRO,ADURO BIOTECH INC,,2836
CLHL.,CARLISLE HOLDINGS LTD-OLD,,6020
AMHC,AMPLITUDE HEALTH ACQ,,9995
RTTR,RITTER PHARMACEUTICALS INC,,2836
ALQA,ALLIQUA BIOMEDICAL INC,,2836
NRGM,INERGY MIDSTREAM -LP,,4922
CFIC.,COMMUNITY FINANCIAL CORP/IL,,6020
ETHE,GRAYSCALE ETHEREUM STAKN ETF,,6726
NHIC.2,NEWHOLD INVESTMENT COR,,9995
HCTL,HEALTHCARE TECHNOLOGIES LTD,,2835
JETMF.1,JET METAL CORP,,1000
TRVL.2,TRAVEL SERVICES INTL INC,,4700
CIRC.1,CIRCLE.COM,,7370
VSPR,VESPER HEALTH ACQ CORP,,9995
ABCC,ACCELERATED BUILDING CONCEPT,,8742
MARC,M/A/R/C INC,,8700
BRPA,BIG ROCK PRTN ACQ CORP,,9995
AGX.1,AGRIBRANDS INTERNATIONAL INC,,2040
UPGD,INVESCO BLOOMBERG ANALST ETF,,6726
LCY,LANDCADIA HOLD III INC,,9995
ESTE.1,EARTHSTONE ENERGY INC -OLD,,1311
SYMD.1,SYNTHEMED INC-OLD,,2836
SNKTY.1,SENETEK PLC  -OLD,,2836
FBK.1,FIRST CITY BK NEW BRITIAN CO,,6020
MDRX.1,ALLSCRIPTS HLTHCR SOLTNS-OLD,,7372
HDD,QUANTUM CORP HDDG,,3572
BRAC.1,BLACK RIDGE ACQ CORP,,9995
3SXTD,SECTOR ASSOCIATES LTD,,9995
3CSOF,CHINA STATIONERY & OFFICE,,2670
ENRJ,ENERJEX RESOURCES INC,,1311
FMLP.1,FELDMAN MALL PPTYS INC -OLD,,6798
AXYX,AXONYX INC,,2834
XRF.1,CHINA RAPID FNC- ADR -OLD,,6141
MAMP,MEDAMERICA PROPERTIES INC,,6512
CBTX,CBTX INC,,6020
MVLAY,MOVILACCESS SA,,4812
GLTR,ABRDN PHYSICAL PR M B SH ETF,,6722
TSG,STARS GROUP INC,,7990
GEMP,GEMPHIRE THERAPEUTICS INC,,2836
RGDO,REGADO BIOSCIENCES INC,,2836
WINK,WINK COMMUNICATIONS INC,,7372
PSW.1,PUB STRG PPTYS XVIII  -SER A,,6798
LSA,LANDMARK SAVINGS ASSOC-PA,,6036
ZTEC,ZYTEC CORP,,3679
CKEY,CROSSKEYS SYSTEMS CORP,,7372
BIOS.1,BIOSCRIP INC,,8082
ARRW.1,MINDARROW SYSTEMS INC,,7372
WSTCQ,WASTEC INC,,4955
3ELIX,ELECTRIC LIGHTWAVE  -CL A,,4813
SGNL,SIGNAL GENETICS INC,,8071
TLWT,TELEWEST COMMUNICATIONS PLC,,4813
3AMXS,AUTOMEDIX SCIENCES,,3841
GPRE.1,GREEN PLAINS RENWBL ENRG-OLD,,2860
MRKT,MARKIT LTD,,7370
FADV,FIRST ADVANTAGE CORP -OLD,,7389
9747B,NVEST CONSOLIDATED  -LP,,6282
SNID,SUN CITY INDUSTRIES,,5140
CSG,CHAMBERS STREET PROPERTIES,,6798
FNTC.1,FINTECH ACQUISITION CORP,,9995
3CPXX,CPX CORP,,9995
GFLB,GREAT FLORIDA BANK,,6020
EONE,ENVIRONMENT-ONE CORP,,3580
BDGE,BRIDGE BANCORP INC,,6020
PRDM.,PARADIGM TECHNOLOGY INC,,3674
EURO.,EUROTRUST A/S  -ADR -OLD,,4841
3DTECF,DELANO TECHNOLOGY CORP,,7372
3JCHC,JCC HOLDING CO,,7990
CTCO.1,CROSS & TRECKER CORP,,3541
SFES.1,SAFESTITCH MEDICAL INC-OLD,,3841
IKNX,IKONICS CORP,,2840
3DVGL,VOXEL,,3845
3MAARQ,MARCADE GROUP INC,,2300
ASNS.1,ARSANIS INC,,2836
3565B,NU-TECH BIO-MED INC,,8071
INSN.,INSILICON CORP,,3674
GTWY.1,GATEWAY FINANCIAL CORP,,6020
GALE.1,GALENA BIOPHARMA INC,,2836
DCAI.1,DIALYSIS CORP OF AMERICA-OLD,,8090
CPDN,COMPDENT CORP,,6324
KCFB,KING CITY FED SVGS BK MT VER,,6035
SOCC.,SOURCE CAPITAL CORP  -CL A,,6199
SPNV,SUPERNOVA PARTNRS ACQ CO INC,,9995
AGQI,FIRST TRUST ACTIV GBL QL INC,,6722
SPRS.1,SURGE COMPONENTS INC-OLD,,5065
FRNS,FIRST AVE NETWORKS INC,,4812
SGTI.,SURGICAL TECHNOLOGIES INC,,3443
ACND,ASCENDANT DIG ACQ CORP,,9995
BCAC.1,BISON CAPITAL ACQ COR,,9995
SRT.2,STARTEK INC -OLD,,7389
COIN.1,CONVERTED ORGANICS INC -OLD,,2870
DATM,DATUM INC,,3825
OPXA,OPEXA THERAPEUTICS INC,,2836
CMSS,CM SEVEN STAR ACQ CORP,,9995
PZSM.CM,PITTSTON CO-CONSOLIDATED,,4731
ARCC.1,ALLIED RISER COMMUNICATIONS,,4813
IMTXQ,INTERACTIVE MEDIA TECH,,3577
LVNVF,LEVON RESOURCES LTD,,1040
3VLCR.,NORTANKERS INC,,4400
WLSC,WILLIAMS SCOTSMAN INTL,,7359
FWBN,FIRST WESTERN BANK NC,,6020
MPO,MIDSTATES PETROLEUM CO INC,,1311
LBTYA.,LIBERTY MEDIA CORP  -CL A,,5961
PZE.2,PETROBRAS ENERGIA PARTICIPAC,,2911
ACIC.1,ATLAS CREST INVES CORP,,9995
AGCZ,ANDES GOLD CORP,,4955
SKY.1,SKYLINE CORP,,2451
VCG.1,VALOR COMMUNICATIONS GROUP,,4813
IBN.1,ICICI BANK LTD - OLD,,6020
SNSS,SUNESIS PHARMACEUTICALS INC,,2834
PHOC,PHOTO CONTROL CORP,,3861
ANEC.1,AMERICAN NATURAL ENERGY CORP,,1311
SP.1,SPELLING ENTERTNMT GRP INC,,7812
MATH.1,MATHSTAR INC-OLD,,3674
PAP.3,PACIFIC ASIA PETROLEUM -OLD,,1311
SCHK.1,SCHICK TECHNOLOGIES INC,,3844
VSTR.,VOICESTREAM WIRELESS CORP,,4812
RAPT.,RAPTOR SYSTEMS INC,,7372
ADXS.1,ADVAXIS INC-OLD,,2836
TFSB,FEDERAL SVGS BK NEW BRITN CT,,6035
CLRS.1,CLARUS CORP -OLD,,9995
3BULKF,B & H BULK CARRIERS LTD,,4400
ACTY,ACCESSITY CORP,,6411
9048B,HAL INC,,4512
PCS.2,METROPCS COMMUNICATIONS INC,,4812
3UBDT,UBRANDIT.COM,,7389
ASPN.1,ASPEN EXPLORATION CORP -OLD,,1311
SSPK,SILVER SPIKE ACQ CORP,,9995
TNI.1,TRANSCISCO INDS,,4700
CLRX,COLLABRX INC,,7370
DMAX.1,DRUGMAX INC-OLD,,5122
IMSG.1,IMAGE SYSTEMS CORP,,3575
CAPX.1,CAPITAL CROSSING BANK,,6020
3FIVDE,FIFTH DIMENSION INC,,3679
SMMC,SOUTH MOUNTAIN MERGER CORP,,9995
THLD,THRESHOLD PHARMACEUTICALS,,2834
SGBK,STONEGATE BANK/FL,,6020
KAAC,KAYNE ANDRSN ACQ C,,9995
SNTA,SYNTA PHARMACEUTICALS CORP,,2834
TRCH,TORCHLIGHT ENERGY RESOURCES,,1311
MGIKQ,MAGIC RESTAURANTS INC,,5812
SWCB.,SANDWICH BANCORP INC/MA,,6020
JMGE.1,JMG EXPLORATION INC -OLD,,1311
AMBC.,AMERICAN BANCORP/OH,,6020
BOG.,BELCO OIL & GAS CORP,,1311
DSF.1,DRESDNER RCM GLBL STRATGIC,,6726
MEDE.1,MEDE AMERICA CORP,,6411
DON.1,DONNELLY CORP,,3231
PSIX.,PERIPHERAL SYSTEMS INC,,8734
PLLK,PARALLEL TECHNOLOGIES INC,,7373
UMRX.1,UNUM THERAPEUTICS INC OLD,,2836
3EXDSQ,EXODUS COMMUNICATIONS INC,,7370
SXEI,SEARCH EXPLORATION INC,,1311
DGP.1,USX-DELHI GROUP,,4922
CLJ,CRESTLINE CAPITAL CORP,,7011
PRFB,PRIME FEDERAL BANK FSB/WI,,6035
LATN,UNION ACQUSTIN CORP II,,9995
CSM.1,CHAPARRAL STEEL CO -OLD,,3312
INDHK,INDEPENDENT INSURNACE GROUP,,6311
CIC,CAPITOL INVSTMNT CRP IV,,9995
FEB.1,FAR EAST NATL BK LOS ANGELES,,6020
CLDN,CELLADON CORP,,2836
BKC.1,AMERICAN BANK CT WATERBURY,,6036
LSAC.1,LIFESCI ACQUISITION CORP,,9995
PRBC,PRESTIGE BANCORP INC,,6035
ANDA,ANDINA ACQ CORP III,,9995
KBLM,KBL MERGER CORP IV,,9995
LECT.1,LECTEC CORP  -OLD,,2834
FAII,FORTRESS VALUE ACQ II,,9995
ZLCS,ZALICUS INC,,2836
BLVD,BOULEVARD ACQUISITION CP II,,9995
ERA,ERA GROUP INC,,4522
TLN.2,TALEN ENERGY CORP -OLD,,4911
GLEO,GALILEO ACQ CORP,,9995
SXL,SUNOCO LOGISTICS PARTNERS LP,,4610
MULT.1,MULTI SOLUTIONS INC,,7372
LNGG.1,LINN ENERGY INC,,1311
INXB.1,INFINITY CROSS BORDER ACQ CP,,9995
MIII,M III ACQUISITION CORP,,9995
4437B,CELLEGY PHARMACEUTICALS -OLD,,2834
LMDIA,LIBERTY MEDIA ENTERTAINMENT,,4841
CLAI.1,CLAIMSNET.COM INC -OLD,,6411
GEOC,GEOTEL COMMUNICATIONS CORP,,7372
MROX.CM,USX CORP-CONSOLIDATED,,2911
SOAC,SUSTAINABLE OPP ACQ,,9995
STVI.,STV GROUP INC,,8711
MFD.1,MUNIHOLDINGS FLA INSD FD III,,6726
3FINX.,FINGERMATRIX INC,,3577
CTBC,CONNECTICUT BANK&TRUST CO/NE,,6020
BYCL,FREMONT CORP,,3751
CENI.,CONESTOGA ENTERPRISES,,4813
TPZ,TORTOISE ELECTRIFICATN INFRA,,6726
PGASB,PETROLANE INC  -CL B,,5900
HPG.2,HERITAGE PROPANE PRTNRS -OLD,,5900
RMG.2,RAINBOW MEDIA GROUP,,4841
MCHHF,MERCHANT CAPITAL GROUP INC,,1400
LAUR.2,LAUREATE EDUCATION INC  -OLD,,8200
TRGT,TARGACEPT INC,,2834
PCS.1,SPRINT PCS GROUP,,4812
OVAS,OVASCIENCE INC,,2836
DSW.2,DSW INC-OLD,,5661
BIB.1,BIBB CO/DEL,,2211
HEC,HUDSON EXECUT INV CORP,,9995
NLTX.1,NILE THERAPEUTICS INC,,7370
OSU,O'SULLIVAN INDS HLDGS INC,,2511
3LRSY,LASER RECORDING SYSTEMS INC,,7373
ROIQ.1,ROI ACQUISITION CORP,,9995
BHLB,BERKSHIRE HILLS BANCORP INC,,6020
SAGE.1,SAGEBRUSH INC,,5812
OSPR,OSPREY ENERGY ACQ CORP,,9995
CEMP,CEMPRA INC,,2834
PGLA.1,PROGEN PHARMACEUTICALS LTD,,2836
GSOF.,GROUP 1 SOFTWARE INC-OLD,,7372
ZFC,ZAIS FINANCIAL CORP,,6798
RCBK,RIVER CITY BANK,,6020
8847B,FOXMEYER CORP,,5122
NANO,NANOMETRICS INC,,3829
SFO.1,SUNSET FINANCIAL RES INC,,6798
GMHI,GORES METROPOULOS INC,,9995
USO,UNITED STATES OIL FUND LP,,6799
NK,NANTKWEST INC,,2836
PLCC,PAULSON CAPITAL CORP,,6211
3PNAA.,PAN AM CORP,,4512
REXN,REXAHN PHARMACEUTICALS INC,,2836
APL.1,ATLAS PIPELINE PRTNRS LP-OLD,,4922
PGEO,PARADIGM GEOPHYSICAL LTD,,7372
DXMMQ,DEX MEDIA INC,,7310
IBSF,IBS FINANCIAL CORP,,6036
HTWO,HF2 FINANCIAL MANAGEMENT INC,,9995
PVT.2,PROVIDENT COS INC,,6321
PGRA.1,PLANGRAPHICS INC  -OLD,,9995
CNAC,CONSTELLATION ALPHA CAP CRP,,9995
NABI.1,NABI BIOPHARMACEUTICALS-OLD,,2836
COST.1,COSTCO WHOLESALE CORPORATION,,5331
KLRE,KLR ENERGY ACQUISITION CORP,,9995
ANBK.,AMERN NATL SVGS BK FSB/MD,,6035
JII,JOHNSTON INDUSTRIES/DE,,2211
JNS,JANUS CAPITAL GROUP INC,,6282
MNK.1,MUNIHOLDINGS N Y INSD FD III,,6726
FFA.1,FRANCHISE FINL CORP AMERICA,,6798
XLL,EXEL PLC,,4731
PAMT.1,PARAMETRIC SOUND CORP-OLD,,3651
NOVS.1,NOVUS CAPITAL CORPORAT,,9995
XCYTD,XCYTE THERAPIES INC,,2834
METR.,METEOR INDUSTRIES INC,,5172
EFTD,FTD.COM INC,,5990
CJ.1,BAY MEADOWS OPER CO,,7948
RSP.1,SOUTHERN PACIFIC RAIL CORP,,4011
FSPG,FIRST HOME BANCORP INC/NJ,,6035
SSVB,SECURITY SVGS BK FSB JKSN MI,,6035
FIII,FORUM MERGER III CORP,,9995
GLBK.,GLENDALE CO-OPERATIVE BANK,,6036
MSSB.1,MID ST FED SVGS BK OCALA FLA,,6035
FDCC,FACTUAL DATA CORP,,7320
MDH.1,MUNIHOLDINGS MICH INSD FD II,,6726
AGS.1,SAGA SYSTEMS INC,,7372