cik,sic,conm
8,4841,MOVIE SYSTEMS INC
20,3823,K-TRON INTERNATIONAL INC
51,7385,UC CORP
205,1311,BALCO ENERGY CORP
212,3357,BIW CABLE SYSTEMS INC
1750,5080,AAR CORP
1761,2670,TRANZONIC COS
1800,3845,ABBOTT LABORATORIES
1857,2300,AMC INVESTORS INC
1866,3743,ABEX CORP
1882,3652,ABKCO INDUSTRIES INC
1923,8700,SERVIDYNE INC
1969,4955,AMETECH INC
1985,6331,ACCEL INTL CORP
2031,1311,WRIGHT ENERGY CORP
2034,5160,ACETO CORP
2062,6351,ACMAT CORP  -CL A
2070,3612,ACME ELECTRIC CORP
2075,3420,ACME GENERAL CORP
2098,3842,ACME UNITED CORP
2131,5990,D O C OPTICS CORP
2134,3357,ACS INDUSTRIES INC
2135,7374,AFFILIATED COMPUTER SERVICES
2145,5020,
2166,3060,ACUSHNET CO
2178,5172,ADAMS RESOURCES & ENERGY INC
2186,3663,BK TECHNOLOGIES CORP
2230,6726,ADAMS DIVERSIFIED EQUITY FD
2308,3578,ADDMASTER CORP
2310,5040,MULTIGRAPHICS INC
2369,4210,ADLEY CORP
2387,3651,ADMIRAL CORP
2408,5030,ADOBE BUILDING CENTERS INC
2457,6099,ADVANCE ROSS CORP
2463,3412,ADVANCED CHEMICAL TECHNOLOGY
2467,7373,ADVANCED COMPUTER TECHNIQUES
2485,3674,INTERSIL INC
2488,3674,ADVANCED MICRO DEVICES
2491,3990,BALLY TECHNOLOGIES INC
2506,3651,ADVENT CORP
2517,2750,ADVERTISING UNLIMITED INC
2552,3730,AEGIS CORP
2589,8711,AERO SYSTEMS ENGINEERING INC
2590,5080,AERO SYSTEMS INC
2597,3724,AERODEX INC
2601,3825,AEROFLEX INC
2602,3721,AEROJET GENERAL CORP
2611,3728,AERONCA INC
2618,2834,ARMSTRONG PHARMACEUTICALS
2636,3670,AEROVOX CORP
2638,3861,AES TECHNOLOGY SYSTEMS INC
2668,7380,AFA PROTECTIVE SYSTEMS INC
2682,6020,AFFILIATED BANKSHARES COLO
2684,6552,AFFILIATED CAPITAL CORP
2741,2300,AFTER SIX INC
2751,6211,REFINEMET INTERNATIONAL CO
2801,3714,AGM INDUSTRIES INC
2809,1040,AGNICO EAGLE MINES LTD
2825,1311,TEXAS AMERICAN RESOURCES
2844,5045,AGS COMPUTERS INC
2850,6500,AGUIRRE CO
2880,5040,A I C INTL INC
2886,8062,AID INC-DEL CL A
2899,3812,AIKEN INDUSTRIES INC
2904,2253,AILEEN INC
2926,4512,AIR CALIFORNIA
2929,3537,AIR CARGO EQUIPMENT CORP
2969,2810,AIR PRODUCTS & CHEMICALS INC
3000,4513,AIRBORNE INC
3010,2810,AIRCO INC
3042,4512,AIRLIFT INTERNATIONAL INC
3050,3679,AIRPAX ELECTRONICS INC
3055,2300,ARPEJA CALIFORNIA INC
3086,2840,AIRWICK INDUSTRIES INC
3094,3560,AJAX MAGNETHERMIC CORP
3116,2834,AKORN INC
3124,2851,AKZO NOBEL NV
3133,6020,AMSOUTH BANCORPORATION
3193,7350,ALANTHUS CORP
3197,3564,CECO ENVIRONMENTAL CORP
3235,5731,MICROFAST SOFTWARE CORP
3241,1600,ALASKA INTL INDUSTRIES INC
3292,2250,ALBA-WALDENSIAN INC
3333,5411,ALBERTSON'S INC
3370,5040,IKON OFFICE SOLUTIONS
3379,2890,ALCOLAC INC
3382,2834,ALCON LABORATORIES INC
3398,3661,ALDEN ELECTRONICS INC
3417,2273,ALDON INDUSTRIES INC
3449,6411,ALEXANDER & ALEXANDER
3453,4400,MATSON INC
3499,6798,ALEXANDER'S INC
3535,3672,ALGOREX CORP
3545,100,ALICO INC
3570,1311,CHENIERE ENERGY INC
3642,6331,ALLCITY INSURANCE CO
3656,3452,ALLECO INC
3662,2390,SUNBEAM CORPORATION
3673,4911,ALLEGHENY ENERGY INC
3721,3663,ALLEN TELECOM INC
3753,3576,ALLEN ORGAN CO  -CL B
3827,7812,ALLIED ARTISTS PICTURES CORP
3874,3320,PRECISION TECHNOLOGIES
3877,5080,ALLIED FARM EQUIPMENT  -CL A
3883,2040,ALLIED FOODS INC
3905,5090,CENTURI INC
3906,6159,ALLIED CAPITAL CORP
3933,1311,THOR ENERGY RESOURCES INC
3941,3540,ALLIED PRODUCTS
3952,9995,ALLIED DEFENSE GROUP INC
3966,8731,TSC INC
3971,3585,ALLIED THERMAL CORP
3975,4213,ALLIED VAN LINES INC
3982,1381,ALLIS-CHALMERS ENERGY INC
3998,3310,ALLISON STEEL MFG CO
4006,3310,ALLOY METAL PRODUCTS INC
4013,7500,ALLRIGHT AUTO PARKS INC
4047,2731,ALLYN & BACON INC
4082,4512,ALOHA INC
4107,6799,ALPEX COMPUTER CORP
4127,3674,SKYWORKS SOLUTIONS INC
4139,9995,SLATTERY GROUP INC
4156,3640,ALPHANUMERIC INC
4157,3555,ALPHATYPE CORP
4164,3357,ALPINE GROUP INC
4165,6513,ASIA SUPERNET CORP
4187,4953,INDUSTRIAL SERVICES AMER INC
4206,2040,ALTAIR CORP-DEL
4215,3651,ALTEC CORP
4233,1389,ALTEX OIL CORP
4241,3443,ALTIUS CORP
4253,2600,ALTON PACKAGING CORP
4281,3728,HOWMET AEROSPACE INC
4285,3350,ALCAN INC
4288,3390,ALUMINUM SPECIALTY CO
4310,2834,ALZA CORP
4317,7373,SENTO CORP
4339,2060,AMALGAMATED SUGAR CO
4344,7359,BESTWAY INC
4363,3334,AMAX INC
4368,3714,AMBAC INDUSTRIES INC
4410,4922,AMCOLE ENERGY CORP
4421,3241,AMCORD INC
4427,3571,AMDAHL CORP
4435,3663,AMECO INC
4436,3990,AMEDCO INC
4438,1731,AMELCO CORP
4447,1311,HESS CORP
4457,7510,AMERCO
4504,1400,AMERICAN AGGREGATES CORP
4507,2030,ORANGE-CO INC
4563,2050,AMERICAN BAKERIES CO
4579,2750,AMERICAN BANK NOTE CO
4611,2670,AMERICAN BILTRITE INC
4617,8060,AMERICAN BIOMEDICAL CORP
4672,2670,AMERICAN BUSINESS PRODS/GA
4707,1531,AMERICAN CAPITAL CORP-OLD
4786,9995,AMDISCO CORP
4828,2060,AMERICAN CRYSTAL SUGAR CO
4829,2800,AMERICAN CYANAMID CO
4833,8071,AMERICAN CYTOGENETICS
4854,7380,ADT INC -OLD
4886,4922,AMERICAN DYNAMICS CORP
4904,4911,AMERICAN ELECTRIC POWER CO
4911,3812,AEL INDUSTRIES  -CL A
4962,6141,AMERICAN EXPRESS CO
4977,6321,AFLAC INC
5009,3080,AMERICAN FILTRONA CORP
5085,100,AMERICAN GARDEN PRODUCTS INC
5094,6726,INVESCO BOND FUND
5099,6726,VAN KAMPEN CONV SEC FD
5103,6311,AMERICAN GENERAL CORP
5133,2771,AMERICAN GREETINGS  -CL A
5172,6311,AMERICAN HERITAGE LIFE INVS
5177,3420,AMDURA CORP
5185,2452,AMERICAN HOME INDUSTRIES CP
5187,2834,WYETH
5193,7389,AMERICAN HOME SHIELD
5227,6331,AMERICAN INDTY FINL CORP
5272,6331,AMERICAN INTERNATIONAL GROUP
5281,7812,AMERICAN INTL PICTURES INC
5294,6141,AMERICAN INVESTMENT CO
5320,6311,AMVESTORS FINANCIAL CORP
5337,2621,HADERA PAPER LTD
5343,3560,AMERICAN LAFRANCE INC
5385,7331,AMERICAN LIST CORP
5405,2040,AMERICAN MAIZE-PRODS  -CL A
5421,3730,AMERICAN MARINE LTD
5442,8060,AMERICAN MEDICORP INC
5496,3711,AMERICAN MOTORS CORP
5505,5900,AMERICAN MUSIC STORES INC
5513,6321,UNUM GROUP
5549,3663,AMERICAN NUCLEONICS CORP
5550,9995,AMERICAN NUCLEAR CORP
5582,1311,AMERICAN PACIFIC INTL INC
5588,2670,AMERICAN PAD & PAPER CO
5611,2911,FINA INC  -CL A
5632,6331,AMERICAN PLAN CORP
5657,3621,AMERICAN PRECISION INDS
5696,1311,AMERAC ENERGY CORP
5719,7900,AMERICAN RECREATION CENTERS
5768,3844,AMERICAN SCIENCE ENGINEERING
5796,6020,AMERICAN SECURITY CORP
5818,3730,AMERICAN SHIP BUILDING CO
5870,3842,AMERICAN STERILIZER CO
5907,4813,AT&T CORP
5931,8200,CAREERCOM CORP
5951,6411,AMERICAN UNDERWRITERS GROUP
5981,2870,AMERICAN VANGUARD CORP
6009,3728,AMERICAN WELDING & MFG CO
6071,5331,AMES DEPT STORES INC
6091,3949,AMF INC
6097,5122,AMFAC INC
6125,3861,KEYSTONE CAMERA PRODUCTS
6143,2011,AMK CORP
6161,2211,AMOSKEAG CO
6164,3678,AMP INC
6175,3390,AMPCO METAL INC
6176,3312,AMPCO-PITTSBURGH CORP
6182,3651,AMPEX CORP
6201,4512,AMERICAN AIRLINES GROUP INC
6207,6552,AMREP CORP
6216,3320,AMSTED INDUSTRIES
6229,5172,AMTEL INC
6260,7370,ANACOMP INC
6273,3460,ANADITE INC
6281,3674,ANALOG DEVICES
6284,3845,ANALOGIC CORP
6292,7371,ANALYSTS INTERNATIONAL CORP
6314,3663,ANAREN INC
6332,3220,ANCHOR HOCKING CORP
6368,5812,ANCORP NATIONAL SERVICES INC
6383,4899,MOSCOW CABLECOM CORP
6410,2040,ANDERSON CLAYTON & CO
6432,3490,ANDERSON GREENWOOD & CO
6435,3448,ANDERSON INDUSTRIES INC
6494,3663,ANDREA ELECTRONICS CORP
6550,3089,ANDY GARD CORP
6571,7200,ANGELICA CORP
6699,3569,ANSUL CO
6701,3350,ANTA CORP
6706,1311,ANTARES OIL CORP
6720,3949,K2 INC
6811,2911,APCO OIL CORP
6814,8742,COMFORCE CORP
6831,1311,APEXCO INC
6837,3670,API INSTRUMENTS CO
6839,6798,API TRUST
6841,3089,APL CORP
6845,3442,APOGEE ENTERPRISES INC
6857,3690,APOLLO LASERS INC
6885,5651,STAGE STORES INC
6928,7372,APPLIED DATA RESEARCH INC
6931,3690,APPLIED DEVICES
6948,3679,APPLIED MAGNETICS CORP
6951,3559,APPLIED MATERIALS INC
6955,3533,ENERPAC TOOL GROUP CORP
7032,5812,ARAMARK CORP
7039,2911,TRECORA RESOURCES
7047,1311,ARAPAHO PETROLEUM INC
7084,2070,ARCHER-DANIELS-MIDLAND CO
7097,2721,ARCHIE ENTERPRISES INC
7105,2834,ARCHON INC
7118,7389,ARCS EQUITIES CORP
7119,3730,MINSTAR INC
7184,1311,ARGONAUT ENERGY CORP
7202,3823,ARI INDUSTRIES INC
7214,6141,WASHINGTON MUTUAL FINL CORP
7237,3523,AZL RESOURCES INC
7314,4923,NORAM ENERGY CORP
7332,1311,SOUTHWESTERN ENERGY CO
7346,9995,ARLEN CORP
7376,3944,ARMAC ENTERPRISES INC
7377,3350,ARMADA CORP
7383,3312,ARMCO INC
7400,3081,ARMIN CORP
7431,3290,ARMSTRONG WORLD INDUSTRIES
7522,3060,ARP CORP
7533,3690,ARROW AUTOMOTIVE INDUSTRIES
7536,5065,ARROW ELECTRONICS INC
7541,3613,ARROW HART INC
7575,2421,ARTCO INDUSTRIES INC
7580,3826,ARTEK SYSTEMS CORP
7610,2780,ARTISTIC GREETINGS INC
7620,2771,ARTS & LEISURE CORP
7623,3523,ARTS WAY MFG INC
7627,3270,ARUNDEL CORP
7634,6552,ARVIDA CORP
7636,3714,ARVIN INDUSTRIES INC
7641,3390,ARWOOD CORP
7647,1311,ASAMERA INC
7649,3330,ASARCO INC
7668,3211,AFG INDUSTRIES INC
7748,7990,ASPEN SKIING CORP
7789,6020,ASSOCIATED BANC-CORP
7822,5311,ASSOCIATED DRY GOODS CORP
7845,4210,ASSOCIATED FREIGHTWAYS INC
7913,6798,ASSOCIATED MORTGAGE INVESTOR
7931,2040,ASSOCIATED PRODUCTS INC
7965,4210,ASSOCIATED TRANSPORT INC
7974,6141,ASSOCIATES FIRST CAP -CL A
8038,5065,ASTREX INC
8063,3640,ASTRONICS CORP
8065,3823,ASTROSYSTEMS INC
8076,3663,AT&E CORP
8080,5140,ATALANTA CORP
8097,4841,ATHENA COMMUNICATIONS CORP
8109,3711,ATHEY PRODUCTS CORP
8117,3312,ATHLONE INDS
8126,6020,INTERCONTINENTAL BK MIAMI FL
8137,1600,ATKINSON (G F) CO/CA
8146,3577,ASTRONOVA INC
8177,6321,ATLANTIC AMERICAN CORP
8241,3911,ATLANTIC OIL CORP
8254,3760,ATLANTIC RESEARCH CORP
8273,3312,ATLANTIC STEEL CO
8302,1040,ATLAS MINERALS INC
8316,7011,ATLAS HOTELS INC
8411,1381,ATWOOD OCEANICS
8447,3651,AUDIOTRONICS CORP
8449,3842,GEMTEC CORP
8462,3714,AUGAT INC
8504,3721,AGEAGLE AERIAL SYSTEMS
8507,3944,AURORA PRODUCTS CORP
8588,7384,AUTHENTICOLOR INC
8617,3690,AUTODYNAMICS INC
8670,7374,AUTOMATIC DATA PROCESSING
8699,3524,ARMATRON INTERNATIONAL INC
8703,5045,BOWEN INVESTMENT CO
8721,8700,AUTOMATION INDUSTRIES INC
8734,5812,AMBASSADOR FOOD SVCS CORP
8752,3823,AUTONUMERICS INC
8759,3823,AUTOTROL CORP
8789,3714,AVC CORP
8793,3724,AVCO CORP
8802,6331,AVEMCO CORP
8818,2670,AVERY DENNISON CORP
8843,3679,AVIEN INC
8848,7500,AVIS INC
8849,3490,AVIS INDUSTRIAL CORP
8855,2540,AMERICAN LOCKER GROUP INC
8858,5065,AVNET INC
8868,2844,AVON PRODUCTS
8919,3663,AYDIN CORP
8938,5099,AZCON CORP
8947,3470,AZZ INC
8952,1311,AZTEC OIL & GAS CO
8960,6141,BENEFICIAL CORP
9029,2080,BACARDI CORP  -CL A
9092,3824,BADGER METER INC
9096,2621,BADGER PAPER MILLS INC
9198,3826,BAIRD CORP
9235,3572,BKF CAPITAL GROUP INC
9247,7381,BAKER INDUSTRIES INC
9263,8711,BAKER (MICHAEL) CORP
9326,2860,BALCHEM CORP  -CL B
9342,3621,BALDOR ELECTRIC CO
9346,6331,PROTECTIVE INSURANCE CORP
9375,6799,BALDWIN SECURITIES CORP
9389,3411,BALL CORP
9435,7990,BALLY ENTERTAINMENT CORP
9442,2430,BALTEK CORP
9452,2761,BALTIMORE BUSINESS FORMS INC
9514,6020,BANCOHIO CORP
9515,6020,BANCOKLAHOMA CORP
9521,6726,BANCROFT FUND LTD
9534,3011,BANDAG INC
9542,1311,BANFF OIL LTD
9548,4911,BANGOR HYDRO-ELECTRIC CO
9549,3721,BANGOR PUNTA CORP
9568,3578,BANKCOM CORP
9631,6020,BANK OF NOVA SCOTIA
9659,6020,SIGNET BANKING CORP
9749,6020,BANKERS TRUST CORP
9767,6020,BANKS OF IOWA
9779,2300,FAIRCHILD CORP  -CL A
9801,2750,BANTA CORP
9803,2731,BANTAM BOOKS INC
9842,1220,BARBER OIL CORP
9888,2330,BARCO OF CALIFORNIA
9892,3841,BARD (C.R.) INC
9901,3562,BARDEN CORP
9981,3812,BARNES ENGINEERING CO
9984,3490,BARNES GROUP INC
10012,6020,BARNETT BANKS INC
10048,1311,BARNWELL INDUSTRIES
10057,3579,BARON DATA SYSTEMS
10081,2834,BARR PHARMACEUTICALS INC
10119,3829,BARRINGER TECHNOLOGIES
10124,7812,GUBER-PETERS ENTMT
10173,2721,BARTELL MEDIA CORP
10214,2080,BARDSTOWN PARTNERS LTD
10226,1311,BARUCH-FOSTER CORP
10240,5399,BASCO INC
10242,9995,BASE TEN SYSTEMS  -CL A
10253,3290,BASIC INC
10254,1311,EARTHSTONE ENERGY INC
10257,2015,BASIC FOOD INDUSTRIES INC
10303,1311,BASIN PETROLEUM CORP
10329,2511,BASSETT FURNITURE INDS
10366,1220,BAV LIQUIDATING CORP
10456,3841,BAXTER INTERNATIONAL INC
10488,4923,BAY STATE GAS
10497,6020,BAYBANKS INC
10518,2320,BAYLY CORP
10609,3448,BEAMAN CORP
10707,1311,BEAVER MESA EXPLORATION CO
10736,3140,BECK INDUSTRIES INC
10795,3841,BECTON DICKINSON & CO
10829,3721,BEECH AIRCRAFT CORP
10866,3575,BEEHIVE INTERNATIONAL
10873,2300,BEELINE INC
10889,5912,BEGLEY CO
10940,1311,BELCO PETROLEUM CORP
10943,3569,BELCO POLLUTION CONTROL CORP
11027,3960,CARLYLE INDUSTRIES INC
11035,3711,AMERTEK INC
11038,5070,BELKNAP INC
11109,5399,BELL (W.) & CO INC
11170,5651,BELSCOT RETAILERS INC
11199,2670,BEMIS CO INC
11234,3714,BENDIX CORP
11285,1311,BENGAL OIL & GAS CORP
11290,1000,BENGUET CORP
11337,1311,BENNETT PETROLEUM CORP
11354,3560,WELLS BENRUS CORP
11390,3812,BENTHOS INC
11440,6162,BERG ENTERPRISES INC
11454,5122,BERGEN BRUNSWIG CORP  -CL A
11508,2600,BERGSTROM PAPER CO
11534,5040,BERKEY INC
11544,6331,BERKLEY (W R) CORP
11545,2510,BERKLINE CORP
11617,7389,BERMEC CORP
11744,3728,BERTEA CORP
11763,2273,BERVEN CARPETS CORP
11821,5399,BEST PRODUCTS
11856,3567,BETHLEHEM CORP
11860,3312,BETHLEHEM STEEL CORP
11884,2890,BETZDEARBORN INC
11899,2086,BEVERAGE CANNERS INC
11906,2086,BEVERAGE MANAGEMENT INC
11913,6020,BEVERLY BANCORPORATION INC
11975,3950,BIC CORP
12027,5411,SCIOTO INVESTMENT CO
12040,5812,FLANIGANS ENTERPRISES INC
12043,2650,BIG DRUM INC
12152,2320,BTK INDUSTRIES INC
12180,3560,SAMES CORP
12184,3950,BINNEY & SMITH INC
12204,3841,BIO-MEDICUS INC
12208,3826,BIO-RAD LABORATORIES INC
12239,6282,ALKIDO PHARMA INC
12245,2950,BIRD CORP
12288,3845,BIRTCHER MEDICAL SYSTEMS
12304,7373,BISHOP INC
12355,3540,BLACK & DECKER CORP
12363,5812,BLACK ANGUS SYSTEMS INC
12388,4899,BROADBAND WIRELESS INTL CORP
12404,1623,BLACK INDUSTRIES INC
12570,3060,LEXINGTON PRECISION CORP
12614,3081,BLESSINGS CORP
12635,3420,AXIA INC
12654,2844,BLOCK DRUG  -CL A
12655,3829,BLOCK ENGINEERING INC
12659,7200,BLOCK H & R INC
12721,2320,BLUE BELL INC
12733,2060,BLUE CHIP STAMPS
12794,5082,BLUEFIELD SUPPLY CO
12801,1311,BLUEWATER OIL & GAS LTD
12927,3721,BOEING CO
12960,2421,BOHEMIA INC
12978,5110,OFFICEMAX INC
13000,1090,BOKUM RESOURCES CORP
13006,2834,CIRCA PHARMACEUTICALS INC
13021,7373,BBN CORP
13033,9995,COMJOYFUL INTERNATIONAL CO
13034,2390,BOMAINE CORP
13191,3825,BOONTON ELECTRONICS CORP
13206,3585,BOOTH INC
13211,2711,BOOTH NEWSPAPERS INC
13239,2821,HEXION INC
13290,5411,BORMAN'S INC
13370,3541,BOSTON DIGITAL CORP
13506,3674,BOURNS INC
13522,3411,REXAM PLC
13547,1700,ENTRPRIZE CORP
13573,7900,BOWL AMERICA INC  -CL A
13606,3674,WHITE ELECTRONIC DESIGNS CP
13610,2750,BOWNE & CO INC
13682,5141,BOZZUTOS INC
13743,9995,FIDATA CORP
13769,3944,MILTON BRADLEY CO
13777,6798,BRADLEY REAL ESTATE INC
13803,1531,BRAEWOOD DEVELOPMENT CORP
13824,6799,BRL ENTERPRISES INC
13839,6020,BB&T FINANCIAL CORP
13861,7372,RAND INFORMATION SYS
13892,4512,BRANIFF INTERNATIONAL CORP
14029,3562,BRENCO INC
14060,6020,BRENTON BANKS INC
14177,2013,BRIDGFORD FOODS CORP
14195,3510,BRIGGS & STRATTON
14205,4210,BRIGGS TRANSPORTATION CO
14231,1311,BRILUND LTD
14244,7381,BRINKS INC
14272,2834,BRISTOL-MYERS SQUIBB CO
14280,3679,MSGI SECURITY SOLUTIONS INC
14343,5190,BDI INVESTMENTS CORP
14399,1311,BROCK EXPLORATION CORP
14474,1311,BRONCO OIL & GAS CO
14537,3531,BOBBIE BROOKS INC
14550,5621,BROOKS FASHION STORES
14592,1600,BROSS UTILITIES SERVICE CORP
14637,3713,BNS HOLDING CO
14693,2085,BROWN FORMAN CORP
14707,5661,CALERES INC
14803,1311,BROWN (TOM) INC
14825,5040,BROWNING
14827,4953,BROWNING-FERRIS INDS
14846,6798,BRT APARTMENTS CORP
14920,5411,BRUNOS INC
14930,3510,BRUNSWICK CORP
14995,3950,DIXON TICONDEROGA CO
15056,3690,BUCK ENGINEERING CO INC
15070,3320,BUCKEYE INTL INC
15133,3714,BUDD CO
15162,3559,MAUL TECHNOLOGY CORP
15166,3452,BUELL INDUSTRIES INC
15185,3564,BUFFALO FORGE CO
15216,2761,UARCO INC
15218,5311,BUFFUMS
15236,2020,WINN ENTERPRISES
15245,3420,BUILDEX INC
15269,3540,BULLARD CO
15310,5094,BULOVA CORP
15332,3317,BUNDY CORP
15345,6726,BUNKER HILL INC SEC
15354,3679,MAGNETIC TECHNOLOGIES CORP
15359,3663,BUNTING INC
15389,2810,BURDOX INC
15437,2011,BURING FOOD GROUP INC
15476,7381,BURKE SECURITY INC
15486,3661,FORTRAN CORP
15523,3678,BURNDY CORP
15599,1220,PYRO ENERGY CORP
15615,1623,MASTEC INC
15678,1311,EMEX CORP
15723,4013,BUSH UNIVERSAL INC
15764,1531,BUSINESS EXCHANGE INC
15836,8744,BUTLER INTL INC
15840,3448,BUTLER MFG CO
15847,8741,BUTLER NATIONAL CORP
15993,5600,C & R CLOTHIERS INC
16035,4841,CABLECOM GENERAL INC
16040,2890,CABOT CORP
16058,7373,CACI INTL INC  -CL A
16068,2721,CADENCE INDUSTRIES CORP
16099,5812,LUBYS INC
16104,2015,CAGLE'S INC  -CL A
16160,200,CAL-MAINE FOODS INC
16226,5331,CALDOR INC
16343,7948,CALIFORNIA JOCKEY CLUB
16346,6199,CALIFORNIA LIFE CORP
16357,3663,ADAPTIVE BROADBAND CORP.
16377,4813,CP NATIONAL CORP
16455,3050,CALLAHAN MINING CORP
16481,5812,CALNY INC
16496,1531,CALPROP CORP
16511,2911,CALUMET INDUSTRIES INC
16526,1382,CALVERT EXPLORATION CO
16590,3572,CAMBEX CORP
16595,2835,CAMBRIDGE MEDICAL TECH CORP
16602,6792,CAMBRIDGE ROYALTY CO
16614,6036,CAMCO FINANCIAL CORP
16626,2300,CAMEL MFG CO
16664,3490,CAMIN INDUSTRIES CORP
16692,3490,CAMPBELL CHAIN CO
16732,2030,CAMPBELL SOUP CO
16741,2050,EARTHGRAINS CO
16766,2300,CAMPUS CASUALS OF CALIFORNIA
16804,1311,CANADA SOUTHERN PETROLEUM
16845,1311,CANADIAN HOMESTEAD OILS LTD
16846,5900,CANADIAN HYDROCARBONS LTD
16859,1000,SCULLY ROYALTY LTD
16862,1311,CANADIAN MERRILL LTD
16868,4011,CANADIAN NATIONAL RAILWAY CO
16873,1311,NEXEN INC
16875,4011,CANADIAN PACIFIC RAILWAY LTD
16918,2082,CONSTELLATION BRANDS
16926,3949,MADISON GROUP ASSOC INC
16983,2211,CANNON MILLS CO
16988,3577,CANON INC
16990,3640,CANRAD INC
16995,3580,CANTEEN CORP
17072,3651,CAPEHART CORP
17109,4833,CAPITAL CITIES/ABC INC
17206,6311,PROVIDIAN CORP
17313,6797,CAPITAL SOUTHWEST CORP
17350,4512,CAPITOL AIR INC
17385,6331,CAPITOL TRANSAMERICA CORP
17462,3290,CARBORUNDUM CO
17482,8742,CARDIAC RESUSCITATOR CORP
17485,5912,LIBERATOR MEDICAL HLDGS INC
17500,1311,CARDINAL PETROLEUM CO
17523,8050,CARE INNS INC
17592,6799,ALTAIR CORP-PUERTO RICO
17599,2300,CARIBBEAN LEISUREWEAR INC
17719,5141,SEAFOOD HOLDING CORP
17728,2000,CARNATION CO
17769,6552,CAROLINA CARIBBEAN CORP
17843,3312,CARPENTER TECHNOLOGY CORP
17927,5812,CARROLS CORP
18000,2844,CARTER-WALLACE INC
18029,5411,CARVEL CORP
18061,3537,CASCADE CORP
18072,4924,CASCADE NATURAL GAS CORP
18169,100,DOLE FOOD CO INC
18172,5051,CASTLE (A M) & CO
18180,6726,CASTLE CONVERTIBLE FUND INC
18230,3531,CATERPILLAR INC
18255,5621,CATO CORP  -CL A
18300,6532,ROYALE GROUP LTD
18349,6020,SYNOVUS FINANCIAL CORP
18366,4833,CBS INC
18396,7363,CDI CORP
18489,8051,CENCO INC
18497,6141,CENCOR INC
18498,5661,GENESCO INC
18508,6331,FOREMOST CORP OF AMERICA
18532,1531,CENTEX CORP
18540,4911,CENTRAL & SOUTH WEST CORP
18621,8741,CORPORATE CAPITAL RES INC
18748,6726,CENTRAL SECURITIES CORP
18751,7200,CENTRAL SERVICE INDUSTRIES
18758,2070,CENTRAL SOYA CO INC
18787,4813,CENTEL CORP
18808,4911,CENTRAL VERMONT PUB SERV
18819,6020,CENTRAN CORP
18827,3460,EKCO GROUP INC
18871,3621,CENTURY ELECTRIC CO
18873,6153,CENTURY BUSINESS CREDIT
18877,1000,CENTURY GEOPHYSICAL CORP
18900,5110,CENTURY PAPERS INC
18903,6512,CENTURY PROPERTIES
18914,6798,CENTURY REALTY TRUST
18926,4813,LUMEN TECHNOLOGIES INC
18937,3290,CERADYNE INC
18964,3350,CERRO CORP
18968,3290,CERTAINTEED CORP
18977,3990,CERTIFIED CORP
19002,2835,CYBRDI INC
19010,3721,CESSNA AIRCRAFT CO
19015,3651,CETEC CORP
19017,3670,CETRON ELECTRONIC CORP
19020,3312,CF & I STEEL CORP
19028,5140,CFS CONTINENTAL INC
19082,3728,CHALCO INDUSTRIES INC
19149,2750,CHAMPION INDUSTRIES INC
19150,2621,CHAMPION INTERNATIONAL CORP
19161,3714,CHAMPION PARTS INC
19162,2253,CHAMPION PRODUCTS INC
19167,3690,CHAMPION SPARK PLUG
19252,1311,CHAPARRAL RESOURCES INC
19353,5621,CHARMING SHOPPES INC
19411,8741,MAGELLAN HEALTH INC
19416,6020,IRVING BANK CORP
19446,3845,CANTEL MEDICAL CORP
19489,6020,CHASE MANHATTAN CORP  -OLD
19504,5812,CHATEAU DE VILLE INC
19514,2221,CHATHAM MFG CO
19520,2834,CHATTEM INC
19529,2741,CHC CORP
19540,3460,CHECKER MOTORS CORP
19550,2000,CHEF PIERRE INC
19558,2673,CHELSEA INDUSTRIES INC
19584,8082,CHEMED CORP
19612,6020,TCF FINANCIAL CORP
19617,6020,JPMORGAN CHASE & CO
19636,3559,CHEMINEER INC
19704,3640,CHERRY CORP
19731,2631,CHESAPEAKE CORP
19736,2430,CHESAPEAKE INDUSTRIES INC
19737,3812,CHESAPEAKE INSTRUMENT CORP
19745,4923,CHESAPEAKE UTILITIES CORP
19756,2890,CHESSCO INDUSTRIES INC
19855,6532,CHICAGO MILWAUKEE CORP
19863,3540,CHICAGO PNEUMATIC TOOL CO
19871,3452,CHICAGO RIVET & MACHINE CO
19902,3089,CUE INDUSTRIES INC
19913,6532,CHIEF CONSOLIDATED MINING CO
19919,1311,CHIEFTAIN DEVELOPMENT CO LTD
19930,5945,CHILD WORLD INC-NEW
19965,2721,CHILTON CO
19966,7320,CHILTON CORP
20031,3714,CHLORIDE CONNREX CORP
20041,2090,CHOCK FULL O NUTS CORP
20056,3060,CHOMERICS INC
20067,4833,CHRIS-CRAFT INDS
20104,4220,CHRISTIANA COMPANIES
20171,6331,CHUBB CORP
20212,7990,CHURCHILL DOWNS INC
20232,3663,CHYRONHEGO CORP
20236,1531,ENTERPRISE DEVELOPMENT GROUP
20286,6331,CINCINNATI FINANCIAL CORP
20290,4931,DUKE ENERGY OHIO INC
20331,7830,CINERAMA INC
20355,3640,CIRFICO HOLDINGS CORP
20356,2741,CIRCLE FINE ART CORP
20358,6726,CIRCLE INCOME SHS INC
20388,6172,CIT GROUP INC-OLD
20405,6020,CITICORP
20427,6020,CITIZENS & SOUTHERN CORP-OLD
20467,6798,CITIZENS GROWTH PROPERTIES
20520,4813,FRONTIER COMMUNIC PARENT INC
20552,4924,CITY GAS CO OF FLORIDA
20629,2670,CSS INDUSTRIES INC
20639,9995,AMBASE CORP
20691,6799,CLARION CAPITAL CORP
20740,3564,CLARCOR INC
20746,2750,KEITH CLARK INC
20784,3250,CLARKE CORP
20810,3560,CLARKSON INDUSTRIES INC
20834,3089,CLAUSING CORP
20864,3089,CLAYTON CORP
20871,1044,CLAYTON SILVER MINES
20947,4911,CLEVELAND ELECTRIC ILLUM
20972,6020,AMERITRUST CORP-OLD
20975,6798,CLEVETRUST REALTY INVESTORS
20976,3714,CLEVITE CORP
21038,2835,CLINICAL SCIENCES INC
21070,2390,CLOPAY CORP
21076,2842,CLOROX CO/DE
21101,3320,CLOW CORP
21157,3531,CMI CORP
21175,6331,CNA FINANCIAL CORP
21178,6726,PROSPECT STREET INCOME SHS
21193,6311,C N L FINANCIAL CORP
21212,2452,ALL AMERICAN GROUP INC
21248,4213,COASTAL INDUSTRIES INC
21267,4922,EL PASO CGP CO
21310,3841,COBE LABORATORIES INC
21344,2086,COCA-COLA CO
21371,2511,COCHRANE FURNITURE CO INC
21388,3663,CODEX CORP
21391,3674,CODI CORP
21438,3661,THINKENGINE NETWORKS INC
21510,3826,COHERENT INC
21535,3825,COHU INC
21546,5940,COIT INTERNATIONAL INC
21570,6500,COLDWELL BANKER & CO
21624,3260,GROMAN CORP
21627,3640,COLEMAN CO INC
21665,2844,COLGATE-PALMOLIVE CO
21686,3842,COLLAGEN AESTHETIC INC
21759,3713,COLLINS INDUSTRIES INC
21768,3670,COLLINS RADIO CO
21828,5070,CCOM GROUP INC
21872,6311,COLONIAL PENN GROUP INC
21876,3270,COLONIAL SAND & STONE CO INC
21881,5411,COLONIAL STORES INC
21932,1311,COLORADO ENERGY CORP
21956,6020,COLORADO NATL BANKSHARES
22036,1311,COLT OIL INC
22077,2400,COLUMBIA CORP
22099,4923,COLUMBIA ENERGY GROUP
22103,5080,COLUMBIA GENERAL CORP
22216,2273,COLUMBUS MILLS INC
22229,1311,AVALON CORP
22244,3679,COM TEL INC
22252,9995,COMARCO INC
22259,7311,COMBINED COMMUNICATIONS CORP
22283,6500,COMBINED PROPERTIES CORP
22290,3569,COMBUSTION ENGINEERING INC
22337,1000,COMINCO LTD
22356,6020,COMMERCE BANCSHARES INC
22366,2721,CCH INC  -CL A
22390,6020,COMMERCIAL BANCORPORATION CO
22412,2750,COMMERCIAL DECAL INC
22428,2030,COMMERCIAL INTERNATIONAL CP
22444,3312,COMMERCIAL METALS
22470,3590,COMMERCIAL INTERTECH
22472,2890,COMMERCIAL SOLVENTS CORP
22551,1311,TRI-VALLEY CORP
22563,2451,COMMODORE CORP
22646,4220,COMMONWEALTH OIL REFIN
22698,4899,COMSAT CORP  -SER 1
22701,3620,COMMUNICATIONS SYSTEMS INC
22764,8060,TRANSITIONAL HOSPITALS CP
22788,7389,COMP-U-CHECK INC
22872,6324,COMPREHENSIVE CARE CORP
22896,7370,COMPUSERVE CORP
22910,3571,COMPUCORP
22912,7381,COMPUDYNE CORP
22932,3822,ENERCON DATA CORP
22944,7200,COMPUTAX SERVICES INC
22957,7389,COMPUTER APPLICATIONS INC
22962,3661,COMPUTER AUTOMATION INC
22989,7373,COMPUTER DATA SYSTEMS INC
23006,3577,COMPUTER ENTRY SYSTEMS CORP
23019,9995,COMPUTER HORIZONS CORP
23023,3577,COMPUTER IDENTICS CORP
23026,7374,COMPUTER INPUT SERVICES INC
23028,3829,COMPUTER INSTRUMENTS CORP
23030,7370,TTS INC
23036,3570,COMPUTER MACHINERY CORP
23050,7370,COMPUTER MICROGRAPHICS INC
23055,7372,GROUP 1 SOFTWARE INC
23071,3679,ARTESYN TECHNOLOGIES INC
23080,3695,OPUS COMPUTER PRODUCTS INC
23107,7373,LODGISTIX INC
23111,7370,COMPUTER TASK GROUP INC
23132,7370,DYATRON CORP
23149,3571,COMPUTERVISION CORP  -OLD
23194,1311,COMSTOCK RESOURCES INC
23197,3663,COMTECH TELECOMMUN
23201,5065,COMTEL CORP
23203,3577,COMTEN INC
23217,2000,CONAGRA BRANDS INC
23229,3845,CONCEPT INC
23236,3620,LATSHAW ENTERPRISES INC
23249,2250,CONCORD FABRICS INC  -CL A
23259,4813,CT COMMUNICATIONS INC
23302,3670,CONDUCTRON CORP
23304,2211,CONE MILLS CORP
23314,3444,CONESCO INDUSTRIES LTD
23341,3089,CONGOLEUM CORP  -CL A
23413,6020,CITYTRUST BANCORP INC
23420,6798,745 PROPERTY INVESTMENTS
23460,2650,CONNELLY CONTAINERS INC
23473,2451,CONNER CORP
23503,3679,CONOLOG CORP
23512,3661,CONRAC CORP
23533,1400,CALMAT CO
23538,2510,CONROY INC
23648,6532,CONSOLIDATED EQUITIES CORP
23657,2670,CFI INDUSTRIES INC
23666,2013,HILLSHIRE BRANDS CO
23675,4210,CON-WAY INC
23738,4923,CONSOLIDATED NATURAL GAS CO
23752,2621,CONSOLIDATED PAPERS INC
23795,6798,CTO REALTY GROWTH INC
23910,4941,CONSUMERS WATER CO
23912,4400,CHASE DEVELOPMENT CORP
23926,2890,CONTECH INC
23975,2050,CONTINENTAL BAKING CO
23995,8060,CONTINENTAL CARE CENTERS INC
24004,6552,DUNES HOTELS & CASINOS INC
24009,3357,CCX INC
24011,6331,CONTINENTAL CORP
24058,6020,CONTINENTAL BANK CORP
24071,7377,CONTINENTAL INFORMATN SYS CP
24090,6311,CITIZENS INC
24104,3585,CONTINENTAL MATERIALS CORP
24178,3310,CONTINENTAL STEEL CORP
24188,4813,CONTEL CORP
24240,6500,CONTRAN CORP
24330,3290,CONWED CORP
24351,3661,COOK ELECTRIC CO
24360,7340,COOK INTERNATIONAL INC
24381,5331,COOK UNITED INC
24473,2835,COOPER LABORATORIES
24491,3011,COOPER TIRE & RUBBER CO
24545,2082,MOLSON COORS BEVERAGE CO
24552,3585,COPELAND CORP
24586,3330,COPPER RANGE CO
24596,3317,COPPERWELD CORP
24636,2650,CORCO INC
24654,3841,CORDIS CORP
24680,2070,CORENCO CORP
24687,4832,CORINTHIAN BROADCASTING CORP
24719,3585,CORNELIUS CO
24741,3357,CORNING INC
24759,5311,CORNWALL EQUITIES LTD
24791,2510,CORONET INDUSTRIES INC
24975,6411,CORROON & BLACK CORP
25018,3089,COSCO INC
25034,2844,COSMETICALLY YOURS INC
25118,6311,COTTON STATES LIFE INSURANCE
25181,2300,COUNTRY MISS INC
25191,6162,COUNTRYWIDE FINANCIAL CORP
25212,2732,COURIER CORP
25232,6798,COUSINS PROPERTIES INC
25305,4841,COX COMMUNICATIONS INC
25354,7200,CPI CORP
25360,3440,CPT HOLDING CORP
25423,5065,CRAMER ELECTRONICS INC
25445,3580,CRANE CO
25475,6411,CRAWFORD & CO
25506,3571,CRAY RESEARCH
25619,1311,CREOLE PETROLEUM CORP
25652,3690,CRESTEK INC
25657,1381,CRESTED CORP
25662,1311,CRESTMONT OIL & GAS CO
25729,6020,CROCKER NATIONAL CORP-OLD
25743,2834,THERAPEUTICSMD INC
25760,2211,CROMPTON CO INC
25793,3950,COSTA INC   -CL A
25798,3540,CROSS CO
25868,2020,CROWLEY FOODS INC
25871,5311,CROWLEY MILNER & CO
25885,2911,CROWN CENTRAL PETROL  -CL B
25895,2211,CROWN CRAFTS INC
25933,2200,CROWNAMERICA INC
25941,4991,CRSS INC
25953,6411,CRUM & FORSTER
25988,1389,CRUTCHER RESOURCES CORP
26058,3670,CTS CORP
26076,3578,CUBIC CORP
26079,2011,CUDAHY CO
26093,2100,CULBRO CORP
26107,3580,CULLIGAN INTERNATIONAL CO
26109,7372,CULLINET SOFTWARE INC
26172,3510,CUMMINS INC
26193,2750,CUNEO PRESS INC
26198,3990,CUNNINGHAM ART PRODUCTS INC
26205,5912,CUNNINGHAM DRUG STORES INC
26261,6726,CURRENT INCOME SHS
26312,5010,CURTIS NOLL CORP
26314,2741,CURTIS PUBLISHING CO
26324,3728,CURTISS-WRIGHT CORP
26361,3843,CUSTOMEDIX CORP
26379,9995,XO LOGIC INC
26435,2761,CYBERMATICS INC
26463,3690,CYCLOTRON CORP
26537,3812,ARGON ST INC
26607,5812,DAIRY QUEEN STORES INC
26757,8071,DAMON CORP
26771,1311,DAMSON OIL
26780,3714,DANA INC
26782,3825,EIP MICROWAVE INC
26820,3140,PHOENIX FOOTWEAR GROUP INC
26821,3823,DANIEL INDUSTRIES
26822,1520,DANIEL INTERNATIONAL CORP
26843,3851,DANKER LABS INC
26845,3540,DANLY MACHINE CORP
26850,5940,DANNEMANN FABRICS INC
26851,5331,DANNERS INC
26938,5411,DART GROUP CORP  -CL A
26940,3089,DART INDUSTRIES
26954,3442,DARYL INDUSTRIES INC
26967,3575,DATA ACCESS SYSTEMS INC
26970,7371,DATA ARCHITECTS INC
26974,3579,DATA CARD CORP
26987,3672,SMTEK INTERNATIONAL INC
26990,7370,DATA DIMENSIONS INC
26996,7371,DATA DYNAMICS INC
26999,3570,DATA GENERAL CORP
27018,3575,DATA 100 CORP
27025,3089,COSTAR CORP
27050,7372,DATA SYSTEMS ANALYSTS INC
27056,3570,DATA TECHNOLOGY CORP
27075,3663,DATAMARINE INTL INC
27077,1311,SABA OIL & GAS CORP
27082,3577,DATAMETRICS CORP
27089,3577,DATAPRODUCTS CORP
27093,1000,
27096,3845,DATASCOPE CORP
27099,7374,DATATAB INC
27105,5045,DATATRON INC
27109,3669,DATAVISION INC
27116,3663,DATRON SYSTEMS INC/DE
27117,7359,DATRONIC RENTAL CORP
27153,5130,DASH INDUSTRIES INC
27326,5051,DAVIS WATER & WASTE
27367,3841,DAXOR CORP
27383,1044,DAY MINES INC
27399,2721,THERMAFREEZE PRODUCTS CORP
27419,5331,TARGET CORP
27425,3714,AMCAST INDUSTRIAL CORP
27442,3812,DBA SYSTEMS INC
27448,6510,D C TRADING & DEVELOPMENT CP
27449,3250,DCA DEVELOPMENT CORP
27457,7377,DCL INC
27500,2020,DEAN FOODS CO  -OLD
27539,1400,DE BEERS CONSOLIDATED MINES
27551,1520,DEBRON CORP
27566,4581,LYNTON GROUP INC
27587,3575,DECISION INDUSTRIES CORP
27594,7371,DECISION SYSTEMS INC
27613,2390,DECORATOR INDUSTRIES INC
27748,6512,DGT HOLDINGS CORP
27751,2844,DEL LABORATORIES INC
27851,1311,DELHI INTL OIL CORP
27904,4512,DELTA AIR LINES INC
27911,4210,DELTA CALIFORNIA INDUSTRIES
27923,6411,DELTA CORP OF AMERICA
27924,3571,DELTA DATA SYSTEMS CORP
27952,1311,PNX INDUSTRIES INC
27976,3443,DELTAK CORP
27984,6552,DELTONA CORP
27996,2780,DELUXE CORP
28142,3843,DENTALLOY INC
28146,2844,HYDRON TECHNOLOGIES INC
28154,3843,DENTSPLY INTERNATIONAL INC
28209,6020,DEPOSIT GUARANTY CORP
28260,3140,DERO INDUSTRIES INC
28262,2451,DE ROSE INDUSTRIES
28323,3560,DESIGNATRONICS INC
28325,5411,GRISTEDES FOODS INC
28364,3842,DAHLBERG INC
28365,3669,DETECTION SYSTEMS INC
28366,3590,DETECTO SCALES INC
28372,2800,DETREX CORP
28374,4700,DETROIT & CANADA TUNNEL CORP
28395,4700,DETROIT INTL BRIDGE CO
28412,6020,COMERICA INC
28416,4213,DETSCO INC
28452,7380,DEVCON INTERNATIONAL CORP
28523,2300,DEVON APPAREL INC
28561,3621,DEWEY ELECTRONICS CORP
28579,3564,DEXON INC
28582,2834,DEXTER CORP
28610,2200,DHJ INDUSTRIES INC
28613,3577,DI AN CONTROLS INC
28626,3843,LIFECORE BIOMEDICAL INC
28647,3825,DIALCO CORP
28673,2090,DIAMOND CRYSTAL SALT CO
28691,2621,DIAMOND INTERNATIONAL CORP
28700,1382,DIAMOND M CO
28734,1531,PURCELL CO INC
28771,1040,DICKENSON MINES LTD  -CL A
28794,3674,DICKSON ELECTRONICS CORP
28807,3577,DICOMED CORP
28823,3578,DIEBOLD NIXDORF INC
28827,6726,BERGSTROM CAPITAL CORP
28864,3825,DIGILOG INC
28866,1382,VERITAS DGC INC
28871,5141,DI GIORGIO CORP
28887,3570,DIGITAL EQUIPMENT
28895,7380,DIGITAL PRODUCTS CORP
28917,5311,DILLARDS INC  -CL A
28921,1600,DILLINGHAM CORP
28989,2011,DINNER BELL FOODS INC
29002,3674,DIODES INC
29006,3674,DIONICS INC
29015,5065,DIPLOMAT ELECTRONICS CORP
29051,2330,BRENNER INTERNATIONAL INC
29071,1311,DISCOVERY OIL LTD
29100,3420,DISSTON INC
29147,3713,DIVCO WAYNE CORP
29208,3341,DIVERSIFIED INDUSTRIES INC
29286,7011,DIVI HOTELS NV
29302,7359,WEATHERFORD ENTERRA INC
29303,3081,DIXICO INC
29322,4899,TRADEQUEST INTERNATIONAL INC
29332,2273,DIXIE GROUP INC
29356,3824,DIXSON INC
29378,3714,DMH CORP
29386,2844,DOAK PHARMACAL CO INC
29415,2080,DR PEPPER CO
29431,3577,DOCUMATION INC
29434,3578,DOCUTEL OLIVETTI CORP
29534,5331,DOLLAR GENERAL CORP
29550,2040,DOMAIN INDUSTRIES INC
29560,1040,DOME MINES LTD
29587,6020,DOMINION BANKSHARES CORP
29590,3443,UNITED DOMINION INDUSTRIES
29644,3714,DONALDSON CO INC
29646,6211,CREDIT SUISSE USA INC
29669,2750,DONNELLEY (R R) & SONS CO
29693,2330,DONNKENNY INC
29754,5171,DORCHESTER GAS CORP
29758,7311,DOREMUS & CO
29806,3080,CONSTAR INTERNATIONAL INC
29834,1311,ESCALERA RESOURCES CO
29846,3089,DOUGHERTY BROTHERS CO
29850,2013,DOUGHTIE'S FOODS INC
29905,3559,DOVER CORP
29924,2711,DOW JONES & CO INC
29952,9995,CHINA CHANGJIANG MINING & NE
29989,7311,OMNICOM GROUP
30037,9995,DRAGON MINING CORP
30053,3825,DRANETZ TECHNOLOGIES INC
30067,3270,DRAVO CORP
30099,1382,DRESSER INDUSTRIES INC
30117,7373,GREATE BAY CASINO CORP
30121,7384,DREWRY PHOTOCOLOR CORP
30125,6726,INSIGHT SELECT INCOME FD
30140,3572,LASERCARD CORP
30163,6282,DREYFUS CORP
30173,3564,DRICO INDUSTRIAL CORP
30197,3357,DRIVER-HARRIS CO
30215,5912,DRUG FAIR INC
30259,3640,DUAL LITE INC
30302,5331,ALCO STORES INC
30305,3728,DUCOMMUN INC
30490,6794,DUNKIN DONUTS INC
30543,2340,PANEX INDUSTRIES INC
30547,2761,DUPLEX PRODUCTS
30554,2820,DU PONT (E I) DE NEMOURS
30625,3561,FLOWSERVE CORP
30645,5122,DURR-FILLAUER MEDICAL
30697,5812,WENDY'S CO
30717,1311,DYCO PETROLEUM CORP
30770,8711,DYNCORP INC
30780,1040,DYNAMIC AMERICAN CORP
30786,5090,DYNAMIC CLASSICS LTD
30799,3620,DYNAMIC INSTRUMENT CORP
30819,3600,DYNAMICS CORP OF AMER
30822,7373,DYNAMICS RESEARCH CORP
30823,1040,DYNAPAC INC
30828,3663,COBRA ELECTRONICS CORP
30829,8731,DYNASCIENCES CORP
30831,3827,DYNASIL CORP OF AMERICA
30832,3523,ENERGRO INC
30841,3825,ACTERNA CORP
30845,8741,DYNATREND INC
30854,3812,DYNELL ELECTRONICS CORP
30875,3812,E-SYSTEMS INC
30892,2750,EAC INDUSTRIES
30901,5130,EAGLE CLOTHES INC
30906,1311,PRIMEMD INC
30908,5411,EAGLE FOOD CENTERS INC
30927,3714,EAGLE-PICHER INC
30946,3821,EALING CORP
30966,1381,MATRIXX RESOURCE HLDGS INC
30982,2911,EARTH RESOURCES CO
30985,2870,EARTH SCIENCES INC
30988,3350,EASCO CORP
30994,1311,EASON OIL CO
31063,1311,HUNTER RESOURCES INC
31079,3842,WORKSAFE INDUSTRIES INC
31088,5122,ELECTRO AUDIO DYNAMICS
31089,4512,EASTERN AIR LINES
31107,3420,EASTERN CO
31224,4911,EASTERN UTILITIES ASSOC
31235,3861,EASTMAN KODAK CO
31243,3312,EASTMET CORP
31299,4213,EAZOR EXPRESS INC
31314,3823,EBERLINE INSTRUMENT CORP
31347,3576,ECHELON CORP
31348,3714,ECHLIN INC
31352,1311,ECHO OIL CORP
31364,5912,ECKERD CORP
31398,3580,ECODYNE CORP
31462,2842,ECOLAB INC
31562,2911,EDG INC
31575,5600,EDISON BROTHERS STORES
31608,2250,BANGOR AMERICA INC
31617,3812,EDO CORP
31647,2750,EDUCATION SYSTEMS & PUBL
31660,3690,ECC INTERNATIONAL CP
31667,5190,EDUCATIONAL DEVELOPMENT CORP
31688,3827,OPTO MECHANIK INC
31754,1531,EDWARDS INDUSTRIES INC
31791,3826,PERKINELMER INC
31798,3559,EGAN MACHINERY CO
31827,3576,E-H INTERNATIONAL INC
31974,4922,EL PASO CO
31978,4911,EL PASO ELECTRIC CO
32011,3678,ELCO CORP
32013,3452,ELCO INDUSTRIES INC
32017,2950,ELKCORP
32020,5311,ELDER BEERMAN STORES CORP
32032,3089,ELDON INDUSTRIES INC
32120,3841,ELECTRO CATHETER CORP
32156,3826,ELECTRO-NUCLEONICS
32160,5130,EPI INTL INC
32166,7359,ELECTRO RENT CORP
32190,4833,FUTURE COMMUNICATIONS
32193,2790,ELECTROGRAPHIC CORP
32198,3663,EMS TECHNOLOGIES INC
32203,3841,ELECTROMEDICS INC
32214,3674,ELECTRONIC ARRAYS INC
32228,3613,ELECTRONIC CONTROL SYS INC
32251,3661,EIS INTERNATIONAL INC
32258,7373,TITAN CORP
32265,3823,ELECTRONIC MODULES CORP
32272,3674,THREE-FIVE SYSTEMS INC
32282,7374,ELECTRONIC TABULATING CORP
32297,3620,ELECTRONICS CORP OF AMERICA
32312,3663,EMCEE BROADCAST PRODUCTS INC
32315,3089,ELECTRONIZED CHEMICALS CORP
32346,3530,ELGIN NATIONAL INDUSTRIES
32368,3444,ELIXIR INDUSTRIES
32386,6500,ELK HORN COAL CORP
32486,5399,ELLMANS INC
32522,7011,ELSCINT LTD
32534,3621,ELTRA CORP
32598,6726,ENGEX INC
32604,3823,EMERSON ELECTRIC CO
32621,3651,EMERSON RADIO CORP
32626,4513,EMERY AIR FREIGHT CORP
32637,2890,EMERY INDUSTRIES INC
32647,3579,EMF CORP
32666,4011,EMONS TRANSPORATION GROUP
32672,5531,CROWN AUTO INC
32673,4512,EMPIRE AIRLINES INC
32689,4911,EMPIRE DISTRICT ELECTRIC CO
32823,5140,EMPRESS INTERNATIONAL LTD
32866,1311,ENERGETICS INC
32869,3540,ENERCO INC
32870,3089,QUIXOTE CORP
32878,3674,ENERGY CONVERSION DEV
32900,1311,ENERGY RESOURCES CORP
32907,1311,ENERGY SOURCES INC
32991,2670,ENGRAPH INC
33002,2761,ENNIS INC
33015,4923,TXU GAS CO
33053,4924,ENTEX INC
33061,3812,ENTWISTLE CO
33073,3089,VISKASE COMPANIES INC
33113,3728,ENVIRONMENTAL TECTONICS CORP
33116,3580,ENVIROTECH CORP
33136,1311,BRADY ENERGY CORP
33185,7323,EQUIFAX INC
33189,6020,EQUIMARK CORP
33195,3537,EQUIPMENT CO OF AMERICA
33199,6020,EQUITABLE BANCORPORATION
33213,1311,EQT CORP
33325,1311,EQUITY OIL CO
33397,3537,ERICKSON CORP
33417,3310,ERIE FORGE & STEEL CORP
33420,6799,ERIE LACKAWANNA INC
33461,2390,ERO INDUSTRIES INC
33488,3949,ESCALADE INC
33504,5063,ESD CO
33518,3570,ESL INC
33533,3679,ESPEY MFG & ELECTRONICS CORP
33537,2731,ESQUIRE INC
33541,5065,ESQUIRE RADIO & ELECTRON INC
33559,2810,ESSEX CHEMICAL CORP
33619,3812,ESTERLINE TECHNOLOGIES CORP
33681,3080,ETZ LAVUD LTD
33769,2013,BOB EVANS FARMS
33780,5600,EVANS INC
33798,5211,GROSSMANS INC
33870,3490,EVERSHARP INC
33934,6726,CORNERSTONE TOTAL RETURN FD
33939,8300,FORUM GROUP INC
33960,1311,EXCHANGE OIL & GAS CORP
33992,6331,KINGSTONE COS INC
34030,3663,EXECUTONE INC
34057,4210,EXPEDITER SYSTEMS INC
34067,3533,DMC GLOBAL INC
34083,1311,EXTRACTIVE FUELS INC
34088,2911,EXXON MOBIL CORP
34115,5600,CLAIRES STORES INC
34125,6020,F & M NATIONAL CORP
34136,2250,FAB INDUSTRIES INC
34143,2844,FABERGE INC
34147,2200,FABIEN CORP
34151,5940,JO-ANN STORES INC
34165,5940,FABRICLAND INC
34169,5700,THREE D DEPARTMENT  -CL B
34181,3714,PUROLATOR PRODUCTS CO
34236,7948,FAIR GROUNDS CORP
34238,7900,FAIR LANES
34257,3452,FAIRCHILD INDUSTRIES INC
34277,2330,FAIRFIELD-NOBLE CORP
34291,5411,FAIRMONT FOODS CO
34296,2860,FAIRMOUNT CHEMICAL CO INC
34339,2590,FALCON PRODUCTS INC
34343,1221,FALCON SEABOARD INC
34371,4924,FALL RIVER GAS CO
34391,2082,FALSTAFF BREWING CORP
34395,5070,FAMILIAN CORP
34408,5331,FAMILY DOLLAR STORES
34435,3721,HILLER AVIATION INC
34464,2060,FANNY FARMER CANDY SHOPS INC
34471,3360,FANSTEEL INC/DE
34489,3990,WESTMINSTER CAPITAL INC
34495,2834,FARADAY LABORATORIES INC
34497,4813,COVISTA COMMUNICATIONS INC
34501,2320,FARAH INC
34526,3663,FARINON CORP
34552,5331,FARM HOUSE FOODS
34563,2090,FARMER BROTHERS CO
34587,6411,FARMERS GROUP INC
34629,3569,FARR CO
34645,3559,FARREL CORP
34682,7374,BOWLINE CORP
34695,2844,FASHION TWO TWENTY INC
34768,5912,FAYS INC
34782,6020,1ST SOURCE CORP
34837,2015,HOLLY FARMS CORP
34891,2631,FEDERAL PAPER BOARD CO
34903,6798,FEDERAL REALTY INVESTMENT TR
34907,1040,FEDERAL RESOURCES CORP
34908,3452,FEDERAL SCREW WORKS
34937,5311,FEDERALS INC
34941,6020,FEDERATED CAPITAL CORP
34956,2836,TENAX THERAPEUTICS INC
34977,5065,FEDERATED PURCHASER INC
35111,5661,FELSWAY CORP
35214,2851,FERRO CORP
35245,3990,FEY INDUSTRIES INC
35271,2200,FIBERSTATICS CORP
35292,6020,FIDELCOR
35469,2211,FIELDCREST CANNON
35501,3823,FIFE CORP
35527,6020,FIFTH THIRD BANCORP
35559,5141,FILIGREE FOODS INC
35575,7389,FILM CORP OF AMERICA
35590,7812,ORION PICTURES CORP
35604,2810,FILTROL CORP
35679,6036,FINANCIAL CORP-SANTA BARBARA
35733,6311,FINANCIAL INDUSTRIES CORP
35901,2890,FINE ORGANICS INC
35918,5961,FINGERHUT CORP
35968,3826,FINNIGAN CORP
36029,6020,FIRST FINL BANKSHARES INC
36047,7374,CORELOGIC INC
36094,6020,MAGNA GROUP INC
36104,6020,US BANCORP
36127,8071,DAMON GROUP INC
36146,6020,TRUSTMARK CORP
36161,6020,FIRST CHICAGO CORP
36172,6035,FIRST CITIZENS CORP
36173,6020,FIRST CITY BANCORP TEX-DEL
36184,7370,FASTCLICK INC
36204,6020,FIRST COMMERCE CORP
36207,6798,EASTOVER CORP
36270,6020,M & T BANK CORP
36326,7323,FIRST FINANCIAL MGMT CORP
36340,6020,PREMIER FINANCIAL SERVICES
36346,3140,FIRST GENERAL RESOURCES CO
36352,6020,GOLDENBANKS COLORADO INC
36369,6510,FIRST HARTFORD CORP
36377,6020,FIRST HAWAIIAN INC
36465,6020,FIRST JERSEY NATIONAL CORP
36470,6020,FIRST KENTUCKY NATIONAL
36506,6020,MACKINAC FINANCIAL CORP
36510,6020,ALLFIRST FINANCIAL INC
36522,6020,FIRST MICHIGAN BANK CORP
36570,6020,INTRAWEST FINANCIAL CORP
36672,6020,BANKBOSTON CORP
36674,6020,CHARTERCORP
36703,6020,FIRST OF AMERICA BANK CORP
36706,6020,FIRST ATLANTA CORP
36730,4813,FIRST PHONE CORP
36810,6020,FIRST PENNSYLVANIA CORP
36948,6020,LANDMARK BANCSHARES CORP
36966,6020,FIRST HORIZON CORP
36980,4700,FIRST TRAVEL CORP
36994,6020,CENTERRE BANCORPORATION
36995,6020,WACHOVIA CORP
37008,6798,WINTHROP REALTY TRUST
37032,6020,FIRST VIRGINIA BANKS INC
37049,6020,FIRST WEST VIRGINIA BANCORP
37059,6035,FIRST WESTERN FINANCIAL CORP
37076,6020,FIRSTAR CORP-OLD
37080,6798,NOVUS PROPERTY CO
37093,6020,FIRSTBANK ILL CO
37115,3823,FISCHER & PORTER CO
37180,5140,RINI-REGO SUPERMARKET
37248,4931,FITCHBURG GAS & ELEC LIGHT
37260,6211,FITZGERALD DEARMAN & ROBERTS
37337,1221,TRAFALGAR INDUSTRIES INC
37358,2891,FLAMEMASTER CORP
37380,6798,FLATLEY REALTY INVESTORS
37388,2011,FLAVORLAND INDUSTRIES INC
37399,7500,FLEET CONTROL CORP
37422,2721,NEW YORKER MAGAZINE INC
37472,2510,FLEXSTEEL INDUSTRIES INC
37481,8200,FLIGHTSAFETY INTERNATIONAL
37509,2200,FLOCK INDUSTRIES INC
37525,5990,GERALD STEVENS INC
37564,8400,FLORIDA CYPRESS GARDENS
37594,5030,FLORIDA GLASS INDUSTRIES INC
37600,6798,FLORIDA GULF REALTY TRUST
37643,4931,FLORIDA PUBLIC UTILITIES CO
37651,3270,FLORIDA ROCK INDUSTRIES INC
37661,3312,AMERISTEEL CORP
37707,5200,FLOWER TIME INC
37743,3825,FLUKE CORP
37748,1220,MASSEY ENERGY CO
37755,3050,FURON CO
37767,1311,FLYING DIAMOND OIL CORP
37776,1311,FLYNN ENERGY CORP
37785,2870,FMC CORP
37808,6020,F N B CORP/FL
37809,5084,MIDLAND SOUTHWEST CORP
37912,5411,DELHAIZE AMERICA INC
37914,5411,FOODARAMA SUPERMARKETS
37922,5140,FOODWAYS NATIONAL INC
37931,7311,TRUE NORTH COMMUNICATIONS
37934,1400,FOOTE MINERAL CO
37941,6153,FOOTHILL GROUP INC  -CL A
37946,3272,FOR BETTER LIVING INC
37996,3711,FORD MOTOR CO
38074,2834,FOREST LABORATORIES  -CL A
38134,3272,FORMIGLI CORP
38188,6726,FORT DEARBORN INCOME SECS
38195,2621,FORT HOWARD CORP
38242,1311,FORTUNE NATURAL RESOURCES CP
38260,5812,FORUM RESTAURANTS INC
38264,8711,FORWARD INDUSTRIES INC
38332,7389,FOTOCHROME INC
38334,7384,FOTOMAT CORP
38445,7822,FOUR STAR INTERNATIONAL INC
38475,6020,FOURTH FINANCIAL CORP
38483,6532,AMERISTAR INTL HOLDINGS CP
38558,7384,FOX PHOTO INC
38563,3823,FOXBORO CO
38570,1531,ORLEANS HOMEBUILDERS INC
38725,3621,FRANKLIN ELECTRIC CO INC
38766,6020,FRANKLIN NEW YORK CORP
38777,6282,FRANKLIN RESOURCES INC
38792,5200,FRANKS NURSERY & CRAFTS INC
38851,2011,THORN APPLE VALLEY INC
38868,5600,FREDERICKS OF HOLLYWD  -CL B
38984,9995,ELAH HOLDINGS INC
39020,3825,FREQUENCY ELECTRONICS INC
39021,3663,FREQUENCY SOURCES INC
39047,5812,FRISCH'S RESTAURANTS INC
39092,3310,FRIEDMAN INDUSTRIES INC
39134,5200,FRIENDLY FROST INC
39135,5812,FRIENDLY ICE CREAM CORP
39145,3140,FRIER INDUSTRIES INC
39157,1700,FRIGITEMP CORP
39159,5990,FRIGITRONICS INC
39165,2013,FRIONA INDUSTRIES INC
39263,6020,CULLEN/FROST BANKERS INC
39267,2090,FROSTIE ENTERPRISES
39273,4213,FROZEN FOOD EXPRESS INDS
39311,6020,INDEPENDENT BANK CORP/MI
39368,2891,FULLER (H. B.) CO
39394,6020,BANK SOUTH CORP
39503,5961,LIFETIME PRODUCTS INC
39533,100,FUNK SEEDS INTERNATIONAL INC
39544,7990,FUNTIME INC
39547,4813,METROMEDIA INTERNATIONAL GRP
39648,7200,G&K SERVICES INC  -CL A
39670,3944,GABRIEL INDUSTRIES INC
39677,1531,A V HOMES INC
39735,5110,MARATHON OFFICE SUPPLY INC
39737,2273,GALAXY CARPET MILLS
39748,1311,GALAXY OIL CO
39760,2300,GALE INDUSTRIES INC
39838,3531,GALVESTON HOUSTON
39899,4833,TEGNA INC
39911,5651,GAP INC
39915,3713,GAR WOOD INDUSTRIES INC
39917,2300,GARAN INC
40069,3713,GARSITE PRODUCTS INC
40129,4924,GAS SERVICE CO
40170,3721,GATES LEARJET CORP
40211,4700,GATX CORP
40238,2300,GAY GIBSON INC
40245,5331,GAYLORDS NATIONAL CORP
40263,3663,GBC CLOSED CIRCUIT TV CORP
40267,3559,GCA CORP
40286,1389,GEARHART INDUSTRIES INC
40409,3444,GENERAL AIRCRAFT CORP
40410,3320,GENERAL ALLOYS CO
40417,6726,GENERAL AMERICAN INVESTORS
40443,7372,GA EXPRESS INC
40454,6020,BOATMENS BANCSHARES INC
40459,3714,GENERAL BATTERY CORP
40461,3579,GENERAL BINDING CORP
40472,7011,GENERAL BUILDERS CORP
40478,3679,GK TECHNOLOGIES INC
40488,8060,GENERAL CARE CORP
40493,2731,HARCOURT GENERAL INC
40511,6153,GENERAL CREDIT CORP
40513,1311,GENERAL CRUDE OIL CO
40518,3661,GENERAL DATACOMM INDUSTRIES
40522,5960,GDV INC
40528,4955,MEDCLEAN TECHNOLOGIES INC
40533,3721,GENERAL DYNAMICS CORP
40542,2790,DEVON GROUP INC
40545,3724,GENERAL ELECTRIC CO
40570,7361,GEE GROUP INC
40601,2000,GENERAL FOODS CORP
40638,5200,GENERAL HOST CORP
40643,3360,GENERAL HOUSEWARES
40656,3674,GENERAL SEMICONDUCTOR INC
40675,3490,GENERAL KINETICS INC
40687,3470,GENERAL MAGNAPLATE CORP
40703,3679,GENERAL MICROWAVE CORP
40704,2040,GENERAL MILLS INC
40729,6172,ALLY FINANCIAL INC
40770,3241,GENERAL PORTLAND INC
40779,4911,GPU INC
40788,6798,GENERAL REAL ESTATE SHARES
40793,3480,GENERAL RECREATION INC
40796,3290,GENERAL REFRACTORIES CO
40829,3250,GENERAL SHALE PRODUCTS CORP
40858,4813,GTE CORP
40885,3873,GENERAL TIME CORP
40888,3760,AEROJET ROCKETDYNE HOLDINGS
40934,2030,GENESEE CORP  -CL B
40944,3842,BIOPLASTY INC
40956,8711,GREINER ENGINEERING INC
40969,3089,GENOVA INC
40970,5912,GENOVESE DRUG STORES  -CL A
40972,3825,GENRAD INC
40977,6199,GENSTAR CORP
40987,5013,GENUINE PARTS CO
41023,1311,GEORESOURCES INC
41052,2670,BONTEX INC
41077,2600,GEORGIA-PACIFIC CORP
41103,3089,GEOS CORP
41107,1382,GTS CORP
41108,1382,GEOSOURCE INC
41114,3663,GEOTEL INC
41130,2030,GERBER PRODUCTS CO
41133,3559,GERBER SCIENTIFIC INC
41147,8051,GERIATRIC & MEDICAL COS INC
41151,8050,GERIATRICS INC
41234,2911,GETTY OIL CO
41254,2522,GF CORP
41289,5411,GIANT FOOD INC  -CL A
41296,9995,GIANT GROUP LTD
41304,1040,ROYAL OAK MINES INC
41336,6036,GIBRALTAR FINANCIAL CORP
41365,2780,GIBSON (CR) CO
41388,3540,GIDDINGS & LEWIS INC
41499,3420,GILLETTE CO
41522,5122,GILMAN SERVICES INC
41546,5311,GIMBEL BROTHERS INC
41560,6799,MSG INVESTMENT CO
41589,6020,GIRARD CO
41616,3060,GIT INDUSTRIES INC
41650,3663,GLADDING CORP
41719,2600,GLATFELTER CORP
41781,2080,GLENMORE DISTILLERIES  -CL B
41877,3714,GLOBE INDUSTRIES INC
41927,5311,GLOSSER BROTHERS INC
41933,2011,GLOVER INC
41980,3490,BALKORE INDUSTRIES INC
42136,3089,CHANG-ON INTERNATIONAL INC
42179,5311,JG INDUSTRIES INC
42211,8741,ATE ENTERPRISES INC
42228,2090,GOLDEN ENTERPRISES
42246,7990,MIRAGE RESORTS INC
42271,2013,GOLDEN STATE FOODS CORP
42284,9995,WHITEMARK HOMES INC
42293,6035,GOLDEN WEST FINANCIAL CORP
42297,2451,GOLDEN WEST HOMES
42311,1040,GOLDEX MINES LTD
42316,1623,GOLDFIELD CORP
42504,2731,GOODHEART-WILLCOX CO INC
42542,3728,GOODRICH CORP
42582,3011,GOODYEAR TIRE & RUBBER CO
42675,5311,ALMY STORES INC
42682,3561,GORMAN-RUPP CO
42765,3571,GOULD INC
42791,3561,GOULDS PUMPS INC
42817,6141,GOVERNMENT EMPLOYEES FINL CP
42888,3561,GRACO INC
42942,3695,GRAHAM MAGNETICS INC
42996,5531,GRAND AUTO INC
43011,5331,GRAND CENTRAL INC
43059,3661,GRANGER ASSOCIATES
43069,3310,GRANITE CITY STEEL CO
43082,2211,GRANITEVILLE CO
43090,7311,GRANT ADVERTISING INTL INC
43115,7359,GRANTREE CORP
43134,2761,GRAPHIC CONTROLS CORP
43142,4812,GRAPHIC SCANNING CORP
43143,3661,GRAPHIC SCIENCES INC
43156,3663,GRASS VALLEY GROUP INC
43196,4833,GRAY TELEVISION INC
43212,3440,GRAY MFG CO
43221,3533,GRAY TOOL CO
43279,3060,GREAT AMERICAN INDUSTRIES
43287,3564,GREAT AMERICAN MGMT & INVT
43300,5411,GREAT ATLANTIC & PAC TEA CO
43340,9995,INVESTORS INSURANCE GROUP
43350,4924,GAS NATURAL INC
43362,2890,GREAT LAKES CHEMICAL CORP
43396,1400,GREAT MIDWEST CORP
43398,9995,GNC ENERGY CORP
43410,6795,GREAT NORTHERN IRON ORE PPTY
43414,2650,GREAT NORTHERN NEKOOSA CORP
43457,6311,GREAT SOUTHERN CORP
43512,6035,GREAT WESTERN FINANCIAL
43514,3089,ROPAK CORP
43549,5171,DALCO PETROLEUM CORP
43578,6020,GREATER JERSEY BANCORP
43620,6726,JUPITER NATIONAL
43668,2030,GREEN GIANT CO
43704,4911,GREEN MOUNTAIN POWER CORP
43837,5945,NOODLE KIDOODLE INC
43887,3560,GREER HYDRAULICS INC
43920,2650,GREIF INC  -CL A
43952,7311,GREY GLOBAL GROUP INC
44019,9995,AURIC INTERNATIONAL INC
44041,2060,GRIST MILL CO
44062,3448,GROFF INDUSTRIES INC
44067,2731,GROLIER INC
44105,4833,GROSS TELECASTING
44171,2851,GROW GROUP INC
44244,3652,GRT CORP
44279,3721,GRUMMAN CORP
44319,3679,GTI CORP
44358,6331,GUARANTY NATIONAL CORP
44376,2834,GUARDIAN CHEMICAL CORP
44404,2670,GUARDIAN PACKAGING CORP
44420,2851,GUARDSMAN PRODUCTS INC
44438,3790,GUERDON INDUSTRIES INC
44471,2250,GUILFORD MILLS INC
44482,7812,PARAMOUNT COMMUNICATIONS INC
44517,1311,GULF ENERGY CORP
44549,1221,GULF USA CORP
44570,4911,ENTERGY GULF STATES LA LLC
44668,2090,GUYS FOODS INC
44762,6500,LEADERSHIP PROPERTIES INC
44764,3826,HACH CO
44800,7370,ANALEX CORP
44801,4922,HADSON CORP
44995,3713,HALLAMORE INC
45012,1389,HALLIBURTON CO
45136,3679,HAMILTON DIGITAL CONTROL INC
45214,5110,HAMMERMILL PAPER CO
45229,3931,HAMMOND CORP
45260,2320,HAMPTON INDUSTRIES
45333,3350,HANDY & HARMAN
45337,2300,HANES CORP
45356,5140,HANKS SEAFOOD CO INC
45370,3080,HANNA (M A) CO
45379,5411,HANNAFORD BROTHERS CO
45444,3490,HANSEN MANUFACTURING CO
45529,2731,HARCOURT BRACE JOVANOVICH
45599,2780,HARLAND (JOHN H.) CO
45621,5122,AMEXDRUG CORP
45635,3669,HARMON INDUSTRIES INC
45667,2731,HARPER & ROW PUBLISHERS INC
45674,4731,CIRCLE INTERNATIONAL GRP INC
45695,3011,HRUB CORP
45791,5621,PAUL HARRIS STORES
45876,3390,HARSCO CORP
45887,3523,HART CARTER CO
45919,7331,HARTE HANKS INC
46002,3060,HARTZ MOUNTAIN CORP
46012,3060,HARVARD INDUSTRIES INC
46025,5411,HARVEST MARKETS INC
46043,5731,HARVEY ELECTRONICS INC
46074,3990,HARWYN INDUSTRIES CORP
46080,3944,HASBRO INC
46109,3590,HASTINGS MANUFACTURING CO
46129,3621,ALLIED MOTION TECHNOLOGIES
46135,6726,HATTERAS INCOME SECS
46157,2520,HAUSERMAN INC
46172,5190,ELI SECURITIES CO
46195,6020,BANK OF HAWAII CORP
46197,5099,HAWAII CORP
46238,6020,HAWKEYE BANCORPORATION
46250,5160,HAWKINS INC
46267,6035,HAWTHORNE FINANCIAL CORP
46382,3812,HAZELTINE CORP
46389,8731,HAZLETON LABORATORIES CORP
46408,3949,HEAD SKI CO INC
46428,2200,HEALTH-CHEM CORP
46431,8082,QUALITY CARE INC
46445,3630,HMI INDUSTRIES INC
46454,5047,HEALTHCO INTL INC
46455,3845,HEALTHDYNE INC
46492,3728,CRITON CORP
46517,5211,HECHINGER CO  -CL A
46591,6141,HEIGHTS FINANCE CORP
46601,5712,HEILIG-MEYERS CO
46613,3559,HEIN-WERNER CORP
46619,3724,HEICO CORP
46653,7363,ABLEST INC
46656,6512,REGENCY EQUITIES CORP
46709,3560,HELIX TECHNOLOGY CORP
46738,6153,HELLER FINANCIAL INC
46741,6799,AMERIFIN CORP
46765,1381,HELMERICH & PAYNE
46815,3841,HEMOTEC INC
46907,2510,HENREDON FURNITURE INDS
46989,2890,HERCULES INC
47004,3911,HERFF JONES CO
47011,2750,HERITAGE COMMUNICATIONS INC
47016,7830,HERITAGE ENTERTAINMENT INC
47035,3812,HERLEY INDUSTRIES INC/DE
47098,2330,HERS APPAREL INDUSTRIES INC
47111,2060,HERSHEY CO
47114,1311,HERSHEY OIL CORP
47188,2080,HEUBLEIN INC
47217,3570,HP INC
47224,2890,HEXAGON LABORATORIES INC
47254,7372,TRIDEX CORP
47266,7389,HI PORT INDUSTRIES INC
47268,9995,HI-SHEAR INDUSTRIES
47288,6020,HIBERNIA CORP  -CL A
47307,3490,CRAWFORD UNITED CORP
47312,6331,HICKORY FURNITURE
47348,5311,HIGBEE CO
47356,3714,HIGBIE MFG CO
47395,3825,HIGH VOLTAGE ENGINEERING
47518,2590,HILL-ROM HOLDINGS INC
47613,5031,HINES (EDWARD) LUMBER CO
47647,3825,HIPOTRONICS INC
47710,9997,HITACHI LTD
47721,3679,HITTMAN CORP
47741,6324,HMO INTERNATIONAL
47744,3910,HMW INDUSTRIES INC
47754,5020,HOAN PRODUCTS LTD
47760,3559,HOBART CORP
47798,3562,LIPE ROLLWAY CORP
47800,2452,HODGSON HOUSES INC
47820,2650,HOERNER WALDORF CORP
47824,2800,HOECHST AG
47844,3812,HOFFMAN ELECTRONICS CORP
47878,3317,HOFMANN INDUSTRIES INC
48048,2060,HOLLY SUGAR CORP
48105,6512,HOLOBEAM INC
48107,2835,VIRAL TESTING SYSTEMS CORP
48174,6311,HOME BENEFICIAL CORP  -CL B
48216,1311,HOME OIL CO LTD
48272,1531,DOVER INVESTMENT CP  -CL A
48276,1400,HOMESTEAD MINERALS CORP
48283,1531,HOMEWOOD CORP
48287,2522,HNI CORP
48305,3822,HONEYWELL INC
48355,5912,HOOK DRUGS INC
48446,6552,HORIZON CORP
48459,3861,HORIZONS RESEARCH INC
48465,2011,HORMEL FOODS CORP
48542,3640,HOSKINS MFG CO
48553,7350,HOSPITAL FINANCIAL CORP
48561,6020,RIHT FINANCIAL CORP
48564,7011,HOSPITALITY MOTOR INNS INC
48569,2670,WYANT CORP
48638,2731,HOUGHTON MIFFLIN CO
48671,2300,HOUSE OF KNITTING INC
48738,4923,HOUSTON PIPE LINE CO
48743,1311,HOUSTON OIL & MINERALS CORP
48780,5311,HOWARD DISCOUNT CENTERS INC
48804,5600,HOWARD STORES CORP
48824,3460,HOWELL INDUSTRIES INC
48825,3825,HOWELL INSTRUMENTS INC
48898,3640,HUBBELL INC
48912,2040,HUBINGER CO
48919,3452,HUCK MANUFACTURING CO
48948,4581,HUDSON GENERAL CORP
49029,5070,HUGHES SUPPLY INC
49032,3533,HUGHES TOOL CO
49071,6324,HUMANA INC
49101,3812,HUMPHREY INC
49125,5812,HUNGRY TIGER INC
49131,1520,HUNT BUILDING CORP
49146,3579,HUNT CORP
49196,6020,HUNTINGTON BANCSHARES
49338,6211,HUTTON (E.F.) GROUP
49357,2200,HUYCK CORP
49382,7011,HYATT CORP
49395,3841,HYCEL INC
49398,3861,HYCON MFG CO
49401,3021,SAUCONY INC  -CL B
49423,4941,AQUARION CO
49438,3433,HYDRO FLAME CORP
49444,7812,FAMILY ROOM ENTMT CORP
49447,2842,HYDRO OPTICS INC
49474,6552,SUN EQUITIES CORP
49488,2011,HYGRADE FOOD PRODUCTS CORP
49525,3537,HYSTER CO
49529,3679,HYTEK INTERNATIONAL CORP
49534,6411,LIFE PARTNERS HOLDINGS INC
49565,7381,I B I SECURITY SERVICE -CL A
49588,5812,ICH CORP
49600,6798,EASTGROUP PROPERTIES
49670,3241,IDEAL BASIC INDUSTRIES INC
49693,2011,IDLE WILD FOODS INC
49723,6798,IDS REALTY TRUST
49728,3672,IEC ELECTRONICS CORP
49754,6794,DINE BRANDS GLOBAL INC
49771,3420,ILC PRODUCTS CO INC
49780,5080,IMARK INDUSTRIES INC
49789,4813,ILLINOIS BELL TELEPHONE CO
49803,1389,TRANS ATLANTIC RESOURCE CORP
49826,3560,ILLINOIS TOOL WORKS
49862,3564,IMC MAGNETICS CORP
49886,3559,IMODCO INC
49899,6020,IMPERIAL BANCORP
49906,2800,ICI-IMPERIAL CHEM INDS PLC
49913,6036,IMPERIAL CORP OF AMERICA
49930,5030,IMPERIAL INDUSTRIES INC
49938,2911,IMPERIAL OIL LTD
49975,6726,CIGNA INVESTMENT SECURITIES
49981,5190,INTL ARTWARE CORP
49996,3330,INCO LTD
50104,2911,ANDEAVOR
50151,3460,INDIAN HEAD INC
50200,6020,INB FINANCIAL CP
50253,3569,INDUSTRIAL ACOUSTICS CO INC
50292,3678,IEH CORP
50308,5050,INDUSTRIAL FUELS CORP
50341,6020,FLEETBOSTON FINANCIAL CORP
50346,3823,ACCURAY CORP
50361,1400,NATEC RESOURCES INC
50416,7830,INFLIGHT SERVICES INC
50420,7370,INFODATA SYSTEMS INC
50427,7373,INFOREX INC
50430,7372,INFORMATICS GENERAL CORP
50441,3571,INFORMATION DISPLAYS INC
50471,7370,PARK CITY GROUP INC
50479,3829,INFRARED INDUSTRIES INC
50493,5411,INGLES MARKETS INC  -CL A
50505,8742,INITIO INC
50513,2650,INLAND CONTAINER CORP
50570,2890,INMONT CORP
50587,3559,INNOTECH INC
50601,3674,INNOVEX INC
50604,2833,INOLEX CORP
50608,3577,INPUT BUSINESS MACHINES INC
50710,2834,JAVELIN PHARMACEUTICALS INC
50716,3829,INSTRON CORP
50725,3420,GRIFFON CORP
50822,1311,INSYTE ENERGY CORP
50842,3679,INTERPOINT CORP
50845,2750,INTEGRATED ELECTRONICS CORP
50857,6211,INTEGRATED RESOURCES INC
50863,3674,INTEL CORP
50916,6211,DAIN RAUSCHER CORP
50957,2510,FURNITURE BRANDS INTL INC
50977,5065,INTEK GLOBAL CORP
50982,6311,INTERCONTINENTAL LIFE CORP
51011,9995,INTERDYNE CO
51017,3577,INTERMEC CORP
51057,5047,INTERMEDCO INC
51072,1311,BARGO ENERGY CO
51103,3442,INTERNATIONAL ALUMINUM CORP
51124,2750,AMERICAN BANKNOTE CORP
51143,7370,INTL BUSINESS MACHINES CORP
51173,8071,INTL CLINICAL LABS
51203,7389,INTL COURIERS
51207,5140,INTL DAIRY QUEEN  -CL A
51253,2860,INTL FLAVORS & FRAGRANCES
51270,7200,IFS INDUSTRIES INC
51281,3714,INTL GENERAL INDUSTRIES INC
51320,3851,INTL HYDRON CORP
51396,3842,MALLINCKRODT INC
51410,2040,INTL MULTIFOODS CORP
51434,2631,INTL PAPER CO
51442,1311,INTERNATIONAL PETROLEUM CORP
51454,5160,INTL PLASTICS INC
51467,5812,GROUND ROUND RESTAURANT
51497,8731,INTL RESEARCH & DEV CORP
51514,2810,INTL SALT CO
51519,5090,RESOURCE RECYCLING TECH
51548,7948,INTL SPEEDWAY CORP  -CL A
51639,5040,INTERPHOTO CORP
51640,2820,INTERPLASTIC CORP
51644,7311,INTERPUBLIC GROUP OF COS
51720,4931,INTERSTATE POWER CO
51740,5960,INTERSTATE UNITED CORP
51751,3585,INTERTHERM INC
51774,8200,INTEXT INC
51828,1221,INVESCO INTERNATIONAL CORP
51939,6020,CORUS BANKSHARES INC
52234,6282,WINMILL & CO INC  -CL A
52396,6799,INVESTORS ROYALTY CO INC
52466,3559,IONICS INC
52477,2011,IBP INC
52491,4931,IOWA-ILLINOIS GAS & ELEC
52522,5990,STERLING OPTICAL CORP
52532,5172,MERCURY AIR GROUP INC
52552,5812,SOUTHERN HOSPITALITY
52586,5500,IROQUOIS BRANDS LTD
52589,3844,IRT CORP
52591,2390,IRVIN INDUSTRIES INC
52617,6020,IRWIN FINANCIAL CORP
52677,7011,SUNRESORTS LTD  -CL A
52708,3577,ISOMET CORP
52741,5080,IIC INDUSTRIES INC
52795,5065,ANIXTER INTL INC
52811,6552,ITI CORP/OH
52827,6798,RAYONIER INC
52835,4213,IU INTERNATIONAL CORP
52856,3241,IVY CORP
52935,7011,INTL LEISURE HOSTS
52969,2300,JACLYN INC
52971,5065,JACO ELECTRONICS INC
52988,8700,JACOBS ENGINEERING GROUP INC
53025,5311,JACOBSON STORES
53040,1311,JADE PETROLEUM CORP
53043,1381,JAEGER ENERGY CORP
53117,2621,FORT JAMES CORP
53127,3490,JAMESBURY CORP
53134,5331,JAMESWAY CORP
53210,2250,JARMEL FABRICS INC
53260,5065,JAYARK CORP
53281,5812,SUMMIT FAMILY RESTAURNTS INC
53316,6020,JEFFERSON BANCORP INC
53324,3272,JEFFERSON CORP
53347,6311,JEFFERSON-PILOT CORP
53356,5311,JEFFERSON STORES INC
53422,2510,JENSEN INDUSTRIES
53449,5812,JERRICO INC
53482,4700,JET AIR FREIGHT
53495,3470,OCTOBER OIL CO
53499,3585,JETERO CORP
53500,6552,NEW BASTION DEVELOPMENT INC
53511,5094,JEWELCOR INC
53537,5812,JIFFY FOODS CORP
53678,7389,AUDIO COMMUNICATIONS NETWORK
53748,2844,JOHNSON PRODUCTS
53870,3089,JONES & VINING INC
54003,5051,JORGENSEN (EARLE M.) CO
54045,3620,JOSLYN CORP
54050,3911,JOSTENS INC
54161,4213,JUPITER INDUSTRIES
54175,1531,CEC INDUSTRIES CORP
54182,3250,JUSTIN INDUSTRIES
54187,6512,MAYS (J.W.) INC
54193,6794,K-TEL INTERNATIONAL
54235,7011,KAHLER CORP
54280,5500,KAIBAB INDUSTRIES
54295,3241,KAISER CEMENT CORP
54307,3312,KAISER INDUSTRIES CORP
54360,2835,KALLESTAD LABORATORIES INC
54373,7389,KALVAR CORP
54381,3720,KAMAN CORP
54430,5712,KANE FURNITURE CORP
54441,1700,FURMANITE CORP
54463,2011,KANSAS BEEF INDUSTRIES INC
54473,6311,KANSAS CITY LIFE INS CO
54480,4011,KANSAS CITY SOUTHERN
54496,4911,KANSAS GAS & ELECTRIC CO
54513,4833,KANSAS STATE NETWORK INC
54558,1311,HAMPTON RESOURCES CORP
54572,5010,KAR PRODUCTS INC
54681,9995,KATY INDUSTRIES INC
54696,5912,KATZ DRUG CO
54727,6311,SUNAMERICA INC
54750,6411,KAUFMAN HW FINANCIAL GROUP
54838,3550,KAYEX CORP
54843,3730,HARRIS KAYOT INC
54845,3021,KAYSAM CORP OF AMERICA
54876,1700,KDI CORP
54883,7371,KEANE INC
54888,3540,KEARNEY & TRECKER CORP
54891,3612,KEARNEY NATIONAL INC
54913,1311,KEBA OIL & GAS CO
54927,2050,KEEBLER CO
54991,3825,KEITHLEY INSTRUMENTS INC
55023,3442,KELLER INDUSTRIES INC
55037,3443,KELLETT CORP
55067,2040,KELLOGG CO
55080,2330,KELLWOOD CO
55135,7363,KELLY SERVICES INC  -CL A
55195,6311,KEMPER CORP
55212,3841,KENDALL CO
55234,8090,KENILWORTH SYSTEMS CORP
55242,3540,KENNAMETAL INC
55247,1000,KENNECOTT CORP
55250,5700,KENNEDY & COHEN INC
55362,6311,INVESTORS HERITAGE CAP CORP
55393,5621,KENWIN SHOPS INC
55454,3089,KERR GROUP INC
55510,5122,KETCHUM & CO
55514,3990,KETTERING INDUSTRIES INC
55518,3829,KEUFFEL & ESSER CO
55526,2800,KEWANEE INDUSTRIES INC
55529,3821,KEWAUNEE SCIENTIFIC CORP
55556,2834,KEY PHARMACEUTICALS INC
55570,7374,KEYDATA CORP
55576,2600,KEYES FIBRE CO
55604,3312,KEYSTONE CONS INDUSTRIES INC
55642,3490,KEYSTONE INTERNATIONAL
55655,3241,KEYSTONE PORTLAND CEMENT CO
55698,3080,FIRST YEARS INC
55742,6552,KILLEARN PROPERTIES INC
55772,2520,KIMBALL INTERNATIONAL  -CL B
55785,2621,KIMBERLY-CLARK CORP
55805,3470,NORTH AMER GALV & COATINGS
55820,6799,ENSTAR GROUP INC
55907,3851,KING OPTICAL CORP
55914,3663,KING RADIO CORP
55917,1311,PHOENIX RESOURCES CO
55953,5331,KDT INDUSTRIES INC
55957,3663,KINGS ELECTRONICS CO INC
55976,2890,KINGSFORD CO
55989,4833,KINGSTIP COMMUNICATIONS INC
55990,3241,KINGSTIP INC
55999,5812,KINNARD COMPANIES INC
56047,4400,KIRBY CORP
56050,4400,KIRBY INDUSTRIES INC
56151,3790,KIT MANUFACTURING
56252,2300,KLEINERTS INC
56278,3560,KLIKLOK CORP
56316,4512,KLM-ROYAL DUTCH AIRLINES
56356,8731,KMS INDUSTRIES INC
56362,2540,KNAPE & VOGT MFG CO
56439,3669,KNOGO CORP
56446,7011,KNOTT HOTELS CORP
56466,5211,KNOX LUMBER CO
56477,2020,KNUDSEN CORP
56508,3443,KODICOR INC
56512,3531,KOEHRING CO
56583,3621,KOLLMORGEN CORP
56679,7361,KORN FERRY
56701,3651,KOSS CORP
56711,5661,KOBACKER STORES INC
56806,3724,KREISLER MANUFACTURING CORP
56808,5122,KRELITZ INDUSTRIES INC
56868,1311,PRIMEENERGY RESOURCES CORP
56871,2013,RYMER FOODS INC
56873,5411,KROGER CO
56885,7819,VIDEO CORP OF AMERICA
56898,3555,KROY INC
56908,2750,KRUEGER (W.A.) CO
56955,3510,KUHLMAN CORP
56978,3559,KULICKE & SOFFA INDUSTRIES
57041,9995,KUSTOM ELECTRONICS INC
57055,2834,K V PHARMACEUTICAL  -CL A
57083,3674,KYOCERA CORP
57131,2510,LA-Z-BOY INC
57139,3812,LA BARGE INC
57187,3312,LACLEDE STEEL CO
57201,4813,QUENTRA NETWORKS INC
57247,3990,LAFAYETTE UNITED CORP
57430,2844,LAMAUR INC
57497,3640,LAMSON & SESSIONS CO
57515,2030,LANCASTER COLONY CORP
57528,2052,SNYDERS-LANCE INC
57538,3843,LANCER ORTHODONTICS INC
57543,2451,LANCHART INDUSTRIES INC
57571,6552,LAND RESOURCES
57613,7510,ELI SCIENTIFIC INC
57639,5621,LANE BRYANT INC
57647,2510,LANE CO INC
57662,3100,LANE WOOD INC
57666,5411,LANECO INC
57725,2834,LANNETT CO INC
57765,9995,LA POINTE INDUSTRIES
57812,2033,LARSEN CO
57881,3690,LASERMETRICS INC
57921,2732,LATHAM PROCESS CORP
57933,5812,BICKFORD CORP
57935,3310,LATROBE STEEL CO
58091,2821,LAWTER INTERNATIONAL INC
58151,7331,LCS INDUSTRIES INC
58163,5944,LE GRAN CORP
58172,2890,LEARONAL INC
58194,3714,LEADER INTL INDUSTRIES INC
58200,6552,LEADERSHIP HOUSING INC
58204,6795,LEADVILLE CORP
58221,3812,LEAR SIEGLER INC
58254,7363,ACTION STAFFING INC
58259,5712,LEATH & CO
58361,2711,LEE ENTERPRISES INC
58405,6500,LEE NATIONAL CORP
58428,4210,LEE WAY MOTOR FREIGHT INC
58436,3823,LEEDS & NORTHRUP CO
58455,3559,LEESONA CORP
58492,2510,LEGGETT & PLATT INC
58511,3241,LEHIGH PORTLAND CEMENT CO
58518,2750,LEHIGH PRESS INC
58526,8011,FIRST MEDICAL GROUP INC
58569,3420,LEIGH PRODUCTS INC
58592,6794,4LICENSING CORP
58595,3944,LEISURE DYNAMICS INC
58614,8050,LEISURE LODGES INC
58621,1531,LEISURE TECHNOLOGY INC
58636,3661,ENOTE.COM INC
58712,3911,LENOX INC
58755,2911,LEONARD REFINERIES INC
58810,5621,LERNER STORES CORP
58822,2834,LESCARDEN INC
58930,7377,LEVIN INTERNATIONAL CORP
58981,3730,LEVINGSTON SHIPBUILDING CO
58991,5331,LEVITT INDUSTRIES INC
59129,1311,LEXICON RESOURCES CORP
59160,3579,LEXITRON CORP
59182,3823,LFE CORP
59198,3490,AEROQUIP-VICKERS INC
59207,2030,LIBBY MCNEILL & LIBBY
59229,4833,LIBERTY CORP
59240,2452,LIBERTY HOMES  -CL A
59255,2810,VALHI INC
59270,6792,LIBERTY PETROLEUM CORP
59401,2835,LIFE SCIENCES INC
59440,2111,VECTOR GROUP LTD
59451,3640,LIGHTOLIER INC
59461,5412,LIL'CHAMP FOOD STORES INC
59478,2834,LILLY (ELI) & CO
59479,2851,LILLY INDS INC  -CL A
59498,4812,LIN BROADCASTING
59527,3540,LINCOLN ELECTRIC HLDGS INC
59532,6020,LINCOLN FINANCIAL CORP
59554,6798,LINCOLN INVESTORS
59558,6311,LINCOLN NATIONAL CORP
59560,6726,LINCOLN NATIONAL INCOME FUND
59591,2452,LINDAL CEDAR HOMES INC
59593,3390,LINDBERG CORP
59641,3669,LINEAR CORP
59684,5810,UNITED LEISURE CORP
59696,5945,LIONEL CORP
59743,2810,LIQUID AIR CORP
59754,4210,LIQUID TRANSPORTERS INC
59870,5130,LITTLEFIELD ADAMS & CO
59880,3730,LITTON INDUSTRIES INC
59965,5211,LMF CORP
59988,5411,LOBLAW INC
60041,2891,LOCTITE CORP
60086,6331,LOEWS CORP
60120,3577,LOGIC CORP
60128,3663,LOGIMETRICS INC  -CL A
60183,2300,LONDONTOWN CORP
60187,2082,LONE STAR BREWING CO
60195,3241,LONE STAR INDUSTRIES
60280,5812,LONGCHAMPS INC
60302,2650,LONGVIEW FIBRE CO
60321,4731,LOOMIS CORP
60357,3812,LORAL CORP
60420,7948,LOS ALAMITOS RACE COURSE
60488,2000,LOUIS SHERRY INC
60502,4923,LOUISIANA GENERAL SERVICES
60512,1311,LOUISIANA LAND & EXPLORATION
60519,2400,LOUISIANA-PACIFIC CORP
60653,4924,COLONIAL GAS CO
60667,5211,LOWE'S COS INC
60714,2810,LSB INDUSTRIES INC
60731,3312,LTV CORP
60751,2990,LUBRIZOL CORP
60784,1040,LUCKY CHANCE MINING CO INC
60825,2670,LUDLOW CORP
60849,3533,LUFKIN INDUSTRIES INC
60860,3312,LUKENS INC
60876,3949,CYBEX INTERNATIONAL INC
60911,3460,ADV TECHNICAL PRODUCTS INC
60966,7389,LVO CORP
60977,3714,LYDALL INC
61004,3679,LGL GROUP INC
61035,5190,LYNTEX CORP
61099,6798,M&T MORTGAGE INVESTORS
61138,2890,MACDERMID INC
61229,5960,MACKE CO
61265,2400,MACMILLAN BLOEDEL LTD
61267,2731,MACMILLAN INC
61289,3825,MACRODATA CORP
61293,5211,MACROSE INDUSTRIES CORP
61300,5311,MACY (R H) & CO
61398,1311,TELLURIAN INC
61425,3330,MAGMA COPPER CO
61426,6795,MAGMA ENERGY INC
61440,1311,MAGNA OIL CORP
61442,7819,ASCENT MEDIA GROUP INC
61457,3651,MAGNAVOX CO
61478,3661,ADC TELECOMMUNICATIONS INC
61480,3470,MAGNETIC HEAD CORP
61482,3490,MAGNETIC METALS CO
61486,3620,MAGNETICS INTERNATIONAL INC
61494,2851,ARROW MAGNOLIA INTL INC
61595,7350,MAIN LINE FLEETS INC
61666,6552,MAJOR REALTY CORP
61740,7311,MALLORY RANDALL CORP
61757,5141,MALONE & HYDE INC
61927,5072,R B & W CORP
61931,3590,HOWE RICHARDSON INC
61946,2300,MANHATTAN INDUSTRIES INC
61952,6311,MANHATTAN NATIONAL CORP
61986,3530,MANITOWOC CO
62018,2300,MANN MFG INC
62087,2400,MANSFIELD TIRE & RUBBER CO
62119,6020,MANUFACTURERS HANOVER CORP
62126,6020,MANUFACTURERS NATIONAL CORP
62142,2911,MAPCO INC
62146,5010,MAPI INC
62152,2731,MAPLE PRESS CO
62177,3533,MARATHON MFG CO
62225,5311,MARCOR INC
62234,7830,MARCUS CORP
62262,3089,SUMMA INDUSTRIES
62332,2833,MARINE COLLOIDS INC
62348,6020,MARINE MIDLAND BANKS
62362,6792,MARINE PETROLEUM TRUST
62384,1311,MARION CORP
62391,2834,MARION MERRELL DOW INC
62418,3714,MARK IV INDUSTRIES INC
62423,3357,MARK PRODUCTS INC
62465,8700,MARKET FACTS INC
62614,4950,POLLUTION CONTROL INDS INC
62621,2300,MI FUND INC
62636,1311,MARLIN OIL CO
62641,6795,MARQUEST RESOURCES  -CL A
62671,3241,MARQUETTE CO
62675,3845,MARQUETTE MEDICAL SYS
62703,5331,MARS STORES INC
62709,6411,MARSH & MCLENNAN COS
62737,5411,MARSH SUPERMARKETS  -CL B
62758,5311,MARSHALL FIELD & CO
62765,5065,MARSHALL INDUSTRIES
62869,3080,MARTIN PROCESSING INC
62922,2250,MARVA INDUSTRIES INC
62960,2650,MARYLAND CUP CORP
62973,6020,MNC FINANCIAL INC
62996,3430,MASCO CORP
63045,3490,MASONEILAN INTERNATIONAL INC
63049,2400,MASONITE CORP
63053,5122,MASS MERCHANDISERS INC
63118,3714,
63171,5600,MASTERS INC
63194,3559,MATERIALS RESEARCH
63202,8742,MATHEMATICA INC
63271,3600,PANASONIC CORP
63276,3942,MATTEL INC
63296,3990,MATTHEWS INTL CORP  -CL A
63330,6552,MAUI LAND & PINEAPPLE CO
63332,3559,MAUL BROTHERS INC
63333,3270,MAULE INDUSTRIES INC
63373,3537,MAXON INDUSTRIES INC
63416,5311,MAY DEPARTMENT STORES CO
63436,6510,HALL FINANCIAL GROUP
63493,2330,MAYFAIR INDUSTRIES INC
63501,5411,MAYFAIR SUPER MKTS  -CL A
63506,4210,MAYFLOWER GROUP INC/IN
63528,1311,MAYNARD OIL CO
63541,3630,MAYTAG CORP
63572,2011,MBPXL CORP
63636,2721,MCCALL CORP
63661,1531,MCCARTHY CO
63686,3443,MCCLAIN INDUSTRIES INC
63745,3714,MCCORD CORP
63754,2090,MCCORMICK & CO INC
63801,5331,MCCRORY CORP
63814,6500,MAXXAM INC
63848,6552,CHESAPEAKE INVESTORS INC
63908,5812,MCDONALD'S CORP
63917,3721,MCDONNELL DOUGLAS CORP
63929,3140,MCDONOUGH CO
63938,9995,MAXPHARMA INC
63943,1311,OKLAHOMA OIL CO
63959,1311,MCFARLAND ENERGY INC
63984,3562,MCGILL MANUFACTURING CO INC
64030,3612,MCGRAW-EDISON CO
64040,7323,S&P GLOBAL INC
64079,4813,MCI COMMUNICATIONS
64090,3490,MCINTOSH CORP
64099,6795,MCINTYRE MINES LTD
64230,4210,MCLEAN TRUCKING CO
64247,3444,MORTON INDUSTRIAL GRP INC
64279,1311,MCMORAN EXPLORATION CO
64305,3561,MCNEIL CORP
64382,3851,BOUTON CORP
64435,7200,MEANS SERVICES INC
64463,7372,MECHANICAL TECHNOLOGY INC
64472,3567,GENCOR INDUSTRIES INC
64486,3845,REMEDCO INC
64488,6324,MEDMARK GROUP INC
64493,3452,MEDALIST INDS
64494,5047,MEDALLION GROUP INC
64496,3944,MEDALLION LEISURE CORP
64502,7812,MEDCOM INC
64503,3845,MEDCOR INC
64507,6324,LIFEMARK CORP
64513,3841,MEDEX INC -REDH
64516,8060,MEDFIELD CORP
64518,2430,MEDFORD CORP
64574,7374,MEDICAL COMPUTER SYSTEMS INC
64578,3845,COMPEX TECHNOLOGIES INC
64624,8050,MEDICALODGES INC
64666,2300,MEDLINE INDUSTRIES INC
64668,8093,MEDSERCO INC
64674,3241,MEDUSA CORP
64698,5900,MEENAN OIL INC
64708,3575,MEGATECH CORP
64718,2086,MEI CORP
64782,6020,MELLON FINANCIAL CORP
64803,8000,CVS HEALTH CORP
64807,2844,MEM CO
64850,3728,MENASCO MFG CO
64892,3842,MENTOR CORP
64907,6020,MERCANTILE BANCORPORATION
64908,6020,MERCANTILE BANKSHARES CORP
64923,5311,MERCANTILE STORES CO INC
64924,6020,MCORP
64970,6020,MERCHANTS NATIONAL CORP
64996,6331,MERCURY GENERAL CORP
65011,2721,MEREDITH CORP
65040,3714,MERIDIAN INDUSTRIES INC
65100,6211,MERRILL LYNCH & CO INC
65130,3531,MERRITT CHAPMAN & SCOTT CORP
65140,3250,MERRY COMPANIES INC
65155,5311,MERVYNS
65172,6795,MESABI TRUST
65195,3585,MESTEK INC
65201,3564,MET-PRO CORP
65202,3790,ANTARES RESOURCES CORP
65222,3440,METALFAB INC
65226,3679,METALIZED CERAMICS CORP
65231,9995,TIANRONG INTERNET PRDS & SRV
65268,3663,METEX CORP
65270,3678,METHODE ELECTRONICS INC
65281,8071,METPATH INC
65291,6531,HOMEFREE VILLAGE RESORTS
65312,5080,EVI INDUSTRIES INC
65322,4833,METROMEDIA INC
65358,7011,UNITED CAPITAL CORP
65433,6726,MEXICO FUND INC
65509,5331,MFY INDUSTRIES INC
65516,1311,MGF OIL CORP  -COM
65596,6211,SIEBERT FINANCIAL CORP
65628,2890,MICHIGAN CHEMICAL CORP
65637,6020,MICHIGAN FINANCIAL CORP
65648,5211,MICHIGAN GENERAL CORP
65660,6020,MICHIGAN NATIONAL CORP
65705,2750,MICKELBERRY COMMUNICATIONS
65723,3674,MICRO MASK INC
65737,3571,MICRODATA CORP
65743,3663,MICRODYNE CORP
65745,3576,AMATI COMMUNICATIONS CORP
65770,3679,MICROVISION INC
65771,3679,M/A-COM INC
65781,3663,MICROWAVE PWR DEVICES INC/DE
65783,3674,MICROWAVE SEMICONDUCTOR CORP
65820,4213,MID-AMERICAN LINES INC
65873,4812,ALLTEL CORP
65984,4911,ENTERGY CORP
66004,4941,MIDDLESEX WATER CO
66025,6331,MIDLAND CO
66029,4400,MIDLAND ENTERPRISES INC
66052,9995,AMERICAN MIDLAND CORP
66078,1000,MIDNITE MINES INC
66109,2721,TRIBUNE/SWAB-FOX COS  -CL A
66132,1311,MIDWEST OIL CORP
66266,3661,MILGO ELECTRONIC CORP
66270,5065,MILGRAY ELECTRONICS INC
66382,2520,MILLER (HERMAN) INC
66388,6512,MILLER INDUSTRIES INC
66418,1311,MEXCO ENERGY CORP
66479,3826,MILLIPORE CORP
66483,2890,MILLMASTER ONYX CORP
66514,5099,MILO ELECTRONICS CORP
66544,3390,MILASTAR CORP
66564,1382,MINCOMP CORP
66570,3842,MSA SAFETY INC
66578,3944,MINER INDUSTRIES INC
66586,1090,MINERAL ENERGY INC
66627,1040,COCA MINES INC
66637,6512,MINERALS WEST INC
66649,1000,MINES MANAGEMENT INC
66740,9997,3M CO
66756,4931,ALLETE INC
66827,3949,MIRACLE RECREATION EQUIPMENT
66842,3460,MIRRO CORP
66849,7011,SOUTHERN INVT SERVICES INC
66895,2870,MISSISSIPPI CHEMICAL CORP
66918,4924,MISSISSIPPI VALLEY GAS CO
66931,2011,MISSOURI BEEF PACKERS INC
66953,4011,MISSOURI PACIFIC CORP
66957,3241,MISSOURI PORTLAND CEMENT CO
66960,4931,AQUILA INC
66965,3621,MRL INC
66995,5812,JAMCO LTD
67078,3452,MITE CORP
67088,6020,MITSUBISHI UFJ FINANCIAL GRP
67099,5000,MITSUI & CO LTD
67182,2911,MOBIL CORP
67199,6331,FORTUNE FINANCIAL INC
67212,4924,MOBILE GAS SERVICE CORP
67215,1623,DYCOM INDUSTRIES INC
67217,7200,MHI GROUP INC
67279,3829,MOCON INC
67292,200,MODERN FOODS INC
67347,3585,MODINE MANUFACTURING CO
67383,7372,MICRO GENERAL CORP
67385,2451,MODULINE INTERNATIONAL INC
67410,2890,MOGUL CORP
67412,2510,MOHASCO CORP
67417,4512,MOHAWK AIRLINES INC
67435,3011,MOHAWK RUBBER CO
67472,3678,MOLEX INC
67494,2030,PIERRE FOODS INC
67516,6411,MONARCH CAPITAL CP/MA
67532,3540,GENESIS WORLDWIDE INC-OLD
67574,6020,MONEY MANAGEMENT CORP
67593,2011,MONFORT OF COLORADO INC
67607,3823,MONITOR TECHNOLOGIES INC
67618,6798,MONMOUTH CAPITAL CORP
67622,7948,MONMOUTH PARK JOCKEY CLUB
67625,6798,MONMOUTH RE INVESTMENT CP
67634,3452,MONOGRAM INDUSTRIES INC
67657,3714,MONROE AUTO EQUIPMENT CO
67667,2250,MONROE GROUP INC
67686,2834,PHARMACIA CORP
67716,4932,MDU RESOURCES GROUP INC
67727,4931,MONTANA POWER CO
67813,6726,MONTGOMERY STREET INCOME SEC
67887,3728,MOOG INC  -CL A
67903,4832,SUNGROUP INC
67931,2761,MOORE WALLACE INC
67975,3823,MOORE PRODUCTS CO
68013,3630,MOR-FLO INDS
68073,2890,MORGAN ADHESIVES CO
68100,6020,MORGAN (J P) & CO
68145,5812,MORGANS FOODS INC
68168,6500,MORLAN INTERNATIONAL INC
68270,5812,RUBY TUESDAY INC
68330,6798,MGI PROPERTIES
68336,6035,AMERIBANC INVESTORS GROUP
68366,3320,CORDANT TECHNOLOGIES INC
68412,2621,MOSINEE PAPER CORP
68439,3674,MOSTEK CORP
68464,5080,MOTION INDUSTRIES INC
68480,6331,PRESERVER GROUP INC
68488,5271,MOTOR HOMES OF AMERICA INC
68505,3663,MOTOROLA SOLUTIONS INC
68528,2430,MOULDINGS INC
68572,2200,MOUNT VERNON MILLS INC
68619,7373,FOURTHSTAGE TECHNOLOGIES INC
68649,2340,MOVIE STAR INC
68651,6512,MOVIELAB INC
68656,2834,MOXIE INDUSTRIES INC
68676,5090,MPO VIDEOTRONICS INC
68677,4700,MPS INTERNATIONAL CORP
68689,2000,MRS SMITHS PIE CO
68709,3829,MTS SYSTEMS CORP
68726,3443,MUELLER (PAUL) CO
68803,6020,MULTIBANK FINANCIAL
68805,5500,GREAT WESTERN SYSTEMS INC
68813,4841,MULTIMEDIA INC
68851,7948,MULTNOMAH KENNEL CLUB  -CL A
68864,5412,MUNFORD INC
69067,2320,PREMIUMWEAR INC
69178,6798,MURRAY MORTGAGE INVESTORS
69180,3524,MURRAY OHIO MFG CO
69242,3575,INFORMATION DIALOGUES INC
69407,6726,PIONEER INTEREST SHS INC
69414,1311,MUTUAL OIL OF AMERICA INC
69422,7011,INTERGROUP CORP
69454,5010,MUTZ CORP
69458,3290,MWA CO
69488,3089,MYERS INDUSTRIES INC
69526,2000,NABISCO INC
69598,2890,NALCO CHEMICAL CO
69623,5047,HYBRID ENERGY HOLDINGS INC
69633,3669,NAPCO SECURITY TECH INC
69645,3841,NARCO SCIENTIFIC INC
69648,3679,NARDA MICROWAVE CORP
69652,2300,NARDIS OF DALLAS INC
69671,5141,NASH FINCH CO
69680,2670,NASHUA CORP
69720,5600,NATCO INDUSTRIES INC
69733,2013,NATHAN'S FAMOUS INC
69774,4512,NATIONAL AIRLINES INC
69789,3559,SEAL INC
69834,6020,NATIONAL BANCSHARES CORP/TX
69886,5311,NATIONAL BELLAS HESS INC
69890,3260,GENERAL CERAMICS INC
69891,2086,NATIONAL BEVERAGE CORP
69952,6020,CORESTATES FINANCIAL CORP
69960,2842,NCH CORP
69968,6020,NATIONAL CITY BANCORP/MN
69970,6020,NATIONAL CITY CORP
69999,7374,NATIONAL COMPUTER SYS INC
70024,7372,NATIONAL CSS INC
70033,6411,NDCHEALTH CORP
70040,6020,FIRST CHICAGO NBD CORP
70047,2821,QUANTUM CHEMICAL CORP
70145,4924,NATIONAL FUEL GAS CO
70155,6199,NATIONAL GENERAL CORP
70182,5200,NHD STORES INC
70184,6324,NATIONAL HEALTH CARE SYSTEMS
70202,1040,EMPIRE GOLD INC
70219,5190,NATIONAL INDUSTRIES INC
70262,9995,ANDAL CORP
70313,8090,NATIONAL MEDICAL CARE
70318,8062,TENET HEALTHCARE CORP
70328,6153,TREXAR CORP
70333,9995,NATIONAL MICRONETICS INC
70337,5063,NATIONAL MINE SERVICE CO
70412,5961,E4L INC
70415,8200,GP STRATEGIES CORP
70453,6512,NATIONAL PROPERTIES CORP
70487,7389,NATIONAL RESEARCH CORP
70530,3674,NATIONAL SEMICONDUCTOR CORP
70538,7200,NATIONAL SERVICE INDS INC
70546,5661,NATIONAL SHOES INC
70553,5099,NSI INC
70610,5411,NATIONAL TEA CO
70624,7389,NATIONAL TERMINALS CORP
70653,3651,NATIONAL UNION ELECTRIC CORP
70670,6020,VALLEY BANCORP INC PA
70671,3490,NATIONAL VALVE & MFG CO
70706,2451,NATIONWIDE HOMES INC
70793,2834,NBTY INC
70808,7389,NAUTILOID CORP
70858,6020,BANK OF AMERICA CORP
70866,7372,NCR CORP
70961,5311,NEISNER BROTHERS INC
70972,2300,NELLY DON INC
70998,6552,NELSON (L.B.) CORP
71023,2731,NELSON (THOMAS) INC
71060,4950,NEPTUNE INTERNATIONAL CORP
71106,3562,NETWORKS ELECTRONICS CORP
71125,2844,NEUTROGENA CORP
71241,3821,NEW BRUNSWICK SCIENTIFIC INC
71297,4911,NEW ENGLAND ELECTRIC SYSTEM
71304,4911,COMMONWEALTH ENERGY SYSTEM
71322,6020,BANK OF NEW ENGLAND CORP
71344,4813,VERIZON NEW ENGLAND INC
71389,4941,NEW HAVEN WATER CO
71406,2520,NEW IDRIA INC
71478,2836,LIPID SCIENCES INC
71525,5961,BLAIR CORP
71528,3590,COMMODORE ENVIRONMENTAL SVCS
71669,3730,NEW YORK SHIPBUILDING CORP
71690,8734,NEW YORK TESTING LABS INC
71691,2711,NEW YORK TIMES CO  -CL A
71725,1731,NEWBERY CORP
71745,3714,NEWCOR INC
71829,7359,NEWPARK RESOURCES
71842,3825,NEWPORT ELECTRONICS INC
71894,2390,SHIRT SHED INC
71985,5912,PHARMHOUSE CORP
72013,3826,NICOLET INSTRUMENT
72020,4924,NICOR INC
72127,7373,NEC CORP
72162,3562,NL INDUSTRIES
72165,6311,NLT CORP
72170,2834,INERGETICS INC
72178,5099,NMS INDUSTRIES INC
72205,2451,NOBILITY HOMES INC
72207,1311,NOBLE ENERGY INC
72243,5070,NOLAND CO
72247,5110,NOLEX CORP
72302,1311,NORCEN ENERGY RES
72316,1000,NORD RESOURCES CORP
72331,3569,NORDSON CORP
72333,5651,NORDSTROM INC
72351,2000,NORIN CORP
72397,3714,NORRIS INDUSTRIES INC -OLD
72401,1311,NORRIS OIL CO
72418,7385,NORSTAN INC
72421,1311,NORSUL OIL & MINING LTD
72423,2430,NORTEK HOLDINGS INC
72444,2836,VAXART INC
72450,3743,NORTH AMERICAN CAR CORP
72514,6311,NORTH AMERICAN NATIONAL CORP
72573,3873,MOVADO GROUP INC
72575,3571,NAI TECHNOLOGIES INC
72589,5172,NORTH CANADIAN OILS LTD
72596,4923,NORTH CAROLINA NATURAL GAS
72600,4512,REPUBLIC AIRLINES INC
72633,6792,NORTH EUROPEAN OIL RTY TR
72635,1311,NORTH EUROPEAN OIL CO
72655,6532,NORTH LILY MINING CO
72724,4813,NORTH-WEST TELECOMM
72736,4512,NORTHEAST AIRLINES INC
72741,4931,EVERSOURCE ENERGY
72902,6798,MONETARY REALTY TRUST
72903,4931,XCEL ENERGY INC
72911,9995,NORTEL NETWORKS CORP
72931,1040,NORTHGATE MINERALS CORP
72971,6020,WELLS FARGO & CO
73028,6020,TRUSTCORP INC
73048,8200,BROADVIEW INSTITUTE INC
73078,6798,NORTHWESTERN MUTUAL LIFE MTG
73092,3241,NORTHWESTERN STS PORT CEMENT
73093,3312,NORTHWESTERN STL&WIRE
73104,3290,NORTON CO
73124,6020,NORTHERN TRUST CORP
73225,6799,NRG INC
73266,3844,NUCLEAR SYSTEMS INC
73271,3672,METROPOLITAN CIRCUITS
73275,9995,ND RESOURCES INC
73290,2835,BIOMERICA INC
73299,2860,QUADREX CORP
73309,3312,NUCOR CORP
73330,1311,NUMAC ENERGY INC
73338,7374,NUMERAX INC
73377,3851,CHANNEL INDUSTRIES LTD
73382,9995,ATLANTIC GROUP INC
73515,3080,NVF CO
73568,3678,OAK INDUSTRIES INC
73584,5812,OAKBROOK CONSOLIDATED INC
73604,4812,LORAIN TELECOM CORP
73609,2451,OAKWOOD HOMES CORP
73722,1311,OCEAN DRILLING & EXPLORATION
73741,3812,OCEAN RESEARCH EQUIPMENT INC
73743,1382,BERRY INDUSTRIES CORP
73756,1389,OCEANEERING INTERNATIONAL
73759,8742,OCEANIC EXPLORATION CO
73773,3826,O I CORP
73779,6500,HORIZON HLDGS INTL CORP
73822,5080,STRATEGIC DISTRIBUTION INC
73860,3448,ODYSSEY INC
73864,3714,OEA INC
73902,4991,COVANTA ENERGY CORP
73913,7311,OGILVY GROUP
73942,3944,OHIO ART CO
73947,3612,OHIO BRASS CO
73952,6331,OHIO CASUALTY CORP
74046,3290,OIL DRI CORP AMERICA
74058,3590,OILGEAR CO
74091,2911,TOSCO CORP
74116,2911,OKC CORP
74208,6798,UDR INC
74260,6331,OLD REPUBLIC INTL CORP
74273,6020,OLD STONE CORP
74277,5080,OLD TOWN CORP
74278,1311,WESTWORLD RESOURCES INC
74300,2340,OLGA CO
74303,2810,OLIN CORP
74314,2600,OLINKRAFT INC
74346,1311,OLIX INDUSTRIES INC
74347,6331,RE CAPITAL CORP
74374,3086,DOLCO PACKAGING CORP
74386,7363,OLSTEN CORP
74431,6020,FIRSTIER FINANCIAL INC
74444,3420,OMARK INDUSTRIES INC
74497,7600,OMNIMEDICAL
74517,3620,ONAN CORP
74585,3910,ONEIDA LTD
74629,2211,OPELIKA MFG CORP
74664,6532,OPPENHEIMER INDUSTRIES INC
74691,5047,MOORE MEDICAL CORP
74697,3827,OPTICAL COATING LAB INC
74702,3851,OPTICAL RADIATION CORP
74709,3826,OPTICS TECHNOLOGY INC
74778,4931,ORANGE & ROCKLAND UTILITIES
74783,6331,ACCEPTANCE INSURANCE COS INC
74816,4400,ORCO INC
74818,3812,ORBIT INTERNATIONAL CORP
74853,2030,OREGON FREEZE DRY FOODS INC
74856,3350,OREGON METALLURGICAL CORP
74858,3241,OREGON PORTLAND CEMENT CO
74928,1531,ORIOLE HOMES CORP  -CL B
74931,6331,ORION CAPITAL CORP
74934,3714,ORION INDUSTRIES INC
74954,9995,ORMAND INDUSTRIES
74989,3861,CMX CORP
75042,2300,OSHKOSH B'GOSH INC  -CL A
75043,5940,OSHMANS SPORTING GOODS
75049,3569,OSMONICS INC
75072,3081,O'SULLIVAN CORP
75104,3530,OTIS ELEVATOR CO
75136,3990,MILLS JENNINGS CO
75149,3510,OUTBOARD MARINE CORP
75160,4833,OUTLET CO
75178,3442,DALLAS CORP
75189,3320,OVERMYER CORP
75207,6799,INTERWEST CORP
75208,4412,OVERSEAS SHIPHOLDING GROUP
75252,5047,OWENS & MINOR INC
75279,1311,OXFORD EXPLORATION CO
75288,2300,OXFORD INDUSTRIES INC
75292,3841,OXFORD LABORATORIES
75298,3579,OXFORD PENDAFLEX CORP
75340,3540,P & F INDUSTRIES  -CL A
75357,2082,PABST BREWING CO
75362,3711,PACCAR INC
75384,3442,PACESETTER CORP
75386,2320,PACESETTER INDUSTRIES INC
75398,6726,WESTERN ASST INV GRD INCM FD
75417,6020,PACIFIC BANCORPORATION
75448,3572,NSTOR TECHNOLOGIES INC
75474,4400,PACIFIC FAR EAST LINE INC
75486,5140,PACIFIC GAMBLE ROBINSON CO
75491,4922,PG&E GAS TRANSMISSION NW
75499,3490,PACIFIC HOLDING CORP
75511,6510,PACIFIC INTL EQUITIES INC
75561,4813,PACIFIC NOWEST BELL TELEPHON
75584,2911,PACIFIC PETROLEUMS LTD
75594,4911,PACIFICORP
75608,3621,PACIFIC SCIENTIFIC CO
75644,1400,ZEMEX CDA CORP
75662,2430,TIMBERLAND INDUSTRIES INC
75675,3560,PACKAGE MACHINERY CO
75677,2650,PACKAGING CORP OF AMERICA
75681,2750,PAXAR CORP
75725,5080,PAGE AIRWAYS INC
75732,1311,PAGE PETROLEUM LTD
75748,3845,PAIN SUPPRESSION LABS INC
75754,6211,PAINE WEBBER GROUP
75775,1311,PAIUTE OIL & MINING CORP
75783,3861,PAKO CORP
75829,3569,PALL CORP
75929,5812,PANCHOS MEXICAN BUFFET INC
75947,6020,PAN AMERICAN BANKS INC
76004,1311,PAN OCEAN OIL CORP
76036,2711,PANAX CORP
76054,3448,PANELFAB INTERNATIONAL CORP
76055,3081,PANELGRAPHIC CORP
76057,6794,PATLEX CORP
76090,3089,PANTASOTE INC
76120,2390,PAPERCRAFT CORP
76141,5171,KEY ENERGY ENTERPRISES INC
76149,2060,PARADISE INC
76174,3576,PARADYNE NETWORKS INC
76235,5900,PARGAS INC
76261,2890,PARK CHEMICAL CO
76267,3672,PARK AEROSPACE CORP
76282,5072,PARK OHIO HOLDINGS CORP
76321,1381,PARKER DRILLING CO
76334,3490,PARKER-HANNIFIN CORP
76389,5621,PARKLANE HOSIERY CO
76402,5912,PARKVIEW-G E M INC
76539,5130,PAT FASHIONS INDUSTRIES
76553,7389,PMI HOLDINGS CORP
76571,3663,PATHCOM INC
76584,2451,ISLE RESOURCES INC
76596,1000,PATO CONS GOLD DREDGING LTD
76605,3714,PATRICK INDUSTRIES INC
76663,1311,PATTON OIL CO
76696,1311,HONDO OIL & GAS CO
76711,3861,PAVELLE CORP
76723,3560,PAXALL INC
76725,5031,PAXTON (FRANK) CO  -CL A
76728,7374,PAY-FONE SYSTEMS INC
76732,5211,PAY'N PAK STORES
76733,5912,PAY'N SAVE CORP
76741,7320,PAYCO AMERICAN CORP
76744,5211,PAYLESS CASHWAYS
76773,4731,PROFIT SYSTEMS INC
76791,7200,PORTRAIT CORP OF AMERICA INC
76812,8711,PEABODY INTERNATIONAL CORP
76878,8711,REPUBLIC RESOURCES INC
76881,2040,PEAVEY CO
76888,5084,PEC ISRAEL ECONOMIC CORP
76902,2950,PECKHAM INDUSTRIES INC
76929,7011,PEEK'N PEAK RECREATION INC
76946,3490,PEERLESS CHAIN CO
76949,5013,CARDIS CORP
76958,3411,PEERLESS TUBE CO
77029,5065,PEMCOR INC
77069,1381,PENINSULA RESOURCES CORP
77100,3950,PENN CORP
77106,3452,PENN ENGR & MFG CORP
77110,5411,PENN MERCHANDISING CORP
77155,5411,PENN TRAFFIC CO
77159,1311,PENN VIRGINIA CORP
77171,4213,PENN YAN EXPRESS INC  -CL A
77228,1600,PENNSYLVANIA ENGINEERING
77231,4924,PENNSYLVANIA ENTERPRISES INC
77264,6321,PENNCORP FINANCIAL INC
77281,6798,PENNSYLVANIA RE INVS TRUST
77292,2800,PENNWALT CORP
77318,1311,PENNZOIL LA & TEX OFFSHORE
77320,1311,PENNZENERGY CO
77326,3140,PENOBSCOT SHOE
77360,3561,PENTAIR PLC
77371,6036,PEOPLES BANCSHARES INC/MA
77380,5912,PEOPLES DRUG STORES INC
77385,4924,PEOPLES ENERGY CORP
77449,5531,PEP BOYS-MANNY MOE & JACK
77455,2086,PEPCOM INDUSTRIES INC
77459,2890,PEPI INC
77476,2080,PEPSICO INC
77501,3640,PERFECT LINE MFG CORP
77534,7389,DSI CORP
77543,1600,TUTOR PERINI CORP
77551,2835,APPLIED BIOSYSTEMS INC
77582,2510,PERMA BILT INDUSTRIES
77597,3080,SPARTECH CORP
77603,1381,PERMEATOR CORP
77628,5912,PERRY DRUG STORES
77688,3572,PERTEC COMPUTER CORP
77709,2000,PET INC
77723,2060,PETER PAUL INC
77776,6162,PHH CORP
77808,5621,PETRIE STORES LIQUIDATION TR
77856,1311,PETRO SILVER INC
77864,1311,CADDO INTERNATIONAL INC
77866,5900,PETROLANE INC
77877,1311,PDC ENERGY INC
77943,2890,PETROLITE CORP
77952,1311,PETROMINERALS CORP
77961,1311,PETROX INDUSTRIES INC
77969,3537,PETTIBONE CORP
78003,2834,PFIZER INC
78040,2834,PHARMACAPS INC
78066,3330,PHELPS DODGE CORP
78128,4941,ESSENTIAL UTILITIES INC
78150,4812,PLDT INC
78232,3452,PHILLIPS SCREW CO
78239,2300,PVH CORP
78284,3674,PHOENIX MATERIALS CORP
78298,3312,PHOENIX STEEL CORP
78302,8082,AMSERV HEALTHCARE INC
78319,2810,AMERICAN PLASTICS & CHEM
78331,3555,PHOTON INC
78332,3690,PHOTON SOURCES INC
78369,3845,PHYSIO CONTROL CORP
78384,5331,MACFRUGALS BARGAINS
78435,5940,PIECE GOODS SHOPS INC
78441,4512,PIEDMONT AVIATION INC
78460,4924,PIEDMONT NATURAL GAS CO
78536,7389,REWARDS NETWORKS INC
78581,2000,PILLSBURY CO
78596,3651,PILOT RADIO CORP
78666,7381,PINKERTONS INC
78706,3651,PIONEER CORP
78716,100,PIONEER HI-BRED INTERNATIONL
78721,2390,PIONEER INTERNATIONAL CORP
78741,3080,PIONEER PLASTICS CORP
78749,7372,AGILYSYS INC
78751,3944,PIONEER SYSTEMS INC
78769,3724,PIPER AIRCRAFT CORP
78773,3640,PIPER INDUSTRIES INC
78814,3579,PITNEY BOWES INC
78842,2082,PITTSBURGH BREWING CO
78846,2890,PITTSBURGH COKE &CHEMICAL CO
78853,5051,PITT-DES MOINES INC
78859,3743,PITTSBURGH FORGINGS CO
78890,7381,BRINKS CO
78895,3669,PITTWAY CORP
78911,5812,PIZZA CORP OF AMERICA
78914,5812,PIZZA HUT INC
78916,5812,PIZZA INN INC
78923,7311,PKL COS INC-CL A
78966,6510,MAXCO INC
79011,7373,PLANNING RESEARCH CORP
79041,2890,PLASMINE CORP
79065,3270,NEW ENGLAND CORP
79143,6798,PLAZA REALTY INVESTORS
79166,2721,PLENUM PUBLISHING CORP
79169,3812,PLESSEY CO
79191,2834,PLOUGH INC
79209,2430,PLY-GEM INDUSTRIES
79225,3060,PLYMOUTH RUBBER  -CL A
79259,6798,VALUE PROPERTY TRUST
79263,5411,PNEUMO CORP
79282,6411,BROWN & BROWN INC
79325,5051,POLARIS RESOURCES INC
79326,3861,PRIMARY PDC INC
79376,1311,FREMONT ENERGY CORP
79388,2452,POLORON PRODUCTS INC
79397,3433,ACRO ENERGY CORP
79403,1311,THOR ENERGY CORP
79406,2750,U S PLAYING CARD CORP
79407,2790,POLYCHROME CORP
79417,3089,POLYMER CORP
79422,5160,POLYMER MATERIALS INC
79424,8731,POLYMER RESEARCH CORP OF AM
79467,5812,PONDEROSA INC
79482,5051,U.N.A. CORP
79511,2330,POPE EVANS & ROBBINS INC
79516,3634,POPEIL BROTHERS INC
79570,3537,PORTEC INC
79582,3564,PORTER (H.K.) INC-DEL
79636,4911,PORTLAND GENERAL CORP
79668,3490,POSI-SEAL INTERNATIONAL
79677,3841,POSSIS MEDICAL INC
79684,2711,POST CORP
79757,3730,POTT INDUSTRIES INC
79826,3690,POWER CONVERSION INC
79845,1311,POWER RESOURCES CORP
79862,3822,POWERS REGULATOR CO
79879,2851,PPG INDUSTRIES INC
79898,1311,PRAIRIE OIL ROYALTIES CO LTD
79920,2851,PRATT & LAMBERT UNITED INC
79958,3728,PRECISION CASTPARTS CORP
80035,3640,PREFORMED LINE PRODUCTS CO
80040,6532,AMERICAN WATER RESOURCES INC
80051,5065,PREMIER INDUSTRIAL CP
80108,5399,PRESENT CO INC
80124,6311,PRESIDENTIAL LIFE CORP
80134,1311,PRESIDIO OIL
80172,3480,NATIONAL PRESTO INDS INC
80173,3080,PRESTO PRODUCTS INC
80183,3310,PRESTON MINES LTD
80202,3630,PREWAY INC
80252,2731,PRICE/STERN/SLOAN INC
80285,7372,COMPUTERVISION CORP
80293,7011,PRIME HOSPITALITY CORP
80324,6512,PRINCETON AMERICAN CORP
80351,2200,PRINTOGS LTD
80418,5140,WESTBRAE NATURAL INC
80420,3613,POWELL INDUSTRIES INC
80423,200,PROCOR INC
80424,2840,PROCTER & GAMBLE CO
80473,3089,PRODUCT DESIGN & ENGR INC
80491,2891,PRODUCTS RESEARCH & CHEMICAL
80535,1700,JOHNSON INTERNATIONAL CORP
80619,3530,PAR SYSTEMS CORP
80630,8200,PROGRAMMING & SYSTEMS INC
80661,6331,PROGRESSIVE CORP-OHIO
80670,7389,PROGRESSIVE INDUSTRIES CORP
80693,3312,PROLER INTERNATIONAL CORP
80758,3412,PROSPECT INDUSTRIES CORP
80816,4833,PROVIDENCE JOURNAL CO  -CL A
80847,6020,PROVIDENT NATIONAL CORP
80876,8051,PROVINCIAL HOUSE INC
80920,1311,PRUDENTIAL GROUP INC
80984,3950,PUBCO CORP
81025,4924,PUBLIC SERVICE CO OF N C
81050,3690,PUBLICARD INC
81057,2086,CABLE CAR BEVERAGE CORP
81076,3270,PUERTO RICAN CEMENT CO INC
81112,2511,PULASKI FURNITURE CORP
81122,1600,PULLMAN INC
81157,6532,PGI INC
81188,2834,PUREPAC LABORATORIES CORP
81199,3842,PURITAN-BENNETT CORP
81203,2330,PURITAN FASHIONS CORP
81214,5411,PURITY SUPREME INC
81288,3080,PVC CONTAINER CORP
81289,2070,PVO INTERNATIONAL INC
81296,3640,PYLE NATIONAL CO
81318,1311,YUMA ENERGY INC -OLD
81362,2990,QUAKER CHEMICAL CORP
81365,3448,QUAKER CITY INDUSTRIES INC
81371,2040,QUAKER OATS CO
81381,2911,QUAKER STATE CORP
81424,3577,QUANTOR CORP
81426,3690,QUANTRONIX CORP
81446,3661,QT&T INC
81465,4812,QUEBECOR INC  -CL B
81469,2300,QUEEN CASUALS INC
81507,3949,QUESTOR CORP
81589,6200,QUOTRON SYSTEMS INC
81614,6531,MEDSECURE GROUP INC
81688,3690,RADIATION DYNAMICS INC
81699,3585,RTI INC
81700,6531,MAJOR GROUP INC
81734,4812,RADIOFONE CORP
81764,5531,RAGAN (BRAD) INC
81766,3559,RAGEN CORP
81774,4833,RAHALL COMMUNICATIONS CORP
81785,3140,RAI INC
81825,1311,RAINBOW RESOURCES INC-OLD
81870,2040,RALSTON PURINA CO
81887,7990,RAMADA INC
81893,6020,RAMAPO FINANCIAL CORP
81918,3272,RAMPART GENERAL INC
81949,3822,RANCO INC
81955,6797,RAND CAPITAL CORP
82020,1400,U S LIME & MINERALS
82035,1311,RANGER OIL LTD
82050,3560,RANSBURG CORP
82147,2300,RATNER CORP
82166,3080,RAVEN INDUSTRIES INC
82206,3640,RAYCHEM CORP
82213,7363,RAYCOMM TRANSWORLD
82218,3523,RAYGO INC
82231,3537,RAYMOND CORP
82249,3572,RAYMOND INDUSTRIES INC
82256,2750,RAYNE INDUSTRIES INC
82263,3430,RAYPAK INC
82276,5712,R B INDUSTRIES INC
82286,3600,RCA CORP
82291,3670,RCL ELECTRONICS INC
82295,3570,GRIFFIN TECHNOLOGY INC
82338,3350,READING INDUSTRIES
82357,7389,REAL ESTATE DATA INC
82373,6798,REAL ESTATE INVEST/CA
82409,1520,OAK RIDGE CAPITAL GROUP INC
82411,3089,REALEX CORP
82427,6798,RAMPAC
82456,6500,REALTY INDUSTRIES INC
82473,6798,INNSUITES HOSPITALITY TR
82523,7373,RECOGNITION INTL INC
82536,3651,RECOTON CORP
82554,7311,GMI GROUP INC
82563,7011,RECRION CORP
82567,3674,RECTISEL CORP
82600,5411,RED OWL STORES INC
82625,3579,REDACTRON CORP
82628,3661,SYMMETRICOM INC
82660,3460,REDLAW INC
82666,2451,REDMAN INDUSTRIES INC
82696,3559,REECE CORP
82734,8741,REED ROBERTS ASSOCIATES INC
82744,3533,REED TOOL CO
82775,2211,REEVES BROTHERS INC
82785,4832,REEVES TELECOM CORP
82788,7389,REFAC OPTICAL GROUP
82811,3621,REGAL BELOIT CORP
82845,3663,RELM COMMUNICATIONS
82911,2821,REICHHOLD CHEMICALS INC
82925,7500,UNITED PETROLEUM CORP
82959,3730,REINELL INDUSTRIES INC
83032,6411,NORTH AMERICAN GROUP LTD
83034,6311,RELIABLE LIFE INS CO  -CL A
83082,5090,VOIT CORP
83097,3944,REMCO INDUSTRIES INC
83157,7200,RENTEX SERVICES CORP
83179,3663,REPCO INC
83194,5013,REPUBLIC AUTOMOTIVE PARTS
83226,3270,REPUBLIC GROUP INC
83246,6020,HSBC USA INC
83251,6020,FIRST REPUBLICBANK CORP
83268,4210,REPUBLIC VAN LINES INC
83276,3661,RESDEL INDUSTRIES
83300,5190,RESEARCH FUELS INC
83306,3841,RESEARCH MEDICAL INC
83343,5171,RESERVE OIL & GAS CO
83347,1400,RESERVE INDUSTRIES CORP
83360,6552,RESIDEX CORP
83366,3490,RESISTOFLEX CORP
83394,7990,GRIFFIN GAMING&ENTMT
83402,6282,RESOURCE AMERICA INC
83440,5812,RESTAURANT ASSOCIATES  -CL B
83472,8050,RETIREMENT LIVING INC
83490,3821,MAGSTAR TECHNOLOGIES INC
83496,5912,REVCO D.S. INC
83509,6512,REVENUE PROPERTIES CO LTD
83510,3350,REVERE COPPER & BRASS INC
83524,5400,NATURE FOOD CENTERS INC
83530,7948,WESTWOOD GROUP INC
83564,3350,REX PRECISION PRODUCTS INC
83570,2670,REXHAM CORP
83588,7373,REYNOLDS & REYNOLDS  -CL A
83604,3334,REYNOLDS METALS CO
83649,2082,RHEINGOLD CORP
83679,5712,RHODES INC
83691,3440,RIBLET PRODUCTS CORP
83702,5411,RICE FOOD MARKETS INC
83786,3060,RICHARDSON CO
83877,5080,RICHTON INTERNATIONAL CORP
83899,1000,RICO ARGENTINE MINING CO
83911,2711,RIDDER PUBLICATIONS INC
83957,2600,RIEGEL PAPER CORP
83961,2211,RIEGEL TEXTILE CORP
84013,3510,RILEY CO
84045,100,RING AROUND PRODUCTS INC
84068,4011,RIO GRANDE INDUSTRIES
84091,3674,RIPLEY CO INC
84112,3669,RISK(GEORGE) INDUSTRIES INC
84129,5912,RITE AID CORP
84168,3634,RIVAL MFG CO
84202,6798,RIVERSIDE PROPERTIES
84244,7510,ROLLINS TRUCK LEASING
84246,6331,RLI CORP
84262,1731,DIVERSIFIED COMMUNICATIONS
84278,3312,ROANOKE ELECTRIC STEEL CORP
84281,3661,ROANWELL CORP
84290,3533,ROBBINS & MYERS INC
84440,5812,ROBINEX INTERNATIONAL LTD
84443,2834,ROBINS (A.H.) CO
84477,3825,ROBINSON HALPERN CO
84518,6794,ROBO WASH INC
84567,4813,FRONTIER CORP
84581,1400,ROCK OF AGES CORP  -CL A
84588,3579,ROCKAWAY CORP
84602,3760,ROCKCOR INC
84621,5600,ROCKOWER BROTHERS INC
84651,6552,ROCKWOOD NATIONAL CORP
84655,2250,ROCKY MOUNT UNDERGARMENT CO
84682,4210,ROCOR INTERNATIONAL
84683,3540,RODAC CORP
84733,2844,ROFFLER INDUSTRIES INC
84748,3672,ROGERS CORP
84792,2821,ROHM AND HAAS CO
84801,3728,ROHR INC
84810,6552,ROLAND INTERNATIONAL CORP
84834,6411,ROLLINS BURDICK HUNTER CO
84839,7340,ROLLINS INC
84848,3571,ROLM CORP
84908,5099,RONCO TELEPRODUCTS INC
84919,9995,RONSON CORP
84953,7948,ROOSEVELT RACEWAY INC
84966,3524,ROPER CORP
84985,1000,ROSARIO RESOURCES CORP
85044,3812,ROSEMOUNT INC
85149,6141,WEBFINANCIAL CORP
85261,6552,ROSSMOOR CORP
85364,3560,ROTRON INC
85399,8731,ROVAC CORP
85408,1381,ROWAN COMPANIES LTD
85417,2510,ROWE COMPANIES
85449,2273,ROXBURY CARPET CO
85461,5090,ROYAL APEX SILVER INC
85462,3630,ROYAL APPLIANCE MFG CO
85486,2911,ROYAL DUTCH PETROLEUM NV
85500,7011,ROYAL INNS OF AMERICA INC
85535,6795,ROYAL GOLD INC
85558,7363,ROYALPAR INDUSTRIES INC
85582,2870,ROYSTER CO
85599,5013,RPS PRODUCTS INC
85608,3679,VALPEY-FISHER CORP
85613,3341,RSR CORP
85627,3089,RUBBERMAID INC
85684,3812,ADMIRALTY HOLDING
85687,3533,RUCKER CO
85704,5411,HARRIS TEETER SUPERMARKETS
85759,3944,RUPP INDUSTRIES INC
85795,2330,RUSS TOGS INC
85812,2253,RUSSELL CORP
85840,2060,RUSSELL STOVER CANDIES INC
85928,1531,RYAN HOMES INC
85942,6798,ARLINGTON REALTY INVESTORS
85961,7510,RYDER SYSTEM INC
85973,5140,RYKOFF-SEXTON INC
85974,1531,RYLAND GROUP INC
85981,3851,RYNCO SCIENTIFIC CORP
86036,1311,SABINE CORP
86082,2731,SADLIER (WILIAM H.) INC
86097,3812,SAFE FLIGHT INSTRUMENT CORP
86104,6331,SAFECO CORP
86115,6799,SAFEGUARD SCIENTIFICS INC
86144,5411,SAFEWAY INC
86153,2750,SAFRAN PRINTING CO
86158,5812,SAGA CORP
86166,3679,SAGE LABORATORIES INC
86251,4931,ST JOSEPH LIGHT & POWER
86293,3290,ST LOUIS STEEL CASTING INC
86312,6331,TRAVELERS COS INC
86317,6726,HARTFORD INCOME SHARES FD
86346,2320,SALANT CORP
86357,2273,SALEM CARPET MILLS
86358,3540,SALEM CORP
86490,8700,DATA TRENDS INC
86519,100,SAN CARLOS MILLING CO INC
86537,3670,SFE TECHNOLOGIES
86585,7948,SAN JUAN RACING ASSN
86636,3812,SANDERS ASSOCIATES INC
86657,6172,SANDGATE CORP
86727,9995,SANITAS INC
86759,7011,SANTA FE FINANCIAL CORP
86763,1381,SANTA FE INTERNATIONAL CORP
86772,1311,SANTA FE SNYDER CORP
86829,3560,SARGENT INDUSTRIES INC-CA
86890,4522,SATURN AIRWAYS INC
86902,6798,SAUL (B.F.) REAL ESTATE INV
86940,4911,SAVANNAH ELECTRIC & POWER CO
86941,2060,SAVANNAH FOODS & INDS
86994,2253,SAVOY INDUSTRIES INC
87032,3357,SAXTON PRODUCTS INC
87050,3663,NEONODE INC
87073,4953,SCA SERVICES INC
87082,3577,SCAN DATA CORP
87086,3577,SCAN OPTICS INC
87097,2761,SCANFORMS INC
87121,5731,SCHAAK ELECTRONICS INC
87196,7500,SCHEIB (EARL) INC
87232,2080,SCHENLEY INDUSTRIES INC
87233,6799,SCHENUIT INVESTMENTS INC
87347,1389,SCHLUMBERGER LTD
87462,3842,SCHOLL INC
87497,3530,ANTEX CORP
87500,5311,SCHOTTENSTEIN STORES CORP
87565,2821,SCHULMAN (A.) INC
87669,7822,SCHWARTZ BROS INC  -CL A
87743,3841,SCIMED LIFE SYSTEMS INC
87744,3670,SCI SYSTEMS INC
87759,8742,SCIENCE MANAGEMENT CORP
87777,3663,SCIENTIFIC-ATLANTA INC
87783,7374,SCICOM DATA SERVICES LTD
87785,3571,SCIENTIFIC DATA SYSTEMS INC
87799,4991,TRANSTECH INDUSTRIES INC
87802,3826,SCIENTIFIC INDUSTRIES INC
87814,3829,SCIENTIFIC MEASUREMENT SYS
87817,3663,SCIENTIFIC RADIO SYSTEMS INC
87829,7374,STSC INC
87840,2851,SCM CORP
87863,3663,SCOPE INC
87864,2040,SCOPE INDUSTRIES
87897,3630,SCOTT & FETZER CO
87949,2621,SCOTT PAPER CO
87985,2200,SCOTTEX CORP
87992,6532,VACATION SPA RESORTS
88000,6282,SCOTT'S LIQUID GOLD
88005,5211,SCOTTY'S INC
88010,3634,SCOVILL INC
88034,4833,SCRIPPS HOWARD BROADCASTING
88036,3950,SCRIPTO INC
88037,5141,SCRIVNER INC
88076,1311,SCURRY-RAINBOW OIL LTD
88095,4011,SEA CONTAINERS LTD  -CL A
88103,7011,SEA PINES CO
88113,7990,SEA WORLD INC
88121,9997,SEABOARD CORP
88178,6020,SEAFIRST CORP
88188,3652,SEAGRAM CO LTD
88190,3100,FUQUA ENTERPRISES INC
88201,3679,SEALECTRO CORP
88205,3585,SPX CORP
88217,5013,SEAPORT CORP
88275,4400,SEATRAIN LINES
88296,5411,SEAWAY FOOD TOWN INC
88496,6020,SECURITY BANCORP INC/MI
88608,6020,SECURITY PACIFIC CORP
88633,3089,SECURITY PLASTICS INC
88686,1381,SEDCO INC
88706,2330,EL APPAREL INC
88734,3990,SEGA ENTERPRISES INC
88790,3842,INTRICON CORP
88794,5944,SELCO INC
88877,7200,SELIGMAN & LATZ INC
88922,3674,SEMICON INC
88941,3674,SEMTECH CORP
88948,2033,SENECA FOODS CORP
88952,1311,SENECA OIL CO
88974,3669,SENSORMATIC ELECTRONICS
88997,1311,RED EAGLE RESOURCES CP
89017,3679,SENTRY MANUFACTURING CO
89041,9995,SAGEMARK COMPANIES LTD
89046,2273,SEQUOYAH INDUSTRIES INC
89067,8711,SERNCO INC
89089,7200,SERVICE CORP INTERNATIONAL
89107,5399,SERVICE MERCHANDISE CO
89127,3743,SERVO CORP OF AMERICA
89135,5960,SERVOMATION CORP
89140,3621,SERVOTRONICS INC
89161,3100,SETON CO
89261,3621,EXX INC  -CL A
89270,3620,SL INDUSTRIES INC
89289,3140,SHAER SHOE CORP
89326,2834,SHAKLEE CORP
89377,1531,SHAPELL INDUSTRIES
89415,7373,SHARED MEDICAL SYSTEMS CORP
89439,3350,MUELLER INDUSTRIES
89472,3231,SHATTERPROOF GLASS CORP
89498,2273,SHAW INDUSTRIES INC
89522,6020,SHAWMUT CORP
89597,5099,SHEFFIELD WATCH CORP
89615,3672,SHELDAHL INC
89629,1311,SHELL OIL CO
89635,2911,SHELL TRANSPORT AND TRADING
89638,3714,SHELLER-GLOBE
89681,2300,SHENANDOAH CORP
89688,1311,SHENANDOAH OIL CORP
89800,2851,SHERWIN-WILLIAMS CO
89807,6799,SYNPRO ENVIRONMENT SVCS
89865,4210,SHIPPERS DISPATCH INC
89869,2200,STACY INDUSTRIES INC
89902,5812,SHONEY'S INC
89910,5412,SHOP & GO INC
89913,5411,SHOP RITE FOODS INC
89925,3550,SHOPSMITH INC
89926,5411,SHOPWELL INC
89966,7990,SHOWBOAT INC
90012,2844,SHULTON INC
90045,5045,PARAGON TECHNOLOGIES INC
90057,7372,SIBONEY CORP
90143,2421,SIERRA PACIFIC INDUSTRIES
90163,3728,SIERRACIN CORP
90168,3724,SIFCO INDUSTRIES
90185,2833,SIGMA-ALDRICH CORP
90206,3080,SIGMAFORM CORP
90245,3250,SIKES CORP  -CL A
90280,3679,SILICON TRANSISTOR CORP
90283,3674,SILICONIX INC
90294,5700,SILO INC
90334,6795,SILVER EUREKA CORP
90350,1040,ALTA GOLD CO
90429,2451,SILVERCREST CORP
90498,6020,SIMMONS FIRST NATL CP  -CL A
90534,2030,NORTON SIMON INC
90562,2600,SIMPLEX INDUSTRIES INC
90588,3714,SIMPSON INDUSTRIES
90633,2911,SINCLAIR OIL CORP
90685,1311,ALPHA PETROLEUM EXPLORATION
90712,8711,TSC CORP
90721,5200,PERVASIP CORP
90811,5411,AMERICAN STORES CO
90827,2911,SKELLY OIL CO
90847,3540,SKIL CORP
90880,5311,SKY CITY STORES INC
90896,2451,SKYLINE CHAMPION CORP
90898,1311,SKYLINE OIL CO
90938,6799,SLATER DEVELOPMENT CORP
90954,5031,SLAUGHTER BROTHERS INC
90976,2890,SLICK CORP
90993,3823,SLOAN TECHNOLOGY CORP
91111,5099,SMC INDUSTRIES INC
91115,2400,SMD INDUSTRIES INC
91142,3630,SMITH (A.O.)
91388,2000,SMITHFIELD FOODS INC
91419,2033,SMUCKER (JM) CO
91440,3420,SNAP-ON INC
91455,7361,SNELLING & SNELLING INC
91576,6020,KEYCORP
91631,3679,SOLA BASIC INDUSTRIES INC
91649,7373,4FRONT TECHNOLOGIES INC
91665,3690,SOLIDYNE INC
91668,3674,SOLITRON DEVICES INC
91737,4833,SONDERLING BROADCASTING CORP
91741,7011,SONESTA INTL HOTELS  -CL A
91767,2650,SONOCO PRODUCTS CO
91771,1531,SONOMA INTERNATIONAL
91807,2621,SORG PAPER CO
91817,3490,CORE INDUSTRIES INC
91844,3651,SOUNDESIGN CORP
91847,6726,SOURCE CAPITAL INC
91893,6020,SOUTH CAROLINA NATL CORP
91928,4924,SOUTH JERSEY INDUSTRIES INC
91980,6020,SOUTHEAST BANKING CORP
91986,1311,SOUTHEAST EXPLORATION CORP
92050,5900,SOUTHEASTERN PUBLIC SVC CO
92057,8051,DIVERSICARE CP OF AMER
92073,4512,SOUTHERN AIRWAYS INC
92081,6020,SOUTHTRUST CORP
92122,4911,SOUTHERN CO
92149,6311,STHERN EDUCATORS LIFE INS CO
92166,3081,SOUTHERN FILM EXTRUDERS INC
92200,3290,SOUTHERN INDUSTRIES CORP
92223,1311,SOUTHERN MINERAL CORP
92230,6020,TRUIST FINANCIAL CORP
92236,4922,SONAT INC
92275,4011,NORFOLK SOUTHERN RAILWAY CO
92339,6020,COLONIAL BANCGROUP
92342,6311,LAURENTIAN CAPITAL CORP
92344,5412,7-ELEVEN INC
92349,6552,SOUTHLAND FINANCIAL CORP
92358,2600,SOUTHLAND PAPER MILLS INC
92361,1311,SOUTHLAND ROYALTY CO
92380,4512,SOUTHWEST AIRLINES
92381,7500,SOUTHWEST AIRMOTIVE CO
92412,2621,SOUTHWEST FOREST INDUSTRIES
92440,6020,SOUTHWEST NATIONAL CORP
92472,4941,SOUTHWEST WATER CO
92488,4911,SOUTHWESTERN ELEC SERVICE
92521,4911,SOUTHWESTERN PUBLIC SVC CO
92605,3845,SPACELABS INC
92631,3670,SPANG INDUSTRIES INC
92663,5812,SPARTAN FOOD SYSTEMS INC
92679,3679,SPARTON CORP
92729,3086,SPECIALTY COMPOSITES CORP
92761,5122,SPECTRO INDUSTRIES INC
92764,3670,SPECTRONICS INC
92769,3679,SPECTRUM CONTROL INC
92824,2711,SPEIDEL NEWSPAPERS INC
92827,5084,SPEIZMAN INDUSTRIES INC
92849,2011,SPENCER FOODS INC
92874,2273,SPERRY & HUTCHINSON CO
92879,3570,SPERRY CORP
92884,3640,SPERTI DRUG PRODUCTS INC
92888,3826,SPEX INDUSTRIES INC
92955,2300,SPLENTEX INC
93021,3714,AUTOMOCO CORP
93037,3670,SPRAGUE ELECTRIC CO
93102,2211,SPRINGS INDUSTRIES  -CL A
93109,5331,SPROUSE-REITZ STORES  -NVTG
93128,3613,SQUARE D CO
93134,7500,SQUARE INDUSTRIES INC
93146,2834,SQUIBB CORP
93272,3430,STANADYNE INC
93284,6726,MORGAN STANLY INCOME SEC
93308,5200,STANDARD BRANDS PAINT CO
93314,2835,VOLITIONRX LTD
93319,5150,STANDARD COMMERCIAL CORP
93323,3412,STANDARD CONTAINER CO
93332,1600,STANDARD DREDGING CORP
93379,3559,APPOINT TECHNOLOGIES INC
93383,1000,STANDARD METALS CORP
93384,3674,STANDARD MICROSYSTEMS CORP
93389,3690,STANDARD MOTOR PRODS
93397,2911,AMOCO CORP
93410,2911,CHEVRON CORP
93419,2911,STANDARD OIL CO
93444,3452,SPS TECHNOLOGIES INC
93448,3714,STANDARD PRODUCTS CO
93451,6020,STERLING BANCORP/NY -OLD
93456,2761,STANDARD REGISTER CO
93507,3714,STANDUN INC
93522,3561,STANG HYDRONICS INC
93523,2030,STANGE CO
93533,3728,STANLEY AVIATION CORP
93542,5190,ENESCO GROUP INC
93556,3540,STANLEY BLACK & DECKER INC
93561,3743,STANRAY CORP
93566,1400,STANSBURY HOLDINGS CORP
93584,8711,STANWICK CORP
93600,1311,STAR DUST MINES INC
93631,5600,FREDERICKS OF HOLLYWOOD GRP
93675,1531,STARRETT CORP
93676,3420,STARRETT (L.S.) CO  -CL A
93714,1311,STATEX PETROLEUM INC
93730,6726,ALLMERICA SECS TR
93736,2320,NAUTICA ENTERPRISES INC
93751,6282,STATE STREET CORP
93779,6311,STATESMAN GROUP INC
93786,3829,STATHAM INSTRUMENTS INC
93813,2810,STAUFFER CHEMICAL CO
93875,3842,STEARNS MANUFACTURING CO
93912,5090,STEELMET INC
93945,3523,STEIGER TRACTOR INC
93959,2890,STEIN HALL & CO INC
94020,3944,STELBER INDUSTRIES INC
94049,2840,STEPAN CO
94056,2844,STEPHAN CO
94108,5712,STERCHI BROTHERS STORES INC
94125,4841,STERLING COMMUNICATIONS INC
94130,2834,STERLING DRUG INC
94136,5065,STERLING ELECTRONICS
94138,3559,STERLING EXTRUDER CORP
94167,8711,STERLING OIL OF OKLAHOMA INC
94170,9995,STEEGO CORP
94248,3640,STERNER LIGHTING SYSTEMS
94260,2250,STEVCOKNIT INC
94328,3711,STEWART & STEVENSON SERVICES
94344,6361,STEWART INFORMATION SERVICES
94369,9995,STEWART FOODS INC
94538,3674,PROPHOTONIX LTD
94567,2086,STOKELY VAN CAMP INC
94601,8711,STONE & WEBSTER INC
94610,2631,SMURFIT-STONE CONTAINER CORP
94673,3572,STORAGE TECHNOLOGY CP
94679,4841,STORER COMMUNICATIONS INC
94690,7370,STORM DRILLING & MARINE INC
94697,2844,STORY CHEMICAL CORP
94733,2890,STP CORP
94784,2834,ALSERES PHARMACEUTICALS INC
94824,5331,STRATTON GROUP LTD
94845,2300,LEVI STRAUSS & CO
94855,5311,STRAWBRDGE &CLOTHIER  -SER A
94887,3140,STRIDE RITE CORP
94920,5122,STROTHER DRUG CO
94945,5160,STRUTHERS INDUSTRIES INC
94947,3443,STRUTHERS WELLS CORP
95029,3480,STURM RUGER & CO INC
95047,2452,DEER VALLEY CORP
95052,2844,ELIZABETH ARDEN INC
95056,5010,SUBARU OF AMERICA
95092,5900,SUBURBAN PROPANE GAS CORP
95169,3560,SULLAIR CORP
95237,5063,SUMMERS ELECTRIC CO
95254,1311,CASPEN OIL INC
95280,2300,SUMMIT ORGANIZATION INC
95301,3724,SEQUA CORP  -CL A
95304,2911,SUNOCO INC
95311,3825,SUN ELECTRIC CORP
95366,700,SUNAIR SERVICES CORP
95395,3728,SUNDSTRAND CORP
95459,5211,SUNSET INDUSTRIES INC
95479,5412,SUNSHINE-JR STORES
95490,2090,SUNF INC
95501,5331,SUPER DOLLAR STORES INC
95504,5141,SUPER FOOD SERVICES INC
95516,5411,SHUFERSAL LTD
95521,5141,SUPERVALU INC
95529,3241,SUPERCRETE LTD
95543,3621,SUPERIOR ELECTRIC CO
95548,2013,SUPERIOR FOODS INC
95552,3714,SUPERIOR INDUSTRIES INTL
95559,1311,SUPERIOR OIL CO
95574,2300,SUPERIOR GROUP OF COS INC
95585,5411,PATHMARK STORES INC
95618,3272,SUPRADUR COS INC
95620,2522,SUPREME EQUIP & SYSTEMS CORP
95626,3562,CENTIRE INTERNATIONAL INC
95632,2844,SUPRONICS CORP
95657,3841,SURGICOT INC
95676,3841,MERIDIAN MEDICAL TECH INC
95690,3080,SUSQUEHANNA CORP
95745,3089,SW INDUSTRIES INC
95779,3100,SWANK INC
95799,1221,SWANTON CORP
95830,3089,SWEDLOW INC
95893,3579,SWINGLINE INC
95907,3843,SYBRON CORP  -OLD
95917,3575,SYCOR INC
95923,7373,SYKES DATATRONICS INC
95944,3663,SYMETRICS INDUSTRIES
95953,3317,SYNALLOY CORP
96000,2834,SYNTEX CORP
96014,5082,SYRACUSE SUPPLY CO
96021,5140,SYSCO CORP
96051,3571,SYSTEMATICS GENERAL CORP
96057,7373,SYS
96065,3559,SYSTEMS ENGINEERING & MFG CP
96079,7372,SYSTONETICS INC
96097,3661,T-BAR INC
96116,2522,TAB PRODUCTS
96140,5812,TACO BELL
96167,4833,TAFT BROADCASTING CO
96223,6211,JEFFERIES FINANCIAL GRP INC
96238,3312,TALLEY INDUSTRIES INC
96246,3577,TALLY CORP
96277,2670,TAMBRANDS INC
96287,5712,BOMBAY CO INC
96289,5731,RS LEGACY CORP
96294,5940,TANDYCRAFTS INC
96412,2050,TASTY BAKING CO
96536,3569,TAYLOR DEVICES INC
96573,6794,TAYLOR RENTAL CORP
96608,7372,CONTINUUM INC
96617,5063,TDA INDUSTRIES INC
96638,6141,ADVANTA CORP  -CL B
96653,3430,JONES PLUMBING SYSTEMS INC
96669,3679,TECH-SYM CORP
96673,8734,TECH OPS INC
96677,7371,TECHNALYSIS CORP
96699,3663,TECHNICAL COMMUNICATIONS CP
96736,2670,TECHNICAL TAPE INC
96744,3841,TECHNICARE CORP
96746,7819,TECHNICOLOR INC
96748,3826,TECHNICON CORP
96763,3679,PULSE ELECTRONICS CORP
96793,5912,SUNLINK HEALTH SYSTEMS INC
96813,3572,TECHTRAN INDUSTRIES INC
96831,3585,TECUMSEH PRODUCTS CO
96864,4922,TEJAS GAS CORP/DE
96869,100,TEJON RANCH CO
96879,3825,TEKTRONIX INC
96885,3825,TEL-INSTRUMENT ELECTRONICS
96919,5812,TPI ENTERPRISES INC
96926,7359,TELECOR INC
96929,7389,TELECREDIT INC
96943,3841,TELEFLEX INC
96959,6512,TLM CORP
96960,8060,TELEMED CORP
96977,4813,PACIFIC TELECOM INC
96982,4841,TELEPROMPTER CORP
96987,7359,TELERENT LEASING CORP
96988,7389,MARLTON TECHNOLOGIES
96996,7812,REEVES COMMUNICATIONS
97052,7373,TELTRONICS INC
97072,2400,TEMPLE INDUSTRIES INC
97079,3634,TEMPLET INDUSTRIES INC
97130,3663,TENNA CORP
97134,3580,TENNANT CO
97148,6792,TEL OFFSHORE TRUST
97158,3310,TENNESSEE FORGING STEEL CORP
97177,6020,COMMERCE UNION CORP
97184,3569,TENNEY ENGINEERING  -CL B
97196,6324,AMERICAN INDEPENDENCE CORP
97210,3825,TERADYNE INC
97216,3530,TEREX CORP
97224,3861,TERMINAL DATA CORP
97245,1311,TERRA RESOURCES INC
97258,7200,TERRAMAR CORP  -OLD
97292,6798,TERRYDALE REALTY TRUST
97349,2911,TEXACO INC
97378,6020,TEXAS AMERICAN BANCSHARES
97409,6020,TEXAS COMMERCE BANCSHARES
97430,4922,TEXAS EASTERN CORP
97452,4922,TEXAS GAS TRANSMISSION LLC
97472,3241,TEXAS INDUSTRIES INC
97476,3674,TEXAS INSTRUMENTS INC
97483,1311,PHOENIX RESOURCE COS
97509,4922,TEXAS OIL & GAS CORP
97571,1400,TEXASGULF INC
97579,2221,TEXFI INDUSTRIES INC
97598,1311,TEXO OIL CORP
97607,3714,TEXSTAR CORP
97638,2430,CARDIFF EQUITIES CORP
97654,5311,THALHIMER BROTHERS INC
97726,3089,THERMAL INDUSTRIES INC
97745,3826,THERMO FISHER SCIENTIFIC INC
97780,3089,THETFORD CORP
97813,6020,THIRD NATIONAL CORP
97854,3640,THOMAS & BETTS CORP
97886,3560,THOMAS INDUSTRIES INC
97931,2211,THOMASTON MILLS INC  -CL A
98130,7500,THRIFTWAY LEASING CO
98178,6361,TICOR
98222,4400,TIDEWATER INC
98246,5944,TIFFANY & CO
98305,1000,TIMBERLINE MINERALS
98313,9995,T.I.M.E. DC INC
98338,7371,TSR INC
98346,3661,TIMEPLEX INC
98362,3562,TIMKEN CO
98373,3713,TIMPTE INDUSTRIES INC
98383,3827,TINSLEY LABORATORIES INC
98410,1311,TIPPERARY CORP
98483,3651,TMA CO
98485,3580,TMC INDUSTRIES LTD
98507,2300,TOBIAS KOTZIN CO
98513,2011,TOBIN PACKING CO INC
98519,3663,TOCOM INC
98537,3730,TODD SHIPYARDS CORP
98544,2084,CRUZAN INTERNATIONAL INC
98559,3580,TOKHEIM CORP
98562,1311,TOKLAN OIL CORP
98573,3600,TOSHIBA CORP
98596,8742,TIC INTERNATIONAL CORP
98618,4950,ALANCO TECHNOLOGIES INC
98633,6799,TOMLINSON OIL CO INC
98651,3944,TONKA CORP
98677,2060,TOOTSIE ROLL INDUSTRIES INC
98707,5600,ACA JOE INC
98712,6153,TFC INTL INC  -CL A
98720,1311,TOREADOR RESOURCES CORP
98727,3564,TORIN CORP
98752,3677,TOROTEL INC
98781,2911,TOTAL PETROLEUM OF N AMERICA
98788,3350,TOTH ALUMINUM CORP
98826,3081,TOWER PRODUCTS INC
98994,3861,TRAID CORP
99008,6500,TRAILERANCHO CORP
99037,3585,TRANE CO
99047,7373,NYFIX INC
99089,1311,TRANS DELTA CORP
99102,3990,TRANS-INDUSTRIES INC
99106,3990,TRANS-LUX CORP
99114,7510,TRANS NATIONAL LEASING INC
99141,4700,TRANS UNION CORP
99189,6311,TRANSAMERICA CORP
99197,6726,TRANSAMERICA INCOME SHARES
99231,4922,TRANSCO ENERGY CO
99240,6552,TRANSCON BUILDERS INC
99275,3679,TRANSDUCER SYSTEMS INC
99285,3841,TRANSIDYNE GENERAL CORP
99286,1044,SILVER ASSETS INC
99296,3678,TRANSITRON ELECTRONIC CORP
99302,8734,TRANSCAT INC
99313,5045,TRANSNET CORP
99316,1311,TRANSOCEAN OIL INC
99321,6035,TRANSCAPITAL FINANCIAL CORP
99343,7389,TRANSPORT POOL CORP
99359,3537,BREEZE-EASTERN CORP
99369,3714,TRANSWAY INTERNATIONAL CORP
99379,4922,TRANSWESTERN PIPELINE CO
99419,3716,TRAVEL EQUIPMENT CORP
99429,6331,TRAVELERS CORP
99461,7011,TRAVELODGE INTERNATIONAL INC
99487,3728,TRE CORP
99535,2890,TREMCO INC
99614,6726,TRI-CONTINENTAL CORP
99693,2510,TRIANGLE HOME PRODUCTS INC
99703,8700,AUDITS & SURVEYS WORLDWIDE
99724,3714,TRICO PRODUCTS CORP
99780,3743,TRINITY INDUSTRIES
99802,3564,TRION INC
99808,7389,TRIPLE CHECK INC
99889,2030,TROPICANA PRODUCTS INC
99892,2300,TROPIX TOGS INC
99974,2430,TJ INTERNATIONAL INC
99978,6020,TRUST CO OF GEORGIA
99982,6020,TRUST CO NJ JERSEY CITY
100030,3714,TRW INC
100084,3312,TUBOS DE ACERO DE MEXICO
100102,1381,TUCKER DRILLING CO INC
100139,3559,TUFTCO CORP
100166,2253,TULTEX CORP
100205,3560,TURBODYNE CORP
100217,7948,TURF PARADISE INC
100240,4833,TURNER BROADCASTING  -CL B
100307,6020,MARK TWAIN BANCSHARES
100320,6399,CONSUMERS FINANCIAL CORP
100331,6331,21ST CENTURY INS GROUP
100348,2721,NATIONAL LAMPOON INC  -OLD
100378,3560,TWIN DISC INC
100381,6512,TWIN FAIR INC
100465,7374,TYMSHARE INC
100482,3590,TYRONE HYDRAULICS INC
100493,2011,TYSON FOODS INC  -CL A
100511,100,UI GROUP INC
100517,4512,UNITED AIRLINES HOLDINGS INC
100536,3448,UDS INC
100591,8711,ARGAN INC
100619,3621,UMC ELECTRONICS CO
100620,3580,UNIDYNAMICS CORP
100709,3350,UBZ CORP
100712,1389,PRODUCTION OPERATORS CORP
100716,6331,UNICO AMERICAN CORP
100726,2200,UNIFI INC
100740,2673,UNIFLEX INC
100742,3730,UNIFLITE INC
100757,3640,UNIMAX CORP
100759,2834,UNIMED PHARMACEUTICALS INC
100760,3530,UNIMET CORP
100769,6020,UNION BANCORP INC
100783,2631,UNION CAMP CORP
100790,2860,UNION CARBIDE CORP
100812,6020,UNION COMMERCE CORP
100817,7320,UNION CORP
100885,4011,UNION PACIFIC CORP
100893,6020,UNION PLANTERS CORP
100968,3011,UNIROYAL INC
100978,7200,UNISERVICE CORP
101006,3724,UNITED AIRCRAFT PRODUCTS INC
101024,1400,UNITED ASBESTOS INC
101039,6020,NORSTAR BANCORP INC
101063,100,CHIQUITA BRANDS INTL INC
101074,4841,UNITED CABLE TELEVISION
101090,6020,UNITED CAROLINA BANCSHARES
101105,4924,UNITED CITIES GAS CO
101199,6331,UNITED FIRE GROUP INC
101262,6311,UNITED HOME LIFE INS CO
101271,3690,UNITED INDUSTRIAL CORP
101281,7011,UNITED INNS INC
101295,2834,UNITED-GUARDIAN INC
101320,6020,SUMMIT BANCORP
101357,3960,UNITED MERCHANTS &MFRS
101382,6020,UMB FINANCIAL CORP
101424,6552,UNITED PARK CITY MINES
101435,2250,UNITED PIECE DYE WORKS
101538,3330,U S ANTIMONY CORP
101542,6020,U S BANCORP-OLD
101543,6798,PACIFIC REALTY TRUST
101594,1311,U S ENERGY CORP/WY
101640,1531,U S HOME CORP
101725,1311,U S OIL CO
101771,5621,U S SHOE CORP
101778,1311,MARATHON OIL CORP
101785,100,U S SUGAR CORP
101788,3841,U S SURGICAL CORP
101821,200,CANAL CAPITAL CORP
101829,3724,RAYTHEON TECHNOLOGIES CORP
101830,4812,SPRINT CORP
101844,6020,NATIONAL COMMERCE FINANCIAL
101880,6020,CRESTAR FINANCIAL CORP
101902,3843,UNITEK CORP
101909,2300,UNITOG CO
101911,3674,UNITRODE CORP
101929,5160,UNIVAR CORP
101959,5190,UNIVERSAL CIGAR CORP
101967,3412,UNIVERSAL CONTAINER CORP
101984,3651,UNIVERSAL ELECTRONICS INC
101990,3533,UNIFAB INTERNATIONAL INC
102021,3559,UNIVERSAL INSTRUMENTS CORP
102037,5150,UNIVERSAL CORP/VA
102049,5010,UNIVERSAL MANUFACTURING CO
102054,5084,UNIVERSAL METALS & MACHY INC
102109,3669,UNIVERSAL SECURITY INSTRUMNT
102115,1520,UNISHELTER INC
102125,4813,UNIVERSAL TELEPHONE INC
102138,3825,THERMO VOLTEK CORP
102163,2790,UNIVERSITY GRAPHICS INC
102198,3841,CALMARE THERAPEUTICS INC
102212,6020,UNIVEST FINANCIAL CORP
102229,3350,UOP INC
102373,6500,URIS BUILDINGS CORP
102379,8711,URS CORP
102420,6311,USLIFE CORP
102426,6726,BOULDER GROWTH & INC FUND
102432,3559,USM CORP
102438,6798,USP REAL ESTATE INVT TRUST
102475,1000,UTAH INTERNATIONAL INC
102491,4911,UTAH POWER & LIGHT
102499,4953,GEOWASTE INC
102552,3812,UTL CORP
102588,6512,SONOMA WEST HOLDINGS INC
102600,7011,NORTHVIEW CORP
102661,6020,VALLEY BANCORPORATION/WI
102680,3640,VALLEY FORGE CORP
102695,3317,VALLEY INDUSTRIES
102701,3537,TRANSACT INTL INC
102710,4924,VALLEY RESOURCES INC
102724,3845,VALLEYLAB INC
102727,2015,VALMAC INDUSTRIES INC
102729,3440,VALMONT INDUSTRIES INC
102741,2851,VALSPAR CORP
102743,3350,VALTEC CORP
102744,3490,VALTEK INC
102752,4581,VSE CORP
102754,6726,STERLING CAPITAL CORP
102854,1040,VANDERBILT GOLD CORP
102883,3411,VAN DORN CO
102961,6531,VAN SCHAACK & CO
102983,3634,ROBESON INDUSTRIES CORP
102986,3743,VAPOR CORP
102987,3559,VAPORTECH CORP
102993,3533,VARCO INTERNATIONAL-OLD
103000,8051,VARI-CARE INC
103071,3743,VARLEN CORP
103080,3827,VARO INC
103096,8711,TRC COS INC
103121,3990,VCA CORP
103124,5080,VAN DUSEN AIR INC
103145,3559,VEECO INSTRUMENTS INC
103148,3824,VEEDER INDUSTRIES INC
103168,3555,VELOBIND INC
103193,3585,VENDO CO
103204,2300,VENICE INDUSTRIES INC
103216,2890,VENTRON CORP
103274,1531,VERIT INDUSTRIES
103317,7990,GREAT AMER RECREATION
103341,2221,QUAKER FABRIC CORP
103351,3790,VESELY CO
103361,6726,VESTAUR SECURITIES FUND
103364,3533,VETCO INC
103379,2300,VF CORP
103392,3089,CONTINENTAL CAN/DE
103435,3578,VICTOR COMPTOMETER CORP
103466,6020,VICTORIA BANKSHARES INC
103475,5812,VICTORIA STATION
103575,2511,SUNSTATES CORP/DE
103595,5411,VILLAGE SUPER MARKET  -CL A
103596,2300,VILLAGER INDUSTRIES INC
103620,2452,VINDALE CORP
103634,2451,VINTAGE ENTERPRISES INC
103657,3651,VOICE IT WORLDWIDE INC
103671,2810,VIRGINIA CHEMICALS INC
103682,4911,VIRGINIA ELECTRIC & POWER CO
103694,1311,VIRGINIA INTERNATIONAL CO
103730,3670,VISHAY INTERTECHNOLOGY INC
103755,2590,VISUAL INDUSTRIES INC
103758,3861,VGC CORP  -CL B
103761,3661,VISUAL SCIENCES INC
103777,3670,VITRAMON INC
103796,3690,VLN CORP
103803,3944,VOGART CRAFTS CORP
103822,3620,VOGUE INSTRUMENT CORP
103872,7363,VOLT INFO SCIENCES INC
103879,5661,VOLUME SHOE CORP
103916,3714,VOPLEX CORP
103944,3728,LTV AEROSPACE & DEFENSE CO
103958,8711,VTN CORP
103960,5040,VTR INC
103966,3320,VULCAN INC
103999,3621,WABASH INC
104030,7381,WACKENHUT CORP  -SER A
104040,2340,WACOAL HOLDINGS CORP
104060,3089,WEDCO TECHNOLOGY INC
104067,2731,WADSWORTH PUBLISHING CO INC
104169,5331,WALMART INC
104174,3714,WALBRO CORP
104184,5411,WALDBAUM INC  -CL A
104218,3140,WALKER (B.B.) CO
104224,6411,WALKER FINANCIAL CORP
104260,5311,WALKER SCOTT CORP
104348,2761,WALLACE COMPUTER SVCS INC
104401,5047,MEDICAL SOLUTIONS MGMT
104410,2300,SAMARNAN INVESTMENT CORP
104464,6798,UNICORP REALTY INVESTORS INC
104507,3430,WALWORTH CO
104519,7372,WANG LABS INC
104525,3572,WANGCO INC
104599,5731,CIRCUIT CITY STORES INC
104635,3541,WARNER & SWASEY CO
104647,3270,WARNER CO
104650,3652,WARNER COMMUNICATIONS INC
104669,2834,WARNER-LAMBERT CO
104771,3931,THOMAS INTERNATIONAL CORP
104777,4813,ALTEVA INC
104834,1531,WASHINGTON HOMES INC
104867,6311,WASHINGTON NATIONAL CORP
104889,8200,GRAHAM HOLDINGS CO
104894,6798,WASHINGTON REIT
104897,3560,WSI INDUSTRIES INC
104906,3310,WASHINGTON STEEL CORP
104918,4931,AVISTA CORP
104923,3911,WASKO GOLD PRODUCTS CORP
104938,4953,WASTE MANAGEMENT INC-OLD
104987,3690,ZAREBA SYSTEMS INC
105006,3663,WJ COMMUNICATIONS INC
105016,5070,WATSCO INC
105076,2621,WAUSAU PAPER CORP
105085,2731,WAVERLY INC
105096,5070,WAXMAN INDUSTRIES
105107,2253,SIGNAL APPAREL CO
105131,5090,ADAMS INTL METALS CORP
105132,2890,WD-40 CO
105161,3714,WEATHERHEAD CO
105183,3555,WEB PRESS CORP
105186,2750,WEBB CO
105189,1531,WEBB (DEL E) CORP
105198,1311,WEBB RESOURCES INC
105310,3444,WEHR CORP
105318,3590,WEIGH-TRONIX INC
105319,7200,WW INTERNATIONAL INC
105336,5040,WEIMAN CO INC
105418,5411,WEIS MARKETS INC
105436,5944,WEISFIELDS INC
105511,3317,WELDED TUBE OF AMERICA
105519,3560,WELDOTRON CORP
105532,3140,WELLCO ENTERPRISES
105567,2511,WELLINGTON HALL LTD
105598,6020,WELLS FARGO & CO -OLD
105608,5090,AG&E HOLDINGS INC
105614,7389,WELLS MANAGEMENT CORP
105634,1731,EMCOR GROUP INC
105668,5812,WENDY'S INTERNATIONAL INC
105707,4210,WERNER CONTINENTAL INC
105729,7359,WESCO FINANCIAL CORP
105744,6512,NEW CONCEPT ENERGY INC
105768,2842,WEST CHEMICAL PRODUCTS INC
105770,3060,WEST PHARMACEUTICAL SVSC INC
105846,2211,WEST POINT-PEPPERELL
105900,1311,WESTATES PETROLEUM CO
105911,2300,WESTBURY FASHIONS INC
105936,4923,WESTCOAST ENERGY INC
105956,4512,WESTERN AIR LINES INC
105981,5531,WESTERN AUTO SUPPLY CO
105982,6020,FIRST INTERSTATE BNCP
105990,5411,WESTERN BEEF INC
106015,1389,WESTERN CO OF NO AMER
106036,1040,WESTERN DEEP LEVELS LTD
106040,3572,WESTERN DIGITAL CORP
106092,3812,WESTERN GEAR CORP
106106,1311,AMTECH RESOURCES INC
106135,6798,WESTERN PROPERTIES TRUST
106168,4011,WESTERN MARYLAND RAILWAY CO
106176,3679,WESTERN MICROWAVE INC
106191,6798,WMI EQUITY INVESTORS
106212,1090,WESTERN NUCLEAR INC
106226,2451,WESTERN ORBIS CO
106230,3451,WESTERN PACIFIC INDUSTRIES
106241,1311,WESTERN PETROLEUM CORP
106374,6512,NEW VALLEY CORP
106413,4833,CBS CORP -OLD
106446,3140,WESTMINSTER CORP
106455,1220,WESTMORELAND COAL CO
106473,4955,WESTON (ROY F)  -SER A
106521,5141,WETTERAU INC
106532,5130,WEYCO GROUP INC
106535,2400,WEYERHAEUSER CO
106583,3559,WHEELABRATOR CORP
106618,3420,HANDY & HARMAN LTD
106640,3630,WHIRLPOOL CORP
106650,3690,MURPHY INDUSTRIES INC
106690,3630,WHITE CONSOLIDATED INDS INC
106695,5912,WHITE CROSS STORES INC
106752,5093,ENVIROSOURCE INC
106790,2750,BASIX CORP
106827,3721,WHITEHALL CORP
106880,3530,WHITING CORP
106889,5531,WHITLOCK CORP
106926,6020,WHITNEY HOLDING CORP
106945,3490,WHITTAKER CORP
106998,2273,COLLINS & AIKMAN GROUP INC
107022,5311,WIEBOLDT STORES INC
107140,2721,WILEY (JOHN) & SONS  -CL A
107189,2621,WILLAMETTE INDUSTRIES
107203,5063,REXEL INC
107227,2670,WILLIAMHOUSE REGENCY INC
107263,4922,WILLIAMS COS INC
107294,3440,WILLIAMS INDUSTRIES INC
107362,5084,WILLIAMS (W.W.) CO
107454,6513,WILSHIRE ENTERPRISES INC
107460,2011,WILSON FOODS CORP
107469,3231,WILSON BROTHERS USA INC
107472,2011,WILSON CERTIFIED FOODS INC
107482,4213,WILSON FREIGHT CO
107545,3949,WILSON SPORTING GOODS CO
107559,4822,E-SYNC NETWORKS INC
107665,5621,WINKELMAN STORES INC
107681,5411,WINN-DIXIE STORES INC
107687,3790,WINNEBAGO INDUSTRIES
107730,2200,WINSTON MILLS INC
107732,7311,WINSTON NETWORK INC
107748,5621,WINJAK INC  -CL A
107752,4813,WINTER PARK TELEPHONE CO
107835,6798,WISCONSIN REAL ESTATE INVT
107841,4924,WISCONSIN SOUTHERN GAS CO
107874,1311,WISER OIL CO
107889,2860,WITCO CORP
107961,3714,WIX CORP
108018,9995,WOLF (HOWARD B) INC
108079,5211,WOLOHAN LUMBER CO
108140,2540,VESPER CORP
108163,3555,WOOD INDUSTRIES INC
108215,3679,WOODHEAD INDUSTRIES INC
108276,1311,WOODS PETROLEUM CORP
108301,3949,WOODSTREAM CORP
108312,3720,WOODWARD INC
108371,7200,WORK WEAR CORP
108385,6141,WORLD ACCEPTANCE CORP/DE
108510,2890,WORTHINGTON BIOCHEMICAL CORP
108516,3390,WORTHINGTON INDUSTRIES
108565,6799,WRIGHT HARGREAVES MINES LTD
108601,2060,WRIGLEY (WM) JR CO
108606,1531,WRITER CORP
108629,4813,WUI INC
108633,6552,WULF INTERNATIONAL LTD.
108637,3949,WURLTECH INDUSTRIES INC
108679,3585,WYLAIN INC
108683,5065,WYLE ELECTRONICS
108703,3460,WYMAN-GORDON CO
108721,3050,WYNN'S INTERNATIONAL INC
108725,6020,FIRST WYOMING BANCORP
108755,2200,WYOMISSING CORP
108791,3490,XOMOX CORP
108865,3690,YARDNEY CORP
108880,3490,YATES INDUSTRIES INC
108949,3663,NUKO INFORMATION SYSTEMS INC
108976,4991,YORK RESEARCH CORP
108985,4941,YORK WATER CO
109086,3743,YOUNGSTOWN STEEL DOOR CO
109088,3460,YOUNGWOOD ELECTR METALS INC
109089,5311,YOUNKER BROTHERS INC
109110,1040,YUBA WESTGOLD INC
109156,5944,ZALE CORP
109177,3634,SPECTRUM BRND HLDG INC
109198,5651,TJX COS INC (THE)
109259,2834,ZENITH LABORATORIES
109261,6331,ZENITH NATIONAL INSURANCE CP
109265,3651,ZENITH ELECTRONICS CORP
109284,3460,ZERO CORP/DE
109312,6211,ZIEGLER COS INC
109336,3716,ZIMMER CORP
109380,6020,ZIONS BANCORPORATION NA
109410,1311,PREMIER RESOURCES LTD-CO
109413,2731,ZONDERVAN CORP
109446,3430,ZURN INDUSTRIES INC
109471,3812,AEROSONIC CORP
109478,3089,WOLVERINE TECHNOLOGIES INC
109520,7373,BALTIMORE TECHNOLOGIES PLC
109543,6211,AMERICAN FIRST CORP
109553,1600,BFC CONSTRUCTION CORP
109563,5080,APPLIED INDUSTRIAL TECH INC
109657,2834,GT BIOPHARMA INC
109706,6799,CITY INVESTING CO
109747,6311,SOUTHERN SECURITY LIFE INS
109757,1040,COMMERCE GROUP CORP
109758,8700,ARBITRON INC
109778,6726,INDEPENDENCE SQUARE INCOME
109821,3523,KUBOTA CORP
109831,3842,INAMED CORP
109834,6020,FIRST FLORIDA BANKS INC
109857,7510,GELCO CORP
109870,2820,GLASSMASTER CO
109885,6799,LYDENBURG PLATINUM
110019,4922,NORTHWEST PIPELINE CORP
110027,9995,LEAP TECHNOLOGY INC
110074,6411,SYSTEMED INC/DE
110306,1040,FREE STATE CONSOL GOLD MINES
110377,2820,THIOKOL CORP
110397,6020,WESTMOR CORP
110430,2911,FRONTIER OIL CORP
110471,3140,WOLVERINE WORLD WIDE
110536,8734,NATIONAL TECHNICAL SYS INC
110619,6311,UNIVERSAL GTY INVT CO
110621,2890,RPM INTERNATIONAL INC
110624,3711,MACK TRUCKS INC
110626,3630,MAGIC CHEF INC
110640,3674,INTECH INC
110740,3433,WANDERPORT CORP
110777,2430,TEXTONE INC
110985,7830,CRAIG CORP
111001,1311,DEKALB ENERGY CO  -CL B
200027,3613,ANDERSON ELECTRIC CORP
200138,6020,CHITTENDEN CORP
200245,6211,CITIGROUP GLOBAL MKTS HLDGS
200406,2834,JOHNSON & JOHNSON
200521,8051,MONTEREY LIFE SYSTEMS INC
200533,3290,MOYCO TECHNOLOGIES INC
200603,7370,PROGRAMMED TAX SYSTEMS INC
200754,6020,SUMMIT BANCORPORATION
201131,3812,ARGOSYSTEMS INC
201226,6799,CAMELOT INTERNATIONAL INC
201283,1311,TALISMAN ENERGY INC
201374,3490,CAPTECH INC
201401,6411,CELINA FINANCIAL CORP
201424,5812,CHEFS INTERNATIONAL INC
201461,6020,CITY NATIONAL CORP
201493,3050,COLTEC INDUSTRIES
201502,3571,COMMODORE INTL LTD
201511,7374,COMPUTER RESEARCH INC
201513,7372,COMSHARE INC
201533,4931,CONSUMERS ENERGY CO
201575,2086,COTT CORP
201597,3651,CURTIS MATHES CORP
201617,7374,DATA RESOURCES INC
201649,1531,DEVELOPMENT CORP OF AMERICA
201653,8090,DIALYSIS CORP OF AMERICA
201739,2821,ELECTROCHEMICAL IND (1952)
201932,2300,GATEWAY INDUSTRIES INC
201944,8742,GRC INTL INC
201998,6311,GOVERNMENT EMPLOYEES LIFE
202058,3812,L3HARRIS TECHNOLOGIES INC
202091,2050,HELME PRODUCTS INC
202196,4899,CEZAR INDUSTRIES LTD
202304,3990,KIDDE INC
202356,3585,KYSOR INDUSTRIAL CORP
202375,5094,LAZARE KAPLAN INTERNATIONAL
202388,3713,LEISURE TIME PRODUCTS INC
202467,3540,MAKITA CORP
202578,3452,MICRODOT INC
202588,3060,MIDWEST RUBBER RECLAIMING CO
202646,3312,CYCLOPS INDUSTRIES INC
202685,2721,MONARCH SERVICES INC
202763,5122,SYNCOR INTL CORP/DE
202882,5099,PICKWICK INTERNATIONAL INC
202947,6519,CAPITAL PROPERTIES INC
202995,2750,REPUBLIC CORP
203009,6311,RICHMOND CORP
203052,3714,ROYAL INDUSTRIES INC
203077,3845,ST JUDE MEDICAL INC
203093,3825,SANGAMO ELECTRIC CO
203140,3579,SCRIPTOMATIC INC
203200,3652,METATEC INC
203248,4924,SOUTHERN UNION CO
203285,3845,STAODYN INC
203383,3670,TDK CORP
203527,3845,VARIAN MEDICAL SYSTEMS INC
203530,2835,VENTREX LABORATORIES INC
203596,6020,WESBANCO INC
205015,3716,AMERICAN CLIPPER CORP
205024,3845,AMERICAN PACEMAKER CORP
205129,2820,CARBOLINE CO
205184,1311,COLUMBINE EXPLORATION CORP
205219,7370,BRC HOLDINGS INC
205239,5961,CATTLESALE CO
205303,3823,ENGINEERING MEASUREMENTS CO
205359,6020,FLORIDA NATL BANKS OF FLA
205493,2844,JHIRMACK ENTERPRISES INC
205520,2711,KNIGHT-RIDDER INC
205545,6726,SALOMON BROTHERS FUND INC
205610,1520,MCKEE CORP
205638,1311,MIDWEST EXPLORATION INC
205700,2761,NEW ENGLAND BUSINESS SVC INC
205778,3564,PHILIPS INDUSTRIES INC
205821,3320,REM METALS CORP
205863,7384,SCHOOL PICTURES INC
205921,1311,STANDARD ENERGY CORP
205949,1311,SURVEYOR INDUSTRIES INC
206030,3640,AXSYS TECHNOLOGIES INC
215005,5812,ACAPULCO RESTAURANTS
215038,2834,ALLERGAN PHARMACEUTICALS INC
215073,3841,AMERICAN HOSPITAL SUPPLY
215101,3826,AMICON CORP
215155,3576,ASTROCOM CORP
215219,7370,VOYAGER LEARNING CO
215244,1311,HYDROGEN ENERGY CORP
215279,7948,BRANDYWINE SPORTS INC
215310,3470,BMC INDUSTRIES INC
215375,4923,CAROLINA ENERGIES INC
215403,6321,CERES GROUP INC
215408,7389,CENTURY 21 REAL ESTATE CORP
215419,3669,CHECKPOINT SYSTEMS INC
215420,3443,CHEMI-TROL CHEMICAL CO
215425,4213,CHEMICAL LEAMAN CORP
215429,6799,INTL CAP & TECHNOLOGY CORP
215434,7822,CINEMA 5 LTD
215466,1040,COEUR MINING INC
215619,6020,DAUPHIN DEPOSIT CORP
215639,6799,DVL INC
215663,6141,DIAL CORP
215797,1311,FALCON OIL & GAS INC
215913,1040,FRANKLIN MINING INC
216039,6531,GRUBB & ELLIS CO
216040,3873,GRUEN INDUSTRIES INC
216051,6311,GULF UNITED CORP
216085,5712,HAVERTY FURNITURE
216184,2835,INCSTAR CORP
216205,3579,INFORMATION INTERNATIONAL
216219,3845,INTERMEDICS INC
216228,3561,ITT INC
216275,3531,JLG INDUSTRIES INC
216324,7819,IMAGE ENTERTAINMENT INC
216329,3443,KEYSTONE INDUSTRIES INC
216414,2761,LEWIS BUSINESS PRODUCTS INC
216430,3089,LIQUI-BOX CORP
216460,5311,MAMMOTH MART INC
216539,4833,MEDIA GENERAL INC
216540,7372,MEDICAL DYNAMICS INC
216607,1311,TITAN ENERGY CORP
216687,1700,NATIONAL OLYMPIC SOLAR CORP
216729,6020,TODAY'S BANCORP INC
216738,1311,NP ENERGY CORP
216748,1311,OAKRIDGE ENERGY INC
216810,1311,REGENT ENERGY CORP
216830,1400,PEBBLE BEACH CORP
216851,6726,ADAMS NATURAL RESOURCES FUND
216859,3825,PHILLIPS CONTROL CORP
216870,6020,MAINSTREET FINANCIAL CP-OLD
216875,4922,PIONEER CORP-TEXAS
216949,3663,RADIATION SYSTEMS INC
216983,3567,RESEARCH INC
216986,3944,REVELL INC
216991,1311,SAGE ENERGY CO
217028,2834,RHONE-POULENC RORER
217058,5010,S & M CO
217084,3634,APPLICA INC
217144,3949,SHAKESPEARE CO
217165,8071,MRI MEDICAL DIAGNOSTICS INC
217199,3433,SOLAR DEVELOPMENT INC
217220,1311,SOUTHLAND ENERGY CORP
217222,3559,SCANNER TECHNOLOGIES CORP
217338,3669,TESDATA SYSTEMS CORP
217346,3721,TEXTRON INC
217365,5961,TELLUS INDUSTRIES INC
217370,7819,TPC COMMUNICATIONS INC
217410,2840,UNILEVER PLC
217460,3690,VIKING INDUSTRIES INC
217586,7372,UCCEL CORP
217591,7359,XTRA CORP
225014,3440,ALL AMERICAN INDUSTRIES INC
225049,7373,APPLICON INC
225051,5411,ARDEN GROUP INC  -CL A
225067,3634,AZTECH INTERNATIONAL LTD
225184,3420,COLE CONSUMER PRODUCTS INC
225211,7372,TOUCHPOINT GROUP HOLDINGS
225255,5080,AMERICAN RESOURCES GROUP INC
225261,2511,DMI FURNITURE INC
225263,3690,NEWPORT CORP
225278,2452,DYNAMIC HOMES INC
225300,6311,EQUITABLE OF IOWA COS
225360,9995,FLAME INDUSTRIES INC
225446,1381,HLH PETROLEUM CORP
225457,7385,HORIZON TECHNOLOGY INC
225463,5090,HUFFY CORP
225491,4924,INTERMOUNTAIN GAS INDUSTRIES
225569,6162,AMRESCO INC
225595,3714,MAREMONT CORP
225628,7372,PASSUR AEROSPACE INC
225648,4950,COVANTA HOLDING CORP
225662,2531,LIBRARY BUREAU INC
225684,3572,NEW WORLD COMPUTER CO INC
225747,3531,PENGO INDUSTRIES INC
225852,3140,SHEPMYERS INVESTMENT CO
225868,3823,ACUITY CIMATRIX INC
225926,9995,BLUESTAR HEALTH INC
225939,4512,TIGER INTERNATIONAL
225998,4924,WASHINGTON ENERGY CO
226013,6798,WELLS FARGO MTG & EQUITY TR
230036,4812,ASSOCIATED COMMUN  -CL A
230046,6199,PHLCORP
230131,3661,COMDIAL CORP
230169,3571,DENELCOR INC
230336,4941,LAGUNA HILLS UTILITY CO
230379,3350,MEGA CORP
230392,5500,MORAGA CORP
230463,1311,POGO PRODUCING CO
230489,5712,RES INVESTMENT CORP
230501,1531,RCC INC
230557,6331,SELECTIVE INS GROUP INC
230578,3433,SUNTEC SYSTEMS INC
230602,2400,TRIANGLE PACIFIC CORP
230626,7011,UNITED WESTERN CORP
275053,2834,NATURES SUNSHINE PRODS INC
275109,6020,INTERFIRST CORP
275119,6020,BAYLAKE CORP
275125,1040,BELMORAL MINES LTD
275148,5010,BRENNER COMPANIES INC
275177,4813,CAROLINA TELEPHONE & TELEG
275184,4922,CELERON CORP
275316,2840,DIVERSEY CORP
275380,6020,FIRST COLONIAL BANKSHARES CP
275501,3320,HAYES-ALBION CORP
275522,8050,HILLHAVEN INC
275605,4841,COMCAST JOIN HOLDINGS
275694,6726,BARINGS CORPORATE INVESTORS
275710,6331,MCM CORP
275771,9995,MTH INC
275837,1311,TOTAL ENERGOLD CORP
275858,3663,OPTELECOM-NKF INC
275862,3634,OSROW PRODUCTS CORP
275866,2891,PACER TECHNOLOGY
275870,3845,PAIN CONTROL CENTERS INC
275880,7370,PARSONS CORP
275925,3571,RANDAL DATA SYSTEMS INC
275985,5812,SEA GALLEY STORES INC
276073,3444,THERMATRON INC
276077,6792,TIDELANDS ROYALTY TRUST B
276104,3724,UNC INC
276189,1531,FAIRFIELD COMMUNITIES INC
276206,5600,VALOR INVESTMENT FUND INC
276209,4941,CONNECTICUT WATER SVC INC
276235,6020,CENTRAL FIDELITY BANKS INC
276259,3690,ENCORE GROUP INC
276283,3679,EVANS & SUTHERLAND CMP CORP
276297,3572,INTERSCIENCE SYSTEMS INC
276298,1040,AMERICAN INDUSTRIES LTD
276310,7990,CAESARS NEW JERSEY INC
276327,4923,MIDCOAST ENERGY RES INC
276331,3350,STARMET CORP
276341,5065,WALKER TELECOMMUNICATIONS CP
276367,3829,KRATOS INC
276380,6331,SEIBELS BRUCE GROUP INC
276400,6331,BANCINSURANCE CORP
276437,3420,RULE INDUSTRIES INC
276448,2890,OIL BASE INC
276477,8051,HILLHAVEN CORP/NV
276558,3571,FLOATING POINT SYSTEMS INC
276641,5961,SPIEGEL INC  -CL A
276720,6552,PURE CYCLE CORP
276747,3678,ROBINSON NUGENT INC
276750,9995,AMBER RESOURCES CO OF COLO
276780,5211,COLOR TILE INC
276886,8082,LIFETIME CORP
276889,3312,QUANEX CORP
276894,5040,SAVIN CORP
276934,700,CHEMLAWN CORP
276979,3842,LIFE CHEMISTRY INC
277014,7359,PETROLEUM EQUIPMENT TOOLS CO
277024,2840,PUREX INDUSTRIES INC
277025,2721,ANDREWS GROUP INC
277028,6162,HOMEGOLD FINANCIAL INC
277057,5399,LURIA (L.) & SON INC
277058,7990,NEVADA GOLD & CASINOS INC
277135,5000,GRAINGER (W W) INC
277158,4924,SEMCO ENERGY INC
277161,3674,AVANTEK INC
277317,3577,RAMTEK CORP
277331,1000,O'OKIEP COPPER CO  -ADR
277356,7370,RIVERSIDE GROUP INC
277375,4923,DELTA NATURAL GAS CO INC
277376,3089,CALNETICS CORP
277377,6799,TEECO PROPERTIES  -LP
277437,3460,GRM INDUSTRIES INC
277509,3711,FEDERAL SIGNAL CORP
277577,6798,NATIONAL INCOME REALTY TR
277592,5990,AMERICAN VISION CENTERS INC
277595,4924,ENERGEN CORP
277795,6331,GEICO CORP
277809,9995,COMPARATOR SYSTEMS CP
277817,5050,RIO VERDE ENERGY CORP
277821,8200,NATIONAL EDUCATION CORP
277873,1311,OIL INTERNATIONAL LTD
277878,4210,WOODS INVESTMENT CO
277923,5812,PICCADILLY CAFETERIAS INC
277924,1311,CREDO PETROLEUM CORP
277928,3669,TII NETWORK TECHNOLOGIES INC
277948,4011,CSX CORP
277952,1311,OIL CITY PETROLEUM INC
278041,4400,INTL SHIPHOLDING CORP
278048,7373,AUTO-TROL TECHNOLOGY CORP
278051,1000,DAVID MINERALS LTD
278130,5700,PIER 1 IMPORTS INC/DE
278165,7370,OMNIQ CORP
278166,2452,CAVCO INDUSTRIES INC
278203,3572,VERBATIM CORP
278243,7011,LA QUINTA INNS INC
278311,4833,ATLANTIC TELECASTING CORP
278314,3451,ATHANOR GROUP INC
278327,4512,TRANS WORLD AIRLINES
278352,3577,SYMBOL TECHNOLOGIES
310028,6552,HALLCRAFT HOMES INC
310056,3669,VICON INDUSTRIES INC
310103,4924,CONNECTICUT ENERGY CORP
310104,3089,POLY CO OF AMERICA INC
310142,2860,SENSIENT TECHNOLOGIES CORP
310158,2834,MERCK & CO
310170,4911,IOWA RESOURCES INC
310183,4011,MISSOURI PACIFIC RR
310235,3567,RADIANT TECHNOLOGY CORP
310252,3821,GELMAN SCIENCES INC
310285,5090,COASTLAND CORP OF FLORIDA
310311,3950,MAGIC MARKER INDUSTRIES INC
310316,1311,CANARGO ENERGY CORP
310342,3559,FILMTEC CORP
310354,3670,STANDEX INTERNATIONAL CORP
310357,6020,SUMITOMO BANK OF CALIFORNIA
310377,7373,HBO & CO
310381,7373,SCI PRO INC
310413,5411,GROVE FOODS INC
310431,2810,CBI INDUSTRIES INC
310433,4813,COMMONWLTH TELE ENTER
310438,7373,SUMMA MEDICAL CORP
310449,6794,GAME A TRON CORP
310450,3845,NOVAMETRIX MEDICAL SYSTEMS
310454,4512,AIR MIDWEST INC
310486,1389,TELECO OILFIELD SERVICES INC
310522,6111,FEDERAL NATIONAL MORTGA ASSN
310537,8700,SOLAR METRICS INC
310539,1311,GREAT AMERICAN RESOURCES INC
310568,3674,MICROSEMI CORP
310569,2082,ANHEUSER-BUSCH COS INC
310584,5160,CORDYNE CORP
310585,7320,INTER-CONTINENTAL SVCS CORP
310587,6792,UNITED WESTERN ENERGY CORP
310621,6799,INDIANA FINANCIAL INVESTORS
310700,1311,PETX PETROLEUM CORP
310764,3841,STRYKER CORP
310767,1311,CENTURA ENERGY CORP
310793,5130,REDLAW INDUSTRIES INC
310801,1531,OXIDYNE GROUP INC
310876,8711,ANALYSIS & TECHNOLOGY INC
310918,1311,HANOVER PETROLEUM CORP
310979,6020,FIRST BANKS AMER INC
310987,1600,GREAT LAKES INTL INC
310989,6798,INTL INCOME PROPERTY INC
311037,1311,JAYTEX OIL & GAS CO
311046,5047,OPTICARE HEALTH SYSTEMS INC
311048,4812,PAGE AMERICA GROUP
311049,7990,ELSINORE CORP
311094,6020,WESTAMERICA BANCORPORATION
311099,6798,IRT PROPERTY CO
311100,6020,JEFFERSON BANKSHARES
311172,7389,CARNEGIE INTL CORP
311179,2834,THERATECH INC UTAH
311196,4922,NORTHWEST ENERGY
311259,4924,EASTERN ENTERPRISES
311268,7331,WORD TRONICS CORP
311337,2911,SUNCOR ENERGY INC
311342,1311,AMBRA OIL & GAS CO
311359,7990,BALLY'S PARK PLACE INC
311369,1381,NICKLOS OIL & GAS CO
311407,3841,MICRO THERAPEUTICS INC
311457,6795,NUPEC RESOURCES INC
311471,1311,APCO OIL AND GAS INTL INC
311505,3577,PRINTRONIX INC
311657,6399,PREPAID LEGAL SERVICES INC
311817,6798,HMG COURTLAND PROPERTIES
311848,2890,XRG INTERNATIONAL INC
311853,3577,SANTEC CORP
311871,2611,POPE & TALBOT INC
311882,3674,APPLIED SOLAR ENERGY CORP
311926,1381,PRAIRIE STATES EXPLORATION
311975,3724,WALBAR INC
311995,1311,MITCHELL ENERGY & DEV CORP
312024,5961,FIRST COINVESTORS INC
312030,3679,REDM INDUSTRIES INC
312033,3433,SOLAR TECHNOLOGY CORP
312035,1311,UNITED PETROSEARCH INC
312037,1311,VENUS EXPLORATION INC
312050,1311,RAN ENERGY INC
312065,7900,FLORIDA GAMING CORP
312066,3822,RELIABLE POWER SYSTEMS INC
312069,6020,BARCLAYS PLC
312160,2452,ROYAL BUSINESS GROUP INC
312237,3743,RICHMOND TANK CAR CO
312242,3827,LASER PRECISION CORP
312258,4412,SINO SHIPPING HOLDINGS INC
312263,4922,HOWELL PETROLEUM CORP
312297,3661,CUSHMAN ELECTRONICS INC
312304,1311,LEWIS ENERGY CORP
312340,1311,SABA PETROLEUM CO
312367,6020,FIRST SECURITY CORP/DE
312478,3532,TROUND INTERNATIONAL INC
312540,9995,SUNLITE INC
312581,7311,ON LINE MEDIA INC
312583,6795,ROCKY MOUNTAIN MINERALS INC
312651,5122,DOCPLANET.COM INC
312653,1040,ORMINEX LTD
312827,3089,TEXON ENERGY CORP
312833,3845,BIOCHEM INTERNATIONAL INC
312840,3944,EMPIRE OF CAROLINA INC
312842,1311,KESTREL ENERGY INC
312902,2834,THOMPSON MEDICAL CO INC
312907,5047,VALLEN CORP
312950,3567,CONSUMAT ENVIRONMENTAL
312979,4813,TELETEK INC
313041,7370,EPICEDGE INC
313058,3241,SOUTHDOWN INC
313096,3670,EA INDUSTRIES INC
313116,6799,ENERCORP INC
313141,4700,PASSPORT TRAVEL INC
313143,3841,HAEMONETICS CORP
313148,3826,KEVEX CORP
313153,4213,LEASEWAY TRANSPORTATION CORP
313214,1540,BANK BUILDING &EQUIP CORP AM
313216,3845,KONINKLIJKE PHILIPS NV
313261,3572,CANADIAN PIPER AIR CORP
313277,8711,THERMAL ENERGY STORAGE INC
313294,6510,BAY FINANCIAL CORP
313300,1311,NOVA PETROLEUM CORP
313303,7812,LORIMAR TELEPICTURES
313309,3661,TIE/COMMUNICATIONS INC
313321,8082,HOME INTENSIVE CARE INC-FL
313336,1311,MCO RESOURCES INC
313353,6792,CHEYENNE RESOURCES INC
313364,6792,MESA ROYALTY TRUST
313368,3460,ABS INDUSTRIES INC
313372,3089,HIGHLINE INDUSTRIES INC
313395,1311,TXCO RESOURCES INC
313413,4522,FLIGHT TRANSPORTATION CORP
313419,1311,ENERCAP CORP
313469,3577,KCR TECHNOLOGY INC
313478,1311,HKN INC
313518,3220,NBI INC
313549,1311,FRANCANA OIL & GAS LTD
313616,3826,DANAHER CORP
313632,5812,CONSUL RESTAURANT CORP
313635,3567,PYRO MAGNETICS CORP
313646,1311,UNITED AMERICAN ENERGY INC
313690,1381,MOXA ENERGY CORP
313716,3541,HARDINGE INC
313717,3679,FCP INC
313727,6211,DELTEC INTL LTD  -ADS
313741,6798,PUB STRG PPTYS VI  -SER A
313749,7011,LA QUINTA CORP
313757,4922,ESKEY INC
313798,3844,ADAC LABORATORIES
313807,2911,BP PLC
313809,6512,ALASKA NORTHWEST PROPERTIES
313838,3600,SONY GROUP CORPORATION
313857,6020,BANK NEW HAMPSHIRE CORP
313867,7373,TRIAD SYSTEMS CORP
313927,2840,CHURCH & DWIGHT INC
313968,1311,RCS HOLDINGS INC
313997,4953,AGRIPOST INC
314037,6211,KINNARD INVESTMENTS INC
314087,1311,FRONTIER ENERGY CORP
314090,3470,OLYMCO INC
314132,3716,FLEETWOOD ENTERPRISES INC
314202,3433,ASK CORPORATION
314203,1040,MCEWEN MINING INC
314227,3559,TOMI ENVIRONMENTAL SOLUTINS
314266,1531,CARLSBERG CORP
314306,7812,AMERICAN TELNET CORP
314307,3564,NOXSO CORP
314340,6411,SECURITY CAPITAL/DE  -CL A
314416,3841,DAIG CORP
314426,1311,EMCOR PETROLEUM INC
314436,7372,TIMBERLINE SOFTWARE CORP
314437,5271,SUNERGY COMMUNITIES INC
314464,1731,FISCHBACH CORP
314474,6036,AMERICAN CONTINENTAL CORP
314484,1311,DAKOTA MINERALS INC
314489,6020,FIRST BUSEY CORP
314525,2761,SAFEGUARD BUSINESS SYSTEMS
314590,2890,SASOL LTD
314606,1382,GEOKINETICS INC
314608,2911,PACIFIC RESOURCES INC
314625,6510,WASHINGTON CORP  -CL A
314662,5412,NATIONAL CONVENIENCE STORES
314668,2860,COLORADO GASAHOL INC
314712,3990,BOOMERANG SYSTEMS INC
314727,9995,HANDLEMAN CO
314759,8700,TOLTEC ROYALTY CORP
314808,1381,VALARIS LTD
314834,1311,GOLD KING CONSOLIDATED INC
314859,1311,INTERMOUNTAIN ENERGY INC
314864,1311,ENEX RESOURCES CORP
314865,2670,SPINNAKER INDS INC  -CL A
314890,4924,WICOR INC
314937,3674,SILTEC CORP
314940,2870,BURST AGRITECH INC
315079,6799,HEIZER CORP
315125,5940,HOUSE OF FABRICS INC
315126,6799,ELRON ELECTRONIC INDS LTD
315127,5411,ALTERMAN INVESTMENT FUND
315131,1311,PHX MINERALS INC
315136,4400,AMERICAN CLASSIC VOYAGES CO
315172,3571,CADO SYSTEMS CORP
315176,6035,CSF HOLDINGS INC
315180,3571,TANDEM COMPUTERS INC
315189,3523,DEERE & CO
315213,7363,ROBERT HALF INTL INC
315256,4911,PUBLIC SERVICE CO/N H
315261,1311,TEXAS VANGUARD OIL CO
315272,1311,HARCOR ENERGY CO
315293,6411,
315309,7372,DIMIS INC
315353,3990,SUMMIT SYSTEMS INC
315374,3541,HURCO COS INC
315375,1090,UNIVERSAL FUELS CO
315406,1311,ENERGY ASSETS INTL CORP
315411,6331,AMER COUNTRY HOLDINGS INC
315428,7822,AMERICAN VANTAGE COMPANIES
315429,1311,CRESCENT PETROLEUM CORP
315449,3621,UQM TECHNOLOGIES INC
315523,1040,USMX INC
315542,7812,LAUREL ENTERTAINMENT INC
315545,2834,PROVECTUS BIOPHARMACEUTICALS
315547,6020,FIRST COML BANCORP INC
315574,7389,INTL CAPITAL EQUIPMENT LTD
315575,1311,KNIGHT ROYALTY CORP
315621,3714,WEDGESTONE FINANCIAL
315641,3440,FRANKFORT TOWER INDS INC
315645,6792,APACHE ENERGY&MINERALS
315647,6794,GST LABORATORIES INC
315671,1311,PLANO PETROLEUM CORP
315698,1389,ADVANCED MONITORING SYS INC
315709,6020,INTL BANCSHARES CORP
315777,5122,TECHNODYNE INC
315781,1220,NEW CASTLE ENERGY CORP
315797,1311,LANDMARK OIL & GAS LTD
315807,8731,MATRIX MEMBRANES INC
315816,5065,SUNY CELLULAR COMMUNICATION
315817,7311,JWT GROUP INC
315846,1381,EMPIRE OIL & GAS CO
315849,6020,SOUTHWEST GEORGIA FINL CORP
315852,1311,RANGE RESOURCES CORP
315858,7011,BLUEGREEN VACATIONS HLDG CRP
315958,7323,CREDITRISKMONITOR.COM INC
315981,3531,TESCO AMERICAN INC
315999,7373,NATIONAL TRANSACTION NETWORK
316004,3661,DSC COMMUNICATIONS CORP
316022,1311,PARKFORD PETROLEUM INC
316028,6211,KENT FINANCIAL SERVICES INC
316116,9995,FNI INC
316117,3652,MICROSONICS CORP
316206,7011,STARWOOD HOTELS&RESORTS WRLD
316218,3585,INTL COMFORT PRODUCTS CORP
316236,5411,GRAND UNION CO
316245,6792,HOUSTON OIL ROYALTY TRUST
316253,3826,ENZO BIOCHEM INC
316299,5900,ENERGY CLINIC CORP
316300,1311,EXCO RESOURCES INC
316312,6020,CB BANCSHARES INC
316315,6513,ANGELES CORP
316372,3822,TELEMETRY CONTROLS INC
316402,3679,CORCOM INC
316412,6792,RIDGEVIEW OIL CO
316425,3585,CARRIER CORP
316456,1311,GULF CANADA RES LTD  -ORD
316620,4833,ENTERTAINMENT SYSTEMS INC
316632,3674,NITRON INC
316672,3674,TERAFORCE TECHNOLOGY CORP
316704,1311,BLACK DOME ENERGY CORP
316709,6282,SCHWAB (CHARLES) CORP
316736,1311,FIELDPOINT PETROLEUM CORP
316740,7011,INTEGRA A HOTEL & REST
316769,6020,FIRST COMMERCIAL CORP
316770,6020,PROVIDENT FINANCIAL GRP INC
316792,5051,RIO ALGOM LTD
316793,3674,INTL RECTIFIER CORP
316830,5040,PM INDUSTRIES INC
316845,3576,SHAREBASE CORP
316880,3841,HIGH STOY TECHNOLOGICAL CORP
316884,3679,HCC INDUSTRIES
316888,1044,AVINO SILVER & GOLD MINS LTD
316900,1311,KEE EXPLORATION INC
316901,6020,UST CORP
316909,6020,LIBERTY NATIONAL BANCORP/KY
316911,3873,USR INDUSTRIES INC
317030,5400,GENERAL NUTRITION INC
317032,3845,EMPI INC-REDH
317093,3357,ANDREW CORP
317149,1311,AZTEC RESOURCES CORP
317158,2834,POLYDEX PHARMACEUTICALS LTD
317173,6792,ARACCA PETROLEUM CORP
317191,7990,SPORT OF KINGS INC
317229,7372,APPLIED COMMUNICATIONS INC
317282,3841,KAY LABORATORIES INC
317332,3990,GOODY PRODUCTS INC
317340,3829,MIKROS SYSTEMS CORP
317341,8000,DENTAL WORLD CENTER INC
317354,3480,GENERAL DEFENSE CORP
317488,1700,CANISCO RESOURCES INC
317539,3585,AEC INC
317540,2086,COCA COLA CONSOLIDATED INC
317551,2860,HIGH PLAINS CORP
317552,3823,TYLAN CORP
317707,1311,RIDGEWAY EXCO INC
317745,6331,GENERAL RE CORP
317770,3433,EQUINOX SOLAR INC
317771,3661,TELLABS INC
317788,7372,DIGITAL TURBINE INC
317814,3844,OEC MEDICAL SYSTEMS INC
317818,1311,TEXAS EAGLE OIL CO
317831,1311,BAYSTAR PETROLEUM CORP
317832,1389,SERVICE FRACTURING CO
317833,4832,CITICASTERS INC  -CL A
317877,1311,OKLAHOMA ENERGIES CORP
317889,4213,BULOVA TECHNOLOGIES GP INC
317890,2835,GAMMA BIOLOGICALS INC
317897,3950,EMPIRE PENCIL CORP
317964,6020,PACIFIC WESTERN BANCSHARES
317966,1311,ROCKWELL DRILLING CO
317986,5160,SHANNON GROUP INC
318010,3312,CANADIAN PACIFIC ENTERPRISES
318018,1311,VALEX PETROLEUM INC
318025,3580,U S FILTER CORP
318107,1311,PRIMA ENERGY CORP
318154,2836,AMGEN INC
318189,5080,HIA INC
318223,1311,GEODYNE RESOURCES INC
318251,5047,MICRO BIO MEDICS INC
318259,9995,MDI INC
318262,1311,WICKLUND HOLDING CO
318280,7373,SYNTREX INC
318284,3674,SILICON SYSTEMS INC
318289,3433,THERMAL SYSTEMS INC
318291,8742,VENTURE CATALYST INC/UT
318300,6020,PEOPLES BANCORP INC/OH
318306,2836,ABEONA THERAPEUTICS INC
318378,7372,BANCTEC INC-REDH
318379,3576,CODENOLL TECHNOLOGY CORP
318397,4213,ATLAS VAN LINES INC
318439,6794,DIGITAL RECORDING CORP
318485,1311,CENTENNIAL PETROLEUM INC
318499,8742,ANNANDALE CORP
318580,3663,AM COMMUNICATIONS INC
318598,4955,BIG TURTLE INC
318671,1381,TEXAS ENERGIES INC
318672,6153,SEARCH FINANCIAL SERVICES
318673,6311,SECURITY NATL FINL CP  -CL A
318739,1311,QED EXPLORATION INC
318771,2834,GENENTECH INC
318774,3575,ISC SYSTEMS CORP
318775,3620,INTL POWER MACHINES CORP
318779,6020,CALIFORNIA BANCSHARES INC
318816,3861,XONICS INC
318819,4941,AMERICAN WATER WORKS INC
318830,3730,TACOMA BOATBUILDING
318833,8734,TEAM INC
318852,1311,COLORADO WYOMING RESERVE CO
318951,9995,CADEMA CORP
318958,9995,ATLANTIC INDUSTRIES INC
318994,3842,OXYGEN ENRICHMENT CO LTD
318996,1381,KEY ENERGY SERVICES INC
319013,3821,SPECTRUM LABORATORIES INC
319019,1311,HALLWOOD ENERGY CORP
319037,7373,AW COMPUTER SYSTEMS  -CL A
319040,1311,MOUNTAINS WEST EXPLOR INC
319085,3663,COMPRESSION LABS
319094,3842,SMITH LABORATORIES INC
319120,4833,ACKERLEY GROUP INC
319126,3844,AFP IMAGING CORP
319129,2821,SUN COAST INDS INC
319139,3960,FIRST CITY INDUSTRIES INC
319156,1311,CUBIC ENERGY INC
319191,3674,XICOR INC
319200,9995,REGENT TECHNOLOGIES INC
319201,3827,KLA CORP
319204,3841,LUTHER MEDICAL PRODCTS
319230,1311,BOGERT OIL CO
319237,7370,CERPLEX GROUP INC
319239,3080,THERMAL PROFILES INC
319240,3826,IRIS INTERNATIONAL INC
319250,7380,ALARMGUARD HOLDINGS INC
319256,5311,SEARS ROEBUCK & CO
319282,8734,DIAMOND WEST ENERGY CORP
319302,1531,CENVILL DEVELOPMENT  -CL A
319316,7373,KNOWLEDGE DATA SYSTEMS INC
319319,3569,ADVANCED MANUFACTURING SYS
319320,5661,WIENER ENTERPRISES INC
319333,3845,CLINI-THERM CORP
319373,3440,AEGIS INDUSTRIES INC
319375,3714,J P INDUSTRIES INC
319379,3577,PSC INC
319394,7819,KING OF VIDEO INC
319399,6020,FIRST STATE CORP
319416,6798,CONTINENTAL MTG & EQUITY
319420,1311,LYRIC ENERGY INC
319450,3674,ZILOG INC
319453,1311,AMERICAN PUBLIC ENERGY CO
319458,1389,ENSERVCO CORP
319459,1311,MISSION RESOURCES CORP
319478,1311,MONOGRAM OIL & GAS INC
319489,6211,ADVEST GROUP INC
319497,2522,CRAMER INC
319498,6020,BSD BANCORP INC
319517,1311,BALBOA EXPLORATION CO
319519,6411,SAI GROUP INC
319546,2761,CYMATICOLOR CORP
319547,5010,ZOE PRODUCTS INC
319548,1311,QADRANT CORP
319600,100,JOJOBA HORIZONS INC
319645,3576,NETWORK SYSTEMS CORP
319646,1311,WOODBINE PETROLEUM INC
319648,3826,HELIONETICS
319649,9995,GENETIC ENGINEERING INC
319650,1311,TGX CORP
319651,4924,PROVIDENCE ENERGY CORP
319654,6792,PERMIAN BASIN ROYALTY TRUST
319655,6792,SAN JUAN BASIN ROYALTY TR
319668,4512,MIDWAY AIRLINES INC
319678,2060,AMBRIT INC
319687,4512,UNITED AIRLINES INC
319693,1311,DECA ENERGY CORP
319697,7311,BULL RUN CORP
319815,3612,MAXWELL TECHNOLOGIES INC
319877,5900,ENERGY SHED INC
319921,6532,GAC LIQUIDATING TRUST
319922,3572,VERMONT RESEARCH INC
320008,3679,INTERACTION SYSTEMS INC
320017,2836,CALADRIUS BIOSCIENCES INC
320029,1311,ACADIA PETROLEUM CORP
320121,7373,TELOS CORP/MD
320141,3575,ZENTEC CORP
320166,6795,INTERMOUNTAIN RESOURCES INC
320170,3490,COOPER RESOURCES & ENERGY
320171,3533,DRECO ENERGY SERVICES LTD
320174,3845,BSD MEDICAL CORP
320179,4953,ADVANCED ENERGY CORP
320185,3841,FRESENIUS USA INC
320186,1381,GREY WOLF INC
320187,3021,NIKE INC  -CL B
320193,3663,APPLE INC
320211,1040,DRX INC
320286,2020,SWLG CORP
320287,1311,INTEGRATED ENERGY INC
320303,3470,METAL ARTS CO INC
320321,4923,OCEAN ENERGY INC
320333,5961,HANOVER DIRECT INC
320335,6311,GLOBE LIFE INC
320336,1040,UNITED HEARNE RESOURCES LTD
320340,7372,INTELLIGENT SYSTEM CORP
320345,7373,MICROS SYSTEMS INC
320348,1531,SUNSTATES CORP  -OLD
320357,3590,VERSA TECHNOLOGIES INC
320380,1311,DALLAS OIL & MINERALS INC
320387,6020,FIRST M&F CORP
320427,1311,KIMCO ENERGY CORP
320429,6099,FUNDSNET INC
320430,3669,OMNITRONICS RESEARCH CORP
320432,2011,KAPLAN INDUSTRIES INC
320434,4412,WATERMAN MARINE CORP
320435,1381,VERNA CORP
320443,4991,BESICORP GROUP INC
320446,4813,ALIANT COMMUNICATIONS INC
320515,3829,ZONIC CORP
320516,3674,INTEGRATED MICROCIRCUITS INC
320545,6162,HOMECAPITAL INVESTMENT CORP
320547,6020,EDGEMARK FINANCIAL CORP
320553,7373,BALANCE COMPUTER CORP
320568,3678,MATRIX SCIENCE CORP
320573,7990,INTL THOROUGHBRED BREEDERS
320574,3845,ELECTRO BIOLOGY INC
320575,1389,PIONEER ENERGY SERVICES CORP
320591,5065,RICHEY ELECTRS INC
320637,3845,LASER INDUSTRIES LTD
320654,3559,MACHINE TECHNOLOGY INC
320673,1311,MAJOR EXPLORATION INC
320683,1311,EGO RESOURCES INC
320800,7812,CCR VIDEO CORP
350019,1381,SAGE DRILLING CO INC
350066,3661,INTER-TEL INC  -SER A
350067,3823,UNIT INSTRUMENTS INC
350068,3571,TSL HOLDINGS INC
350070,1311,NAHAMA & WEAGANT ENERGY CO
350071,6798,MERRY LAND & INVESTMENT CO
350077,3990,WMS INDUSTRIES INC
350081,3572,DYSAN CORP
350089,6035,PACER ENERGY CORP
350090,1311,WENTEX INTERNATIONAL INC
350095,6799,UINTAH ENERGY CORP
350133,9995,SUNGLOBE FIBER SYSTEMS CORP
350179,7500,GREASE MONKEY HOLDING CORP
350190,5090,AMERICAN SPORTS ADVIS
350192,5961,COLLECTORS GUILD INTL
350193,7372,AMERICAN MILLENIUM CORP
350194,7372,UNITED SYSTEMS TECHNOLOGY
350199,5621,CACHE INC
350200,9995,B-FAST CORP
350206,6798,LNH REIT INC
350303,1311,PRAIRIE PRODUCING CO
350305,1311,SOLV EX CORP
350308,4512,NEW YORK AIRLINES INC
350383,2836,CETUS CORP
350387,1311,GENERAL ENER RESOURCE & TECH
350389,6795,MINEX RESOURCES INC
350402,1389,NEW LONDON INC
350403,4522,PHI INC
350405,2835,BIOTECH RESEARCH LABS INC
350426,1311,PLAINS RESOURCES INC
350487,5812,FAST FOOD OPERATORS INC
350489,3845,SYNTHEMED CORP
350493,6512,NLI CORP
350524,3823,ORS AUTOMATION INC
350557,5500,STEN CORP
350563,4931,TECO ENERGY INC
350564,3711,JET INDUSTRIES INC
350571,6351,AMERICAN BANKERS INS GROUP
350572,6020,WORTHEN BANKING CORP
350615,3825,STS LIQUIDATING CORP
350621,3663,C-COR INC
350644,7370,LATTICE INC
350646,3841,BIOSEARCH MEDICAL PRODS INC
350678,3829,UNIDYNE CORP
350684,3949,HELDOR INDUSTRIES INC
350685,1311,GOLDEN OIL CO/DEL
350692,3555,DELPHAX TECHNOLOGIES INC
350698,5500,AUTONATION INC
350737,2842,OCEAN BIO-CHEM INC
350746,3089,DURALITH CORP
350750,2821,BAIRNCO CORP
350797,6282,EATON VANCE CORP
350825,5051,STERLING PIPE & SUPPLY CO
350832,2810,AMERICAN PACIFIC CORP
350838,6020,JAMES MADISON LTD  -CL A
350842,3220,AMERICAN FIBER OPTICS CORP
350843,5734,PRODIGY SYSTEMS INC
350846,3713,SUPREME INDUSTRIES INC
350847,6020,RIGGS NATIONAL CORP
350852,6020,COMMUNITY TRUST BANCORP INC
350853,1381,CRAWFORD ENERGY INC
350854,3670,COMPUTER MAGNETICS CORP
350868,3669,ITERIS INC
350874,7373,ALLERION INC
350875,1311,ENSOURCE INC
350884,6324,HEALTHCARE USA INC
350889,1311,ENERGY OIL INC
350894,6282,SEI INVESTMENTS CO
350898,1311,AMERICAN NATIONAL PETROLEUM
350899,3577,VOICE CONTROL SYSTEMS INC
350907,3845,THORATEC CORP
350915,9995,TRINIDAD CORP
350917,3576,EMULEX CORP
350920,7350,MEDIQ INC
350921,3661,INFOTRON SYSTEMS CORP
350926,7812,PEREGRINE ENTERTAINMENT LTD
350927,7372,MANAGEMENT SCIENCE AMERICA
350974,1311,OVERTHRUST RESOURCES LTD
350996,2833,INTERPHARM LABS LTD  -ORD
351012,3845,INTERMAGNETICS GENERAL CORP
351017,4210,AUTOINFO INC
351020,7385,TRIBORO COMMUNICATIONS INC
351038,7359,OMNI EQUITIES INC
351076,6798,ROSE CORP
351077,6020,CITIZENS REPUBLIC BANCORP
351115,3825,TECHNOLOGY MARKETING INC
351116,2870,FREEPORT MCMORAN INC
351127,3312,CENTRUM INDUSTRIES INC
351134,7373,WICAT SYSTEMS INC
351139,7372,CARLETON CORP
351145,7372,INTERGRAPH CORP
351155,6020,WEST ONE BANCORP
351220,5812,BFX HOSPITALITY GROUP
351225,1311,TETRA SYSTEMS INC
351234,4512,SUBURBAN AIRLINES INC
351237,2834,VIRATEK INC
351238,6020,SAN FRANCISCO CO
351263,7812,WESTERN BELL COMMUNICATIONS
351298,3674,HEI INC
351321,3822,NOVAR ELECTRONICS CORP
351332,1311,MASTERS ENERGY CORP
351346,3842,BIOMET INC
351359,5812,BYERS INC
351360,5045,COMPUTER FACTORY INC
351366,2844,SASCO PRODUCTS INC
351384,3678,KYLE TECHNOLOGY CORP
351385,3640,ASTRO COMMUNICATIONS INC
351398,4841,WOMETCO CABLE TV INC
351483,3559,ASM INTERNATIONAL NV
351485,2300,WILDERNESS EXPERIENCE INC
351498,4213,US 1 INDUSTRIES INC
351506,8734,PHARMAKINETICS LABS INC
351507,3575,MONITERM CORP
351514,3577,WELLS AMERICAN CORP
351521,6020,EVERGREEN BANCORP INC/DE
351523,1311,RIVAL RESOURCES INC
351532,2836,STEM CELL INNOVATIONS INC
351537,1381,ALDEBARAN DRILLING CO INC
351541,5110,BCT INTERNATIONAL INC
351554,3579,BYNAMICS INC
351569,6020,AMERIS BANCORP
351572,6792,PELSART RESOURCES NL
351598,8731,GENETIC SYSTEMS CORP
351613,3490,ENERSERV PRODUCTS INC
351616,6020,ONE VALLEY BANCORP/WV
351617,6020,SC BANCORP/CA
351685,6159,HELM CAPITAL GROUP INC
351693,1381,BONRAY DRILLING CORP
351694,1311,PATHFINDER PETROLEUM CORP
351695,1311,FIRST MATAGORDA CORP
351696,4922,PANENERGY CORP
351699,6798,FGI INVESTORS INC
351707,3842,MOUNTAIN MEDICAL EQUIPMENT
351710,6020,GBC BANCORP/CA
351717,2842,CPAC INC
351721,3845,ADV NEUROMODULATION SYS INC
351730,3578,CURRENCY TECHNOLOGY CORP
351789,3823,ELECTRO-SENSORS INC
351809,4991,WIND ENERGY AMERICA INC
351810,3572,ANDATCO INC  -CL A
351815,3841,INMED CORP
351816,3523,WIND BARON CORP
351817,1311,SILVERBOW RESOURCES INC
351825,6020,FIRST NATIONAL BANCORP/GA
351834,2090,SUNOPTA INC
351891,1389,PETRA RESOURCES INC
351902,6510,THERMODYNETICS INC
351903,6282,EPOCH HOLDING CORP
351917,4991,U S ENERGY SYSTEMS INC
351923,2835,AMERICAN DIAGNOSTICS CORP
351935,6500,PERSONAL DIAGNOSTICS INC
351940,3578,SYNTECH INTERNATIONAL INC
351952,6035,
351978,4813,TELESPHERE COMMUNICATIONS
351986,1311,CIBOLA ENERGY CORP
351991,6020,ELDORADO BANCORP/CA
351993,1311,BARRETT RESOURCES CORP
351998,3825,DATA I/O CORP
352049,4911,TOLEDO EDISON CO
352059,4512,AIR CHAPARRAL INC
352060,8711,ULTRASYSTEMS INC
352062,8711,SEPAREX CORP
352071,5084,ENERTECH INC
352076,6020,PUGET SOUND BANCORP
352079,7359,TVI CORP
352154,1311,CIRCLE SEVEN OIL & GAS INC
352162,6331,NORTH EAST INSURANCE CO
352180,1311,LYNX EXPLORATION CO
352183,8200,WHITMAN EDUCATION GROUP INC
352187,6020,SUNWEST BANK
352270,1311,MALLON MINERALS CORP
352276,5063,CABLE TV INDUSTRIES
352281,3350,MANSFELDER METALS LTD
352324,3829,DETECTOR ELECTRONICS CORP
352330,7389,SEVEN OAKS INTERNATIONAL INC
352331,2836,RIBI IMMUNOCHEM RESEARCH INC
352353,5412,ITO-YOKADO CO LTD
352363,2300,KATE SPADE & CO
352383,3490,BARTON INDUSTRIES INC
352418,3572,U S DESIGN CORP
352425,3829,ANDROS INC
352427,3679,PIEZO ELECTRIC PROD
352435,3674,ZARLINK SEMICONDUCTOR INC
352495,3578,TELXON CORP
352510,6020,NORTH FORK BANCORPORATION
352511,1311,QUESTA OIL & GAS CO
352538,5812,PEOPLES RESTAURANTS INC
352541,4931,ALLIANT ENERGY CORP
352542,5734,CPU COMPUTER CORP
352680,5812,SKIPPER'S INC
352682,1382,GEOPHYSICAL SYSTEMS CORP
352698,3572,SYSTEM INDUSTRIES INC
352706,1311,PETRO QUEST INC
352710,1311,UNIOIL
352713,1311,PETROMAX ENERGY CORP
352715,3845,BIOSONICS INC
352720,5912,BIG B INC
352747,2833,UNIGENE LABORATORIES INC
352763,1311,ARGOSY ENERGY INC -OLD
352789,3572,IOMEGA CORP
352796,3576,QUESTRONICS INC
352800,3640,CHRONAR CORP
352812,3569,COMBUSTION PROTECTION CORP
352823,1311,GRAYHILL EXPLORATION CO
352825,5051,FOSTER (LB) CO
352860,6172,TECFIN CORP
352862,3845,MEDICAL GRAPHICS CORP
352864,3826,LINEAR INSTRUMENTS CORP
352870,1311,OUTBACK OIL & MINERAL EXPL
352871,5172,GREAT EASTERN ENERGY & DEV
352887,1040,AMERICAN PAC MINERALS LTD
352905,3661,MICOM SYSTEMS INC
352909,5331,HRT INDUSTRIES INC
352915,8062,UNIVERSAL HEALTH SVCS INC
352942,4833,UNITED TELEVISION INC
352944,2621,STRIKER INDUSTRIES INC
352947,2810,ENGELHARD CORP
352948,7011,SIGNATURE INNS INC
352949,5141,FLEMING COMPANIES INC
352955,6519,CKX LANDS INC
352956,3433,FAFCO INC
352964,1311,RIO GRANDE INC
352970,3822,LIEBERT CORP
352972,2836,SOUTHERN BIOTECH INC
352979,8711,ANEFCO INC
352988,7380,COMTEX NEWS NETWORK INC
352991,6512,ADVANCED OXYGEN TECHNOLOGY
352994,3663,PICO PRODUCTS INC
352995,3829,TRP ENERGY SENSORS INC
352996,2451,ALLICO CORPORATION
352997,3949,UNITED MEDICAL CORP
352998,2834,TELIGENT INC
353001,2000,NABISCO BRANDS INC
353020,1623,AEGION CORP
353022,8071,CANCER DIAGNOSTICS INC
353025,6512,KOGER CO
353153,1311,CAIRN ENERGY USA INC
353181,7359,ENTERRA CORP -OLD
353184,4513,AIR T INC
353186,3669,FRANKLIN SIGNAL CORP
353189,1311,COX RESOURCES CORP
353191,6020,NORTH VALLEY BANCORP
353196,1311,SUMMIT PETROLEUM CORP
353212,5961,CAREMARK
353217,7363,CABLE APPLICATIONS INC
353227,1311,NORTHSTAR MINERALS INC
353229,7380,NETWORK SECURITY CORP
353230,5912,OMNICARE INC
353231,8071,BIOCELL TECHNOLOGY CORP
353278,2834,NOVO NORDISK A/S
353288,3433,PIPER HYDRO INC
353319,3651,KLOSS VIDEO CORP
353335,1381,AGGIE OIL CO
353356,4813,INCOMNET INC
353373,1311,DIABLO OIL CO
353377,3580,MEMTEK CORP
353382,7372,COMPUTER DESIGNED SYSTEMS
353395,6172,UNIWEST FINANCIAL CORP
353407,7822,VISION COMMUNICATIONS
353482,2836,VIRAGEN INC
353502,6512,ALA MOANA HAWAII PROPERTIES
353528,7389,PACO PHARMACEUTICAL SVCS INC
353537,4213,VIKING FREIGHT INC
353539,3420,GRANT INDUSTRIES INC
353541,1389,BELL PETROLEUM SERVICES INC
353567,2821,ICO INC
353575,2030,ARDEN INTL KITCHEN INC
353576,1311,RESERVE EXPLORATION CO
353577,3663,AMPLICA INC
353586,3575,BEDFORD COMPUTER CORP
353601,1311,AMERICAN RIVERS OIL CO
353608,1382,SEIS PROS INC
353628,3842,VLI CORP
353631,7372,MEDICATION SERVICES INC
353634,1311,NESS ENERGY INTL INC
353646,6162,APPONLINE.COM INC
353650,6020,BWC FINANCIAL CORP
353652,7372,PANSOPHIC SYSTEMS INC
353705,9995,PROGRAMS UNLIMITED INC
353779,3575,TELEVIDEO INC
353796,4841,JONES SPACELINK LTD  -CL A
353821,3652,TAPE SPECIALTY INC  -OLD
353827,2834,PHARMACEUTICAL FORMULATIONS
353944,7990,INTL GAME TECHNOLOGY
353984,1382,FLARE INC
353995,3679,COMPUTER & COMMUN TECHNOLOGY
354079,3670,DALE ELECTRONICS INC
354099,4700,CARDILLO TRAVEL SYSTEMS INC
354101,7389,INSTACOM INC
354150,3577,AMPOWER TECHNOLOGIES INC
354151,7370,SYSTEMATICS INC
354173,7385,AIM TELEPHONES INC
354190,6411,ARTHUR J GALLAGHER & CO
354199,8071,UNIHOLDING CORP
354247,6282,EXCEL INTERFINANCIAL
354260,7372,SOFTECH INC
354359,4400,HORNBECK OFFSHORE SVCS  -OLD
354383,3559,PRAB INC
354388,6795,CENTURION GOLD LTD
354392,6331,NOBEL INSURANCE LTD
354394,6512,OMNIDENTIX SYSTEMS CORP
354396,6331,USF&G CORP
354452,3559,PLASMA-THERM INC
354562,6020,COMMERCIAL BANKSHARES INC
354564,5190,MEDIA SOURCE INC
354567,1311,GLEN ROSE PETROLEUM CORP
354578,3089,MSM SYSTEMS INC
354604,8051,MANOR CARE INC-OLD
354608,7373,SYSCON CORP
354609,3678,ADI ELECTRONICS INC
354611,8700,VSI HOLDINGS INC
354623,1311,TRADESTAR CORP
354633,1311,ENERTEC CORP
354639,6532,THACKERAY CORP
354647,6020,CVB FINANCIAL CORP
354655,3533,BOLT TECHNOLOGY CORP
354697,3690,JEC LASERS INC
354702,7500,AUTOMOTIVE FRANCHISE CORP
354707,4911,HAWAIIAN ELECTRIC INDS
354761,8051,KUALA HEALTHCARE INC
354767,1311,CAPCO ENERGY INC
354768,7374,ASTRADYNE COMPUTER INDS INC
354770,3575,VISUAL TECHNOLOGY INC
354771,3576,CORVUS SYSTEMS INC
354797,7373,ASK GROUP INC
354807,5065,MSI ELECTRONICS INC
354813,3578,INTL LOTTERY & TOTALIZATOR
354814,5812,TACO CHARLEY INC
354827,3829,DATA MEASUREMENT CORP
354869,6020,FIRSTMERIT CORP
354874,3661,SWITCHCO INC
354888,7374,CYCARE SYSTEMS INC
354908,3812,FLIR SYSTEMS INC
354911,3812,SIPPICAN INC
354929,5812,FAMOUS RESTAURANTS INC
354948,6020,FIRST FINANCIAL CORP/RI
354950,5211,HOME DEPOT INC
354952,3572,SEAGATE TECHNOLOGY-OLD
354962,4922,MIDCON CORP
354963,4813,SHENANDOAH TELECOMMUN CO
354964,6141,HSBC FINANCE CORP
354984,3829,GULL INC
355004,5045,ADVANT CORP
355007,3845,BIO-LOGIC SYSTEMS CORP
355019,8071,FONAR CORP
355106,3572,CIPHER DATA PRODUCTS INC
355115,1311,ALAMCO INC
355118,6792,HOUSTON OIL TRUST
355142,3944,BK ENTERTAINMENT
355143,1311,ALEXANDER ENERGY CORP
355190,7373,VECTOR GRAPHIC INC
355199,8711,ESSEX CORP
355263,3569,POSITECH CORP
355266,2835,HYBRITECH INC
355269,4955,GNI GROUP INC
355270,6794,INTELEPLEX CORP
355271,7819,CEL COMMUNICATIONS
355300,1311,ENDEVCO INC
355313,4923,NATIONAL GAS & OIL CO
355357,6512,KOGER PROPERTIES
355359,4822,ELECTRONIC MAIL CP OF AMER
355374,4813,COM SYSTEMS INC
355377,5812,NAUGLES INC
355387,3826,WATERS ASSOCIATES INC
355406,3827,INTL ROBOMATION/INTELLIGENCE
355429,6311,PROTECTIVE LIFE CORP
355431,1700,INEI CORP
355469,3523,TOP AIR MANUFACTURING INC
355473,3290,JOHNS MANVILLE CORP
355493,1311,ALTA ENERGY CORP
355531,5122,PHARMACY CORP OF AMERICA INC
355565,3714,ADVANCED FUEL SYSTEMS INC
355574,6020,COMMONWEALTH BANCSHARES CORP
355620,1040,SARATOGA MINES INC
355622,5812,RYAN'S RESTAURANT GROUP INC
355625,4512,METRO AIRLINES INC
355627,7372,CTI GROUP HOLDINGS INC
355648,8051,HEALTH CARE & RETIREMENT CP
355699,3826,HABER INC
355713,3612,AMI SYSTEMS INC
355735,5045,DATAFLEX CORP
355766,2221,HALLWOOD GROUP INC
355777,3669,LOJACK CORP
355787,6799,PRICE COMMUNICATIONS CORP
355811,3714,GENTEX CORP
355818,6020,HOMELAND BANKSHARES CORP
355825,3842,CONTRACAP INC
355861,3827,EIKONIX CORP
355876,3576,GANDALF TECHNOLOGIES INC
355878,4991,MAGMA POWER CO
355883,6020,FIRST UTD BANCSHARES INC/AR
355902,7359,H & H OIL TOOL CO
355906,1700,TRAVELBYUS INC
355910,1311,GENERAL PRODUCTION CO INC
355946,6020,HERITAGE FINANCIAL SERVICES
355948,5065,RICHARDSON ELECTRONICS LTD
355968,2844,SPEARHEAD INDS INC-MN
355975,5090,BMC INTERNATIONAL CORP
355999,5045,ESSENDANT INC
356002,3540,UNIMATION INC
356017,7990,CASTLE ENTERTAINMENT INC
356028,7372,CA INC
356034,1311,FOSSIL OIL & GAS INC
356037,7373,CSP INC
356050,6020,CU BANCORP
356055,200,BELTRAN CORP
356064,8700,PRIMARK CORP
356080,4833,BELO CORP  -SER A COM
356106,6794,ELAN PHARMACEUTICAL RES CORP
356128,1311,MAGIC CIRCLE ENERGY CORP
356130,6331,EMC INSURANCE GROUP INC
356144,3663,DATASPEED INC
356153,6020,CITIZENS FIDELITY CORP
356171,6020,TRICO BANCSHARES
356211,3724,CADE INDUSTRIES INC
356217,7373,LEXIDATA CORP
356224,1311,PETROLEUM INVESTMENTS  -LP
356226,7372,MYND CORP
356309,4924,NEW JERSEY RESOURCES CORP
356342,6799,NEVADA CHEMICALS INC
356364,7812,TWENTIETH CENTURY-FOX FILM
356395,6331,RELIANCE GROUP HOLDINGS
356446,2080,PURE WORLD INC
356452,3715,PULLMAN CO-NEW
356461,5331,PRICE CO
356463,1311,TEJAS OIL & GAS CO
356485,6792,OVERTHRUST OIL ROYALTY CORP
356550,3585,VORTEC CORP
356598,6020,LAKESHORE BANCORP INC/IL
356622,5812,BAYPORT RESTAURANT GP
356623,3669,SECURITY TAG SYSTEMS INC
356708,6020,FIRST REGIONAL BANCORP
356774,1311,TRANSMOUNTAIN RESOURCES CORP
356799,1311,CODA ENERGY INC
356809,6020,ABIGAIL ADAMS NATL BANCORP
356830,2835,OSCIENT PHARMACEUTICALS CORP
356841,3577,FRANKLIN ELECTRONIC PUBLISH
356906,7812,NEW VISIONS ENMNT CORP
356959,6798,AMERICANA HOTELS & REALTY CP
356981,6035,SUBURBAN BANCORP/OH
357001,3845,TRIMEDYNE INC
357020,3825,XCERRA CORP
357038,3533,NUMERICOM INC
357044,2844,CARME INC
357064,3812,TCI INTL INC
357066,6020,MID AM INC
357067,1311,AMQUEST CORP
357070,4833,AMERICAN COMMUN & TV
357072,8071,NORTH CENTRAL LABS INC
357078,6153,AUTOFINANCE GROUP INC
357097,2836,FIBROCELL SCIENCE INC
357105,6020,CENTURY SOUTH BKS INC
357108,3674,ISC8 INC
357129,8060,REHAB HOSPITAL SERVICES CORP
357149,6020,OHIO BANCORP
357163,3330,KINETIC MINERALS INC
357173,6020,OLD SECOND BANCORP INC/IL
357176,3663,DECOM SYSTEMS INC
357191,6020,AREA BANCSHARES CORP
357203,8742,MULTI-TECH CORP
357208,6020,FIRST BKG CO SOUTHEAST GA
357221,1311,SNYDER OIL PARTNERS  -LP
357261,4911,FLORIDA PROGRESS CORP
357262,6020,NORTH COUNTY BANCORP
357264,6020,PACIFIC CAPITAL BANCORP
357269,6020,FORT WAYNE NATIONAL CORP/IN
357281,1040,LA TEKO RESOURCES LTD
357294,1531,HOVNANIAN ENTRPRS INC  -CL A
357297,6020,ARIZONA BANCWEST CORP
357301,6035,TRUSTCO BANK CORP/NY
357427,6020,FIRST EASTERN CORP
357434,2820,ASIA FIBER HOLDINGS LTD
700551,6035,VALLEY FED SVGS BK SHEFFIELD
700557,6798,WESPAC INVESTORS TRUST II
700564,6020,FULTON FINANCIAL CORP
700565,6020,FIRST MID BANCSHARES INC
700570,6020,BUSINESS BANCORP
700573,3590,R 2000 CORP
700594,4953,LAIDLAW INDUSTRIES INC
700612,4213,ARNOLD INDUSTRIES INC
700613,6020,TRANSWORLD BANCORP/CA
700674,4731,AIR EXPRESS INTERNATIONAL CP
700711,7822,VIDEO STATION INC
700712,3827,SIGMA RESEARCH INC
700714,6020,FRANKFORD CORP
700721,7380,AMERICAN MEDICAL ALERT CORP
700733,6020,NATIONAL PENN BANCSHARES INC
700753,6020,INDEPENDENCE BANCORP/PA
700785,7822,PRIVATE SCREENINGS INC
700787,5812,DIVERSIFOODS INC
700800,3663,LARCAN-TTC INC
700816,3661,VMX INC
700841,7363,RCM TECHNOLOGIES INC
700863,6020,SUSQUEHANNA BANCSHARES INC
700892,2750,LASER MASTER INTL INC
700908,4841,TELSTAR CORP
700914,6020,PROFESSIONAL BANCORP INC/PA
700923,1623,MYR GROUP INC
700928,6020,NAPA VALLEY BANCORP
700945,3841,GISH BIOMEDICAL INC
700968,7822,CONGRESS VIDEO GROUP
700994,3620,TANO CORP
700997,4841,TCA CABLE TV INC
700998,7374,COMPUMED INC
701050,5500,SHANLEY CORP
701259,4512,FRONTIER HOLDINGS INC
701288,3841,ATRION CORP
701290,3572,REXON INC
701319,3576,COMPUTER NETWORK TECH CORP
701340,3825,AUSTRON INC
701345,4512,US AIRWAYS GROUP INC
701347,6020,CENTRAL PACIFIC FINANCIAL CP
701353,5812,NANKIN EXPRESS INC
701374,7996,SIX FLAGS ENTERTAINMENT CORP
701377,4213,LYNDEN INC
701544,3661,ECI TELECOMMUNICATIONS  -ORD
701556,5122,DATRON CORP
701645,8742,HEALTH CARE DEVELOPMENT CO
701650,5080,AVIALL INC
701651,5960,SERVAMATIC SYSTEMS INC
701678,1311,MAY ENERGY PARTNERS LTD
701708,4210,CALIBER SYSTEMS INC
701709,6020,SUNRISE BANCORP/CA
701714,3661,TECHNICOM INTERNATIONAL INC
701719,5990,ENVELA CORP
701723,7200,DIET INSTITUTE INC
701803,6020,AMERICAN BANCORP/NV
701811,7373,MENTOR GRAPHICS CORP
701818,1040,KINROSS GOLD CORP
701856,4955,SAFETY-KLEEN CORP
701869,6321,INDEPENDENCE HOLDING CO
701936,2200,NFA CORP
701974,2510,KRAUSES FURNITURE INC
701985,5990,BATH & BODY WORKS INC
701996,6532,SOUTHMARK CORP
702001,3716,VYQUEST INC
702020,6199,PEARCE URSTADT M & G INC
702131,2834,MGI PHARMA INC
702147,6020,SDNB FINANCIAL CORP
702162,6020,NATL WESTMINSTER BANK
702163,6020,CITIZENS FST BANCORP INC/NJ
702164,6020,CAPITAL BANCORP/FL
702165,4011,NORFOLK SOUTHERN CORP
702167,7374,UNIVERSAL MONEY CENTERS INC
702170,6020,STERLING WEST BANCORP/CA
702182,7372,BPI SYSTEMS INC
702256,5172,CLINTON GAS SYSTEMS INC
702259,2835,DIAGNOSTIC PRODUCTS CORP
702274,3577,LASER SCAN INTERNATIONAL INC
702301,6798,CORNERSTONE PROPERTIES INC
702325,6020,FIRST MIDWEST BANCORP INC
702345,4512,ROYALE AIRLINES INC
702408,8741,NATIONAL MEDPLEX CORP
702430,6020,CENTENNIAL BANCORP
702508,6020,FINANCIAL TRUST CORP
702510,1311,FIRST MIDWEST FINANCIAL CORP
702511,4841,ACS ENTERPRISES INC
702513,6020,BANK OF COMMERCE HOLDINGS
702517,3590,NATIONAL CONTROLS INC
702592,6020,REPUBLIC BANKING CORP/FL
702654,6020,FIRST AMARILLO BANCORP TEX
702724,2200,JESUP GROUP INC
702736,7371,INTERMETRICS INC
702756,3576,SEEQ TECHNOLOGY INC
702808,4832,JACOR COMMUNICATIONS
702891,7373,ACUITY IMAGING INC
702902,6020,HARLEYSVILLE NATL CORP/PA
702904,6020,AMBANC CORP
702993,3555,GEO INTERNATIONAL CORP
703117,3677,NORTH HILLS ELECTRONICS INC
703300,4924,DIVERSIFIED ENERGIES
703304,3444,SUPER SKY INTERNATIONAL INC
703326,1311,COMANCHE OIL EXPLORATION INC
703351,5812,BRINKER INTL INC
703360,3674,LSI CORP
703361,3674,INTEGRATED DEVICE TECH INC
703559,6020,HUDSON UNITED BANCORP
703570,8741,AIRCOA HOSPITALITY SVC
703571,4213,MRFY CORP
703598,4955,SCHERER HEALTHCARE INC
703604,5080,LAWSON PRODUCTS
703607,2844,VIPONT PHARMACEUTICAL INC
703645,2842,SPECIALTY CHEM RES
703691,5047,FOSTER MEDICAL CORP
703701,6321,USHEALTH GROUP INC
703769,4841,MILLICOM INC
703796,4512,PACIFIC EXPRESS HOLDING INC
703799,5812,VICORP RESTAURANTS INC
703800,6020,BROAD NATIONAL BANCORP
703807,7822,CANNON PICTURES INC
703893,3661,TECTEL INC
703914,7990,SPORTECH PLC
703938,1040,CUMBERLAND GOLD GROUP
703970,6020,ALLEGIANT BANCORP INC
704031,3669,RADIONICS INC
704051,6282,LEGG MASON INC
704054,6020,CITIZENS BANCORP/MD
704175,2024,CHIPWICH INC
704292,2836,AQUILA BIOPHARM INC
704322,3674,APPIAN TECHNOLOGY INC
704328,3845,SOMANETICS CORP
704336,3663,EQUATORIAL COMMUNICATIONS CO
704360,3634,FLEXWATT CORP
704386,3674,VLSI TECHNOLOGY INC
704415,8090,TIVITY HEALTH INC
704432,2851,HYDROMER INC
704434,5812,FAMILY ENTERTAINMENT CNTRS
704440,3841,REPRO MEDSYSTEMS INC
704460,3823,PPT VISION INC
704469,6020,TRANS FINANCIAL INC
704503,4924,ENERGYNORTH INC
704508,5040,MOTO PHOTO INC
704532,3823,ONTO INNOVATION INC
704562,2835,AVID BIOSERVICES INC
704695,8731,GENEX CORP
704700,7373,PSYCH SYSTEMS INC
704774,6153,WORLDWIDE COLLECTIONS FUND
704800,3330,PALABORA MINING CO LTD
704862,4899,PHOENIX NETWORK INC
704914,7373,DATAKEY INC
705200,6020,PAB BANKSHARES INC
705356,6020,NATIONAL BANCORP ALASKA INC
705365,1311,BAYOU RESOURCES INC
705403,6020,LANDMARK BANCORP LA HABRA
705405,6799,FLORIDA PARTNERS CORP
705406,7372,ON-LINE SOFTWARE INTL
705408,5812,WALL STREET DELI INC
705432,6020,SOUTHSIDE BANCSHARES INC
705453,1311,TIDE WEST OIL CO
705562,3843,BIONOMIC SCIENCES INTL INC
705581,5122,NETCARE HEALTH  GROUP INC
705618,1040,ATLANTIS MINING & MFG CO
705671,6020,OMEGA FINANCIAL CORP
705679,6020,CAL REP BANCORP
705776,3577,DEST CORP
705783,7990,VERNON VALLEY REC ASSOC INC
705868,2834,BENDA PHARMACEUTICAL INC
706015,7372,FILENET CORP
706021,3443,NORTH ATLANTIC TECH INC
706066,1311,NYCAL CORPORATION
706116,6020,VERMONT FINANCIAL SERVICES
706118,7330,CUSTOM LABORATORIES INC
706129,6020,HORIZON BANCORP INC
706166,4213,WORLDWAY CORP
706169,6036,AMERICAN CENTURY CORP
706171,3086,GOTT CORP
706242,2020,NUTRI BEVCO INC
706314,7373,VALID LOGIC SYSTEMS INC
706459,3661,INTECOM INC
706471,5812,MAX & ERMAS RESTAURANTS
706473,2030,LEGUME INC
706539,2834,CHIRON CORP
706694,5812,SIZZLER RESTAURANTS INTL INC
706698,3845,UTAH MEDICAL PRODUCTS INC
706746,3433,NATIONWIDE POWER CORP
706766,3825,OPTICAL SPECIALTIES INC
706777,3444,BERGER HOLDINGS LTD
706852,6020,RHNB CORP
706863,6020,UNION BANKSHARES INC
706864,3663,MERRIMAC INDUSTRIES INC
706874,6020,PALMETTO BANCSHARES INC
706970,3826,INTL BIOTECHNOLOGIES
707140,7373,SYSTEM INTEGRATORS
707179,6020,OLD NATIONAL BANCORP
707181,3490,CHEMETRON CORP
707385,3571,EAGLE COMPUTER INC
707388,1520,STAR EQUITY HOLDINGS INC
707417,4841,STARCOM INC
707511,2834,REGENERX BIOPHARMACEUTICALS
707542,5734,BUSINESSLAND INC
707549,3559,LAM RESEARCH CORP
707602,6020,NBSC CORP
707604,6020,BRITTON & KOONTZ CAP CORP
707605,6020,AMERISERV FINANCIAL INC/PA
707606,7372,SYSTEMS & COMPUTER TECH CORP
707611,8050,AMERICAN COMMUNITY SERVICES
707668,7372,QUARTERDECK CORP
707776,6794,ENTRE COMPUTER CENTERS INC
707786,1311,UNITED MINING CORP
707805,6020,U S B HOLDING CO INC
707817,6020,MERCHANTS BANCORP INC/DE
707855,6020,PRINCETON NATL BANCORP INC
707879,7389,DOMINO MEDIA INC
707886,6036,UNITED COMMUNITY FINL CORP
707889,3679,TRIANGLE MICROWAVE INC
707945,1000,FRONTIER MINING & OIL CORP
708036,700,HIGH PLAINS GENETICS INC
708196,5812,RESTAURANT ENTERTAINMENT INC
708237,8711,FAIRHAVEN INTL LTD
708250,3827,SCIENTIFIC TECHNOLOGIES INC
708367,3674,SILICON VALLEY RESEARCH INC
708484,2870,ALCIDE CORP
708485,2844,REVLON GROUP INC
708581,1731,UNITED SOLAR ASSOCIATES INC
708717,2836,TAMIR BIOTHECHNOLOGY INC
708781,7389,CASS INFORMATION SYSTEMS INC
708818,7372,NEXTGEN HEALTHCARE INC
708819,8711,MCDERMOTT INTL INC
708821,7371,PAR TECHNOLOGY CORP
708823,2836,CENTOCOR INC
708847,2510,DRESHER INC
708850,3823,DIONEX CORP
708955,6020,FIRST FINL BANCORP INC/OH
709005,5812,NOBLE ROMANS INC
709136,5047,GRAHAM FIELD HEALTH PDS
709138,5812,RITZY'S G.D. INC
709139,7372,HOGAN SYSTEMS INC
709141,4581,NEWAIR FLIGHT INC
709283,3572,QUANTUM CORP
709287,6211,WINTHROP INSURED MTG INV II
709332,5080,SUPREMA INTERNATIONAL INC
709337,6020,FARMERS NATL BANC CORP/OH
709349,2750,TRV MINERALS CORP
709355,1311,CASTLE ENERGY CORP
709502,8734,BIOASSAY SYSTEMS CORP
709519,3571,SUN MICROSYSTEMS INC
709560,8200,GENERAL PHYSICS CORP
709599,8711,DWI CORP
709694,3585,MARGAUX INC
709804,1389,STEEL EXCEL INC
709942,6020,WILBER CORP
710118,4953,WASTE RECOVERY INC
710126,6172,PHOENIX AMERICAN INC
710151,7373,HARRIS & PAULSON INC
710197,7373,MTX INTERNATIONAL INC
710202,1311,TOWNER PETROLEUM CO
710217,7372,VERIDICOM INTERNATIONAL INC
710376,3845,BIOSTIM INC
710485,5812,RAX RESTAURANTS INC  -CL A
710597,3663,AXCESS INTERNATIONAL INC
710752,6792,SABINE ROYALTY TRUST
710807,3443,ALPHA TECHNOLOGIES GROUP INC
710846,3357,FUSHI COPPERWELD INC
710851,8011,READICARE INC
710874,200,DESERT ARABIAN BLOODSTOCK
710884,7373,VITALINK COMMUNICATIONS CORP
710976,3310,NIAGARA CORP
710979,7841,BLOCKBUSTER ENMNT CORP
710983,3577,MINOLTA-QMS INC
711039,3572,MAXTOR CORP
711065,3674,APPLIED MICRO CIRCUITS CORP
711074,2836,MEDCHEM PRODUCTS INC
711083,6020,MID AMERICA BANCORP/KY
711210,6531,ORION FINANCIAL LTD
711307,5070,ACR GROUP INC
711345,1311,BASIC PETROLEUM INTL LTD
711347,2221,GUILFORD INDUSTRIES INC
711377,2834,NEOGEN CORP
711403,6020,FST FID BANCORP FAIRMONT WV
711404,3851,COOPER COS INC (THE)
711405,6324,U S HEALTHCARE INC
711415,4400,MARINE TRANSPORT LINES INC
711419,6799,COMCAST CABLEVISION-PHILA
711425,3827,NETOPTIX CORP
711601,2821,POLYMERIC RESOURCES CP
711665,6552,GADSEN PROPERTIES INC
711669,6020,COLONY BANKCORP INC
711719,3842,BIOSAFETY SYSTEMS INC
711761,7372,LOTUS DEVELOPMENT CORP
711768,5812,FAMILY SHOWTIME THEATRES INC
711770,1311,ROSS EXPLORATION INC
711772,6020,CAMBRIDGE BANCORP
711800,3695,XIDEX MAGNETICS CORP
711808,3825,TENCOR INSTRUMENTS
712029,3571,NORSK DATA A S  -ADR
712034,3990,ACCO BRANDS CORP
712036,3559,VITRONICS CORP
712154,6500,ENER MARK CORP
712194,8071,AMERICAN HEALTH SERVICES CP
712223,7372,HOSPLEX SYSTEMS INC
712326,3695,PRO-CEL INTERNATIONAL INC
712425,7389,ALPNET INC
712511,3663,PROXIM WIRELESS CORP
712515,7372,ELECTRONIC ARTS INC
712534,6020,FIRST MERCHANTS CORP
712537,6020,FIRST COMMONWLTH FINL CP/PA
712618,2250,BASSETT WALKER INC
712667,3823,ENSUN CORP
712744,3576,DIGITAL COMMUNICATIONS ASSC
712752,3559,SILICON VALLEY GROUP INC
712770,6798,ONE LIBERTY PROPERTIES INC
712771,6020,CONNECTONE BANCORP INC
712774,3572,XEBEC
712803,2750,POWERTEL USA INC  -CL A
712815,7373,ASPYRA INC
712822,7372,PHASER SYSTEMS INC
712843,3829,ELXSI CORP
712849,7372,INGRES CORP
712948,7812,CAMSEAL INC
712964,2650,SEALRIGHT CO INC
713002,3569,FLOW INTL CORP
713078,6020,COMMERCE BANC CORP
713079,3086,TS INDUSTRIES INC
713093,4210,BURNHAM SERVICE CORP
713095,6020,FARMERS CAPITAL BANK CORP
713138,3577,MEDIA 100 INC
713168,6020,MARINE CORP-WISC
713275,2834,W WORLD CORP
713412,7372,SYSTEMS CENTER INC
713425,7372,AMERICAN SOFTWARE  -CL A
713492,9995,CHAD THERAPEUTICS INC
713580,1040,GOLDSIL MINING & MILLING INC
713671,6020,DNB FINANCIAL CORP
713676,6020,PNC FINANCIAL SVCS GROUP INC
713864,2510,CLASSIC CORP
713975,6020,SUN BANCORP INC
713996,7371,CORDATUM INC
714154,3571,COMPAQ COMPUTER CORP
714162,2834,EVERGOOD PRODUCTS CORP
714256,3842,SANARA MEDTECH INC
714277,3571,APOLLO COMPUTER INC
714278,8700,INFORMATION RESOURCES INC
714281,5099,COM VU CORP
714282,8742,MERET INC
714284,3714,SORL AUTO PARTS INC
714285,5960,STATUS GAME CORP
714310,6020,VALLEY NATIONAL BANCORP
714311,7359,INTL LEASE FINANCE CORP
714375,7373,TERAK CORP
714395,6020,GERMAN AMERICAN BANCORP INC
714399,3357,CONNECTIVITY TECHNOLGIES INC
714412,2090,BIONEX CORP
714420,3572,ADVANCED LOGIC SYSTEMS INC
714438,6411,COMPU PLAN INC
714460,2834,NOVA PHARMACEUTICAL CORP
714504,6726,HARRIS & HARRIS GROUP-OLD
714530,6020,NEWBRIDGE BANCORP
714540,7370,MPSI SYSTEMS INC
714562,6020,FIRST FINANCIAL CORP/IN
714593,4812,AMERICAN MOBILE SYS
714603,7374,DST SYSTEMS INC
714612,6020,CCB FINANCIAL CORP
714655,2836,BIOGEN INC-OLD
714710,6020,COMMUNITY BANKS INC
714719,6020,FIRST COLONIAL GROUP INC
714756,6020,AMCORE FINANCIAL INC
714865,3571,PYRAMID TECHNOLOGY
714921,3572,MINISCRIBE CORP
714956,7373,PENTA SYSTEMS INTL INC
714981,7373,INTERFACE SYSTEMS INC
715058,3577,SCANTRON CORP
715072,6020,RENASANT CORP
715073,3663,WEGENER CORP
715075,3663,BR COMMUNICATIONS
715086,3572,MASSTOR SYSTEMS CORP
715095,2810,BOC GROUP PLC
715096,6020,COMMERCE BANCORP INC/NJ
715130,3620,WINCOM CORP
715133,7374,COMPUCOM DEVELOPMENT CORP
715148,6020,VILLAGE BANCORP INC
715153,3711,HONDA MOTOR CO LTD
715167,7373,SCIENTIFIC SYSTEMS SERVICES
715247,3845,AMER MEDICAL ELECTRONICS INC
715261,3571,VICTOR TECHNOLOGIES INC
715273,7011,WYNDHAM INTERNATIONAL INC
715355,3721,GULFSTREAM AEROSPACE CORP
715357,5411,FARM FRESH INC
715366,6020,KEYSTONE HERITAGE GROUP INC
715374,100,BIOTECHNICA INTL INC
715375,8731,VUEBOTICS CORP
715414,3555,PUBLISHERS EQUIPMENT CORP
715428,1311,AMERICAN EXPLORATION CO
715430,3845,IMEX MEDICAL SYSTEMS INC
715446,2836,ANIXA BIOSCIENCES INC
715453,8700,PROFESSIONAL AGRI MGMT INC
715573,6020,IVB FINANCIAL CORP
715577,3674,BURR-BROWN CORP
715579,6020,ACNB CORP
715583,1040,JAB INTERNATIONAL INC
715587,1040,CROSSLAND INDUSTRIES CORP
715593,3674,HYTEK MICROSYSTEMS INC
715596,5731,DEVON STORES CORP
715633,5411,VONS COMPANIES INC
715727,2835,INNOTRON DIAGNOSTICS
715779,5621,DEB SHOPS INC
715781,200,MARITEK CORP
715786,7500,KINNEY SYSTEM INC
715787,2273,INTERFACE INC
715792,4213,OVERLAND EXPRESS INC
715795,6162,CRESCOTT INC
715802,3571,SENTRY DATA INC
715803,5072,UNIFAST INDUSTRIES INC
715805,7385,TELEPHONE SPECIALISTS INC
715806,8011,TOTALMED ASSOCIATES INC
715812,3829,BIOSYNERGY INC
715817,3231,RAUCH INDUSTRIES INC
715842,5045,SAVOIR TECHNOLOGY GROUP INC
715932,5812,1 POTATO 2 INC
715957,4911,DOMINION ENERGY INC
715969,4941,UNITED WATER RESOURCES
715991,6020,CITI-BANCSHARES INC
715994,5961,MEDIVIX INC
716006,4213,YELLOW CORP
716039,1311,UNOCAL CORP
716054,2836,CYPRESS BIOSCIENCE INC
716101,6794,HYDROGEN POWER INC
716133,4813,CINCINNATI BELL INC
716180,5331,WAREHOUSE CLUB INC
716186,3577,IGC INC
716193,2844,ALLERCARE INC
716214,7371,TEKNOWLEDGE CORP
716266,6211,REALAMERICA CO
716302,8051,CARE ENTERPRISES
716314,3443,GRAHAM CORP
716384,9995,AMERICAN MEDCARE CORP
716399,9995,IQUNIVERSE INC
716407,6020,CORNERSTONE FINANCIAL CP-OLD
716438,5531,TRAK AUTO CORP
716457,6020,FRONTIER FINANCIAL CORP/WA
716459,6020,PROMISTAR FINANCIAL CORP
716469,5651,RETAIL SERVICES INC
716524,3690,PEI INC
716605,6020,PENNS WOODS BANCORP INC
716615,6020,BKLA BANCORP
716629,7380,BI INC
716634,7830,READING INTL INC  -CL A
716643,7200,REGIS CORP/MN
716644,6799,AVATEX CORP
716646,2836,CLINICAL DATA INC
716688,3679,MICROWAVE FILTER CO INC
716704,7510,PEOPLE RIDESHARING SYSTEMS
716712,3577,PRIMAGES INC  -CL A
716714,7372,STERLING SOFTWARE INC
716729,4512,CONTINENTAL AIRLINES INC-OLD
716740,5500,E&B MARINE INC
716741,4213,PRESTON CORP
716783,3270,LAFARGE NORTH AMERICA INC
716823,3559,MILACRON INC
716827,2834,LYPHOMED INC
716860,7372,CONSCO ENTERPRISES INC
716861,2834,VEREX LABORATORIES INC
716879,4812,CELUTEL INC
716903,7372,COMPUTER LANGUAGE RESEARCH
716934,3021,CVEO CORP
717014,3845,ACUSON CORP
717037,3341,AMERICAN STRATEGIC METALS
717059,6020,WEST COAST BANCORP/OR
717192,5051,MERIDIAN NATIONAL CORP
717197,8051,INTERWEST MEDICAL CORP
717201,3728,FLEET AEROSPACE INC
717203,5734,COMPUSHOP INC
717216,6159,SECOND STREET CAPITAL INC
717217,6036,SECURITY CAPITAL BANCORP
717238,7372,MSC SOFTWARE CORP
717240,6200,TELERATE INC
717241,4924,TRANS LOUISIANA GAS CO INC
717242,3841,CENTAUR SCIENCES INC
717274,5211,HOME CENTERS OF AMERICA INC
717306,6020,FIRST CHARTER CORP
717318,8062,GATEWAY MEDICAL SYSTEMS INC
717324,4512,AIR WISCONSIN SERVICES INC
717422,2452,LINCOLN LOGS LTD
717423,1311,MURPHY OIL CORP
717468,3571,COLUMBIA DATA PRODUCTS INC
717517,8060,HEALTHCARE INTL  -CL A
717538,6020,ARROW FINANCIAL CORP
717585,6020,FIRST UNITED BANCORP
717605,2821,HEXCEL CORP
717653,5122,EXOVIR INC
717720,2721,VALUE LINE INC
717723,8062,BASIC AMERICAN MEDICAL INC
717751,3669,INTL ELECTRONICS INC
717754,1311,INLAND RESOURCES INC/WA
717806,6020,FIRST US BANCSHARES INC
717809,6020,KEYSTONE FINANCIAL INC
717826,3663,TELEFONAKTIEBOLAGET LM ERICS
717829,2771,GIBSON GREETINGS INC
717834,3572,MAGNETIC INFORMATION TECH
717837,6020,FST OAK BROOK BANCSHR  -CL A
717855,1221,BENAFUELS INC
717954,2300,UNIFIRST CORP
718007,2834,DELSITE INC
718025,3490,DATATRAK INC
718026,7372,INFO DESIGNS INC
718031,7389,ENDATA INC
718044,3576,ARTEL COMMUNICATIONS CORP
718053,1040,CAMPBELL RESOURCES INC
718074,5065,NU HORIZONS ELECTRONICS CORP
718076,7373,SYSTEMS ASSOCIATES INC-DEL
718077,6020,PEOPLES FIRST CORP
718082,5010,BIG O TIRES INC
718083,8731,HUNTINGDON LIFE SCIENCE PLC
718084,5961,EPIC HEALTH GROUP INC
718096,3651,COSMO COMMUNICATIONS CORP
718111,6035,AMERICAN SVGS/FL FSB
718130,7373,INTEGRAL SYSTEMS INC
718212,7819,WESTERNWORLD SAMUEL COMM INC
718244,4953,WESTERN WASTE INDUSTRIES
718245,2836,DAMON BIOTECH INC
718247,3842,DTI MEDICAL CORP
718248,3575,TELERAM COMMUNICATIONS CORP
718332,5812,RAVE RESTAURANT GROUP INC
718388,7372,CORDERO INDUSTRIES INC
718396,3843,VICON FIBER OPTICS CORP
718432,3823,VANZETTI SYSTEMS INC
718438,5661,ARMEL INC
718448,6211,DISCOUNT CORP NY/DEL
718449,5531,TBC CORP
718451,7359,ADVANTAGE COS INC/DE
718460,3661,INTERAND CORP
718474,2033,PACKAGING RESEARCH CORP
718482,6211,EDWARDS (A G) INC
718487,3220,SPECTRAN CORP
718550,6099,ELECTRONIC FINANCIAL SYSTEMS
718573,3661,RADYNE CORP
718576,3661,PULSEPOINT COMMUNICATIONS CP
718577,7377,SELECTERM INC
718585,2835,CELLULAR PRODUCTS
718607,6020,CHARTER BANCSHARES INC
718633,3841,MEDICAL TECHNOLOGY PRODUCTS
718660,3990,DISPLAY TECHNOLOGIES INC
718789,3990,SHFL ENTERTAINMENT INC
718809,3661,TELEPHONE SUPPORT SYS INC
718823,3577,DISTRIBUTED LOGIC CORP
718827,3567,SEILER POLLUTION CONTROL SYS
718865,3572,STREAMLOGIC CORP
718877,7372,ACTIVISION BLIZZARD INC
718892,3679,POWERTEC INC
718903,6020,FOOTHILL INDPT BANCORP
718909,6172,HPSC INC
718916,5651,BURLINGTON COAT FACTORY INVS
718924,3842,SPAN-AMERICA MEDICAL SYS INC
718937,3851,STAAR SURGICAL CO
718940,4813,BCE INC
718976,7372,BGS SYSTEMS INC
718978,5020,RIVER OAKS INDUSTRIES
719073,3841,CABOT MEDICAL CORP
719082,7841,MAJOR VIDEO CORP
719113,5812,SIS CORP
719130,2835,FCS LABS INC
719135,3845,APYX MEDICAL CORP
719146,6035,BANCFLORIDA FINANCIAL CORP
719152,3827,INTEGRAL VISION INC
719157,1040,REMINGTON DIVERSIFIED INDS
719158,7372,AMHERST ASSOCIATES INC
719159,3559,VHC LTD
719164,2790,SCHAWK INC  -CL A
719172,3089,CALMAR INC
719181,3826,VEGA BIOTECHNOLOGIES INC
719182,8742,OLIVIER MANAGEMENT CORP
719187,1311,MSR EXPLORATION LTD
719209,1311,ISRAMCO INC
719216,7374,HALE SYSTEMS INC
719220,6020,S & T BANCORP INC
719227,6020,CBT CORP/KY
719242,8062,ORNDA HEALTHCORP
719245,6020,WESTPAC BANKING
719271,6153,TRANSFINANCIAL HOLDINGS INC
719274,3670,GIGA-TRONICS INC
719275,2834,ERBAMONT N.V.
719322,3576,WEITEK CORP
719402,6020,FIRST NATIONAL CORP/VA
719413,1040,HECLA MINING CO
719425,5812,PASTABILITIES FOOD SERVICE
719447,2835,HYCOR BIOMEDICAL INC
719483,2835,SYNBIOTICS CORP
719494,3679,INRAD OPTICS INC
719497,3841,MARQUEST MEDICAL PRODS INC
719511,4700,BRAE CORP
719520,6311,FIRST CAPITAL HOLDINGS CORP
719522,7389,ISOMEDIX INC
719544,6211,QUICK & REILLY GROUP INC
719545,3826,APPLIED BIOSYSTEMS INC -OLD
719546,1531,GENERAL HOMES CORP
719547,2451,CLAYTON HOMES INC
719582,3590,SI TECHNOLOGIES INC
719597,3579,GRADCO SYSTEMS INC
719598,2835,MOLECULAR BIOSYSTEMS INC
719611,3842,U S HEALTH RESOURCES CORP
719612,7372,LEARNING CO INC
719613,7372,CALI COMPUTER SYSTEMS INC
719623,6020,UNITED COUNTIES BANCORP
719625,3640,ILC TECHNOLOGY INC
719650,5990,DYANSEN CORP
719664,8744,KENTRON INTERNATIONAL INC
719702,7370,GTECH CORP
719703,6331,FAIRMONT FINANCIAL INC
719704,3663,WIDCOM INC
719711,8731,BIOQUAL INC
719721,5651,MERRY-GO-ROUND ENTERPRISES
719722,3845,CARDIODYNAMICS INTL CORP
719727,3845,CIRCON CORP
719729,3663,CALYPSO WIRELESS INC
719733,3670,KEY TRONIC CORP
719739,6020,SVB FINANCIAL GROUP
719754,1040,GOLDEN CYCLE GOLD CORP
719774,6211,WOLF FINANCIAL GROUP INC
719775,4950,OMNICORP LTD
719798,5940,CROWN BOOKS CORP
719866,3790,ARCTIC CAT INC
719955,5961,WILLIAMS-SONOMA INC
719960,8731,INTEGRATED GENETICS
719961,5812,EL CHICO RESTAURANTS INC
719969,4813,SATELCO INC
720002,6020,MAINSOURCE FINL GROUP INC
720005,6211,RAYMOND JAMES FINANCIAL CORP
720009,3790,NAUTILUS ENVIROMEDICAL SYS
720013,3845,COLORADO MEDTECH INC
720031,7371,COMPTEK RESEARCH INC
720032,3842,SCOTT TECHNOLOGIES INC
720062,2844,COOPER DEVELOPMENT CO
720131,8351,MAGIC YEARS CHILD CARE INC
720145,3576,CIPRICO INC
720148,7373,AVANT-GARDE COMPUTING INC
720154,8731,INOTIV INC
720246,1311,TRANSCO EXPLORATION  -LP
720327,3842,SYMBION INC-OLD
720350,5734,WORLD OF COMPUTERS INC
720390,8011,HEALTHAMERICA CORP
720411,6794,AUTOSPA CORP
720462,6200,MARKET GUIDE INC
720476,7389,MAXSERV INC
720477,3845,IMATRON INC
720479,6331,VICTORIA FINANCIAL CORP
720480,7363,ATC HEALTHCARE INC  -CL A
720481,7373,DYNAMIC HEALTHCARE TECH INC
720500,3559,AMTECH SYSTEMS INC
720501,2273,HORIZON INDUSTRIES INC
720505,3669,DENNING MOBILE ROBOTICS
720507,7373,COMPUTRAC INC
720527,6153,FOXMOOR INDUSTRIES LTD
720577,3842,SUNRISE MEDICAL INC
720609,8062,HEI CORP
720626,5331,RETAILING CORP OF AMERICA
720642,2721,PLAZA COMMUNICATIONS INC
720671,7373,HALIFAX CORP
720672,6211,STIFEL FINANCIAL CORP
720676,1311,XCL LTD
720685,4922,AMERICAN NATURAL RESOURCES
720695,9995,PATHE COMMUNICATIONS CP
720744,8731,INTL GENETIC ENGINEERING INC
720762,9995,NON INVASIVE MONITOR
720790,3825,TESTAMATIC CORP
720851,7373,NESTOR INC
720858,6361,INVESTORS TITLE CO
720875,3845,DYNATRONICS CORP
720883,6020,COMMERCEBANCORP
720891,2511,KINCAID FURNITURE CO INC
720895,5045,MICRO D INC
720896,3490,MEMRY CORP
720900,6211,MCDONALD & CO INVESTMENTS
720915,6794,WORLD MAIL CENTER INC
721059,6141,RELIANCE ACCEPTANCE GRP INC
721080,7373,AZUL HOLDINGS INC
721083,2890,SMITH INTERNATIONAL INC
721161,6020,SJNB FINANCIAL CORP
721171,3571,COMPUTER COMPONENTS CORP
721176,7370,WORLDWIDE XCEED GROUP INC
721233,2821,CHURCHILL TECHNOLOGY INC
721235,7377,SATELLITE INFO SYST CO-OLD
721237,8200,NOBEL LEARNING CMNTYS INC
721260,7372,FREY ASSOCIATES INC
721295,3576,CYBER DIGITAL INC
721353,3661,VOTRAX INC
721356,3590,THERMEDICS INC
721371,5122,CARDINAL HEALTH INC
721380,4899,TEMPO ENTERPRISES INC
721408,2834,CHANTAL PHARMACEUTICAL CORP
721447,2844,CCA INDUSTRIES INC
721601,8062,CHAMPION HEALTHCARE CORP
721602,2670,THT INC
721647,9995,LEHMAN T H & CO INC
721669,2511,LADD FURNITURE INC
721670,6020,WESTERN BANCORP
721671,2834,TOWNE PAULSEN INC
721675,5412,DAIRY MART CONVENIENCE STRS
721683,7389,TOTAL SYSTEM SERVICES INC
721684,5122,VITA PLUS INDUSTRIES INC
721688,5271,MANUFACTURED HOMES  -CL A
721693,3620,CHINA RECYCLING ENERGY CORP
721701,3640,ATCOR INC
721765,6792,LL&E ROYALTY TRUST
721773,6099,ELECTRONIC CLEARING HOUSE
721776,3663,FOX TECHNOLOGY INC
721924,1040,WHARF RESOURCES LTD
721934,7372,INFORMATION SCIENCE
721994,6020,LAKELAND FINANCIAL CORP
722032,3530,HI TECH ROBOTICS LTD
722044,7380,CABLEGUARD INC
722051,3651,NCT GROUP INC
722056,7370,RATIONAL SOFTWARE CORP
722057,5412,CONVENIENT FOOD MART INC
722073,4731,NORTHERN AIR FREIGHT INC
722075,6162,HAMMOND CO
722079,2870,TERRA INDUSTRIES INC
722080,1040,ECHO BAY MINES LTD
722104,2836,SAVIENT PHARMACEUTICALS INC
722144,5172,ARCH PETROLEUM INC
722202,6020,MOUNTAINEER BNKSHRS W VA INC
722203,1311,FEDERATED NATURAL RES LIQ TR
722243,6324,HEALTHGROUP INTERNATIONAL
722255,3579,ZIYAD INC
722256,6020,HUDSON VALLEY HOLDING CORP
722313,3679,NORTECH SYSTEMS INC
722383,3661,EAGLE TELEPHONICS INC
722392,3679,PLANAR SYSTEMS INC
722519,5734,COMPUTER DEPOT INC
722567,3580,CAPRIUS INC
722570,7373,FINANCIAL SYSTEMS TECHNOLOGY
722571,6726,PMC CAPITAL INC
722572,3661,FRANKLIN WIRELESS CORP
722573,6324,MAXICARE HEALTH PLANS
722576,6211,ROONEY PACE GROUP INC
722580,8071,VIVIGEN INC
722582,3577,DATASOUTH COMPUTER CORP
722607,7372,WALL DATA INC
722617,2834,MEDICAL NUTRITION USA INC
722642,2844,GUEST SUPPLY INC
722692,8011,SURGICAL CARE AFFILIATES-OLD
722723,8093,HANGER INC
722743,7377,FINALCO GROUP INC
722768,6099,FIRST DATA RESOURCES INC
722807,6282,EQUITEC FINANCIAL GROUP INC
722808,5122,BINDLEY WESTERN INDS
722811,3845,INSTRUMENTARIUM CORP
722820,7822,SATORI ENTERTAINMENT CORP
722822,3571,KAYPRO CORP
722825,3714,WEDTECH CORP
722826,7372,FDP CORP
722828,3561,TELETRAK ENVIRONMENTAL SYS
722830,2835,IMMUNOMEDICS INC
722839,4700,ONETRAVEL HOLDINGS INC
723041,6020,BANCO CENTRAL HISPANO
723064,3572,MICROCOMPUTER MEMORIES INC
723125,3674,MICRON TECHNOLOGY INC
723163,6512,CITADEL GOLD MINES INC-OLD
723188,6020,COMMUNITY BANK SYSTEM INC
723198,2673,AMERICAN WESTERN CORP (NEW)
723209,3873,FIRSTIME DESIGN LTD
723254,7200,CINTAS CORP
723264,5734,AMERICAN SOFTWARE TECHNOLOGY
723272,4841,SCOTT CABLE COMMUNICATIONS
723312,8731,SONEX RESEARCH INC
723323,6020,LETCHWORTH INDEPENDENT BNSHR
723371,2300,HARTMARX CORP
723385,2834,MEDCO RESEARCH INC
723433,3663,TELECOMMUNICATIONS SPECIALST
723441,2670,AMPAD CORP
723458,6020,STATE BANCORP/NY
723519,6211,PITTOCK FINANCIAL SERVICES
723527,4813,MCI INC
723531,8721,PAYCHEX INC
723532,6324,PREFERRED HEALTH CARE LTD
723534,3841,BALLARD MEDICAL PRODUCTS
723574,7373,1MAGE SOFTWARE INC
723576,5812,A & M FOOD SERVICES INC
723577,3661,DIGITECH INC
723592,7389,SSI SURGICAL SERVICES INC
723603,2211,CULP INC
723610,3571,STRATUS COMPUTER INC
723612,7510,AVIS BUDGET GROUP INC
723615,3690,TNR TECHNICAL INC
723616,9995,STERLING CAPITAL INV  -CL A
723639,3679,AULT INC
723646,6020,FRANKLIN FINANCIAL SVCS CORP
723648,6020,KEY CENTURION BANCSHARES
723731,7373,CADEC SYSTEMS INC
723799,7373,DIMENSIONAL MEDICINE
723878,6020,LAKE ARIEL BANCORP INC
723888,3640,JUNO LIGHTING INC
723889,3821,MICROFLUIDICS INTL CORP
723906,8071,MIRACOR DIAGNOSTICS INC
723916,6020,MERIDIAN BANCORP INC
723922,3861,VIEW-MASTER IDEAL GROUP INC
723924,5600,S & K FAMOUS BRANDS INC
723925,1531,CENVILL PROPERTIES INC
723928,3575,SILICON MOUNTAIN HOLDINGS
723944,8734,PRAGMA BIO-TECH INC
724004,3821,MESA LABORATORIES INC
724024,6331,AMERICAN PHYSICIANS SVC GP
724026,6099,FIRST DATA MANAGEMENT CO INC
724051,5080,CHANCELLOR CORP
724096,7372,CHANCELLOR COMPUTER CORP
724103,5960,OLD FASHION FOODS INC
724126,8011,AMBULATORY MEDICAL CARE INC
724138,3690,ELBIT LTD
724141,8071,NMR OF AMERICA INC
724176,1311,MAXUS ENERGY CORP
724179,6020,PACIFIC INLAND BANCORP
724198,6020,CNB BANCSHARES INC
724226,5990,PEARLE HEALTH SERVICES INC
724267,3663,PHAZAR CORP
724470,7372,META-SOFTWARE INC
724522,5812,IL FORNAIO AMERICA CORP
724533,6799,AMER INSURED MTG INVS  -LP
724571,5331,FREDS INC
724606,5812,PANERA BREAD CO
724621,3571,TEXAS MICRO INC
724679,7373,BKW SYSTEM INC-DEL
724705,3841,ANGIOMEDICS INC
724742,6512,TRINITY PLACE HOLDINGS INC
724767,3576,PROTOCOL COMPUTERS INC
724768,3578,ATV SYSTEMS INC
724784,3672,POLYCOMPUTERS INC
724829,5812,RESTAURANT SYSTEMS INC
724885,2510,BENCH CRAFT INC
724899,3661,ADVANCED COMMUNICATIONS INC
724904,3823,ARIZONA INSTRUMENT CORP
724910,3674,NVE CORP
724940,7372,AMERICAN EDUCATIONAL COMPUTR
724941,5045,MERISEL INC
724967,5812,PERFORMANCE INDUSTRIES INC
724968,3576,FIBRONICS INTERNATIONAL INC
724969,3841,MINNTECH CORP
724970,6794,MAXAXAM CORP
724971,4841,MCS TELECOMMUNICATIONS INC
724976,3577,DATACOPY CORP
724983,5812,PO FOLKS INC
724986,4924,TENNESSEE NATURAL RESOURCES
724988,3672,PARLEX CORP
724989,2844,ADRIEN ARPEL INC
724991,7372,SIERRA ON-LINE INC
725014,3713,RAWSON KOENIG INC
725058,2835,CYTOGEN CORP
725151,8071,MEDICAL RESOURCES INC
725182,3571,AST RESEARCH INC
725259,3825,CERPROBE CORP
725265,1700,SPW CORP
725282,7370,ELOT INC
725308,4833,LOW POWER TECHNOLOGY INC
725311,7812,VISTA ORGANIZATION LTD
725314,6172,EATON FINANCIAL CORP
725363,2836,CEL-SCI CORP
725364,5211,NATIONAL LUMBER & SUPPLY INC
725366,1400,HYPONEX CORP
725368,4512,COMMAND AIRWAYS INC
725398,5140,TUBBY'S INC
725457,4412,APL LTD
725460,2844,PC GROUP INC
725476,7381,SAHLEN & ASSOCIATES INC
725518,8734,AURORA ENVIRONMENTAL INC
725549,7990,MANDALAY RESORT GROUP
725552,2040,AMERICAN FRUCTOSE  -CL A
725555,8062,SUMMIT HEALTH LTD
725571,2511,UNIVERSAL FURNITURE  -ORD
725572,3661,STARTEL CORP
725585,4841,WESTMARC COMMUN INC  -CL A
725625,4922,CORNERSTONE NATURAL GAS
725627,3845,HEALTHWATCH INC
725628,7372,SOFTWARE SERVICES OF AM INC
725727,3663,STANFORD TELECOMMUNICATIONS
725737,7372,INNOVATIVE SOFTWARE INC
725738,3576,WINTERHALTER INC
725774,2890,ANGSTROM TECHNOLOGIES INC
725777,8051,MEDIPLEX GROUP INC
725780,3575,ESPRIT SYSTEMS INC
725784,6799,CRI INSD MTG INVTS  -LP
725785,7370,EPSILON DATA MANAGEMENT INC
725813,2200,CHEMFAB CORPORATION
725816,5812,RESTEC SYSTEMS INC
725820,5812,DEL TACO RESTAURANTS INC-OLD
725823,3576,VERTICOM INC
725845,3695,ROBOT DEFENSE SYSTEMS INC
725869,7372,CYBERTEK CORP
725876,7370,FUNCTION(X) INC
725897,3663,CIRCUIT RESEARCH LABS INC
726031,2030,FAMIGLIA BRANDS INC
726037,5063,WINDGEN ENERGY INC
726077,3845,BIOGENIX INC
726211,7385,PARAGON COMMUNICATION SYS
726294,6020,BELMONT BANCORP
726326,5812,RUSTY PELICAN RESTAURANTS
726330,8082,CARE PLUS INC
726348,3661,PKS COMMUNICATIONS INC
726391,5734,MBI BUSINESS CENTERS INC
726420,5990,DECOR CORP
726431,3575,TERMIFLEX CORP
726435,3330,APOLLO SOLAR ENERGY INC
726443,5912,BEST BUY DRUGS INC
726451,3576,TELEBYTE INC
726494,7990,U S HEALTH INC
726512,5122,SCIOS INC
726513,4833,TRIBUNE MEDIA CO
726514,3690,ELECTRO SCIENTIFIC INDS INC
726517,6020,MERCHANTS BANCSHARES INC/VT
726569,7990,COLORADO CASINO RESORTS INC
726570,3841,BIOMEDICAL DYNAMICS CORP
726571,3822,INFOTECH MANAGEMENT INC
726593,5013,CAPITAL INDUSTRIES INC
726601,6020,CAPITAL CITY BK GROUP INC
726602,5944,CIRO INC
726603,2741,QUESTAR ASSESSMENT INC
726606,5961,DIAGNOSTEK INC
726615,6324,INDEPENDENCE HEALTH PLAN INC
726617,4213,BUILDERS TRANSPORT INC
726637,3822,ANDOVER CONTROLS CORP
726656,2711,BAKER COMMUNICATIONS INC
726712,3571,SULCUS HOSPITALITY TECH CP
726714,7373,NETWORK SIX INC
726728,6798,REALTY INCOME CORP
726732,7370,MEDSTAT GROUP INC
726744,3576,BYTEX CORP
726747,3663,ADVANCED CELLULAR TECH INC
726803,1040,WESTAR CORP
726838,8731,NIGHT VISION CORP
726845,1040,CAPITAL GOLD CORP
726854,6020,CITY HOLDING CO
726911,2631,CORPORATE DATA SCIENCES INC
726957,4833,PARK COMMUNICATIONS INC
726958,5412,CASEYS GENERAL STORES INC
726977,6211,RODMAN & RENSHAW CAPITAL-OLD
726985,6324,CENTURY MEDICORP
726987,8011,AMERICAN EMERGICENTER INC
726990,6020,AMERICANWEST BANCORP
726991,7374,WORLCO DATA SYSTEMS INC
726997,7374,TLS CO
727008,2835,E-Z-EM INC
727010,3672,ELEXSYS INTERNATIONAL INC
727063,7372,PURCHASESOFT INC
727066,5500,PACIFIC INTL SERVICES CORP
727074,3843,PENN MED TECHNOLOGY INC
727085,3842,SCOPAS TECHNOLOGY CO INC
727089,5812,AMARILLO MESQUITE GRILL INC
727097,1311,WHITING PETROLEUM CORP-OLD
727120,5065,ANTHEM ELECTRONICS INC
727127,7372,SCS/COMPUTE INC
727162,2750,GRAPHIC INDUSTRIES
727164,7373,INFORMEDICS INC
727207,2835,ACCELERATE DIAGNOSTICS INC
727273,4941,CADIZ INC
727283,1311,HAMILTON OIL CORP
727303,6324,SAFEGUARD HEALTH ENTERPRISES
727326,8082,ALLIED NURSING CARE INC
727346,6798,GLOBAL HEALTHCARE REIT
727347,5065,ACTIVE LINK COMMUNICATIONS
727472,7372,ASHTON-TATE CO
727482,5211,HOMECRAFTERS WAREHOUSE INC
727489,7370,PREDICTIVE SYSTEMS INC
727503,5961,SPORTING LIFE INC
727510,2836,ENZON PHARMACEUTICALS INC
727585,6324,PEAK HEALTH CARE INC
727621,3674,GATEFIELD CORP
727634,7372,ISIGN SOLUTIONS INC
727672,3845,SPECTRASCIENCE INC
727683,5140,SPECIALTY RETAIL CONCEPTS
727737,2836,LIFE TECHNOLOGIES INC
727739,5621,CLOTHESTIME INC
727747,5812,AMERICAN FAMILY PIZZA INC
727748,5912,MEDICARE-GLASER CORP
728249,3576,INTERPHASE CORP
728258,2030,UNITED FOODS  -CL A
728294,2835,LEECO DIAGNOSTICS INC
728299,2870,SPECTRUM GROUP INC
728303,5013,COAST DISTRIBUTION SYSTEMS
728312,5812,SCB RESTAURANT SYSTEMS INC
728313,7372,NCA CORP
728330,2844,DEP CORP
728331,3829,SUTRON CORP
728368,6798,INSTITUTIONAL INVESTORS-DEL
728376,3577,AXIOHM TRANSACTION SOLUTIONS
728387,2836,ISORAY INC
728389,8082,NATIONAL HOME HEALTH CARE
728391,4911,IPALCO ENTERPRISES INC
728392,8071,WENDT-BRISTOL HEALTH SVC CP
728398,3559,APPLIED DATA COMMUNICATIONS
728478,9995,KENT INTL HOLDINGS INC
728491,8062,HEALTH RESOURCES CORP OF AM
728528,5731,FEDERATED GROUP INC
728529,3559,ENGINEERED SYS & DEV CORP
728534,6020,ALLIANCE BANCORPORATION
728535,4213,HUNT (JB) TRANSPRT SVCS INC
728789,6282,NATIONAL SECURITIES & RES CP
729069,2834,FAULDING INC
729156,2731,PEOPLES EDUCATIONAL HOLDINGS
729171,3944,CRAFT HOUSE CORP
729173,6099,CHARGIT INC
729176,2090,CELESTIAL SEASONINGS INC
729197,3661,CERMETEK MICROELECTRNICS INC
729213,9995,QMED INC
729216,5047,FERTIL-A-CHRON INC
729232,3572,PROFIT TECHNOLOGY INC
729237,6798,PARKWAY PROPERTIES INC
729242,7310,PROMOVISION VIDEO DISPLAYS
729270,4832,SATELLITE MUSIC NETWORK INC
729284,3140,MCRAE INDUSTRIES  -CL A
729330,3845,4-D NEUROIMAGING
729365,6795,KAISER VENTURES INC
729439,6794,INTEGRATED LOGIC SYSTEMS INC
729470,7385,CTG INC
729472,6411,CCC INFORMATION SERVICES INC
729499,200,SPENDTHRIFT FARM INC
729519,3564,TEXCEL INTERNATIONAL
729520,3812,DYNAMIC SCIENCES INTL
729533,3672,HADCO CORP
729545,6794,HUDSONS GRILL AMER
729576,3949,CML GROUP
729580,3677,BEL FUSE INC
729582,2330,CHEROKEE GROUP INC
729583,3812,CINCINNATI MICROWAVE INC
729588,7389,SOLAR SATELLITE COMM
729599,9995,SENTEX SENSING TECHNOLOGY
729600,6211,MORGAN KEEGAN INC
729602,2200,COATED SALES INC
729621,4833,GULF BROADCAST CO
729622,3944,LJN TOYS LTD
729636,8700,MARTINEZ & MURPHEY INC
729638,5734,COMPUTER STORE INC
729645,3845,PHYSIO TECHNOLOGY INC
729647,4813,ADVANCED TELECOMMUNICATIONS
729830,3949,SPORTS MARKETING INC
729922,2835,OSI PHARMACEUTICALS INC
729970,5411,DELCHAMPS INC
729971,3559,TURN TECHNOLOGY INC
729977,6211,FLORIDA SUN INTERNATIONAL
729979,5311,PARISIAN INC
729986,6020,UNITED BANKSHARES INC/WV
730000,3674,SUPERTEX INC
730025,6020,HORIZON BANCORP INC/WV
730030,6020,COMM BANCORP INC
730041,5812,T.G.I.F. TEXAS INC
730045,5110,IMTEC INC
730052,5712,A.A. IMPORTING CO INC
730066,7310,ACTMEDIA INC
730078,8071,IFEX INC
730255,3663,CALAMP CORP
730257,8093,HEALTHCARE AFFILIATES INC
730259,4210,COURIER DISPATCH GROUP INC
730263,3716,THOR INDUSTRIES INC
730272,2836,REPLIGEN CORP
730314,2834,IMUTECH INC
730338,3524,INERTIA DYNAMICS CORP
730339,3021,SLHD INC
730347,6794,ADDITIVE TECHNOLOGY CORP
730349,2024,TOFUTTI BRANDS INC
730358,2834,SYNERGEN INC
730390,3577,CODERCARD INC
730411,3661,INTERSTATE CELLULAR TELECOM
730464,8200,ADTALEM GLOBAL EDUCATION INC
730469,2834,ALPHARMA INC  -CL A
730476,6726,Z-SEVEN FUND INC
730553,3716,ELDORADO MOTOR CORP
730564,2590,SHELBY WILLIAMS INDS INC
730565,3460,WILTON ENTERPRISES INC
730626,7812,TOUR CFG INC
730665,7373,VECTOR AUTOMATION INC-NEW
730708,6020,SEACOAST BANKING CORP/FL
730716,3827,ZYGO CORP
730717,5734,INACOMP COMPUTER CENTERS INC
730744,7812,EDGEWOOD FILMS INC
730757,2836,IMREG INC  -CL A
730810,3480,SOONER DEFENSE OF FLORIDA
730922,7500,JIFFY LUBE INTL
730983,7372,SCRIBE SYSTEMS INC
730985,100,DNA PLANT TECHNOLOGY CORP
730989,7372,EDP SYSTEMS INC
731012,8090,HEALTHCARE SERVICES GROUP
731181,3661,V BAND CORPORATION
731185,7990,LIVINGWELL INC
731190,4955,IT GROUP INC
731241,3842,CROSS MEDICAL PRODUCTS INC
731244,6020,B M J FINANCIAL CORP
731245,6798,PRESIDENTIAL RLTY NEW  -CL B
731246,3652,HME RECORDS INC
731248,3672,FINAL TEST INC
731252,2835,PACIFIC PHARMACEUTICALS INC
731267,8741,DENTAL MANAGEMENT SVCS INC
731268,5600,TENNIS LADY INC
731306,3842,GIL-MED INDUSTRIES INC
731308,2844,QMAX TECHNOLOGY GROUP INC
731336,2836,GENETICS INSTITUTE INC
731427,3559,TRACE PRODUCTS
731444,2911,GULF CORP
731445,3669,FANON COURIER USA INC
731446,3845,CARIBBEAN AMERN HLTH RESORTS
731467,5331,WAGS STORES INC
731502,3669,MCDATA CORP  -CL A
731619,3576,MYLEX CORP
731625,8082,HOSPITAL STAFFING SVCS INC
731647,6799,ENVIT CAPITAL GROUP INC
731653,6020,UNITED BANCORP INC/OH
731655,3572,ARCHIVE CORP
731657,3674,SPIRE CORP
731714,6211,GRUNTAL FINANCIAL CORP
731724,5812,CUCOS INC
731725,5812,EL TORITO RESTAURANTS INC
731727,1040,SILVERADO GOLD MINES LTD
731766,6324,UNITEDHEALTH GROUP INC
731773,7311,ALLY & GARGANO INC
731802,4924,ATMOS ENERGY CORP
731804,6020,FP BANCORP INC
731807,5810,MCFADDIN VENTURES INC
731819,7389,VOICEMAIL INTL INC
731824,3576,DEVELCON ELECTRONICS LTD
731838,3571,HITECH ENGINEERING CO
731841,6794,MEDICINE SHOPPE INTL INC
731859,5160,AMPAL-AMERICAN ISRAEL CORP
731895,3490,MID-WEST SPRING MFG CO
731913,3612,TOPAZ INC
731933,2090,STEVIA INC
731938,2750,GRAPHIC TECHNOLOGY INC
731939,2631,TEMPLE-INLAND INC
731944,4512,SIMMONS AIRLINES INC
732026,3559,TRIO-TECH INTERNATIONAL
732152,5072,QUESTRON TECHNOLOGY INC
732240,3550,THERMWOOD CORP
732248,3669,FIRECOM INC
732351,5731,TOP BRASS ENTERPRISES INC
732412,4841,MULTIBAND CORP
732418,2835,PRECO INC
732485,2836,GENZYME CORP
732564,7384,RADTECH INC
732591,7372,STOCKHOLDER SYSTEMS
732639,4011,SANTA FE PACIFIC CORP
732640,6035,BANKERS FIRST CORP
732644,5940,HERMANS SPORTING GOODS INC
732677,1540,DWIGHT HEALTH CARE INC
732678,6798,UNITED REALTY INVESTORS INC
732700,1311,POWERHOUSE RESOURCES INC
732712,4812,VERIZON COMMUNICATIONS INC
732713,4813,BELLSOUTH CORP
732714,4813,NYNEX CORP
732715,4813,AMERITECH CORP
732716,4813,PACIFIC TELESIS GROUP
732717,4812,AT&T INC
732718,4841,MEDIAONE GROUP INC
732722,3089,COMPONENT TECHNOLOGY CORP
732772,3571,FLEXIBLE COMPUTER  -CL A
732775,4522,FLIGHT INTERNATIONAL GROUP
732780,4400,MARINE TRANSPORT CORP
732786,2842,BARRIER SCIENCE & TECH INC
732814,1311,APPALACHIAN OIL & GAS CO INC
732834,1311,CONTINENTAL RESOURCES INC
732887,6200,INSTINET CORP
732937,1311,WESTERN ENERGY DEVELOPMENT
732986,6211,MOSELEY HOLDING CORP
733060,6282,PIONEER GROUP INC
733099,4812,ROGERS COMMUNICATIONS  -CL B
733267,7812,FRIES ENTERTAINMENT INC
733269,7370,LIVERAMP HOLDINGS INC
733289,1311,GLOBAL NATURAL RESOURCES INC
733314,9995,REPUBLIC GOLDFIELDS
733466,4512,WINGS WEST AIRLINES INC
733590,6513,TRANSCONTINENTAL RLTY INVS
733594,6798,SIERRA REAL ESTATE TRUST 84
733595,4213,AGROLIFE CORP
733628,3590,INTERLAB ROBOTICS INC
733663,3241,MOORE MCCORMACK RESOURCES
733729,6163,TCS ENTERPRISES INC
733775,7510,CRUISE AMERICA INC
733776,3663,DAY TELECOMMUNICATIONS INC
734101,3089,KAMENSTEIN (M.) INC
734102,4832,MALRITE COMMUNICATNS
734194,2834,GYNEX PHARMACEUTICALS
734213,4512,HORIZON AIR INDUSTRIES INC
734230,6399,NATIONWIDE LEGAL SERVICES
734370,6036,FORTUNE BANCORP
734380,7990,RIO HOTEL & CASINO INC
734394,7372,BOOLE & BABBAGE INC
734541,2800,CHEMDESIGN CORP
734780,3826,SPEX GROUP INC
734796,5311,HOLMES (D.H.) LTD
734994,2761,NODAWAY VALLEY CO
735166,4924,MICHIGAN ENERGY RESOURCES CO
735349,6794,FRONTIER ADJUSTERS OF AMER
735422,7812,POLYMUSE INC
735481,8062,WESTWORLD COMMTY HEALTHCARE
735526,3577,BAR CODE INC
735553,6035,FIRST FINANCIAL CORP/WI
735571,7389,WARRANTECH CORP
735584,5331,LOTSOFF CORP
735635,8711,SCOTT SCIENCE & TECHNOLOGY
735703,3823,TECHNOLOGY 80 INC
735780,7373,IDENTIX INC
735961,6020,WESTPORT BANCORP INC
736012,7372,INTRUSION INC
736035,6532,MEGO FINANCIAL CORP
736143,7812,INTRAVISION INC
736260,6311,HANCOCK JOHN FINL SVCS INC
736291,5045,COMPUCOM SYSTEMS INC
736456,7812,MIZLOU COMMUNICATIONS
736469,3577,MICRO SECURITY SYSTEMS INC
736473,6020,F & M BANCORP/MD
736700,5940,SPORTECULAR INC
736728,6211,NORTH AMERICAN HOLDING CORP
736744,1311,TRANSGLOBE ENERGY CORP
736762,3480,HAMILTON TECHNOLOGY INC
736768,5900,PETROLEUM HEAT &POWER  -CL A
736769,1540,NICO INC
736772,6020,CNB FINANCIAL CORP/PA
736822,2835,IMMUCOR INC
736893,3661,TELCO SYSTEMS INC
736915,2834,HICKAM (DOW B.) INC
736946,3260,PYRAMID MAGNETICS INC
736952,6500,TUXIS CORP
736970,3842,AEQUITRON MEDICAL INC
736975,7373,COMPUTER SYNERGY INC
736994,2835,ALLIANCE PHARMACEUTICAL
737011,3089,CONTAINER INDUSTRIES INC
737023,4955,USPCI INC
737033,8711,QUESTECH INC
737203,2844,TRISTAR CORP
737210,6020,LNB BANCORP INC
737212,6799,FUTURA WEST INC
737214,6411,HEALTH CORPORATION OF AMER
737220,6020,PENN CENT BANCORP INC
737243,3480,VALENTEC SYSTEMS INC
737275,9995,CELLCOM CORP
737276,7350,ATI MEDICAL INC
737287,6020,LIBERTY BANCORP INC/OK
737300,7372,COVER-ALL TECHNOLOGIES INC
737301,8731,VISIONTECH INC
737302,1040,NEVEX GOLD CO INC
737468,6020,WASHINGTON TR BANCORP INC
737561,8093,UCI MEDICAL AFFILIATES INC
737572,2834,ELAN CORP PLC
737573,4731,INTERTRANS CORP
737576,4512,BRANIFF INC
737602,2030,CUISINE SOLUTIONS INC
737686,7812,KINETIC DESIGN SYSTEMS LTD
737717,6794,ADVANCED TOBACCO PRODUCTS
737738,5090,BORO RECYCLING INC
737755,7331,METROMAIL CORP
737758,3523,TORO CO
737783,7363,COSMOPOLITAN CARE CORP
737823,6311,FINL BENEFIT GROUP  -CL A
737874,4100,LAIDLAW INTERNATIONAL INC
737910,5961,DIRECT ACTION MARKETING INC
737955,3569,SGI INTERNATIONAL
738010,7373,BRIDGE COMMUNICATIONS INC
738014,3845,CIRCADIAN INC
738076,3576,3COM CORP
738194,3843,DENTAL MED DIAGNOSTIC SYS
738214,2860,AEMETIS INC
738274,5812,CALIFORNIA BEACH RESTAURANT
738633,2670,VARITRONIC SYSTEMS INC
738830,7372,CHEYENNE SOFTWARE INC
738992,3433,FIREPLACE MANUFACTURERS INC
738999,6020,HERITAGE BANCORPORATION
739081,3911,NATIONAL GOLD DISTRIBUTORS
739096,7372,APPLIED CONTROL SYSTEMS INC
739169,4011,PROSPECT GROUP INC
739279,7384,NEW YORK FILM WORKS INC
739280,2390,PERFECT FIT INC
739281,7389,MARKETING SYSTEMS OF AMERICA
739371,7372,COGNITIVE SYSTEMS INC
739404,8744,CORRECTIONS CORP OF AMERICA
739421,6020,CITIZENS FINANCIAL SVCS INC
739427,4210,SKY EXPRESS INC
739460,1040,CANYON RESOURCES CORP
739495,3812,II MORROW INC
739512,7310,CABLE ADVERTISING SYSTEMS
739608,2040,PENFORD CORP
739624,7000,ALL SEASONS RESORTS INC
739661,7372,INDEX TECHNOLOGY CORP
739667,3572,ROSSCOMP CORP
739790,5031,MORGAN PRODUCTS LTD
739878,3990,KID BRANDS INC
739922,7373,MICROBILT CORP
739944,8071,MEDTOX SCIENTIFIC INC
740055,100,AMERICAN NURSERY PRODS INC
740074,6798,MSA REALTY CORP
740103,7812,UNITEL VIDEO INC
740112,6099,CONCORD EFS INC
740115,6199,BROKERS MORTGAGE SERVICE INC
740126,5961,FINGERHUT COMPANIES INC
740260,6798,VENTAS INC
740285,7363,UNIFORCE SERVICES INC
740356,5961,CVN COMPANIES INC
740622,3679,MICROENERGY INC
740630,1220,AVERY INC
740663,6020,FIRST LONG ISLAND CORP
740664,3678,R F INDUSTRIES LTD
740693,2024,TCBY ENTERPRISES INC
740694,3562,KAYDON CORP
740726,4899,BROADCAST INTERNATIONAL INC
740745,5812,LDB CORP
740746,1540,IMT INC
740761,3532,BUCYRUS INTERNATIONAL INC
740763,3663,SALIENT 3 COMMUN INC  -CL A
740811,3590,CRYODYNAMICS INC
740826,7373,NORTHERN DATA SYSTEMS INC
740868,3714,EXCEL INDUSTRIES INC
740876,6020,FIRST WESTN BANCORP INC
740892,3842,INTL MANAGEMENT & RESEARCH
740942,6020,TOWER BANCORP INC
740966,1381,ADVANCED ENERGY RESOURCES
740971,6020,OLD POINT FINANCIAL CORP
741012,7370,TRANS CONTINENTAL ENTMT GRP
741038,3661,TELECALC INC
741147,4953,ORFA CORP OF AMERICA
741254,4513,PUROLATOR COURIER CORP
741266,5945,TOYS PLUS INC
741308,8700,LONDON HOUSE INC
741330,8711,TOTAL ASSETS PROTECTION INC
741339,3672,ALTRON INC
741341,6035,METROPOLITAN FINL CORP/DE
741343,7373,NATIONAL FSI INC
741349,5734,AUTOMATED MICROSYSTEMS INC
741356,6020,INDEPENDENCE BANCORP INC/NJ
741390,6020,MIDWESTONE FINANCIAL GP-OLD
741443,2835,AMERICAN BIONETICS INC
741508,4911,NV ENERGY INC
741516,6020,AMERICAN NATL BANKSHARES
741517,3950,ASPEN IMAGING INTL INC
741556,3613,TECHNOLOGY RESEARCH CORP
741559,3559,AMISTAR CORP
741561,6020,ANCHOR FINANCIAL CORP/SC
741612,4911,TNP ENTERPRISES INC
741685,7330,LASERCAD REPROGRAPHICS LTD
741696,3663,APPLIED SIGNAL TECHNOLOGY
741742,3577,TSENG LABORATORIES INC
741815,8090,HOOPER HOLMES INC
742054,6020,CADENCE FINANCIAL CORP
742070,6020,WESTBANK CORP
742112,3842,INVACARE CORP
742127,6531,NORCAP FINANCIAL CORP
742161,6036,FIRST FRANKLIN CORP
742173,3555,HARRIS GRAPHICS CORP
742194,4812,CELLULAR AMERICA INC
742245,5812,RESTAURANT MANAGEMENT SERV
742246,6020,MATEWAN BANCSHARES INC
742254,4841,ROLLINS COMMUNICATIONS INC
742263,6020,L S B BANCSHARES INC/SC
742275,6020,BEVERLY NATIONAL CORP
742278,1389,RPC INC
742279,6020,COMMUNITY BANKSHARES INC/VA
742316,4512,OZARK HOLDINGS INC
742358,3575,IIS-INTELLIGENT INFORMATION
742364,3845,GAMBRO AB  -ADR -OLD
742415,6324,HMO AMERICA INC
742550,3661,XETA TECHNOLOGIES INC
742679,6020,FNB FINANCIAL SERVICES CORP
742685,2084,CHALONE WINE GROUP LTD
742686,7370,TRAVLANG INC
742699,6532,TIME TECHNOLOGY INC
742714,7372,UNITED SOFTWARE SECURITY INC
742808,3679,ADCOR ELECTRONICS INC
742814,4812,TELEMETRIX INC
742876,1623,DUCT UTILITY CONSTR & TECH
743029,3089,DECORA INDUSTRIES INC
743051,7819,DIGITAL COMMUNICATIONS TECH
743136,6036,REPUBLIC SECURITY FINANCIAL
743213,7372,ABOVE TECHNOLOGIES INC
743239,3541,GLEASON CORP
743240,6324,AMERICARE HEALTH CORP
743250,3841,MAST/KEYSTONE INC
743316,3674,MAXIM INTEGRATED PRODUCTS
743332,4991,OXFORD ENERGY CO
743367,6020,BAR HARBOR BANKSHARES
743399,3569,ROBOGROUP TEK LTD
743416,2670,ESSELTE BUSINESS SYSTEMS INC
743444,1000,PRIMROSE TECHNOLOGY CORP
743445,9995,HALE RESOURCES LTD
743475,1540,TURNER CORP
743507,1040,BLYVOORUITZICHT GOLD MINING
743532,6331,ALFA CORP
743535,4412,SEA LAND CORP
743653,3571,CONVEX COMPUTER CORP
743739,3823,TRICONEX CORP
743872,1040,HOMESTAKE MINING
743884,2834,MACROCHEM CORP/DE
743921,3661,SPECTRUM DIGITAL CORP
743928,5731,STEREO VILLAGE INC
743988,3674,XILINX INC
744040,6411,OCCUPATIONAL URGENT CARE HEA
744041,2300,BANYAN CORP
744081,4213,TRI-STATE MOTOR TRANSIT
744084,8011,ALTERNACARE CORP
744087,1311,HIGH PLAINS OIL CORP
744099,3861,MICROSIZE INC
744106,3585,FEDDERS CORP
744126,6020,FIRST CHESTER CNTY CORP
744166,3651,SEEBURG CORP
744187,2860,REX AMERICAN RESOURCES CORP
744218,2836,CELLDEX THERAPEUTICS INC
744290,2086,SIERRA SPRING WATER CO
744446,7990,MALIBU GRAND PRIX CORP
744452,8731,APPLIED DNA SCIENCES INC
744473,2060,CADBURY PLC
744485,6020,NORTHERN STATES FINANCIAL CP
744500,7330,INFINITE GRAPHICS INC
744527,1040,BUFFELSFONTEIN GOLD MINES
744550,3661,TELEBIT CORP
744731,7373,INTERCIM CORP
744778,6035,COMMERCIAL FEDERAL CORP
744795,5331,STUARTS DEPARTMENT STORES
744825,8090,AMERICAN SHARED HSPTL SERV
744826,3140,CARESSA GROUP INC
744954,5099,JEM RECORDS INC
744956,3842,VIRAL RESPONSE SYSTEMS INC
744962,2834,NUTRITION 21 INC
745026,3312,NS GROUP INC
745087,6020,FNB ROCHESTER CORP
745113,1311,HOWELL CORP
745142,2844,HELENE CURTIS INDS
745167,3089,PHOENIX MEDICAL TECHNOLOGY
745213,3825,MEGATEST CORP
745274,2721,CADMUS COMMUNICATIONS CORP
745276,6020,COBANCORP INC
745287,3320,INTERMET CORP
745294,1311,BONRAY ENERGY CORP
745308,7011,ST JOE CO
745340,3490,CIDCO GROUP INC
745344,6020,SUMMIT BANCSHARES INC/TX
745368,8011,U S MEDICAL ENTERPRISES INC
745374,3089,WORLD CONTAINER CORP
745376,2835,TECHNOGENETICS INC
745379,4213,KENAN TRANSPORT CO
745380,1040,GEODOME RESOURCES LTD
745394,2870,LESCO INC
745448,3714,METALDYNE CORP
745452,5700,ALLIANCE NORTHWEST INDS INC
745456,6020,MONROE BANCORP
745460,5122,DIRECT PHARMACEUTICAL CORP
745469,3540,MET-COIL SYSTEMS CORP
745490,3577,SCIENTIFIC MICRO SYSTEMS INC
745597,3576,INTERLINK COMPUTER SCIENCES
745599,2253,PANNILL KNITTING CO INC
745600,2741,MARTIN LAWRENCE LTD EDITIONS
745607,6035,SUNCOAST SVGS & LN ASSN FSA
745612,3290,GENERAL METAL & ABRASIVES CO
745614,6020,STATE FINANCIAL SVCS CP-CL A
745651,3690,ADVANCED BATTERY TECH INC
745659,7373,REXCOM SYSTEMS CORP  -NEW
745664,3577,SYMBOLICS INC
745732,5651,ROSS STORES INC
745756,5080,VENTURIAN CORP
745770,6799,CONGRESS STREET PPTYS INC
745774,6200,HYPERFEED TECHNOLOGIES INC
745788,2836,VIOQUEST PHARMACEUTICALS INC
745905,7200,WILFRED AMER EDUCATIONAL CP
745907,1311,CRYSTAL GAS STORAGE INC
745981,6020,MIDSOUTH BANCORP INC
746071,3575,GENISCO TECHNOLOGY
746072,7600,INNOSERV TECHNOLOGIES INC
746150,5099,NEWMAN COMMUNICATIONS CORP
746156,3490,PEERLESS INDUSTRIAL GRP INC
746210,7370,OBLONG INC
746253,6020,NORTHERN EMPIRE BANCSHARE
746255,3620,GOLDEN GENESIS CO
746425,6211,DETWILER FENTON GROUP INC
746481,6020,UNIZAN FINANCIAL CORP
746512,2750,COELCO LTD
746514,6513,NEW ENGLAND REALTY ASSC  -LP
746515,4731,EXPEDITORS INTL WASH INC
746529,1040,GALACTIC RESOURCES LTD
746549,3672,SIGMA CIRCUITS INC
746550,5731,CRAZY EDDIE INC
746553,8200,LEARNING ANNEX INC
746592,6794,INTL TELDATA CORP
746594,6020,BOULEVARD BANCORP
746598,3990,BRADY CORP
746630,3674,TRANSTECTOR SYSTEMS INC
746631,3585,BRAVO ENTERPRISES LTD
746650,2273,CARRIAGE INDUSTRIES INC
746712,8071,MEDICAL IMAGING CTRS OF AMER
746715,6020,HAMPTONS BANCSHARES INC
746782,7372,COGNOS INC
746783,5812,LRG RESTAURANT GROUP INC
746834,1311,NGAS RESOURCES INC
746838,7373,UNISYS CORP
746870,3679,DISPLAY COMPONENTS INC
746896,4923,AMERICAN OIL & GAS
746960,1311,SEAGULL RESOURCES LTD
746961,1040,PEGASUS GOLD INC
746962,8742,CUMO RESOURCES LTD
746963,1311,MAYMAC PETROLEUM CORP
746967,1311,DALECO RESOURCES CORP
746968,1040,INCA RESOURCES INC
746969,6020,OLD KENT FINANCIAL CORP
746970,7372,DIAGONAL DATA CORP
747178,4833,NOSTALGIA NETWORK INC
747201,4100,CAREY INTERNATIONAL INC
747205,6020,CIVIC BANCORP
747345,6020,SMITHTOWN BANCORP INC
747435,3944,ALUF HOLDINGS INC
747539,6794,MEDICAL DEPOT INC
747605,7372,VERAMARK TECHNOLOGIES INC
747675,9995,PRESSURE PIPING COMPONENTS
747681,1311,CARMEL ENERGY INC
747688,4522,NETAIR INTERNATIONAL CORP
747777,7812,MERCURY ENTERTAINMENT CORP
747836,1311,SCEPTRE RESOURCES LTD
747837,4841,CS TELEVISION INC
747839,1040,DUMAGAMI MINES LTD
747902,8071,COMPUCHEM CORP
747952,2836,BIOMATRIX INC
748015,2510,SEALY CORP
748032,3540,CHIEF AUTOMOTIVE SYSTEMS INC
748033,4841,MTV NETWORKS INC
748055,6792,ENVIRONMENTAL ENERGY SERVICE
748103,7600,ABC DISPENSING TECHNOLOGIES
748132,3824,MOORCO INTERNATIONAL INC
748212,5084,TREECON RESOURCES INC
748213,3679,NORSAT INTL INC
748232,4731,CITIPOSTAL INC
748268,3721,RED CAT HOLDINGS INC
748270,3842,MEDICAL ACTION INDUSTRIES
748354,6035,CENTENNIAL SVGS BK F S B
748406,8711,POWER RECOVERY SYSTEMS INC
748529,6020,CAPITAL BANCORPORATION INC
748580,6798,MAXUS REALTY TRUST INC
748581,1221,NERCO INC
748592,2836,NTN BUZZTIME INC
748618,3842,INFRASONICS INC
748651,4512,FLORIDA EXPRESS INC
748691,6726,KOREA FUND
748727,6163,CAL STAR FINANCIAL SVCS INC
748792,3714,DURAKON INDS INC
748794,1040,GOLD COIN MINING INC
748855,3576,EMS SYSTEMS LTD
748856,1311,TEXOIL INC
748950,5047,FISONS PLC
749028,9995,LANDMARK LAND CO
749037,3823,ORBOTECH LTD
749038,6500,CCUR HOLDINGS INC
749098,3714,MAGNA INTERNATIONAL INC
749169,7373,SERVING SOFTWARE INC
749251,8700,GARTNER INC
749254,7200,ACCESS TO MONEY INC
749290,2860,SYNTHETECH INC
749420,3674,DALLAS SEMICONDUCTOR CORP
749510,7373,LANDMARK GRAPHICS CORP
749647,2836,CELSION CORP
749660,7372,ICAD INC
749751,6020,GUARDIAN BANCORP
749872,3140,BARRY (R G) CORP
749877,7011,CLUB MED INC
749882,6798,BANYAN SHORT TERM INCOME TR
749922,4812,METRO MOBILE CTS INC  -CL A
749935,3829,WINLAND HOLDINGS CORP
750004,3570,SCIENTIFIC GAMES CORP
750012,1531,AMERICAN PROPERTY GROUP INC
750040,7311,INFOVIEW INC
750199,1311,EPL OIL & GAS INC
750217,5311,BROADWAY STORES INC
750234,6311,USLICO CORP
750339,3420,AMERICAN SAFETY RAZOR
750443,6282,STEWART (W P) & CO LTD
750485,7373,SCRIPT SYSTEMS INC
750556,6020,SUNTRUST BANKS INC
750561,1311,PARALLEL PETROLEUM CORP
750574,6020,AUBURN NATIONAL BANCORP
750577,6020,HANCOCK WHITNEY CORP
750595,5990,CONTINUING CARE ASSOCIATES
750637,6532,HAMILTON GROUP HOLDINGS INC
750644,6552,PRINCEVILLE CORP
750686,6020,CAMDEN NATIONAL CORP
750740,9995,HORIZON RESOURCES CORP
750813,1382,SEITEL INC
750901,3844,FISCHER IMAGING CORP
750914,7370,ZYTEC SYSTEMS INC
751078,8011,PACIFIC PHYSICIAN SERVICES
751085,3612,MAGNETEK INC
751145,9995,H-ENTERTAINMENT INC
751148,1731,COMSTOCK GROUP INC
751160,7372,TOUCHSTONE SOFTWARE CORP
751190,3823,MEASUREX CORP
751226,3812,GENERAL TECHNOLOGIES GRP LTD
751260,5094,GOLD CO OF AMERICA  -LP
751288,1381,TMBR/SHARP DRILLING INC
751314,8200,INTERFERENCE CONTROL TECH
751354,6324,BAY PACIFIC HEALTH CORP
751364,6798,NATIONAL RETAIL PROPERTIES
751365,2531,VIRCO MFG. CORP
751367,3812,SCIENTIFIC COMMUNICATIONS
751417,6036,INTERNATIONAL HLDG CAP CORP
751441,3575,WYSE TECHNOLOGY INC
751652,4923,QUESTAR CORP
751731,3842,MICRO MEMBRANES INC
751926,6020,BALTIMORE BANCORP
751959,1040,GOLDEN KNIGHT RESOURCES INC
751968,3944,GALOOB TOYS INC
751976,6552,NEWHALL LAND &FARM  -LP
751978,3679,VICOR CORP
751989,3825,ARUS CORP
752033,5331,WHOLESALE CLUB INC
752180,6411,HALL (FRANK B.) & CO
752195,6020,COMMUNITY BANCSHARES INC/DE
752200,7363,ADIA SERVICES INC
752208,3661,DYNATEC INTERNATIONAL INC
752253,3559,MEGATRONICS INC
752268,3661,IPC COMMUNICATIONS INC
752290,1311,UNIMAR CO  -LP
752296,3661,AUDEC CORP
752313,2390,ARLEY MERCHANDISE CORP
752324,6020,NEW ENG CMNTY BANCORP  -CL A
752346,8093,CONSD HEALTH CARE ASSOC INC
752363,5082,EARTHWORM INC
752388,5084,AMERICAN ATLAS RESOURCES CP
752390,6020,GARDEN STATE BANCSHARES INC
752431,3576,NETWORK EQUIPMENT TECH INC
752642,6798,UMH PROPERTIES INC
752692,3577,MILTOPE GROUP INC
752714,7359,MCGRATH RENTCORP
752735,1311,CENERGY CORP
752738,2834,SMITH COLLINS PHARMACEUTICAL
752789,9995,XCORPOREAL INC
753048,3089,AXION INTL HOLDINGS INC
753050,7372,SAND TECHNOLOGY INC  -CL A
753058,3861,OCE NV
753081,3577,RASTER GRAPHICS INC
753134,3842,ACROBE AUTOMATION TECH INC
753224,2030,CHINA NUTRIFRUIT GROUP LTD
753237,3714,BAILEY CORP
753263,2253,BRUCE (ROBERT) IND  -CL A
753281,6799,AMER INSD MTG SER 85  -LP
753308,4911,NEXTERA ENERGY INC
753313,3533,CAMERON IRON WORKS
753324,8200,HEALTH EDUTECH INC
753568,3674,EXAR CORP
753601,3679,OIS OPTICAL IMAGING SYSTEMS
753759,8734,INST OF CLIN PHARM  -ADR
753762,3711,VOLVO AB
753766,6020,CONSTELLATION BANCORP
753898,5812,EL POLLO ASADO INC
753899,7990,SANDS REGENT
754009,6324,SIERRA HEALTH SERVICES
754019,6035,OLYMPUS CAPITAL CORP
754086,3843,DENPAC CORP
754128,7370,BARRISTER GLOBAL SVCS NTWK
754365,3550,ROSS INDUSTRIES
754438,8011,OCCUPATIONAL MED CORP AMER
754495,6331,UNISTAR FINANCIAL SVC CORP
754509,7372,BUSINESS COMPUTER SOLUTIONS
754516,3661,BROOKTROUT INC
754597,6020,HABERSHAM BANCORP INC
754673,6020,SUFFOLK BANCORP
754676,1000,SILVER HART MINES LTD
754737,4931,SCANA CORP
754811,6282,U S GLOBAL INVESTORS INC
754876,3672,AUTOMATED SYSTEMS INC
754880,2836,ETHIGEN INC
754881,1311,LATEX RESOURCES INC
754882,5084,PACETRONICS INC
754921,6794,PAK MAIL CNTRS AMERICA INC
755000,7812,COLUMBIA PICTURES ENTMNT INC
755001,4931,UNITIL CORP
755003,3470,MATERIAL SCIENCES CORP
755095,3661,PICTURETEL CORP
755113,8011,ORION HEALTHCORP INC
755199,4610,TRANSMONTAIGNE INC
755203,1311,HUBCO EXPLORATION INC
755227,1040,REA GOLD CORP
755229,9995,VPGI CORP
755465,7374,SANDATA TECHNOLOGIES INC
755499,7990,S-K-I LTD
755548,7600,ROTO ROOTER INC
755659,7372,SOFTWARE PUBLISHING CORP
755806,2835,PONIARD PHARMACEUTICALS INC
755815,7384,FINEST HOUR INC
755875,8090,CARDIOPULMONARY TECH INC
755911,4911,CATALYST ENERGY CORP
755926,6798,EQK REALTY INVESTORS
755933,6020,INTERCHANGE FINL SVCS CP/NJ
756055,3674,ZING TECHNOLOGIES INC
756365,7373,IKOS SYSTEMS INC
756497,7372,MICROGRAFX INC
756620,4813,BT GROUP PLC
756680,3990,HMG WORLDWIDE CORP
756758,8700,IDC SERVICES INC
756759,7385,DIGITAL METCOM INC
756764,7822,KING WORLD PRODUCTIONS INC
756767,6200,HAMPTON CONSULTING CORP
756768,7389,CONFERTECH INTERNATIONAL INC
756775,6035,FIRST FED SVGS BK BRUNSWICK
756808,3825,ZEHNTEL INC
756824,3661,SYSTEMS TECHNOLOGY ASSOC INC
756894,1040,BARRICK GOLD CORP
756899,6020,FIRST KNOX BANC CORP
756901,6324,AMERICAN MEDCENTERS INC
756918,5990,NUVISION INC
756972,5045,PCC GROUP INC
757011,3270,USG CORP
757012,6020,CORPUS CHRISTI BNCSHARES INC
757185,3100,EMPIRE-ORR INC
757189,4011,DELAWARE OTSEGO CORP
757532,5122,CENTRAFARM GROUP NV
757563,9995,FURIA ORGANIZATION
757762,6035,1ST WASHINGTON BANCORP INC
757763,3585,YUKON ENERGY CORP
757787,6799,EXECUTIVE TELECOMMUNICATIONS
757790,6020,CUPERTINO NATL BANCORP
758004,7370,NOVELL INC
758024,1311,PETROMAC ENERGY INC
758029,6020,GATEWAY BANCORP INC
758119,9995,MTN HOLDINGS INC
758249,5812,IVCI CORP  -CL B
758256,2080,SAINT JAMES CO
758292,2015,GOLDEN POULTRY CO INC
758328,7990,DELTA RENTAL SYSTEMS INC
758540,7372,GREAT PLAINS SOFTWARE INC
758604,2511,BUSH INDUSTRIES  -CL A
758722,8062,PARACELSUS HEALTHCARE CORP
758739,3711,JAGUAR PLC
758743,3670,VIDEO DISPLAY CORP
758830,3661,SYNTELLECT INC
758938,3572,QUALSTAR CORP
758953,1540,NEUROTECH DEVELOPMENT CORP
759153,9995,PARTICLE DRILLING TECH INC
759173,3661,INTELLIGENT BUSINESS COMM CP
759174,6798,VININGS INVESTMENT PPTYS TR
759277,6726,GEMINI II
759436,7372,PDA ENGINEERING
759441,6331,FIRST CENTRAL FINANCIAL CORP
759492,2050,GRAND METROPOLITAN PLC
759578,6162,LOAN AMERICA FINANCIAL -CL B
759594,5122,PHYSICIANS PHARMACEUT SVCS
759663,5141,STALEY CONTINENTAL INC
759672,6282,INVESTMENT TECHNOLOGIES INC
759695,2092,NORTH ATLANTIC FISHERIES
759718,6020,BERKSHIRE BANCORP INC
759819,6798,MERIDIAN POINT REALTY TR IV
759828,6726,JOHN HANCOCK INVESTORS TRUST
759855,7990,JILLIANS ENTERTAINMENT CORP
759866,6726,HANCOCK (JOHN) INCOME SEC
759896,5990,EYE CARE CENTERS OF AMERICA
759944,6020,CITIZENS FINANCIAL GROUP INC
760031,3440,ROSS (A.J.) LOGISTICS INC
760077,6035,FIRST LIBERTY FINANCIAL CORP
760079,6036,BOSTON BANCORP
760169,1311,ENERGY CAPITAL DEVELOPMENT
760326,4833,OUTDOOR CHANNEL HLDGS INC
760436,7373,MAI SYSTEMS CORP
760458,7331,PRECISION TARGET MARKETING
760461,3950,PENTECH INTERNATIONAL INC
760487,4812,LEO'S INDUSTRIES INC
760491,5812,PIZZA TRANSIT AUTHORITY INC
760498,6020,BANCFIRST CORP/OK
760608,6324,HEALTHWAYS SYSTEMS INC
760678,1531,INTL AMERICAN HOMES INC
760684,6036,AMERICAN CAPITAL CORP
760691,4955,ENVIROSURE MANAGEMENT CORP
760775,2015,WLR FOODS INC
760992,6020,ANB CORP
760993,6020,COMMUNITY INDEPENDENT BANK
760995,4841,FIRST AMERI-CABLE CORP
761047,6211,HARVARD GROUP PLC  -ADR
761198,3470,MARGATE INDUSTRIES INC
761201,6020,CENTRAL JERSEY BANCORP-OLD
761228,7331,DALTON COMMUNICATIONS INC
761237,2835,IMCOR PHARMACEUTICAL CO
761238,3812,RADA ELECTRONIC INDUSTRIES
761272,5047,ATTENTION MEDICAL CO
761332,6020,PREMIER BANCORP
761648,6798,CEDAR REALTY TRUST INC
761651,6020,GEORGE MASON BANKSHARES INC
761860,800,IP TIMBERLANDS  -LP-CL A
761895,4899,STARTRONIX INTERNATIONAL INC
761915,7822,REPUBLIC PICTURES
762128,6020,PEOPLES BANCTRUST INC
762129,4931,CILCORP INC
762131,8093,SALICK HEALTH CARE INC
762151,1700,INSITUFORM GROUP LTD  -ORD
762404,2060,AMERICAN CONFECTIONERY CORP
762831,3580,AQUASCIENCES INTL INC
762953,3824,INTELLIGENT CONTROLS INC
763043,2834,BIOCRAFT LABORATORIES INC
763098,8011,RESPONSE ONCOLOGY
763135,5030,MULTIVEST CORP
763180,3842,MICROTEK MED INC
763254,3577,MICROPHONICS TECH CORP
763358,5045,XL DATACOMP INC
763364,6794,HOOKER ENTERPRISES
763392,4813,TELECOM USA INC
763414,5961,REGAL COMMUNICATIONS CORP
763532,3640,LSI INDUSTRIES INC
763563,6020,CHEMUNG FINANCIAL CORP
763567,6794,RENT A WRECK OF AMERICA INC
763580,3560,COMPONENTS INC PT
763585,6020,COMMUNITY BANCSHARES INC/TN
763700,6798,TRAVELERS REALTY INCOME INVT
763730,5990,GALLERY OF HISTORY INC
763733,6162,PANTHEON INDUSTRIES INC
763738,6798,EQUIVEST INC
763739,1540,MORRISON KNUDSEN CORP OLD
763744,3711,LCI INDUSTRIES
763759,5961,POREX TECHNOLOGIES CORP
763842,6351,PHYSICIANS INS CO/OH  -CL A
763901,6020,POPULAR INC
763907,6020,FIRST UNITED CORP
763950,3823,UNIVERSAL DETECTION TECHNOL
763977,6798,GRUBB & ELLIS REALTY INCOME
764037,3571,ENCORE COMPUTER CORP
764038,6020,SOUTH STATE CORP
764039,3679,SIMCLAR INC
764045,6798,RAINIER REALTY INVESTORS
764065,3310,CLEVELAND-CLIFFS INC
764129,6500,CANAL RANDOLPH  -LP
764180,2111,ALTRIA GROUP INC
764195,2836,VBI VACCINES INC
764199,5990,AMERICAN EQUINE PRODUCTS INC
764202,3679,ZETA LABORATORIES INC
764205,6020,BNH BANCSHARES INC
764218,3089,EMBRACE SYSTEMS CORP
764241,6020,INTEGRA BANK CORP
764244,3661,INTERVOICE INC
764271,3674,BROOKTREE CORP
764371,7373,SHL SYSTEMHOUSE INC
764401,3310,INSTEEL INDUSTRIES
764402,6020,GREEN BANKSHARES INC
764403,4941,E'TOWN CORP
764478,5731,BEST BUY CO INC
764482,1700,GBI INTERNATIONAL INC
764485,3576,PERLE SYSTEMS LTD
764498,6798,CRI INSD MTG INVTS II INC
764540,6798,TURNER EQUITY INVESTORS INC
764545,2750,BUCKNELL INDUSTRIES INC
764577,3661,DIGITAL TRANSMISSION  -CL A
764579,3845,CAS MEDICAL SYSTEMS INC
764587,3564,CLEAN SYSTEMS TECHNOLOGY GP
764599,7373,STEP SAVER DATA SYSTEMS INC
764606,6532,ROYAL PALM BEACH COLONY  -LP
764622,4911,PINNACLE WEST CAPITAL CORP
764635,5140,TO FITNESS INC
764762,5912,LONGS DRUG STORES CORP
764765,4813,NORTH PITTSBURGH SYSTEMS
764774,6798,HIGHLANDS NATIONAL INC
764811,6020,COMMUNITYONE BANCORP
764839,3580,PURESAFE WATER SYSTEMS INC
764843,7370,SEDONA CORP
764858,3730,FOUNTAIN POWERBOAT INDS INC
764864,5045,AMERIQUEST TECHNOLOGIES INC
764865,1311,DAMSON ENERGY CO  -LP-CL A
764867,5045,ITC LEARNING CORP
764898,7011,HOLIDAY CORP
764960,5912,PHAR-MOR INC
765028,5500,ATNN INC
765052,8062,HALLMARK HEALTHCARE CORP
765207,6020,FIRST BANCORP INC/ME
765245,4833,CARLTON COMMUNICATIONS PLC
765258,2836,IMCLONE SYSTEMS INC
765353,3842,ORTHOMET INC
765410,8071,NICHOLS INSTITUTE
765414,3663,STM WIRELESS INC
765449,7373,JAM INC
765803,7900,MAGICWORKS ENTERTAINMENT INC
765815,6282,PMC INTL INC
765880,6798,HEALTHPEAK PROPERTIES INC
765881,4400,REGENCY CRUISES INC
765883,9995,ARIL GROUP INC
765921,3577,PENGUIN GROUP INC
766003,5731,HIGHLAND SUPERSTORES INC
766004,5812,SBARRO INC
766011,1040,CALEDONIA MINING CORP PLC
766037,3663,AMERICAN VIDEO TELECONFERENC
766041,3490,CENTRAL SPRINKLER CORP
766075,6794,VR BUSINESS BROKERS INC
766347,6799,LOCH HARRIS INC
766348,2842,OUTRIGHT INDUSTRIES INC
766404,7372,MULTI SOFT INC
766421,4512,ALASKA AIR GROUP INC
766427,7841,VIDEO LIBRARY INC
766430,3670,AMERICAN TECHNICAL CERAMICS
766515,6798,CENTREVEST CORP
766561,4813,ENVENTIS CORP
766566,5944,KAY JEWELERS INC
766585,1311,OXFORD CONSOLIDATED
766586,5731,LUSKIN'S INC
766588,5045,RANDOM ACCESS INC
766624,1311,TATUM PETROLEUM CORP
766701,6798,CAPSTEAD MORTGAGE CORP
766704,6798,WELLTOWER INC
766705,3861,ANITEC IMAGE TECHNOLOGY CORP
766738,3577,GENICOM CORP
766791,7372,INTEX SOFTWARE SYSTEMS INTL
766792,3559,CVD EQUIPMENT CORP
766822,1311,OMNIPOWER INC
766823,8734,NYTEST ENVIRONMENTAL INC
766829,4941,SJW GROUP
766849,6799,CONVERSION INDS INC
766887,7372,UNIQUEST INC
767308,6351,MMI COMPANIES INC
767405,6020,SB FINANCIAL GROUP INC
767673,2836,SEROLOGICALS CORP
767884,100,CERES INC
767920,3674,PMC-SIERRA INC
767965,3674,CHIPS & TECHNOLOGIES INC
768119,7373,DATATEC SYSTEMS INC
768121,3081,POLY-TECH INC
768162,3585,LANCER CORP/TX
768177,6020,SUBURBAN BANCSHARES INC/MD
768178,5045,KLH COMPUTERS INC
768251,3674,ALTERA CORP
768260,2771,HEALTHY PLANET PRODUCTS INC
768262,7372,SYBASE INC
768263,3679,SUNWARD TECHNOLOGIES
768384,2024,BEN & JERRY'S HOMEMDE  -CL A
768408,2833,CYANOTECH CORP
768411,3827,CYBEROPTICS CORP
768532,6020,FIRST COMM BANCSHARES  -CL A
768534,2320,BUFFALO INC
768536,6020,GUARANTY BANCSHARES CORP
768538,7373,AMERICAN TELEDATA CORP
768608,3911,TOWN & COUNTRY CORP  -CL A
768680,6798,MIP PROPERTIES INC
768710,2834,RELIV INTERNATIONAL INC
768832,3089,INTL CONTAINER SYSTEMS INC
768835,5331,BIG LOTS INC
768841,7373,DOCUGRAPHIX INC
768892,7374,BPO MANAGEMENT SERVICES/PA
768899,7363,TRUEBLUE INC
768906,5211,HANDYMAN CORP
768914,6510,TECHNOLOGY GENERAL CORP
768941,5331,PACE MEMBERSHIP WAREHOUSE
768942,7372,CHINATEK INC
768978,2090,WORTHINGTON FOODS INC
768986,6794,QUANTUM DIAGNOSTICS LTD-NY
769017,6798,COPLEY PROPERTIES INC
769122,7812,NEW STAR ENTERTAINMENT INC
769191,3577,KURZWEIL APPLIED INTEL INC
769207,6036,FIDELITY BANCORP INC/PA
769217,2024,LA DELITE LTD
769218,6311,AEGON NV
769271,1040,LAC MINERALS LTD
769339,2711,AMERICAN CITY BUS JOURNALS
769343,2836,AMERICAN VACCINE CORP
769397,7370,AUTODESK INC
769409,8711,GEODYNAMICS CORP
769413,5190,WNS INC  -OLD
769417,2800,COURTAULDS PLC
769465,5731,WALL TO WALL SOUND & VIDEO
769498,3842,AMERICAN BIOMATERIALS CORP
769508,1311,CONSOLIDATED NRD RESOURCES
769520,3580,MIDDLEBY CORP
769525,3578,COMTREX SYSTEMS CORP
769529,1311,APACHE PETROLEUM  -LP
769567,5110,PACAD INC
769587,3412,VULCAN PACKAGING INC
769589,1000,CYPRUS AMAX MINERALS CO
769594,4813,NIPPON TELEGRAPH & TELEPHONE
769626,5099,WELLSTEAD INDUSTRIES INC
769644,5990,COLE NATIONAL CORP
769677,3714,EQUION CORP
769689,8071,HEALTH IMAGES INC
769751,6036,CENTRAL PA FINANCIAL CORP
769794,5047,BRENTWOOD INSTRUMENTS INC
769800,6020,GLENDALE BANCORPORATION
769850,3081,PAWNEE INDUSTRIES INC
769874,9995,REMEC INC
769879,5093,RECYCLING INDUSTRIES INC
769908,8093,REHABILITY CORP
769940,5731,NEWMARK & LEWIS INC
769988,4522,INDEPENDENT AIR HOLDINGS INC
770034,3651,ADVANCE DISPLAY TECHNOLOGIES
770131,7373,PROTEIN DATABASES INC
770178,7380,NATIONAL GUARDIAN CORP
770183,8200,INSTRUCTIVISION INC
770185,8711,ENSECO INC
770320,3790,SPI SUSP & PARTS INDS  -ORD
770403,3572,ADVANCED DIGITAL INFO CORP
770460,6020,PEOPLES FINANCIAL CORP/MS
770474,1040,LACANA MINING CORP
770503,5090,BERCOR INC
770504,5712,SEAMAN FURNITURE CO
770506,6324,HEALTHPLEX INC
770509,7373,LEGAL SOFTWARE SOLUTIONS INC
770701,3089,AMERN SAFETY CLOSURE
770719,3825,TECHNOLOGY DEVELOPMENT CORP
770727,7372,MIGENT SOFTWARE CORP
770944,7990,BALLY TOTAL FITNESS HLDG CP
770949,3021,REEBOK INTERNATIONAL LTD
771142,8082,ROTECH MEDICAL CORP
771178,4812,VANGUARD CELLULAR SYS  -CL A
771214,5812,ELMER'S RESTAURANTS INC
771249,3714,SPORTS RESORTS INTL INC
771252,3669,DIGITAL ANGEL CORP -OLD
771262,7822,ODYSSEY ENTERTAINMENT LTD
771266,3674,KOPIN CORP
771287,3825,NETWORK CONTROL CORP
771294,8200,H E VENTURES INC
771296,6211,INTERSTATE/JOHNSON LANE INC
771470,3661,BOSTON TECHNOLOGY INC
771485,4955,PDG ENVIRONMENTAL INC
771497,7340,ABM INDUSTRIES INC
771498,1040,BATTLE MOUNTAIN GOLD CO
771504,5063,STAR STRUCK LTD
771552,3661,CAPITAL TEL SYSTEMS INC
771614,6020,BRUNSWICK BANCORP
771641,6798,PRUDENTIAL REALTY TRUST
771642,1220,SOUTHERN ENERGY CO INC
771667,6035,AHMANSON (H F) & CO
771674,3845,MEDPHONE CORP
771722,6035,CENTRAL HOLDING CO
771729,3721,ALABAMA AIRCRAFT INDUSTRIES
771777,5961,CALSTAR INC
771790,3310,STEEL TECHNOLOGIES INC
771796,1389,NOWSCO WELL SERVICE LTD
771810,6331,FAI INSURANCE LTD
771856,2836,CHAMPIONS ONCOLOGY INC
771858,7370,DBRIT CORP
771934,6532,ATLANTIC GULF COMMUNITIES CP
771935,3357,SUPERIOR TELETEC INC
771950,4832,WESTWOOD ONE INC
771965,1040,CONSOLIDATED PROFESSOR MINES
771992,1040,PAN AMERICAN SILVER CORP
771993,7370,INTELOGIC TRACE INC
771999,7373,DOCUMENT SECURITY SYS INC
772017,3569,ADMAC INC
772192,1311,CENTURY ENERGY CORP
772197,2834,IVAX CORP
772249,6411,TPA OF AMERICA INC
772263,2330,NITCHES INC
772320,2836,TAXUS CARDIUM PHARMACEUTICLS
772337,3841,IVY MEDICAL INC
772349,6141,AMER BUSINESS FINL SVCS INC
772372,3620,EXIDE ELECTRONICS GROUP INC
772377,8082,TOTAL PHARMACEUT CARE
772406,3674,CIRRUS LOGIC INC
772465,3576,EQUINOX SYSTEMS INC
772572,3829,EDAC TECHNOLOGIES CORP
772595,4512,PRESIDENTIAL AIRWAYS INC
772831,2086,ROCKY MTN BEVERAGE CO
772891,3585,ENGINEERED SUPPORT SYSTEMS
772897,3679,HUTCHINSON TECHNOLOGY INC
773135,7841,VIDEO CITY INC
773136,8060,RAMSAY YOUTH SERVICES INC
773141,1531,MDC HOLDINGS INC
773148,5735,SOUND WAREHOUSE INC
773264,100,MONTEREY FARMING CORP
773267,6141,INTL DESIGN GROUP INC
773318,7372,VERITEC INC
773320,6172,PHOENIX FINANCIAL CORP/PA
773326,1311,FORELAND CORP
773350,1311,DIAMOND SHAMRCK OFFSHOR  -LP
773383,6512,CPS-CORP PLANNING  -CL A
773399,4955,ENVIRONMENTAL SERVICES AMER
773466,1311,ROBSON PETROLEUM LTD
773468,6162,INDYMAC BANCORP INC
773547,3661,ELECTR TELE-COMMUNCTN
773548,3578,CHECKROBOT INC
773588,7812,KINGS ROAD ENTERTAINMENT
773594,3411,HEEKIN CAN INC
773649,1311,ENERGY DEVELOP PRTNRS
773652,6798,ROCKEFELLER CENTER PPTYS INC
773654,6798,NORTH AMERICAN TRUST
773657,3672,CIRCUIT SYSTEMS INC
773660,6321,HEALTHMARKETS INC
773678,8093,INTERCARE INC
773720,3829,DSP TECHNOLOGY INC
773723,2833,HAUSER INC
773730,3823,ISCO INC
773840,9997,HONEYWELL INTERNATIONAL INC
773845,6020,GREATER COMMUNITY BANCORP
773908,1044,LONDON SILVER CORP
773910,1311,ANADARKO PETROLEUM CORP
773936,8734,ANIMED INC
774055,7389,TRANSAXIS INC
774152,5411,OPEN AIR MARKETS INC
774190,2820,AUSIMONT NV
774197,4911,CENTERIOR ENERGY CORP
774203,6020,WACHOVIA CORP-OLD
774214,1311,UNION TEXAS PETRO HLDGS INC
774341,5030,STANLINE INC
774349,4955,CHEMCLEAR INC
774380,2030,ALL AMERICAN GOURMET CO
774388,4833,TVX BROADCAST GROUP
774418,6792,RICHPORT RESOURCES LTD
774487,2511,AMERIWOOD INDS INTL CORP
774517,8300,AMERICAN LEARNING CORP
774553,3357,BRINTEC CORP
774554,2033,CARIBBEAN SELECT INC
774569,6020,CORTLAND BANCORP
774624,6331,ALLIED GROUP INC
774653,6798,MERIDIAN POINT RLTY TR VII
774658,6798,CHICAGO DOCK & CANAL TRUST
774695,3577,PINNACLE SYSTEMS INC
774709,4955,ENVIRONMENTAL SYSTEMS CO
774740,5990,BIOZHEM COSMECEUTICALS INC
774937,4512,EXELED HOLDINGS INC
775057,1311,ALTEX INDUSTRIES INC
775158,3711,OSHKOSH CORP
775163,7372,INTEGRATED SYSTEMS INC
775215,6020,HBT FINANCIAL INC
775271,3944,KENNER PARKER TOYS INC
775272,1311,PLAINS PETROLEUM CO
775298,5812,SPAGHETTI WAREHOUSE INC
775368,6331,ALLEGHANY CORP
775406,7812,NEW WORLD ENTERTNMNT
775473,6020,GREATER BAY BANCORP
775476,6794,NETWORK VIDEO INC
775483,2911,ATLANTIC RICHFIELD CO
775502,3851,APPLIED OPTICS INC
775542,6331,NAC RE CORP
775614,1400,HIGHWOOD RESOURCES LTD
775616,6799,CONTINENTAL VENTURES INC
775662,6020,VIST FINANCIAL CORP
775663,6020,ROCK FINANCIAL CORP/NJ
775714,3861,CAMERA PLATFORMS INTL INC
775820,8351,CHILDRENS DISCOVERY
775995,3714,DEFIANCE INC
776008,2834,ROCK CREEK PHARMACEUTICALS
776064,2330,ARNAV INDUSTRIES INC
776074,4953,CHAMBERS DEVELOPMENT  -CL A
776132,7372,DESK TOP FINANCIAL SOLUTIONS
776151,5140,DIVERSIFIED FOODS INC
776208,5734,CWE INC
776325,8050,RES-CARE INC
776764,1311,VISCOUNT RESOURCES LTD
776815,6036,COMMUNITY BANKSHARES INC/NH
776818,1311,KELLEY OIL & GAS PTRS  -LP
776848,6020,PREMIER NATIONAL BANCORP
776867,6331,WHITE MTNS INS GROUP LTD
776873,7380,ADT LTD
776900,7373,OSHAP TECHNOLOGIES LTD
776901,6020,INDEPENDENT BANK CORP/MA
776997,7389,FIRST AMER HEALTH CONCEPTS
777001,6211,BEAR STEARNS COMPANIES INC
777002,2024,SWEET VICTORY INC
777249,7372,EDMARK CORP
777277,5735,SPEC'S MUSIC INC
777323,6552,PERENNIAL DEVELOPMENT
777358,1221,AOI COAL CO
777432,7372,IMAGE MANAGEMENT SYSTEMS INC
777489,8711,THERMO ENVIRONMENTAL CORP
777504,3562,SKF AB
777513,2670,TENDERCARE INTERNATIONAL INC
777517,2834,SUMMA RX LABORATORIES INC
777518,3559,UAS AUTOMATION SYSTEMS INC
777527,8731,POWER SPECTRA INC
777538,2033,STOKELY USA INC
777539,3630,REGINA CO INC
777568,1311,SAMSON ENERGY CO  -LP
777617,7372,ADVANCED INST MGMT SOFTWARE
777623,4522,POCI INC
777627,5411,STATER BROS INC
777876,6035,YORK FINANCIAL CORP
777877,1311,ADOBE RESOURCES CORP
778107,8700,SANDY CORPORATION
778161,4213,INTRENET INC
778164,2860,ALTO INGREDIENTS INC
778165,1040,ROCK ENERGY RESOURCES INC
778169,2320,CRYSTAL BRANDS
778171,6726,CITY INVESTING CO LIQ TR
778175,2670,LINEAR FILMS INC
778201,1311,SUN ENERGY PARTNERS  -LP
778208,1000,SYNERGY RENEWABLE RESOURCES
778354,7011,FABULOUS INNS OF AMERICA
778362,7374,NETI TECHNOLOGIES INC
778397,7363,NORRELL CORP
778423,7011,ARLINGTON HOSPITALITY INC
778424,2950,U S INTEC INC
778426,7389,AEGIS COMMUNICATIONS GROUP
778432,2834,SPECTRA PHARMACEUTICAL SVCS
778433,8051,GREENERY REHABILITATION GRP
778437,6798,AMERICAN INDL PPTYS REIT
778439,800,RAYONIER TIMBERLANDS  -LP
778595,7822,ALLSTAR VIDEO INC
778702,3990,FOLIAGE PLUS INC
778705,3540,AUTODIE CORP
778709,2013,GOODMARK FOODS
778714,6799,BANYAN MTG INVESTORS  -LP II
778718,4512,TOWER AIR INC
778734,3829,MEASUREMENT SPECIALTIES INC
778808,3564,CROWN ANDERSEN INC
778810,1311,CONSOLIDATED ENERGY PRT  -LP
778946,7011,BLUEGREEN VACATNS CORP
778972,6020,FIRSTBANK CORP
779077,2835,LEV SCIENTIFIC INDS LTD
779134,1531,GEMCRAFT INC
779152,7389,HENRY (JACK) & ASSOCIATES
779162,5047,FERTILITY & GENETICS RES
779164,3829,PROTERION CORP
779226,7361,DIVERSIFIED CORP RESOURCES
779244,4941,GWC CORP
779247,1311,KANEB ENERGY PARTNERS LTD
779282,8071,DIANON SYSTEMS INC
779311,3448,LEARNING TECHNOLOGY INC
779314,3540,INTL CONSUMER BRANDS INC
779334,3312,BIRMINGHAM STEEL CORP
779335,6512,GOULD INVESTORS  -LP
779336,6726,ABERDEEN AUSTRALIA EQTY FD
779338,7370,DELTA COMPUTEC INC
779390,7372,ASPECT COMMUNICATIONS CORP
779544,5812,ARK RESTAURANTS CORP
779608,6798,COLUMBIA REAL ESTATE INVS
779676,8051,ZENOX INC
779681,7372,CAPE SYSTEMS GROUP INC
779733,2836,ORGANOGENESIS INC
779907,2844,GRUENE INC
779954,4100,U S TRANSPORTATION SYS
779999,3790,SCAT HOVERCRAFT INC
780053,6798,NATIONWIDE HEALTH PPTYS INC
780068,3851,NEOLENS INC
780117,2750,WORLD COLOR PRESS INC-OLD
780118,6351,AMWEST INSURANCE GROUP INC
780127,3842,SYNOVIS LIFE TECH INC
780129,1000,BETHLEHEM RESOURCES CORP
780151,3580,COMPLIANCE RECYCLING
780260,5900,OFFICELAND INC
780261,2430,FACELIFTERS HOME SYSTEMS INC
780265,7331,BLAU (BARRY) & PARTNERS INC
780376,5141,LATIN FOODS INTL INC
780388,2100,CONWOOD CORP
780391,1311,SANTA FE ENERGY PRTNRS  -LP
780416,3663,VERTEX COMMUNICATIONS CORP
780434,3842,RESPIRONICS INC
780571,3824,ITRON INC
780603,7373,TIME MANAGEMENT CORP
780853,4813,INTERNATIONAL TELECHARGE INC
781885,6799,GRAND PEAK CAPITAL CORP
781887,1000,INTERSTRAT RESOURCES INC
781888,6512,PILGRIM HOLDINGS LTD
781890,5065,IMAGEXPRES CORP
781891,6099,LML PAYMENT SYSTEMS INC
781893,6795,C & E FURNITURE INDUSTRIES
781894,7373,VERONEX TECHNOLOGIES INC
781895,6799,TRIAN EQUITIES LTD
781902,3569,INTERNATIONAL BALER CORP
782126,3949,WOMENS GOLF UNLIMITED INC
782145,7372,PLAYNET TECHNOLOGIES INC
782379,4955,VECTRA TECHNOLOGIES INC
782819,1040,GLAMIS GOLD LTD
782842,6211,GLEACHER & COMPANY INC
782875,1000,BREAKWATER RESOURCES LTD
782879,1040,CONTINENTAL MINERALS CORP
782995,3576,AT COMM CORP
782999,7372,MANAGEMENT GRAPHICS INC
783005,4832,EMMIS COMMUNICATIONS CP-CL A
783008,4841,FALCON CABLE SYSTEMS  -LP
783140,4841,TELECAST INC
783141,3826,BUEHLER INTERNATIONAL INC
783233,4813,ACC CORP
783265,7812,ALL AMERICAN COMMUNICATIONS
783266,7997,GROWTH DEVELOPMENT CORP
783278,1040,ST JOE GOLD CORP
783280,6798,DUKE REALTY CORP
783282,6282,COLONIAL GROUP  -CL A
783319,5200,SUNBELT NURSERY GROUP INC/DE
783324,1040,VISTA GOLD CORP
783325,4931,WEC ENERGY GROUP INC
783327,5812,INTER GLOBE RESOURCES LTD
783396,2670,CHEMICAL INVESTORS INC
783412,7372,DAILY JOURNAL CORP
783425,4813,ALC COMMUNICATIONS INC
783458,7011,DAYS INNS CORP
783460,1000,TERRA MINES LTD
783483,5045,4G DATA SYSTEMS INC
783603,6331,AMERICAN SAFETY INS HLDG LTD
783604,6035,EAGLE BANCSHARES INC
783728,7011,RIDGEWOOD HOTELS INC
783738,3571,GLOBAL MAINTECH CORP
783739,6020,BANCTRUST FINANCIAL GRP INC
783850,6035,PONCEBANK
783994,6211,INTERCONTINENTAL ENTERPRISES
783995,6035,FIRST AMFED CORP
784011,800,POPE RESOURCES/DE  -LP
784012,6510,GENTERRA CAPITAL INC
784014,6799,AMER INSD MTG SER 86  -LP
784055,6726,PILGRIM AMER BANK & THRIFT
784199,3842,CRYOLIFE INC
784259,4512,STATESWEST AIRLINES
784275,2060,BROCK CANDY CO  -CL A
784683,5651,OLIVERS STORES INC
784721,3651,SENSORY SCIENCE CORP
784770,3674,DPAC TECHNOLOGIES CORP
784932,6020,SURETY CAPITAL CORP
784955,3824,GARDENAMERICA CORP
784957,1040,GRANDVIEW RESOURCES INC
784958,3690,TREND VISION TECHNOLOGIES
784961,4813,VDC COMMUNICATIONS INC
784977,4911,PORTLAND GENERAL ELECTRIC CO
785022,3842,KIRSCHNER MEDICAL CORP
785037,3690,REFLECTONE INC
785080,4841,CENTURY COMMUN  -CL A
785081,2836,VIRAGEN INTERNATIONAL INC
785161,8060,ENCOMPASS HEALTH CORP
785186,4955,DURATEK INC
785321,5020,CREATIVE TECHNOLOGIES CORP
785541,3571,CONCURRENT COMPUTER CORP
785546,3825,IFR SYSTEMS INC
785557,8090,DLH HOLDINGS CORP
785631,6162,PAN AMERICAN MORTGAGE CORP
785786,3672,PLEXUS CORP
785787,3081,AEP INDUSTRIES INC
785790,3579,DIGITEXT INC
785813,6020,CENTURY BANCSHARES INC
785814,8051,INTEGRATED HEALTH SVCS INC
785819,3310,ELECTRIC & GAS TECHNOLOGY
785852,3571,MANAGEMENT ASSISTANCE LIQ TR
785854,6035,UTD FED SVGS BK ROCKY MT NC
785855,6726,ITALY FUND INC
785929,8200,AIFS INC
785931,5731,GOOD GUYS INC
785938,3480,ARYT INDUSTRIES LTD
785939,2510,CRAFTMATIC INDUSTRIES INC
785956,2050,J & J SNACK FOODS CORP
785960,2000,BEATRICE COS INC
785962,5651,LAMONTS APPAREL INC
785968,1311,MILLER ENERGY RESOURCES INC
785970,3620,EFI ELECTRONICS CORP
786035,6726,LIBERTY ALL-STAR GROWTH FUND
786050,6798,MERIDIAN POINT REALTY TR VI
786052,5030,IPM INC
786110,2300,GYMBOREE CORP
786130,3944,TYCO TOYS INC
786156,6726,SUMMIT TAX EXEMPT BOND
786160,7389,TELECOMMUNICATIONS NETWORK
786283,1311,PRAIRIE PACIFIC ENERGY CORP
786344,6331,GAINSCO INC
786364,3080,DISCAS INC
786368,3690,CHINA RITAR POWER CORP
786422,1311,DELBANCOR INDUSTRIES INC
786423,1311,GLENEX INDUSTRIES INC
786533,4832,OLYMPIA BROADCASTING CORP
786557,2836,LIPOSOME CO INC
786617,2015,HUDSON FOODS INC  -CL A
786618,4100,ATLANTIC EXPRESS
786714,6798,CENTRAL REALTY INVESTORS INC
786765,7363,BUTLER INTERNATIONAL INC
786767,2851,DEL PAINT CORP
786836,8082,CURAFLEX HEALTH SERVICES INC
786877,5331,HILLS STORES CO
786947,2834,ACURA PHARMACEUTICALS INC
786998,7372,MATRIXONE INC
787016,5411,BILDNER (J.) & SONS INC
787030,8082,VISTACARE INC
787075,6020,FIRST FINANCIAL HOLDINGS-OLD
787250,4911,DPL INC
787251,1311,CHINA NORTH EAST PETRO HLDG
787253,2834,NATURAL ALTERNATIVES
787426,3990,CARDINAL TECHNOLOGIES INC
787520,2080,ESKIMO PIE CORP
787648,6020,TEXAS REGL BCSHS INC  -CL A
787690,5990,KING POWER INTL GROUP LTD
787784,8300,AMERICAN RETIREMENT CORP
787793,3651,HOME THEATER PRODS INTL INC
787809,3823,MIKRON INFRARED INC
787849,6020,YARDVILLE NATIONAL BANCORP
787912,4812,COMMNET CELLULAR INC
787976,2834,WELLCOME PLC
787977,6211,ALEX BROWN INC
788043,5040,VWR SCIENTIFIC PRODUCTS CORP
788134,6020,WAYNE BANCORP INC/OH
788176,7372,TRANSFORM LOGIC CORP
788306,7374,GENERAL COMPUTER CORP INC
788329,3690,JOHNSON OUTDOORS INC  -CL A
788330,2844,BEAUTICONTROL COSMETICS INC
788341,6500,UMB EQUITIES INC
788588,5700,HOME CENTERS INC
788592,3944,UNIVERSAL MATCHBOX GROUP LTD
788611,7372,SIGMA LABS INC
788738,3531,AXIA GROUP INC
788784,4931,PUBLIC SERVICE ENTRP GRP INC
788813,4700,PLM EQUIPMENT GROWTH FD  -LP
788845,3081,CAPFILM INC
788885,4941,PENNICHUCK CORP
788902,3714,STRUCTOFAB INC
788920,3841,PRO-DEX INC/CO
788951,5072,MOORE HANDLEY INC
788964,4955,OHM CORP
788965,4911,HALLADOR ENERGY CO
789019,7372,MICROSOFT CORP
789029,6799,ORANGE FREE STATE INVTS LTD
789073,2085,BEAM INC
789092,8082,INTERWEST HOME MEDICAL INC
789096,7371,GENERAL SCIENCES CORP
789132,3845,SPECTRANETICS CORP
789356,5812,CALIFORNIA PIZZA KITCHEN INC
789388,7372,SUNGARD DATA SYSTEMS INC
789456,6211,ROTHSCHILD (LF) HOLDINGS INC
789460,5172,WORLD FUEL SERVICES CORP
789462,2834,ROYCE LABORATORIES INC
789468,6282,AMERICAN CPTL MGMT & RSCH
789547,3714,MCLAREN PERFORMANCE TECH INC
789562,3600,SEACOAST HOLDING CORP
789565,7371,PROTOCOM DEVICES INC
789570,7990,MGM RESORTS INTERNATIONAL
789575,6020,GRENADA SUNBURST SYSTEMS CP
789594,6020,MOXHAM BANK CORP
789605,5960,TRADITIONAL INDUSTRIES
789660,2761,PARIS CORP
789670,6020,FIRST INDIANA CORP
789754,3661,TELEQUEST INC
789758,8734,CAMBRIDGE ANALYTICAL ASSOC
789759,6020,FAIRFIELD FST BK & TR CO/CT
789847,7373,COPE INC
789851,7370,VITALSTREAM HOLDINGS INC
789857,3312,CHINA PACIFIC INC
789863,2451,CAVALIER HOMES INC
789868,2020,FEIHE INTERNATIONAL INC
789869,3357,COMMUNICATION CABLE INC
789881,2015,RICA FOODS INC
789932,2844,ALLURE COSMETICS LTD
789933,1221,NACCO INDUSTRIES  -CL A
789943,4931,IES INDUSTRIES INC
789949,1000,EUROPEAN AMERICAN RESOURCES
789951,6726,AMERICA FST PART PFD EQUITY
789965,5912,DART DRUG STORES INC
789966,4899,COIN PHONES INC
789990,3861,COLOROCS CORP
790023,3360,PACIFIC AEROSPACE&ELECTR INC
790024,1400,CHINA SHEN ZHOU MINING & RES
790025,4833,CAPITAL MEDIA GROUP LTD
790044,4991,LONG LAKE ENERGY CORP
790051,2950,CARLISLE COS INC
790070,3572,EMC CORP/MA
790071,5110,ARISTOTLE CORP
790159,4991,WHEELABRATOR TECHNOLOGIES
790168,6036,D S BANCOR INC
790170,6792,ENERGEX MINERALS LTD
790183,6035,PROGRESS FINANCIAL CORP
790202,6726,FIRST OPPORTUNITY FUND INC
790228,3089,SPECIALIZED HEALTH PRODUCTS
790238,6794,TELETIMER INTL INC
790272,7373,NAVTECH INC
790274,3845,CREATIVE MEDICAL SYSTEMS INC
790307,1400,SONORA DIAMOND CP LTD
790359,6020,N B T BANCORP INC
790360,5944,SAMUELS JEWELERS INC
790372,4213,M S CARRIERS INC
790373,3845,ALYX MEDICAL INSTRUMENTS INC
790375,3540,SECOM GENERAL CORP
790406,2750,MERRILL CORPORATION
790411,7812,VISTA ORGANIZATION PTRS  -LP
790414,5311,GOTTSCHALKS INC
790423,7363,WORLDWIDE COMPUTER SVCS INC
790498,7370,DATA TRANSMISSION NETWORK
790500,6726,ABERDEEN ASIA PACIFIC INCOME
790523,4941,IWC RESOURCES CORP
790526,8071,RADNET INC
790555,6020,SIERRAWEST BANCORP
790607,3577,TELESIS SYSTEMS CORP
790650,4813,SOUTHERN NEW ENG TELECOMM
790703,5045,TECH DATA CORP
790704,4955,COLUMBIA WESTERN INC
790705,3663,TEKELEC
790706,2731,GOLDEN BOOKS FAMILY ENTMT
790710,3089,BERES INDUSTRIES INC
790715,3674,SIGMA DESIGNS INC
790730,3270,AMERON INTERNATIONAL CORP
790733,6411,HALIS INC
790812,9995,MUNICIPAL DEVELOPMENT CORP
790813,3357,CAPITAL WIRE & CABLE CORP
790815,5731,FRETTER INC
790816,6798,BRANDYWINE REALTY TRUST
790817,6798,BANYAN STRATEGIC REALTY TR
790818,3861,X-RITE INC
790883,3841,OVABLOC INC
790920,8071,DIGITAL DIAGNOSTIC SYSTEMS
790928,6321,AMERICAN TRAVELLERS CORP
790929,2540,INTERLAKE CORP
790932,3442,CHARIOT GROUP INC
790933,1700,GMX COMMUNICATIONS INC
790936,7373,UNIVATION INC
790940,5065,SHELLY ASSOCIATES INC
790948,7374,HEALTHTRAC INC
790984,5600,WEBSTER CLOTHES INC
790988,6020,PENNROCK FINANCIAL SVCS
791010,8711,PSE INC
791013,6172,PRIME CAPITAL CORP
791014,6794,MAIL BOXES ETC
791024,5961,HOME SHOPPING NETWORK
791027,4512,TROPIC AIR CARGO INC
791048,5912,ARBOR DRUGS INC
791050,7384,PHOTOWORKS INC
791056,6162,NORTHEASTERN MORTGAGE CO INC
791162,5944,STERLING INC
791164,5912,HEALTH MANAGEMENT/DE
791182,5621,GANTOS INC
791235,8011,ALTERNATIVE HEALTH CARE SYS
791243,3080,CIMCO INC
791254,6321,MID SOUTH INSURANCE CO
791262,6282,UNITED INVESTORS MGMT CO
791269,3711,CHRYSLER CORP
791347,4841,AMERICAN CABLESYSTEMS  -CL A
791348,3317,LONE STAR TECHNOLOGIES
791350,5900,HALSTEAD ENERGY CORP
791398,5960,EOS INTERNATIONAL INC
791440,3842,ANSELL LTD
791450,5961,SPORTSMANS GUIDE INC
791453,3661,PERCEPTION TECHNOLOGY CORP
791519,5110,STAPLES INC
791528,5122,WENDT BRISTOL CO
791531,9997,KOOR INDUSTRIES LTD
791594,3661,STRATACOM INC
791681,6798,RESIDENTIAL MORTGAGE INV INC
791704,5961,N2K INC
791714,5140,ALPINE LACE BRANDS INC
791716,1381,MALIBU CAPITAL CORP
791718,6726,EUROPEAN EQUITY FUND INC
791726,3580,LINCOLN FOOD SERVICE PRODS
791731,5940,VILLAGE GREEN BOOKSTORE INC
791770,9995,
791851,5331,BRENDLES INC
791902,6153,INTERFUND CORP
791905,3272,MILLER BUILDING SYSTEMS INC
791907,3674,LINEAR TECHNOLOGY CORP
791908,2836,XOMA CORP
791915,3674,CYPRESS SEMICONDUCTOR CORP
791925,2836,SOMATIX THERAPY CORP
791953,4512,FLAGSHIP EXPRESS INC
791958,4700,GRAND ADV TOUR&TRVL PBLG CP
791963,6211,OPPENHEIMER HOLDINGS INC
791994,3580,INNOVA/PURE WATER INC
792013,6331,HARLEYSVILLE GROUP INC
792014,6798,INVG MORTGAGE SECURITIES CP
792126,6331,ARI HOLDINGS INC
792130,7372,DATAWATCH CORP
792160,2844,ALOETTE COSMETICS INC
792161,100,HAWAIIAN MCADM NT ORCHRD LP
792183,3678,BETA PHASE INC
792341,7373,UNICOMP INC
792360,6020,GRANITE ST BANKSHARES INC
792361,6798,GUILD MORTGAGE INVESTMENTS
792369,6035,EAGLE FINANCIAL CORP
792381,8731,ADVANCED DETECTORS INC
792397,3572,CONNER PERIPHERALS
792449,6282,ATALANTA SOSNOFF CAPITAL CP
792455,7812,CROWLEY FINANCIAL SERVICES
792520,4812,PHONEX INC
792570,5600,CASUAL MALE CORP
792641,8071,BIO REFERENCE LABS
792642,1040,AMERICANA GLD&DIAMOND HLDGS
792643,2024,INTEGRATED BRANDS INC  -CL A
792723,3661,OCTEL COMMUNICATIONS CORP
792823,3585,RECO INTERNATIONAL INC
792853,8090,PSICOR INC
792854,6331,CHANDLER INSURANCE LTD
792857,7370,XCELERA INC
792861,7370,IFX CORP
792863,4832,INFINITY BROADCASTING  -CL A
792932,5122,PHARMERICA INC -OLD
792966,6020,FARMERS & MERCHANTS BCP/OH
792969,7389,MARIETTA CORP
792977,2834,AMAG PHARMACEUTICALS INC
792984,3086,RADVA CORP
792985,8062,HEALTH MANAGEMENT ASSOC
792986,3640,COMPUTER POWER INC
792987,3531,ASTEC INDUSTRIES INC
793024,5065,KENT ELECTRONICS CORP
793026,5812,RUDYS RESTAURANT GROUP INC
793029,2300,ANDOVER TOGS INC
793040,6726,ELLSWORTH GRWTH INCM FD LTD
793042,6211,HOPPER SOLIDAY CORP
793044,7812,CKX INC
793049,6020,F & M BANCORPORATION INC
793074,4213,WERNER ENTERPRISES INC
793075,6035,PALFED INC
793080,6020,SUBURBAN BNKSHRS/FL
793152,7372,IBS TECHNOLOGIES LTD
793154,4512,ACI HOLDING INC
793158,6726,LINCOLN NATIONAL CV SEC
793159,6726,GLOBAL YIELD FUND
793160,2870,IGENE BIOTECHNOLOGY INC
793169,6035,EASTERN BANCORP INC
793171,2836,VITRO DIAGNOSTICS INC
793235,5045,NEECO INC
793277,7822,COMMTRON CORP  -CL A
793279,3845,CANDELA CORP
793280,6211,RYAN BECK & CO INC
793306,4922,BLUE DOLPHIN ENERGY CO
793308,1040,NEWMONT GOLD CO
793354,3845,VENTRITEX INC
793369,3714,CLEVITE INDUSTRIES INC
793395,2836,QUEST BIOTECHNOLOGY INC
793421,2870,PHOSPHATE RES PARTNERS  -LP
793495,6035,EQUITABLE BANK/MD
793499,6324,FHP INTERNATIONAL CORP
793500,5110,NATIONAL SANITARY SUPPLY CO
793520,5990,COSMETIC CENTER INC  -CL C
793521,1311,COLUMBIAN ENERGY CO  -LP
793522,3576,ALLOY COMPUTER PRODUCTS INC
793523,5047,PRIMESOURCE HEALTHCARE INC
793524,8731,RESEARCH FRONTIERS INC
793526,4899,AMNEX INC
793547,6331,NAVIGATORS GROUP INC
793548,6020,MIDLANTIC CORP
793575,3812,ELDEC CORP
793586,3260,WATERFORD WEDGWOOD PLC
793592,3669,ARITECH CORP-DEL
793596,2253,CLIFF ENGLE LTD
793604,7372,INTERLEAF INC
793613,2834,JONES PHARMA INC
793628,1000,CHINA NATURAL RESOURCES INC
793630,5812,LE PEEP RESTAURANTS INC
793652,2320,NUTMEG INDUSTRIES INC
793725,2835,CISTRON BIOTECHNOLOGY INC
793726,7812,IMAGINE FILMS ENMT INC
793729,4400,AMERICAN CRUISE LINES INC
793733,4512,SKYWEST INC
793762,2400,KAFUS INDUSTRIES LTD
793765,4213,KLLM TRANSPORT SERVICES INC
793771,3845,FIRST MEDICAL DEVICES CORP
793785,3841,ZETEK INC
793894,5122,MEDI RX AMERICA INC
793925,5621,CONSTON CORPORATION  -CL A
793933,3826,CEM CORP
793937,3021,L A GEAR INC
793950,3730,GENMAR INDUSTRIES INC
793952,3751,HARLEY-DAVIDSON INC
793961,7373,ASA INTERNATIONAL LTD
793971,5731,SOUND ADVICE INC
793977,6726,OXFORD TAX EXEMPT FD II  -LP
793982,3651,POLK AUDIO INC
793983,2330,CHAUS (BERNARD) INC
793992,6036,WEST MASS BANKSHARES
794048,5944,JEWELMASTERS INC
794103,6035,NFS FINANCIAL CORP
794107,7011,CALA CORP
794147,3845,DIAGNOSTIC MEDICAL INSTR INC
794154,3826,SEPRAGEN CORP  -CL A
794170,1531,TOLL BROTHERS INC
794172,2835,MERIDIAN BIOSCIENCE INC
794205,6351,FGIC CORP
794216,5731,TIPTON CENTERS INC
794223,1531,UNION VALLEY CORP
794230,7389,LEXITECH INTL DOCUMENTATION
794248,4931,IOWA SOUTHERN INC
794270,3350,NICHOLS-HOMESHIELD INC
794279,6726,WORLDWIDE VALUE FUND
794323,4813,LEVEL 3 COMMUNICATIONS INC
794324,6153,MEDMASTER SYSTEMS INC
794359,7011,MOTEL 6  -LP
794367,5311,MACY'S INC
794369,5661,SHOE CITY CORP
794383,5812,BOMBAY PALACE RESTAURANTS
794487,2711,NEWS COMMUNICATIONS
794619,2430,AMERICAN WOODMARK CORP
794620,6036,MARBLE FINANCIAL CORP
794627,2836,SYNTRO CORP
794685,6726,GABELLI EQUITY TRUST
794803,3721,AMERICAN AIRCRAFT CORP
794881,8200,AMERICAN LEARNING CORP -OLD
794927,5045,CANTERBURY CONSULTING GROUP
794929,6799,SEAHAVN CORP
795090,7371,CONSILIUM INC
795182,5172,BONNEVILLE PACIFIC CORP
795183,100,FLORES DE NEW MEXICO INC
795185,4991,COGENERATION CORP OF AMERICA
795212,5961,KASPIEN HOLDINGS INC
795255,800,ARROW RESOURCES DEVLPMT INC
795261,1040,POLESTAR EXPLORATION INC
795262,6324,TOTAL HEALTH SYSTEMS INC
795265,4812,NATIONWIDE CELLULAR SVC INC
795266,1531,KB HOME
795279,7372,INTEGRATED COMPUTER GRAPHICS
795403,3490,WATTS WATER TECHNOLOGIES INC
795410,1040,PACIFIC SILVER CORP
795424,3571,DYNATEM INC
795425,4731,MARK VII INC
795445,3823,ADV MACHINE VISION CORP-CL A
795542,3812,ADAMS RUSSELL INC/MASS
795544,9995,COVESCO CAPITAL CORP
795551,3842,THERAGENICS CORP
795571,3661,MICROCOM INC
795574,6411,AVESIS INC
795579,8711,FLUOR DANIEL/GTI INC
795611,7372,RAPITECH SYSTEMS INC
795615,2911,PETRO-CANADA
795618,6726,ASIA PACIFIC FUND
795662,2860,STERLING CHEMICALS HLDGS INC
795665,5093,METAL MANAGEMENT INC
795711,3578,CELEREX CORP
795760,3695,DATAMAG INC
795800,1000,NORTH AMERICAN NICKEL INC
795820,7373,ULTIMAP CORP
795965,7374,US SERVIS INC
795968,3531,EDISON CONTROL CORP
795986,3827,THERMO INSTRUMENT SYSTEMS
796038,8711,THERMO TERRATECH INC
796040,7841,STARS TO GO INC
796117,5093,METAL RECOVERY TECHN INC
796122,1531,CONTINENTAL HOMES HOLDING CP
796219,5094,GRUEN MARKETING CORP
796222,1040,GOLDENBELL RESOURCES INC
796226,2330,LESLIE FAY COMPANIES INC
796228,3861,TRANSNATIONAL INDUSTRIES INC
796262,7373,MAXXIMA CORP
796313,7372,ALTAI INC
796317,6020,ALLIANCE FINANCIAL CORP/NY
796318,7389,GEONEX CORP
796322,6020,PEOPLES BK CORP INDIANAPOLIS
796331,5661,NEW YORK CITY SHOES INC
796332,5810,CATCH A RISING STAR  -CL A
796334,1600,CONCORD ENERGY INC
796337,7372,DEGA TECHNOLOGY INC
796343,7370,ADOBE INC
796366,5400,PINCH OR POUND INC
796369,5812,EATERIES INC
796370,6282,UNITED ASSET MGMT CORP
796374,4011,PIONEER RAILCORP  -CL A
796486,4841,ADELPHIA COMMUN  -CL A
796502,3621,WESTERBEKE CORP
796505,3679,CLEARFIELD INC
796516,5411,P & C FOODS INC
796534,6020,NATIONAL BANKSHARES INC VA
796577,3559,QUIPP INC
796578,6726,DOVER REGIONAL FINL SHARES
796579,4213,ROADRUNNER ENTERPRISES INC
796624,5961,TIGER DIRECT INC
796655,7372,ANTS SOFTWARE INC
796735,4832,INTEREP NATL RADIO SALES INC
796764,7990,PREMIER EXHIBITIONS INC
796838,2421,PACIFIC LUMBER CO
796912,7990,PLAYERS INTERNATIONAL INC
797079,2810,EPOLIN INC
797088,1040,AMERICAN RESOURCE CORP INC
797109,3569,MEMTEC LTD
797164,3661,MEGAHERTZ HOLDING CORP
797221,9995,STRATEGIA CORP
797313,4841,CHELL GROUP CORP
797315,3931,BALDWIN PIANO & ORGAN CO
797320,3081,FIRST BRANDS CORP
797324,7372,LASERGATE SYSTEM INC
797394,2090,GOLDN VALLEY MICROWAV
797419,7841,PARALAX VIDEO ENTERPRISES
797422,7830,HI-DEF ENTERPRISE INC
797448,7373,VERSO TECHNOLOGIES INC
797460,5812,PERKINS FAMILY RESTS  -LP
797462,5712,HUFFMAN KOOS INC
797465,6361,HG HOLDINGS INC
797468,1311,OCCIDENTAL PETROLEUM CORP
797496,6331,FRONTIER INSURANCE GROUP INC
797500,2024,TOFRUZEN INC
797502,6794,DWYER GROUP INC
797506,3873,TELE-ART INC
797507,6036,PROGRESSIVE BANK INC
797509,3630,SSMC INC NV
797541,6020,PREMIER BANKSHARES CORP
797542,7370,ZAXIS INTL INC
797543,2421,TREESOURCE INDUSTRIES INC
797564,2836,HST GLOBAL INC
797656,7819,TINTORETTO INC
797658,7812,NEW LINE CINEMA CORP
797659,6794,NEW RETAIL CONCEPTS
797662,1090,AMERICAN RARE EARTHS & MTRLS
797721,4899,VIASAT INC
797871,6020,SOUTH FINANCIAL GROUP INC
797894,5731,JACKS INC
797917,3490,RAYTECH CORP
797922,3559,VISION SCIENCES INC
797975,2842,ARMOR ALL PRODUCTS CORP
797983,1311,ORBITRON CAPITAL CORP
797984,3661,TADIRAN LTD
797989,4955,ENVIROPACT INC
798044,3679,CRYENCO SCIENCES INC
798078,6794,NATIONAL LAMPOON INC
798081,3842,LAKELAND INDUSTRIES INC
798085,6351,CENTRIS GROUP INC
798122,7372,TELEDIGITAL INC
798139,8711,SMITH TECHNOLOGY CORP
798166,2800,ICN BIOMEDICALS INC
798168,7363,JOULE INC
798186,5700,LECHTERS INC
798217,7812,HAWKEYE ENTERTAINMENT INC
798246,2200,FORSTMANN & CO INC
798275,5010,EXPORT TYRE HOLDING CO
798286,2844,MINNETONKA CORP
798287,4213,P.A.M. TRANSPORTATION SVCS
798288,6798,NEW PLAN EXCEL REALTY TR
798289,3670,MICROWAVE LABORATORIES INC
798311,6726,COUNSELLORS TANDEM SECS FD
798354,7389,FISERV INC
798358,6035,FIRSTFED AMERICA INC
798359,6798,CENTRESPACE
798363,6331,SCOR US CORP
798399,3661,APPLIED INNOVATION INC
798438,3679,DATAWORLD SOLUTIONS INC
798526,7822,TODAY HOME ENTERTAINMENT INC
798528,4400,ODYSSEY MARINE EXPLORATION
798531,2844,CLEOPATRA KOHLIQUE
798534,7372,SOFTWARE TOOLWORKS INC
798537,1531,LANDMARK AMERICAN CORP
798540,8051,RETIREMENT CARE ASSOC INC
798542,6531,ROBERT-MARK INC  -CL A
798600,9995,BRANDPARTNERS GROUP INC
798671,4953,MID-AMERICAN WASTE SYS INC
798736,7373,MANATRON INC
798738,6726,SCUDDER NEW ASIA FUND INC
798757,7372,EDWARDS J D & CO
798783,6798,UNIVERSAL HEALTH RLTY INCOME
798935,5500,TRAVEL PORTS OF AMERICA INC
798941,6020,FIRST CITIZENS BANCSH  -CL A
798949,1381,UNIT CORP
798953,6035,LOYOLA CAPITAL CORP
798955,5700,COST PLUS INC
798985,2834,CHINA SKY ONE MEDICAL INC
799026,6020,CBC BANCORP INC
799028,3420,AMER CONSUMER PRODUCTS INC
799029,6726,QUEST VALUE DUAL FUND
799030,6162,COMMONWEALTH MTG  -CL A-LP
799032,6162,COMMONWEALTH MORTGAGE CO INC
799033,7359,AIRLEASE LTD  -LP
799036,6321,PIONEER FINANCIAL SVCS INC
799068,2721,VACATION PUBLICATIONS INC
799088,7830,CARMIKE CINEMAS INC
799089,7372,ASCENTIAL SOFTWARE CORP
799099,7011,KRISCH AMERICAN INNS INC
799119,2911,AMERICAN INTL PETROLEUM CORP
799128,9995,UNAVEST CAPITAL CORP  -CL A
799165,1382,DAWSON GEOPHYSICAL CO
799166,6036,MASSBANK CORP
799167,4213,MARTEN TRANSPORT LTD
799169,7011,LA QUINTA MOTOR INNS  -LP
799195,6726,LIBERTY ALL-STAR EQUITY
799208,3448,AMERICAN BUILDINGS CO
799210,2650,CARMEL CONTAINER SYS  -ORD
799213,7600,REED SYSTEMS INC
799229,2834,VESTAR INC
799231,8082,ALMOST FAMILY INC
799233,4213,HEARTLAND EXPRESS INC
799237,9995,GLOBAL VENTURE CORP
799241,3990,AGP & CO INC
799268,3564,MPM TECHNOLOGIES INC
799288,5961,LANDS' END INC
799290,3845,NELLCOR PURITAN BENNETT INC
799292,1531,M/I HOMES INC
799296,7812,AMERICAN SCREEN CO
799297,6331,UNICARE FINANCIAL CORP
799300,8082,CRITICAL CARE AMER INC
799310,7373,ACS SYSTEMS INC
799315,3678,LPL TECHNOLOGIES INC  -CL A
799319,4899,IDB COMMUNICATIONS GROUP INC
799321,6035,COLUMBIA FST BK WASH D C
799365,6411,CRYOTECH INDUSTRIES  -CL A
799368,6799,ABB AB
799426,4899,NEW WORLD BRANDS INC
799485,2834,CHESAPEAKE BIOLOGICAL  -CL A
799515,3911,MICHAEL ANTHONY JEWELERS INC
799526,3564,FLANDERS CORP
799567,5072,EQUITY GROWTH CORP
799570,3695,DOMAIN TECHNOLOGY INC
799633,5065,DOUGLAS COMPUTER INTL INC
799642,1540,INTEGRATED HLTHCR FACS  -LP
799666,6162,KNUTSON MORTGAGE CORP
799690,6726,CAP RLTY INV TAX EXFD  -SER2
799692,2080,A & W BRANDS INC
799694,8082,ONCOLOGIX TECH INC
799698,2836,CYTRX CORP
799699,6153,AUTOBANC INC
799729,8731,PAREXEL INTERNATIONAL CORP
799850,5500,AMERICA'S CAR-MART INC
799874,3825,QUADLOGIC CONTROLS CORP
799875,3060,RUBBER RESEARCH ELASTOMERICS
799902,6411,ARISTA INVESTORS CORP
799903,2834,DURAMED PHARMACEUTICALS INC
799904,3669,FBX CORP
799937,7310,POP RADIO CORP
800031,3812,BAE SYSTEMS CANADA INC
800041,3572,IRWIN MAGNETIC SYSTEMS INC
800042,6036,CFX CORP
800055,3651,GLOBAL TECHNOVATIONS INC
800093,2911,BURMAH CASTROL PLC
800115,1311,CENTRAL PACIFIC MINERALS NL
800136,7371,CSK CORP
800166,1040,NEW GOLD INC
800167,5411,DAIEI INC
800181,8082,MED DIVERSIFIED INC
800193,3550,TAPISTRON INTERNATIONAL INC
800240,5940,ODP CORP
800266,2670,SHOREWOOD PACKAGING CORP
800267,5040,MICRO IMAGING SYSTEMS INC
800286,5045,SED INTERNATIONAL HLDGS INC
800287,4955,CHEMICAL WASTE MANAGEMENT
800351,3711,FORD MOTOR CO OF CANADA LTD
800365,3861,FUJIFILM HLDGS CORP
800454,3944,JANEX INTERNATIONAL INC
800457,6331,DONEGAL GROUP INC
800458,7370,RENTRAK CORP
800459,3651,HARMAN INTERNATIONAL INDS
800460,3670,CALIFORNIA MICRO DEVICES CP
800575,3580,PREMARK INTERNATIONAL INC
800630,3312,EVRAZ HIGHVELD STEEL AND VAN
800673,4512,JAPAN AIRLINES CO LTD
800696,8900,ANGEL ENTERTAINMENT INC
800863,3579,SANYO ELECTRIC CO LTD
800898,1040,KLOOF GOLD MINING CO LTD
800901,2082,KIRIN HOLDINGS CO LTD
800937,3711,NISSAN MOTOR CO LTD
801051,6282,CONNING CORP
801121,5045,INMAC CORP
801122,6020,IBT BANCORP INC
801124,6798,VANGUARD R E FUND I
801125,7372,MORINO INC
801128,3564,BHA GROUP HOLDINGS INC
801309,7812,INDUSTRIAL TRAINING SYSTEMS
801310,1000,CAPROCK CORP
801313,3576,TELEMATICS INTL INC
801321,6331,MILWAUKEE INSURANCE GROUP
801337,6020,WEBSTER FINANCIAL CORP
801338,8700,GUIDELINE INC
801343,7372,SPINNAKER SOFTWARE CORP
801350,3842,THUNDER GROUP INC
801351,2300,WARNACO GROUP INC
801354,7370,SAZTEC INTERNATIONAL INC
801441,7812,CAROLCO PICTURES INC-OLD
801443,6020,ORANGE NATIONAL BANCORP
801448,3661,ELCOTEL INC
801529,3861,PRINTWARE INC
801547,4911,NECO ENTERPRISES INC
801550,6172,DVI INC
801557,6794,BERNARD HALDANE ASSOC INC
801558,4213,CANNON EXPRESS INC
801622,7331,ADVO INC
801667,2400,SCA-SVENSKA CELLULOSA AB
801693,5200,MINORCO SA
801748,8090,HEMACARE CORP
801771,6020,NEWORLD BANCORP INC DEL
801774,6162,TRUST AMERICA SERVICE CP
801873,3089,ROTONICS MANUFACTURING INC
801898,3532,JOY GLOBAL INC
801899,5140,SIDARI CORP
801907,3728,BALLISTIC RECOVERY SYSTEMS
801961,6726,MFS MUNICIPAL INC TR
801973,1000,
801994,1311,TRINITY RESOURCES LTD
802100,3960,VELCRO INDUSTRIES NV
802114,2090,TOMSUN FOODS INTERNATIONAL
802127,1311,LAGUNA RESOURCES NL
802142,3825,PROTECH INC
802223,6035,UNIONFED FINANCIAL CORP
802227,3541,MOTION CONTROL TECHNOLOGY
802284,8060,CONTINENTAL MEDICAL SYSTEMS
802301,7370,SILICON GRAPHICS INC
802354,2030,FRESH JUICE CO INC
802356,2844,PARLUX FRAGRANCES INC
802361,4841,JONES INTERCABLE  -LP-CL A
802481,2015,PILGRIM'S PRIDE CORP
802490,5812,ATLANTIC RESTAURANT VENTURES
802492,8711,EA ENGINEERING SCI & TECH
802511,6799,CRI INSD MTG INVTS III  -LP
802513,7200,ZZZZ BEST CO INC
802517,5810,PREMIUM RESTAURANT CO
802524,1700,RYAN MURPHY INC
802555,6211,SCOTT & STRINGFELLOW FINL
802595,1040,MOTHER LODE GOLD MINES CONS
802678,6512,BANYAN MTG INVEST  -LP III
802681,6020,BRYN MAWR BANK CORP
802682,2836,CONNAUGHT BIOSCIENCES INC
802683,5731,LASERLAND CORPORATION USA
802684,5731,LIBERTY MILITARY SALES INC
802686,2090,ORIGINAL ITALIAN PASTA PROD
802700,1040,CONSOL GOLDEN QUAIL RES LTD
802724,2834,INSITE VISION INC
802779,6510,CF INCOME PARTNERS  -LP
802806,8742,RIGHT MANAGEMENT CONSULTANTS
802825,3728,PRECISION AEROTECH INC
802851,3674,LOGIC DEVICES INC
802896,4832,EZ COMMUNICATIONS INC  -CL A
802898,5051,EDGCOMB CORP
802904,5961,FIRST PROVIDENT GROUP INC
802916,3823,INDUSTRIAL TECHNOLOGIES INC
802967,3089,ASSOCIATED MATERIALS LLC
802971,6331,CITIZENS SEC GROUP INC
803003,7990,WINTER SPORTS INC
803014,7372,COMVERSE TECHNOLOGY INC
803016,6159,CALIFORNIA FIRST LEASNG CORP
803027,6331,MERCHANTS GROUP INC
803028,2540,CLAIRSON INTERNATIONAL CORP
803034,7819,GENER8XION ENTERTAINMENT INC
803046,6162,FARRAGUT MORTGAGE CO INC
803058,8700,TOTAL RESEARCH CORP
803061,6035,BFS BANCORP INC
803103,2741,IDEAL SCHOOL SUPPLY CORP
803112,6020,SECOND BANCORP INC
803164,6020,CHOICEONE FINANCIAL SERVICES
803167,7841,VIDEO SUPERSTORES OF AMER
803168,7990,INTL GAMING MGMT INC
803170,7370,F2 BROADCAST NETWORK INC
803190,3571,SCORPION TECHNOLOGIES  -CL A
803227,5731,INTERTAN INC
803260,7389,DEFAULT PROOF CREDIT CRD SYS
803266,4833,BOX WORLDWIDE INC
803348,3620,HDR POWER SYSTEMS INC
803349,2451,SCHULT HOMES CORP
803352,8093,CONTINUCARE CORP
803354,6035,FIRST SVGS BK FSB SC GRN
803395,3577,MICROTOUCH SYSTEMS INC
803443,7377,LEASING SOLUTIONS INC
803497,5812,SKYLINE CHILI INC
803498,3823,SCIENCE ACCESSORIES CORP
803512,5080,MICRON CORP/TX
803515,5211,STROBER ORGANIZATION INC
803521,7310,AEGIS GROUP PLC
803568,6324,PHP HEALTHCARE CORP
803571,7389,SATELLITE AUCTION NETWORK
803578,7371,INFORMATION ANALYSIS INC
803605,6552,MARINA  -LP
803608,6798,MEDICAL PROPERTIES INC
803644,6020,FCNB CORP
803647,8711,VERSAR INC
803649,6798,EQUITY COMMONWEALTH
803651,5990,INITIALS PLUS INC
803656,6510,KEITH GROUP COMPANIES INC
803740,6799,HUNTER ENVIRONMENTAL SERVICE
803743,4833,OUTLET COMMUNICATION  -CL A
803957,3559,WAVEMAT INC
804073,3812,LOWRANCE ELECTRONICS INC
804084,3911,PRIVATE BRANDS INC
804088,6411,PCS INC
804104,2821,ARISTECH CHEMICAL CORP
804116,6726,ROYCE VALUE TRUST
804121,7372,TANGRAM ENTP SOLUTIONS
804123,6726,TAIWAN FUND INC
804124,6035,INVESTORS BK CORP MINNETONKA
804126,3823,PRESTO TEK CORP
804131,5990,AARON BROTHERS ART MARTS INC
804138,6798,AMERICAN LAND LEASE INC
804151,3561,IMO INDUSTRIES INC
804157,6211,HUDSON HOLDING CORP
804158,3260,CR/PL INC
804188,5045,CAPITAL ASSOCIATES INC
804191,5031,VALUE HOLDINGS INC
804212,5084,AIRGAS INC
804219,7011,PRIME MOTOR INNS  -LP
804237,4955,ARTECH SYSTEMS INC
804269,6141,GENERAL MOTORS FINL CO INC
804307,3312,AMERICAN STEEL & WIRE CORP
804312,3674,OPTEK TECHNOLOGY INC
804328,3674,QUALCOMM INC
804330,3290,QUARTZ INC
804331,5065,ONE IP VOICE INC
804333,5411,QUALITY FOOD CENTERS INC
804334,3679,MICRON PRODUCTS INC
804368,7372,NATIONAL HEALTH ENHANCE SYS
804559,5190,MEDIA PRODUCTS INC
804561,6020,CENTRAL VIRGINIA BANKSHARES
804731,8711,TENERA INC
804742,4950,ALLWASTE INC
804753,7373,CERNER CORP
804840,3572,DISC TECHNOLOGY CORP
804870,7510,BUDGET RENT-A-CAR CORP
804888,7372,ACCLAIM ENTERTAINMENT INC
805012,4991,ENVIRONMENTAL POWER CORP
805014,5411,BRADENS INC
805020,5412,UNI-MARTS INC
805022,4610,BUCKEYE PARTNERS LP
805023,3081,GUNDLE/SLT ENVIRONMENTAL INC
805037,6324,MID ATLANTIC MEDICAL SVCS
805054,7370,TECHTEAM GLOBAL INC
805057,6798,MID-AMERICA REALTY INVTS INC
805264,2810,AXIALL CORP
805265,6331,BELVEDERE CORP
805266,6321,LAWRENCE INSURANCE GROUP INC
805267,6726,TEKLA HEALTHCARE INVESTORS
805268,3651,BOSTON ACOUSTICS INC
805270,2821,VISTA CHEMICAL CO
805275,6794,CAFES ONE  -LP
805305,2320,QUIKSILVER INC
805326,2834,EMISPHERE TECHNOLOGIES INC
805330,7372,INTERSOLV
805356,4213,BROWN TRANSPORT CO INC
805383,2835,DISEASE DETECTION INTL
805415,5961,HONEYBEE INC
805417,5190,MBS TEXTBOOK EXCHANGE INC
805419,6798,SIZELER PROPERTY INVESTORS
805528,3841,SPECTRAMED INC
805574,7372,DIGITAL ORIGIN INC
805644,3844,MEICOR INC
805645,3089,CPC REXCEL INC
805647,6351,FINANCIAL INSTNS INS GROUP
805676,6020,PARK NATIONAL CORP
805730,9995,BPP LIQUIDATING TRUST
805744,6794,HOSPITAL NEWSPAPERS GROUP
805790,6512,AUTOSPA AUTOMALLS
805791,7990,BROADWAY HOLDINGS INC
805792,3555,BALDWIN TECHNOLOGY CO  -CL A
805794,7374,MTECH CORP
805900,5944,REEDS JEWELERS INC
805905,8734,RADON TESTING CORP OF AM INC
805907,3751,NEW DOVER CAPITAL CORP
805914,3910,SYRATECH CORP
805928,3842,AXOGEN INC
805956,7389,CELLNET DATA SYSTEMS INC
806002,3571,ALLIANT COMPUTER SYSTEMS CP
806006,3721,AIRSHIP INDUSTRIES LTD
806011,6153,EQUIFIN INC
806026,6500,MOLOKAI RANCH LTD
806029,6512,MIDWEST R E SHOPPNG CTR  -LP
806030,9995,GLOBAL TRANSNET CORP
806072,6411,C I S TECHNOLOGIES INC
806084,1040,EQUINOX RESOURCES LTD
806085,6211,LEHMAN BROTHERS HOLDINGS INC
806086,3845,ATL ULTRASOUND INC
806089,3842,MDT CORP
806090,3442,CECO INDUSTRIES INC
806129,7500,TUNEX INTERNATIONAL INC
806151,8060,HORIZON/CMS HEALTHCARE CORP
806168,3845,INVIVO CORP
806172,3690,SONO-TEK CORP
806173,1700,NAYLOR INDUSTRIES INC
806183,7812,DE LAURENTIIS FILM PTRS  -LP
806277,4899,BUSINESSMALL.COM
806279,6020,CODORUS VALLEY BANCORP
806302,3661,COMPRESSION TECHNOLOGIES INC
806384,2330,JLM COUTURE INC
806388,8711,NICHOLS RESEARCH CORPORATION
806393,4911,ATLANTIC ENERGY INC
806398,4412,SIEM INDUSTRIES INC
806400,3312,CSC INDUSTRIES INC
806439,6099,CHECK EXPRESS INC
806440,5940,CONCEPT 90 MARKETING INC
806492,3220,VITEL FIBER OPTICS CORP
806514,3086,ADVANCED MATERIALS GROUP INC
806516,8711,BCI GEONETICS
806517,8071,PSYCHEMEDICS CORP
806566,7372,MANAGEMENT TECHNOLOGIES INC
806567,2092,SEAFOODS FROM ALASKA INC
806623,6411,ISI SYSTEMS INC
806624,2211,DELTA WOODSIDE INDUSTRIES
806627,1531,EMERALD HOMES  -LP
806628,6726,DNP SELECT INCOME FUND INC
806631,5140,TWO COUNT HOLDING CO
806637,2835,ONCOR INC
806817,5712,JENNIFER CONVERTIBLES INC
806839,2090,CROWN BRANDS INC
806842,5045,DATATREND SERVICES INC
806850,1381,NORTON DRILLING SERVICES INC
806858,3011,ARMTEK CORP
806891,4953,ATTWOODS PLC
806968,7311,WPP PLC
807062,7389,GASCARD INC/DE
807144,9995,POWERBRIEF INC
807198,2834,AVENTIS SA
807199,2400,LAKEWOOD FOREST PRODUCTS LTD
807359,4011,MIDSOUTH CORP
807364,6552,INTERSTATE GENERAL CO  -LP
807397,3448,MARK HOLDINGS INC
807450,5110,OFFICE CLUB INC
807522,6020,ALLEGIANCE BANCORP INC
807524,6036,NEWMIL BANCORP INC
807605,3674,RAMTRON HLDGS LTD
807630,5094,MAN SANG INTL (BVI) LTD
807707,3651,VOXX INTERNATIONAL CORP
807708,1600,KENETECH CORP
807711,3540,AMSTAR CORP
807712,6035,NCF FINANCIAL CORP
807732,7372,ADVA INTERNATIONAL INC
807782,7363,BRANDON SYSTEMS CORP
807807,2834,ATHENA NEUROSCIENCES INC
807862,5812,FLAGSTAR CORP
807863,7372,MITEK SYSTEMS INC
807873,2834,SICOR INC
807877,3312,BAYOU STEEL CORP  -CL A
807882,5812,JACK IN THE BOX INC
807884,5900,CASH AMERICA INTL INC
807903,1700,INSITUFORM MID-AMER  -CL A
807904,6211,DUPONT DIRECT FINANCIAL HLDG
807906,6331,US CAPITAL GROUP INC
808011,3842,WINNER MEDICAL GROUP INC
808013,3089,NORTH AMERICAN TECHNOLOGIES
808015,3823,MICRO IMAGING TECHNOLOGY INC
808047,5411,QKL STORES INC
808064,3690,C&D TECHNOLOGIES INC
808207,7372,SYSTEM SOFTWARE ASSOC INC
808219,5812,MERITAGE HOSPITALITY GROUP
808220,3663,SSE TELECOM INC
808240,6798,AMERICAN HEALTH PROPERTIES
808241,3080,PORTAGE INDUSTRIES CORP
808246,6036,FIRST ESSEX BANCORP INC
808302,7990,ALPINE MEADOWS TAHOE INC
808305,3690,ELEXIS CORP
808310,7372,IFS INTL HOLDINGS INC
808326,3674,EMCORE CORP
808338,3827,PHOTON TECHNOLOGY INTL INC
808356,6794,SWISHER INTERNATIONAL INC
808362,1381,BAKER HUGHES INC
808364,6020,FIRST NATL BANK CORP/DE
808366,2821,HIMONT INC
808439,4581,TAT TECHNOLOGIES LTD
808450,3711,NAVISTAR INTERNATIONAL CORP
808461,4812,GCI LIBERTY INC
808462,1040,TVX GOLD INC
808464,2086,CLEARLY CDN BEVERAGE CORP
808493,100,MARGO CARIBE INC
808575,9995,PHOENIX RESOURCE TECH INC
808598,5331,ODDS-N-ENDS INC
808715,6532,MPTV INC
808918,9995,EDCI HOLDINGS INC
809012,3620,ENERLUME ENERGY MANAGEMENT
809060,3678,NETCOR INC  -CL A
809066,3585,NYCOR INC
809103,1040,ARIZONA STAR RESOURCE CORP
809173,6726,MFS MULTIMARKET INCOME TR
809177,3949,POSEIDON POOLS OF AMERICA
809222,6035,CROSSLAND SAVINGS FSB
809243,3845,ADVANCED INTERVENTIONAL SYS
809246,4213,TRANSPORT CORP AMERICA INC
809248,5812,CARROLS RESTAURANT GROUP INC
809392,8300,BAY AREA RECOVERY CENTERS
809398,6361,FIDELITY NATIONAL FINL INC
809428,1311,VINTAGE PETROLEUM INC
809521,3661,PRIVATE PAY PHONES INC
809559,6726,TCW STRATEGIC INCOME FUND
809572,1700,AMRE INC
809584,6726,INVESTORS FIRST FUND INC
809608,4841,GALAXY CABLEVISION  -LP
809695,2750,SIR SPEEDY PRINTNG PLC  -ADR
809706,7812,PAUL ENTERTAINMENT INC
809708,6726,TEMPLETON EMERGING MKTS FUND
809716,8082,HOMECALL INC
809719,2033,RIVERBEND INTL CORP
809768,7990,SPA LADY CORP
809796,3442,ADTEC INC
809800,3621,QMC TECHNOLOGIES INC
809801,6331,MERIDIAN INS GROUP INC
809803,2200,SYNTHETIC INDUSTRIES INC
809844,6726,MFS HIGH YIELD MUNICIPAL TR
809875,2834,ATRIX LABORATORIES INC
809933,8711,ECOLOGY AND ENVIRONMENT INC
809935,5600,ANTONOVICH INC  -CL A
809939,7373,EXCELAN INC
810014,5900,PETROLANE PARTNERS  -LP
810018,3663,TELENETICS CORP
810029,5961,SUMMIT AMERICA TELEVISON INC
810076,1040,GORDEX MINERALS LTD
810081,5734,BOARDROOM BUSINESS PRODUCTS
810084,3841,BIOJECT MEDICAL TECHNOLOGIES
810111,3661,FIBERCORP INTERNATIONAL INC
810113,4400,MARITRANS INC
810130,3672,US TECHNOLOGIES INC
810136,3674,PHOTRONICS INC
810145,7373,EASTEK CORP
810269,2750,DIAMANT ART CORP
810270,8742,STARINVEST GROUP INC
810309,7510,ACTION AUTO RENTAL
810316,2911,DIAMOND SHAMROCK INC
810328,5099,CONQUEST INDUSTRIES INC
810332,4512,MESA AIR GROUP
810351,7370,AFN INC
810353,1311,ZG ENERGY CORP
810354,6020,SOCIETY FOR SAVINGS BANCORP
810361,5080,BRINKMANN INSTRUMENTS INC
810365,3845,HEART TRONICS INC
810370,3341,ADAL GROUP INC
810439,6726,BLUE CHIP VALUE FUND INC
810467,3576,DIGITAL LINK CORP
810473,4955,AMERECO ENVIRONMENTAL SVCS
810509,2835,NAVIDEA BIOPHARMACEUTICALS
810536,6035,FIRSTFED FINANCIAL CORP/CA
810578,6035,ST PAUL BANCORP INC
810589,6036,ANDOVER BANCORP INC/DE
810590,2834,MARSAM PHARMACEUTICALS INC
810613,2890,POLAR MOLECULAR CORP
810622,4832,SOUTHERN STARR BROADCASTG GP
810624,9995,UNSI CORP
810625,5211,GENERAL BUILDING PRODUCTS CP
810665,4953,ADDINGTON RESOURCES INC
810666,1731,MMR HOLDING CORP
810674,1311,BOUNTY GROUP INC
810689,6020,BANK OF GRANITE CORP
810723,8734,APPLIED BIOSCIENCE INTL INC
810724,7011,RED LION INNS  -LP
810766,6726,CREDIT SUISSE ASST INCOME FD
810781,6512,SHOPCO LAUREL CENTRE  -LP
810818,8731,CROP GENETICS INTL CORP
810822,3841,SUPRA MEDICAL CORP
810829,5990,DREAMS INC
810837,2611,KINGSTON SYSTEMS INC
810876,3580,MINUTEMAN INTERNATIONAL INC
810906,3571,CONVERGENT INC
810907,6798,WETTERAU PROPERTIES INC
810943,6726,HIGH INCOME SECURITIES FUND
810950,4731,COUNTRY WIDE TRANSPORT SVCS
810957,3576,XYLOGICS INC
810958,6020,CITIZENS & NORTHERN CORP
810962,6036,STERLING BANCSHARES CORP/MA
810992,7011,ALLSTAR INNS INC
811014,3829,DECISIONLINK INC
811028,7373,DAISY SYSTEMS CORP
811096,5500,ACTION AUTO STORES INC
811097,6035,HOME FEDERAL CORP/MD
811120,3674,HIGH RESOLUTION SCIENCES INC
811156,4931,CMS ENERGY CORP
811206,7372,AUDRE RECOGNITION SYS INC
811207,4833,AMER TRANSPRT TV NETWORK INC
811210,2834,AGOURON PHARMACEUTICALS INC
811211,6020,UNIVERSITY BANCORP INC
811212,3821,THERMOGENESIS HOLDINGS INC
811213,4213,FREYMILLER TRUCKING INC
811226,6172,COPELCO FINANCIAL SVCS GROUP
811237,4213,FISHER TRANSPORTATION SVCS
811240,3843,BIOLASE INC
811243,3661,COLONIAL DATA TECHNOLOGIES
811317,2834,ANGIO MEDICAL CORP
811419,1400,NATURAL RESOURCES USA CORP
811421,8071,PRINCETON DIAGNOSTIC LABS
811422,3990,BEAUTY LABS INC
811432,3531,REXWORKS INC
811434,6036,RARITAN BANCORP INC/DE
811436,6036,BANKWORCESTER CORP
811437,6799,AMER INSD MTG SER 88  -LP
811515,8744,DIVERSCO INC
811516,6798,METROPOLITAN REALTY CO LLC
811522,1040,QUARTZ MOUNTAIN RESOURCES
811553,6036,WASHINGTON BANCORP INC
811562,1623,KIMMINS CORP
811565,8060,HEALTH CONCEPTS IV INC
811589,6020,FIRST BANCORP/NC
811596,3350,KAISER ALUMINUM CORP
811612,6331,COMMERCE GROUP INC/MA
811636,3577,EECO INC
811640,7372,CONCERTO SOFTWARE INC
811641,2835,IMMUCELL CORP
811644,6141,NAL FINANCIAL GROUP INC
811664,4522,WORLDCORP INC
811669,2100,UST INC
811671,6020,STERLING FINANCIAL CORP
811696,5940,SHARPER IMAGE CORP
811697,3448,ENGLISH GREENHOUSE PRODUCTS
811703,7373,ACCUGRAPH CORP  -CL A
811714,4832,OSBORN COMMUNICATIONS
811716,3571,SEQUENT COMPUTER SYSTEMS INC
811786,5080,JETBORNE INTERNATIONAL INC
811797,6726,MALAYSIA FUND
811798,3420,EASCO HAND TOOLS INC
811801,3320,SUDBURY INC
811802,7373,NETWORKED PICTURE SYS
811808,6020,SUMMIT FINANCIAL GROUP INC
811809,1000,BHP GROUP LTD
811828,3081,ATLANTIS PLASTICS INC
811830,6020,SANTANDER HOLDINGS USA INC
811831,6020,NORTHEAST BANK
811863,6512,FFP PARTNERS  -LP-CL A
811864,8071,NATIONAL IMAGING INC
811870,7371,CONVERGENT SOLUTIONS INC
811908,6036,PEOPLES BANCORP OF WORCESTER
811917,6211,NATIONAL DISC BROKERS INC
811919,8093,NMS REHABILITATION INC
811922,6726,MFS GVT MKTS INCOME TR
811925,7830,CINEPLEX ODEON
811929,3312,ALLEGHENY LUDLUM CORP
811930,2015,MICHAEL FOODS INC
811931,5411,BOYS MARKETS INC
811932,4955,ENVIROSAFE SERVICES INC
811933,7812,MAGIC LANTERN GROUP INC
811983,1040,NORTH AMERICAN METALS CORP
812011,7990,VAIL RESORTS INC
812012,7011,INTEGRATED FINANCIAL GROUP
812072,7510,PLM EQUIP GROWTH FD II  -LP
812074,3221,O-I GLASS INC
812075,5812,UNO RESTAURANT CORP
812076,2750,TOPPS CO INC
812083,3825,LOGITEK INC
812090,6726,ZWEIG FUND INC
812121,3845,CRITICARE SYSTEMS INC
812127,5651,JACOBS (JAY) INC
812128,2015,SANDERSON FARMS INC
812146,6036,ABINGTON BANCORP INC-OLD
812150,6798,BNP RESIDENTIAL PROPERTIES
812153,5945,TONS OF TOYS INC
812156,3669,SYSTEMS EQUIPMENT CORP
812186,6411,ADVENT TECHNOLOGIES INC
812191,8060,REHABCARE GROUP INC
812193,7372,SAMNA CORP
812301,3845,PATIENT SAFETY TECHNOLOGIES
812310,3312,NEW JERSEY STEEL CORP
812348,6020,CENTURY BANCORP INC/MA
812356,1040,REAL DEL MONTE MINING CP
812407,7363,AMERICAN CONSOLIDATED GROWTH
812423,3861,NU-KOTE HOLDING INC  -CL A
812444,2834,SEQUUS PHARMACEUTICALS INC
812446,5621,ONE PRICE CLOTHING STORES
812482,7990,ARCHON CORP
812488,6799,NVEST  -LP
812489,7822,MCEG STERLING INC
812490,7372,BRODERBUND SOFTWARE INC
812491,3661,SORRENTO NETWORKS CORP
812544,3576,DTC DATA TECHNOLOGY CORP
812551,9995,SITI-SITES.COM INC
812591,7011,AIRCOA HOTEL PARTNRS  -LP-A
812594,2834,HOUSTON BIOTECHNOLOGY INC
812628,3944,NASTA INTERNATIONAL INC
812629,5020,BUILDERS DESIGN INC
812699,6020,HOMETOWN BANCORPORATION INC
812700,2650,GAYLORD CONTAINER CP
812701,2810,CALGON CARBON CORP
812703,3663,STRATEX NETWORKS INC
812708,2820,WELLMAN INC
812712,6211,WATERHOUSE INVESTORS SVCS
812788,2834,AMRION INC
812789,2092,SEAFOOD INC
812790,8082,AMERICAN COMPLEX CARE INC
812796,2836,SOLIGENIX INC
812801,6726,NUVEEN MUNI VALUE FUND INC
812880,3571,NATIONAL DATACOMPUTER INC
812882,7812,SHOWSCAN ENTERTAINMENT INC
812890,7380,MEDIALINK WORLDWIDE INC
812900,5311,SAKS INC
812904,5063,HWC DISTRIBUTION
812906,5940,HANCOCK FABRICS INC
812910,6411,FIRST HEALTH GROUP CORP
812914,7350,SEMELE GROUP INC
812927,3674,IMP INC
812929,6324,PHYSICIAN CORP AMERICA/DE
812944,3532,JOY TECHNOLOGIES INC  -CL A
812955,4832,SBC TECHNOLOGIES INC/DEL
813013,5090,SCORE BOARD INC
813040,4100,GREYHOUND LINES INC
813118,3842,MEDIVATORS INC
813134,2670,ULTRA PAC INC
813298,5651,DESTINATION XL GROUP INC
813309,1311,BASIN INDUSTRIES INC
813339,6726,GLOBAL GVT PLUS FUND
813342,7385,MEMBERS SERVICE CP
813356,5960,COLORADO PRIME CORP
813359,8711,Y & A GROUP INC
813418,6799,HOLCO MTG ACCEPT CP-1  -CL A
813424,3100,SIMONE GROUP INC
813461,6035,WESTCORP
813471,2200,JASON INC
813562,6411,NATIONAL MED HEALTH CARD SYS
813565,6153,VELOCITY PORTFOLIO GROUP INC
813566,4955,ENSR CORP
813606,7997,AMERICAN ADVENTURE INC
813608,7385,ABI AMERICAN BUSINESSPHONE
813609,3949,SAN JUAN FIBERGLASS POOLS
813616,6411,PRIME FINANCIAL PTNRS  -CL A
813619,3081,SOUTHWALL TECHNOLOGIES
813621,1400,AMCOL INTERNATIONAL CORP
813623,6726,SWISS HELVETIA FUND
813634,2820,INTL ABSORBENTS INC
813639,1040,CORAL GOLD RESOURCES LTD
813656,7372,ALDUS CORP
813672,7372,CADENCE DESIGN SYSTEMS INC
813719,3089,POLYMERIX INC
813740,3823,IMPACT SYSTEMS INC
813742,100,MYCOGEN CORP
813745,5065,MIDWEST COMMUNICATIONS CORP
813747,7373,ENTERPRISE INFORMATICS INC
813749,6035,FIRST FEDERAL BANCORP INC
813762,9997,ICAHN ENTERPRISES LP
813765,2050,PIEMONTE FOODS INC
813775,5651,FACTORY 2-U STORES INC
813779,1311,CRIMSON EXPLORATION INC
813781,3690,EXIDE TECHNOLOGIES
813808,6020,REPUBLIC BANCORP INC
813810,3630,ELECTROLUX AB
813811,7389,UBM PLC
813895,3669,THERMO POWER CORP
813898,6020,METROBANK
813901,1623,VALCO COMMUNICATIONS INC
813902,3845,SUMMIT TECHNOLOGY INC
813920,5812,CEC ENTERTAINMENT INC
813945,1531,CAPITAL PACIFIC HOLDINGS INC
814008,2835,AVITAR INC
814013,3585,SPECIALTY EQUIPMENT COS INC
814037,3580,ESSEF CORP
814050,2870,ECOGEN INC
814052,4812,TELEFONICA SA
814055,7990,YOUBET.COM INC
814057,3845,PACE MEDICAL INC
814059,3845,INTERSPEC INC
814068,2451,CHAMPION ENTERPRISES INC
814069,8200,UNITED EDUCATION & SOFTWARE
814081,2253,TECHKNITS INC
814083,6726,CORNERSTONE STRAT VALUE FD
814084,4812,SOUTHLAND COMMUNICATIONS INC
814085,2510,MET CAPITAL CORP
814139,2013,PROVENA FOODS INC
814180,3823,MONITEK TECHNOLOGIES
814181,6321,PENN TREATY AMERN CORP
814184,6020,CHEMICAL FINANCIAL CORP
814186,4953,RICH COAST INC
814220,9995,RESIDUAL CORP
814228,5331,VALUE MERCHANTS INC
814234,100,INTL NUTRITION & GENETICS
814241,3080,FORMICA CORP
814242,6035,GREAT AM BK SAN DIEGO
814246,6099,COMDATA HOLDINGS CORP
814248,2844,ST IVES LABORATORIES CORP/DE
814249,5045,MICROAGE INC
814250,3724,LADISH CO INC
814254,7900,SPORTS ENTERTAINMENT GROUP
814258,3842,CNS INC
814273,3640,QUADRAX CORP
814287,2000,MONTEDISON SPA - OLD
814331,3621,RELIANCE ELECTRIC CO  -CL A
814339,2030,ARMANINO FOODS DISTINCTION
814361,3140,TIMBERLAND CO  -CL A
814427,3672,NATIONAL MFG TECHNOLOGIES
814430,5045,INTELLIGENT ELECTRONICS INC
814437,5070,COASTAMERICA CORP
814438,4213,NORTON ENTERPRISES INC
814453,3630,NEWELL BRANDS INC
814456,9995,PRINCETON MEDIA GROUP INC
814457,3089,HOME PRODUCTS INTL INC
814462,5531,WARD WHITE GROUP PLC  -ADR
814463,2670,GRAND TOYS INTL LTD  -ADR
814479,6035,GREENWICH FINANCIAL CORP
814497,6331,UNITED COAST CORP
814500,7377,LDI CORP
814502,5990,AMNEWS HOLDING CORP
814547,7373,FAIR ISAAC CORP
814549,7372,EBIX INC
814562,6799,PIMCO ADVISORS HOLDINGS  -LP
814567,6799,GW UTILITIES LTD
814577,1040,AMAX GOLD INC
814579,5140,ENTREE CORP
814580,5190,ADVANCED MARKETING SERVICES
814581,2836,NOVAFERON LABS INC
814585,6351,MBIA INC
814586,2020,LIFEWAY FOODS INC
814611,5731,AUDIO KING CORP
814674,3652,VIRGIN GROUP PLC  -ADR
814676,3679,CPS TECHNOLOGIES CORP
814677,6799,PLM INTERNATIONAL INC
814681,3585,JEPSON CORP
814724,3577,RENAISSANCE GRX INC
814725,2670,ASPEN LEAF INC
814733,3571,INDTECH CORP
814774,6211,FIREBRAND FINANCIAL GRP INC
814830,6726,UNITED KINGDOM FUND
814849,1531,COVINGTON DEV GROUP INC
814853,3620,CONTROL CHIEF HOLDINGS INC
814855,6799,TALCON  -LP
814856,6512,BF ENTERPRISES INC
814857,3430,PRICE PFISTER INC
814893,7819,SHOP TELEVISION NETWORK INC
814897,1540,BEAZER PLC  -ADR
814898,6411,HILB ROGAL & HOBBS CO
814904,1040,GOLDEN RIVER RESOURCES CORP
814906,8011,CHASE MEDICAL GROUP INC
814915,4955,WINDSWEPT ENVIRONMENTAL GRP
814920,3442,MILLENNIA INC-OLD
814924,5094,GLACIER HOLDINGS INC
814929,9995,BROADCASTER INC
814930,3842,NDL PRODUCTS INC
814932,3669,VIKONICS INC
815017,7389,PACIFICNET INC
815029,3490,CATALYST ENERGY SVCS
815032,6020,CENTRAL & SOUTHN HLDG CO GA
815093,3845,MGC DIAGNOSTICS CORP
815094,3841,ABIOMED INC
815097,4400,CARNIVAL CORPORATION & PLC
815098,2731,TRUDY CORP
815108,2024,ABCO ICE CREAM INC
815133,6512,BURNHAM AMERICAN PROPERTIES
815185,3829,MEDIA LOGIC INC
815188,3911,FAMILY SHOPPING NETWORK INC
815256,5045,CACHE TECHNOLOGIES CORP
815272,4953,EASTN ENVIRONMENT SVC
815273,5045,CORPORATE SOFTWARE INC
815274,7363,WINSTON RESOURCES INC
815508,2836,BIOPURE CORP
815553,4812,PRONET INC
815555,7370,NATIONAL INFORMATION GROUP
815556,5000,FASTENAL CO
815559,9995,CELERITY COMPUTING
815572,2750,CONTINENTAL GRAPHICS CORP
815757,1400,ENGLISH CHINA CLAYS PLC
815787,6331,INTERCARGO CORP
815838,2834,NOVEN PHARMACEUTICALS INC
815910,3577,METROLOGIC INSTRUMENTS INC
816066,3826,APPLIED IMAGING CORP
816151,8071,LABONE INC-OLD
816159,4522,AIR METHODS CORP
816236,6552,KERKHOFF INDUSTRIES INC
816245,3944,REVELL-MONOGRAM INC
816247,8200,CHILDRENS COMPREHENSIVE SVC
816249,2320,COACHMAN INC
816275,6798,CEDAR INCOME FUND 2 LTD
816284,2834,CELGENE CORP
816330,1040,CAMBRIDGE CAPITAL HLDGS INC
816348,3861,OMNI FILMS INTL INC
816562,1040,NEWFIELDS MINERALS INC
816568,9995,APPLIED BIOMETRICS INC
816754,6726,ALLIANCEBERNSTEIN INCOME FD
816761,7370,TERADATA CORP
816762,3571,EVEREX SYSTEMS INC
816811,3949,HALLAMORE CORP
816949,3842,TUTOGEN MEDICAL INC
816954,3480,DIGITAL OPTRONICS CORP
816955,2810,MELAMINE CHEMICALS INC
816956,3845,CONMED CORP
816959,6282,INDEPTH DATA INC
817129,3663,TELESTONE TECHNOLOGIES CORP
817130,6726,MORGAN STANDW MUNI INCOME TR
817134,3714,LARIZZA INDUSTRIES INC
817135,8071,ALLIANCE HEALTHCARE SVCS INC
817136,2631,PAPERBOARD INDS CORP
817161,3841,ALARIS MEDICAL SYSTEMS INC
817366,700,VCA INC
817383,6798,ASR INVESTMENTS CORP
817438,3470,Z COAT GROUP INC
817473,6797,AMERICAN CAPITAL LTD
817516,3674,SIMTEK CORP
817632,7385,SHARED TECH FAIRCHILD INC
817637,3561,BW/IP INC  -CL A
817644,3555,STEVENS INTL INC  -SER A COM
817720,3674,SYNAPTICS INC
817785,2836,ORCHESTRA THERAPEUTICS INC
817820,9995,UST LIQUIDATING CORP
817897,7359,BET PLC
817905,1700,UNITED BUILDING SERVICES CP
817908,6726,MORGAN STANLY HIGH INCM ADV
817945,7381,BURNS INTL SERVICES CORP
817946,5944,MAYORS JEWELERS INC/DE
817979,3714,ACCURIDE CORP
817998,6726,BLACKROCK APEX MUNICIPAL FD
818008,5961,LILLIAN VERNON CORP
818010,100,NORTHLAND CRANBERRIES  -CL A
818014,7373,ACCESS HEALTHNET INC
818015,2510,WINSTON FURNITURE INC/DE
818017,5084,INOTEK TECHNOLOGIES CP
818029,1090,INTERNATIONAL PRECIOUS METLS
818033,2836,HERON THERAPEUTICS INC
818035,3575,MEMOREX TELEX NV  -ADR
818074,5065,ALL AMERICAN SEMICONDUCTOR
818075,4922,EASTEX ENERGY INC
818091,6036,WESTERN SAVINGS & LOAN ASSOC
818096,6035,UNITED FINANCIAL CORP/SC
818105,6726,IBERO-AMERICA FUND INC
818146,7372,ISTEC INDUSTRIES & TECH LTD
818155,6331,WALSHIRE ASSURN CO
818203,3580,RECOVERY ENGINEERING INC
818263,3669,AMERICAN VIDEO IMAGING
818268,3634,TOASTMASTER INC
818305,6726,VAN KAMPEN MUN INCOME TR
818350,3751,RDM SPORTS GROUP INC
818435,6035,HOME OWNERS SVGS BK/MA
818436,6726,MUNIINSURED FUND INC
818442,6211,MORAN (JT) FINANCIAL CORP
818456,3576,NETFRAME SYSTEMS INC
818467,2844,NUTRAMAX PRODUCTS INC
818470,3577,CALCOMP TECHNOLOGY INC
818479,3843,DENTSPLY SIRONA INC
818594,2836,SOMATOGEN INC
818625,3845,CARDIOVASCULAR IMAGING SYS
818633,6020,ELDORADO BANCSHARES INC
818645,8082,IN HOME HEALTH INC
818674,9995,WIRELESS WEBCONNECT INC
818675,8711,THIRD MILLENIUM TELECOMMUN
818682,5651,HAROLDS STORES INC
818686,2834,TEVA PHARMACEUTICALS
818687,4812,MCCAW CELLULAR COMM  -CL A
818695,8351,SUNRISE EDUCATIONAL SVCS INC
818722,3661,ISOETEC COMMUNICATIONS INC
818725,8082,CLINICAL HOMECARE LTD
818726,5150,CHINA INDUSTRIAL GROUP INC
818730,5051,ATEK METALS CENTER INC
818786,2082,PAVICHEVICH BREWING
818789,6726,AMER 1ST FINL FD 1987 LTD PT
818813,7372,BITSTREAM INC  -CL A
818815,9995,INACOM CORP
818850,6726,NUVEEN N Y MUNI VALUE FUND
818851,6726,NUVEEN CAL MUNI VAL FD
818885,1311,UNITED MERIDIAN CORP
818897,6799,FRESHSTART VENTURE CAP CORP
818968,4955,HARDING LAWSON ASSCIATES INC
818969,6020,PROVIDENT BANKSHARES CORP
818970,6531,DEV-TECH CORP
818972,6726,BNY MELLON STRATEGIC MUNS IN
818973,7389,COMPONENTGUARD INC
818999,6020,METROBANCORP
819005,7372,DIEHL GRAPHSOFT INC
819028,7819,AMERICAN FILM TECHNOLOGIES
819050,2834,BRICKELL BIOTECH INC
819182,2834,MONTANA NATURALS INTL
819187,5960,UNITED BUYING SERVICE INTL
819201,9995,OPTIFUND INC  -CL A
819203,3572,MEMORY SCIENCES CORP
819220,2750,MULTI-COLOR CORP
819221,3841,STERLING MEDICAL SYSTEMS INC
819255,5070,ACTRADE FINL TECHNOLGIES LTD
819334,7373,CAM COMM SOLUTIONS INC
819479,3576,SYMBIAT INC
819480,3572,READ-RITE CORP
819517,1040,PIEDMONT MINING CO INC
819521,6211,HD VEST INC
819527,2020,GALAXY NUTRITIONAL FOODS INC
819541,8711,EARTH TECHNOLOGY CORP-USA
819544,2860,ARCO CHEMICAL CO
819550,6036,GREAT BAY BANKSHARES INC
819551,6532,ILX RESORTS INC
819557,6552,PROPERTIES OF AMERICA INC
819632,5140,RICHFOOD HOLDINGS INC
819671,6513,NATIONAL REALTY  -LP
819673,6726,MFS INCOME & OPT TR
819676,2200,GOLDTEX INC
819685,3674,SIGMATRON NOVA INC
819689,3845,MICRON SOLUTIONS INC
819692,6020,CHARTER ONE FINANCIAL INC
819694,4899,PEOPLES TELEPHONE CO INC
819706,3577,RAINBOW TECHNOLOGIES INC
819724,8742,CENTEX TELEMANAGEMENT INC
819790,2092,ARCTIC ALASKA FISHERIES
819793,2221,ALBANY INTL CORP  -CL A
819794,7822,FILMSTAR INC
819817,2621,DOMTAR INC
819840,3661,KEPTEL INC
819898,4841,SPECTRAVISION INC
819913,6331,HALLMARK FINANCIAL SERVICES
819939,3845,MEDSTONE INTERNATIONAL INC
819977,8711,EMCON
819981,3841,SPARTA SURGICAL CORP
819996,1040,PLACER DOME INC
820026,6726,VAN KAMPEN INCOME TR
820027,6282,AMERIPRISE FINANCIAL INC
820028,6726,BRAZIL FUND
820067,6020,SUMMIT BANK CORP/GA
820068,6035,NEW YORK BANCORP INC
820069,5531,AUTOMOTIVE INDUSTRIES INC-DE
820081,2833,CAMBREX CORP
820082,3716,MALLARD COACH CO
820084,1311,GARNET RESOURCES CORP
820087,6159,LLOYDS ACCEPTANCE CORP
820090,6726,N Y TAX EXEMPT INCOME
820095,3672,FI LIQUIDATING CO INC
820097,3679,MICRONETICS INC
820163,5661,DIVERSIFIED RETAIL GROUP INC
820206,6798,FRANKLIN R E INC FD  -SER A
820235,7372,STRUCTURAL DYNAMICS RESEARCH
820237,2835,GEN-PROBE INC
820240,6035,FIRST STATE FINANCIAL SVCS
820242,3949,FIRST TEAM SPORTS
820285,4813,COMMUNICATIONS TRANSMISSION
820313,3678,AMPHENOL CORP
820318,3827,II-VI INC
820379,6020,FIRST UNITED BANCORPORATION
820411,4961,UNITED THERMAL CORP
820413,2836,INVITRON CORP
820474,8060,OPTIMUMCARE CORP
820526,3714,LUND INTL HOLDINGS INC
820537,6726,HIGH YIELD INCOME FUND
820580,3578,VERIFONE INC
820588,6799,FIRSTMARK CORP
820600,6552,OMAGINE INC
820608,3841,QUANTRX BIOMEDICAL CP
820609,8082,H.M.S.S. INC
820626,2870,IMC GLOBAL INC
820675,6726,SCUDDER SPAIN&PORTUGAL FUND
820735,5045,COMPUTER INTEGRATION CORP
820736,3760,ORBITAL SCIENCES CORP
820738,7372,TIGERLOGIC CORP
820739,5190,CRITICAL INDUSTRIES INC
820745,1311,MISSION RESOURCE PRTNRS  -LP
820756,5990,DUTY FREE INTERNATIONAL INC
820757,9995,AM-CH INC
820759,3578,ELECTRONIC DATA TECHNOLOGIES
820773,7373,HHB SYSTEMS INC
820774,2320,ASHWORTH INC
820786,6036,SHELTON BANCORP
820900,6035,BFS BANKORP INC
820902,7372,ELECTRO BRAIN INTL
820906,2890,COLOR IMAGING INC
820907,6036,PARKVALE FINANCIAL CORP
820917,6531,EQUIVEST FINANCE INC
820957,2253,ONEITA INDUSTRIES INC
820960,3312,STEEL OF WEST VIRGINIA
820999,7331,DIMAC CORP
821002,2300,G-III APPAREL GROUP LTD
821020,7310,HERITAGE MEDIA CORP  -CL A
821026,5150,ANDERSONS INC
821113,4991,GEXA CORP
821124,5812,SKOLNIKS INC
821126,3571,TEMPEST TECHNOLOGIES INC
821127,6020,BOSTON PRIVATE FINL HOLDINGS
821130,4812,US CELLULAR CORP
821139,5411,SUPERMARKETS GEN HLDG  -CL A
821189,1311,EOG RESOURCES INC
821202,9995,BORDEN CHEM&PLAST  -LP COM
821243,6799,INNOVET INC
821361,1623,UTILX CORP
821407,3350,WOLVERINE TUBE INC
821466,6726,CIM HIGH YIELD SECURITIES
821478,2670,ALUBEC INDUSTRIES INC
821483,2911,PAR PACIFIC HOLDINGS INC
821509,3669,CODE-ALARM INC
821527,8711,GERAGHTY & MILLER INC
821528,5271,HUGHES HOMES INC
821530,5072,SHELTER COMPONENTS CORP
821536,5990,HEARUSA INC
821538,3086,TUSCARORA INC
821572,2024,YOCREAM INTERNATIONAL INC
821600,6726,HAMPTON UTILITIES TRUST
821609,2890,HARMONY GROUP LTD
821616,2834,BENTLEY PHARMACEUTICALS
821995,2834,JUNIPER PHARMACEUTICALS INC
822039,7371,FORSOFT LTD
822046,3826,LIFSCHULTZ INDS INC
822076,5500,HOLIDAY RV SUPERSTORES INC
822079,6321,JOHN ALDEN FINANCIAL CORP
822084,3841,INNERDYNE INC
822206,2834,IDM PHARMA INC
822367,1623,INFRACOR INC
822370,2834,EMMAUS LIFE SCIENCES INC
822372,2221,LIDA INC/DEL
822373,3651,NAMSCO CORP
822374,2013,REVOTEK INC
822412,5940,CAMERA ENTERPRISES INC
822415,6798,HEALTH EQUITY PPTYS INC
822416,1531,PULTEGROUP INC
822418,8071,BIOCLINICA INC
822419,4812,CONTEL CELLULAR INC
822426,6282,PIMCO ADVISORS  -LP
822522,6726,CAP RLTY INV TAX EXFD LP III
822553,7200,SUPERCUTS INC
822614,6200,STOTLER GROUP INC
822661,4812,US WEST NEWVECTOR GRP  -CL A
822662,6020,FIDELITY SOUTHERN CORP
822663,2844,INTER PARFUMS INC
822664,3825,CIMM INC
822665,3640,CATALINA LIGHTING INC
822668,8060,ADVANTAGE HEALTH CORP
822697,6020,SHORELINE FINANCIAL CORP
822708,3663,ZOOM TECHNOLOGIES INC
822746,1311,INFINITY ENERGY RESOURCES
822794,6726,THAI FUND INC
822818,4955,CLEAN HARBORS INC
822822,5130,BUCKEYE COMMUNICATIONS INC
822829,1531,LEGEND PROPERTIES INC
822935,9995,CECS CORP
822967,2810,HENLEY MANUFACTURING CORP
822968,6798,HOTEL PROPERTIES INC
822973,3672,CONTINENTAL CIRCUITS CORP
823094,7389,SOTHEBY'S
823130,3669,SYNERGX SYSTEMS INC
823187,3851,AMERICAN CONSOLIDATED LABS
823190,7372,MYWEB INC.COM
823197,3652,POLYGRAM NV
823248,2020,COUNTRY LAKE FOODS INC
823314,6162,ADVANCED FINANCIAL
823386,6141,WESTERN ACCEPTANCE CP
823393,6020,SHAWMUT NATIONAL CORP
823394,3531,TIMBERJACK CORP
823488,6798,VANGUARD REAL ESTATE FD II
823534,2621,REPAP ENTERPRISES
823550,6035,PRIME BANCORP INC
823553,7997,ENCORE MARKETING INTL INC
823556,8711,AQUA ALLIANCE INC  -CL A
823560,3842,MTS MEDICATION TECHNOLOGIES
823754,3842,PHARMETICS INC
823768,4953,WASTE MANAGEMENT INC
823844,2086,AQUAPENN SPRING WATER INC
823870,6020,FIRST FIDELITY BANCORP
823876,3841,APOGEE TECHNOLOGY INC
823878,5311,CARSON PIRIE SCOTT
823883,5912,HOOK SUPERX INC
823913,7363,INTERIM SYSTEMS CORP
823927,8731,ELECTROSOURCE INC
823975,1311,COLUMBUS ENERGY CORP
824008,7372,INNOVATIVE TECH SYSTEMS INC
824046,2330,LVMH MOET HENNESSY LOUIS V
824068,3842,ATS MEDICAL INC
824088,9995,GULF EXPLORATION CONSULTANTS
824096,3530,SPRECKELS INDUSTRIES  -CL A
824103,100,OPTIMAX INDUSTRIES INC
824109,3537,TBM HOLDING INC
824142,3585,AAON INC
824166,2835,FIRST MED INTL INC
824169,4812,NEXTEL COMMUNICATIONS INC
824185,7200,AL'S FORMAL WEAR INC
824204,6036,COLUMBIA SVGS & LOAN ASSOC
824206,5140,AMERICAN RICE INC
824225,3572,OAK TECHNOLOGY INC
824335,6020,WESTERN BK COOS BAY OR
824410,6020,SANDY SPRING BANCORP INC
824428,1531,NATIONAL HERITAGE INDUSTRIES
824435,3911,OROAMERICA INC
824463,6726,PUTNAM MASTER INCOME TR
824498,2732,L REX INTERNATIONAL INC
824575,8200,COLLEGE BOUND INC
824578,2750,INFORMATION MGMT TECH  -CL A
824590,1040,GETCHELL GOLD CORP
824600,3571,SUPERCOMPUTING SOLUTIONS
824719,6020,BANKFIRST CORP
824726,1311,TUDOR CORP LTD
824740,7370,PRODIGY COMMUN CORP -CL A
824768,5122,GLOBAL A INC
824776,3532,BE HOLDINGS INC  -CL A
824803,3821,APOGENT TECHNOLOGIES INC
824840,5712,ADVANTAGE LIFE PRODUCTS
824841,3612,KILE TECHNOLOGY CORP
825147,5990,SILK SILK SILK INTL INC
825171,1000,37 CAPITAL INC
825202,6726,SPROTT FOCUS TRUST INC
825308,6794,RW TECHNOLOGY INC
825313,6799,ALLIANCEBERNSTEIN HOLDING LP
825314,6035,FAMILY BANCORP
825324,5812,GOOD TIMES RESTAURANTS INC
825345,6726,NEW AMERICA HI INCOME FUND
825353,6726,MORGAN STANLY GVT INCOME SBI
825391,8000,CARE-MED CENTERS INC
825393,6035,COMFED BANCORP INC
825410,8734,LANDAUER INC
825411,3620,SEVCON INC
825517,2836,ONCOLOGY PHARMA INC
825521,3713,OBSIDIAN ENTERPRISES INC
825534,6036,PORTSMOUTH BK SHS INC
825539,6020,COMMUNITY NATIONAL BANCORP
825542,2870,SCOTTS MIRACLE-GRO CO
825650,6726,ACM GOVT SECURITIES
825692,2631,CARAUSTAR INDUSTRIES INC
825703,7372,PLATINUM TECHNOLOGY INTL INC
825777,5399,COLES GROUP LTD - OLD
825797,7011,JOURNEYS END RESORTS INC
825830,1700,ATRATECH INC
826020,6726,SABA CAPITAL INCM & OPP FUND
826075,3290,BRUNSWICK TECHNOLOGIES INC
826154,6020,ORRSTOWN FINANCIAL SVCS INC
826253,3621,AURA SYSTEMS INC
826326,3490,ARC GROUP WORLDWIDE INC
826328,6020,FIRST CITIZENS BANCSTOCK INC
826329,6035,PIONEER FINANCIAL CORP
826330,3564,CORE TECHNOLOGIES INC/PA
826331,1531,MAIONE COMPANIES INC
826337,5140,WESTERN CANADA BEVERAGE CORP
826411,1731,ABLE TELCOM HOLDING CORP
826490,8062,HEALTHTRUST INC-THE HSPTL CO
826491,6020,FIRST GEORGIA HOLDINGS
826495,5961,FRAGRANCENET.COM INC
826619,3250,GREEN (A.P.) INDUSTRIES INC
826675,6798,DYNEX CAPITAL INC
826683,6211,MERRIMAN HOLDINGS INC
826727,2400,CANSORB INDUSTRIES
826735,6726,MFS INTERM INCOME SBI
826756,6035,BOSTON FIVE BANCORP INC
826757,3829,SENSOTRON INC
826764,6020,WEST COAST BANCORP INC/FL
826771,4812,LUXCEL GROUP INC
826773,1700,UNITEK GLOBAL SERVICES INC
826821,1700,CERBCO INC  -CL A
826918,6331,MUTUAL RISK MANAGEMENT LTD
827052,4911,EDISON INTERNATIONAL
827053,8200,MENTORTECH INC
827054,3674,MICROCHIP TECHNOLOGY INC
827056,3845,ZEVEX INTERNATIONAL INC
827085,6020,PINNACLE BANC GROUP INC
827100,7370,NETCRUISE.COM INC
827156,2834,ZILA INC
827187,2510,SLEEP NUMBER CORP
827230,6172,MICROFINANCIAL INC
827245,3480,WILDEY INC
827301,3661,NEWBRIDGE NETWORKS CORP
827651,5110,BIZMART INC
827699,3569,PROTECTAIRE SYSTEMS CO
827773,6726,PUTNAM PREMIER INCOME TR
827795,1311,BASIN EXPLORATION INC
827809,2834,NOVELION THERAPEUTICS INC
827838,5045,GATES/F A DISTRIBUTING INC
827871,2834,EAGLE PHARMACEUTICALS INC
827876,7370,CLEANSPARK INC
827958,8731,R SCAN CORP
828064,3651,ROCKFORD CORP
828119,3823,THERMA WAVE INC
828146,3679,INTERLINK ELECTRONICS
828174,5621,CASCADE INTERNATIONAL INC
828189,6552,GREEN BUILDERS INC
828220,3711,DREAMCAR HOLDINGS INC
828360,7359,SHOWPOWER INC
828509,3578,ATS MONEY SYSTEMS INC
828529,3576,FASTCOMM COMMUNICATIONS CORP
828594,700,LAWNAMERICA INC
828598,1311,PETROMET RESOURCES LTD
828678,6153,FIRSTCITY FINANCIAL CORP
828679,6794,CHRONODYNAMICS LTD
828747,5961,SPORT SUPPLY GROUP INC
828750,5961,GSI COMMERCE INC
828781,6726,CREDIT SUISSE ASSET MGMT STR
828803,6726,TEMPLETON GLOBAL INCOME FUND
828808,6036,NORWICH FINANCIAL CORP
828809,4822,GRANDETEL TECHNOLOGIES INC
828828,8711,ATC GROUP SERVICES INC
828830,4011,RF & P CORP
828879,1311,LATOKA INC
828916,6798,WEINGARTEN REALTY INVST
828934,3577,DOCUMENT TECHNOLOGIES INC
828941,4911,ESELCO INC
828942,6162,MEGA GROUP INC
828944,6035,WSFS FINANCIAL CORP
828956,4899,TOTALAXCESS.COM INC
828957,6798,MERIDIAN POINT RLTY TR VIII
828976,6035,CALIFORNIA FINANCIAL HOLDING
828990,6726,HIGH YIELD PLUS FUND
829044,2253,PLUMA INC
829088,3845,PRINTRON INC
829218,2821,HUNTSMAN POLYMERS CORP
829221,3812,TRACOR INC
829224,5812,STARBUCKS CORP
829269,2200,NOEL GROUP INC
829277,6351,CAPITAL RE CORP
829282,6036,SKANEATELES BANCORP INC
829323,7370,INUVO INC
829344,6726,AMERICAN GVT INCOME FD
829365,6512,NAM TAI PROPERTY INC
829406,6020,PUTNAM TR CO GREENWICH CT
829444,3730,AVONDALE INDUSTRIES INC
829499,2050,INTERSTATE BAKERIES CORP
829549,2836,ADVANCED TISSUE SCI  -CL A
829608,8093,PSYCHIATRIC SOLUTIONS INC
829649,5047,CONTOUR MEDICAL INC
829676,4812,NTELOS INC
829732,6036,NBB BANCORP INC
829753,6036,BANCORP NEW JERSEY INC
829761,6036,APPLE BANCORP INC
829764,2891,COMPOSITECH LTD
829801,6726,OPPENHEIMER MULTI-SECTOR
829803,6035,SFFED CORP
829806,6020,CITIZENS & SOUTHERN CORP-GA
829903,5961,MEADOW GROUP INC
829956,6211,CLARK MELVIN SECURITIES CP
829966,4911,PSI RESOURCES INC
829987,2834,COPLEY PHARMACEUTICAL INC
830047,3714,DYNEER CORP
830055,6035,ROOSEVELT FINANCIAL GROUP
830104,8711,RANDERS KILLAM GROUP INC
830122,6552,VIDLER WATER RESOURCES INC
830134,5990,BROOKSTONE INC
830141,2810,PIONEER COS INC  -CL A
830142,6726,WESTERN ASST ZENIX INCOME FD
830143,6035,D & N FINANCIAL CORP
830154,6020,FIRST CITY BANCORP INC/TN
830158,8071,LABONE INC
830160,6726,DEUTSCHE HIGH INCOME TRUST
830250,6035,INDIANA FEDERAL CORP
830251,2330,HARVARD KNITWEAR INC
830257,6020,BSB BANCORP
830260,3312,OREGON STEEL MILLS INC
830264,6726,NUVEEN NY MUNI INCOME FD INC
830266,6726,NUVEEN CAL MUNI INCOME FD
830271,6726,NUVEEN MUNICIPAL INCOME FUND
830315,6035,CUMBERLAND FEDERAL BANCORP
830351,7812,QINTEX ENTERTAINMENT INC
830399,3580,DESTRON INC
830404,7830,IWERKS ENTERTAINMENT INC
830474,6726,BLACKROCK HIGH INCOME SHARES
830476,1389,NUMAR CORP
830485,3990,CEASE FIRE CORP
830487,6726,WESTERN ASST MUNI HI INCM FD
830488,4813,NETWORK LONG DISTANCE INC
830489,7370,ENHANCED SERVICES INC
830524,2891,CHASE CORP
830622,6726,PUTNAM MASTER INTERM INCOME
830624,6726,ACM GVT SPECTRUM FUND
830656,8731,PRESSURE BIOSCIENCES INC
830735,8082,T2 MEDICAL INC
830748,6798,PACIFIC OFFICE PROPERTIES TR
830750,6036,WARREN BANCORP INC
830751,6036,PIONEER BANCORP INC N C
830779,6726,COMSTOCK PTNRS STRATEGY
830821,1040,OHARA RESOURCES LTD/NEV
830916,3672,MULTI-FINELINE ELECTRON INC
830975,6726,MORGAN STANDW MUNI INC TR II
830985,1311,SPINDLE OIL & GAS
830991,4955,ATLANTIS GROUP INC
830996,6035,EAGLE BANCORP INC
831001,6199,CITIGROUP INC
831002,4953,USA BIOMASS CORP
831115,3674,HEARTLAND TECHNOLOGY INC
831202,2020,NUTRI PRODUCTS INC
831231,6020,INTEGRA FINANCIAL CORP
831241,3679,ELECTRONIC ASSEMBLY SERVICES
831243,5010,CONTINENTAL TYRE LTD
831246,6159,FRANKLIN CREDIT HOLDING CP
831256,3312,2 I INC
831259,1000,FREEPORT-MCMORAN INC
831300,6798,LANDSING PACIFIC FUND
831320,7389,RESTAURANT HOTLINE SYS INC
831323,5990,SILK GREENHOUSE INC
831327,2060,IMPERIAL SUGAR CO
831355,1040,LKA GOLD INC
831460,6411,UMC INC
831463,3634,MR COFFEE INC
831529,7372,CONNECTINC.COM CO
831532,3580,ATRIX INTERNATIONAL INC
831547,2836,SPECTRUM PHARMACEUTICALS INC
831641,8711,TETRA TECH INC
831655,6726,BARINGS PARTICIPATON INVSTRS
831669,7372,RED ALERT GROUP INC
831671,9995,INJECTO MATIC SYS INTL INC
831677,6020,BMR FINANCIAL GROUP INC
831752,3579,DAWN TECHNOLOGIES INC
831777,3842,MITEK SURGICAL PRODUCTS INC
831861,3861,CONCORD CAMERA CORP
831889,5045,COMPUMAT INC
831906,6411,HOMEOWNERS GROUP INC
831959,6020,UNITED NATIONAL BANCORP/NJ
831964,1381,CLIFFS DRILLING CO
831968,4011,PROVIDENCE AND WORCESTER RR
831970,7990,GEMINEX INDUSTRIES INC
831978,1311,STANDARD OIL & EXPL/DE
831979,6020,VISTA BANCORP INC
831982,7200,WINE SOCIETY OF AMER
831984,5812,STACEYS BUFFET INC
832090,6020,PARTNERS BANCORP
832092,6531,CANCER TREATMENT HOLDINGS
832101,3561,IDEX CORP
832149,5090,RECLAIM INC
832175,7370,TELESCAN INC
832177,5411,RISER FOODS INC  -CL A
832320,5961,EGGHEAD.COM INC-OLD
832324,6211,GLOBALNET FINANCIAL.COM INC
832327,6726,BLACKROCK INCOME TRUST INC
832334,3444,NOVATEK INTERNATIONAL INC
832342,6162,SPROTT RESOURCE LENDING CORP
832352,1400,STEELHEAD RESOURCES
832404,2835,GULL LABORATORIES INC
832407,5812,SIXX HOLDINGS INC
832411,4899,BROADCAST INTL INC/VT
832412,5812,COOKER RESTAURANT/OH
832428,4833,EW SCRIPPS  -CL A
832438,5090,TRI-R SYSTEMS CORP
832440,8011,CBL MEDICAL INC
832474,3021,NEW AMERICAN SHOE CO
832480,6311,UTG INC
832483,8200,CONCORDE CAREER COLLEGES INC
832485,5961,MEDNET MPC CORP
832488,7370,MAM SOFTWARE GROUP INC
832489,2836,GEOVAX LABS INC
832493,7510,AVON RENT-A-CAR & TRUCK CORP
832518,1000,SCINTILORE EXPLORATIONS LTD
832519,1040,GREENSTONE RESOURCES LTD
832534,6726,DREYFUS STRATEGIC GVT
832754,6726,PUTNAM INTER GVT INCOME
832767,7372,PHOENIX TECHNOLOGIES LTD
832768,2020,MORNINGSTAR GROUP INC
832769,6036,HOME PORT BANCORP INC
832770,6035,ATLANFED BANCORP INC
832812,8351,KINDERCARE LEARNING CENTERS
832813,6512,EXCAL ENTERPRISES INC
832815,2840,SYBRON CHEMICALS INC
832820,1311,KCS ENERGY INC
832847,6020,COMMUNITY CAPITAL CORP
832904,6726,PROSPECT STREET HI INCOME
832922,5912,DRUG EMPORIUM INC
832924,7372,MINDSCAPE INC
832925,6726,SCUDDER INTERM GVT TR
832985,3721,QUICKSILVER ENTRP
832988,5944,SIGNET JEWELERS LTD
832989,6311,LIFE USA HOLDING INC
832995,5735,MUSICLAND STORES CORP
833020,4400,SEAHAWK DEEP OCEAN TECH INC
833021,6726,MFS INTERMEDIATE HIGH INCOME
833029,6020,NATIONAL AUSTRALIA BK
833040,6726,FRANKLIN UNIVERSAL TRUST
833053,3089,FIBREBOARD CORP
833072,6726,INDIA GROWTH FUND INC
833076,3640,GENLYTE GROUP INC
833079,1531,MERITAGE HOMES CORP
833081,1381,PRIDE INTERNATIONAL INC
833088,6798,TIS MORTGAGE INVESTMENT
833140,3841,ENPATH MEDICAL INC
833216,3990,GRAYHOUND ELECTRONICS INC
833251,6726,NUVEEN PREM INCOME MUN FD
833298,2834,CIMA LABS INC
833299,2836,SERAGEN INC
833320,1311,BURLINGTON RESOURCES INC
833376,1044,SUNSHINE MINING & REFINING
833441,8741,AUTOMOBILE PROTECTION
833443,5734,BABBAGES INC
833444,3585,JOHNSON CONTROLS INTL PLC
833498,3569,MEGAMATION INC
833619,3577,TRUEVISION INC
833640,3674,POWER INTEGRATIONS INC
833795,6552,HOMEFED CORP
833796,1040,BOND INTL GOLD
833829,7373,WIND RIVER SYSTEMS INC
833845,1389,BOOTS & COOTS INC
833847,7372,ENTERPRISE SOFTWARE INC
833850,4833,CHANNEL AMER LPTV HLDG INC
834105,6020,COLUMBIA BANCORP
834208,7370,NAVTEQ CORP
834259,1311,PARAGON RESOURCES LTD
834263,4953,SANIFILL INC
834285,6020,REPUBLIC FIRST BANCORP INC
834365,2836,BIOLIFE SOLUTIONS INC
834408,6411,BROOKE CORP
834557,2836,VIAGENE INC
834933,6726,ACM GVT OPPORTUNITY FD
835011,2085,MGP INGREDIENTS INC
835012,6020,COMMONWEALTH BANKSHARES INC
835014,4955,ENVIRONMENTAL CONTROL GP INC
835015,100,DEKALB GENETICS CORP  -CL B
835170,1531,PACESETTER HOMES INC
835176,8711,CORCAP INC
835268,6726,COHEN & STEERS RLTY INCM FD
835270,7372,UNITRONIX CORP
835316,3845,CARDIOTRONICS SYSTEMS INC
835324,6020,STOCK YARDS BANCORP INC
835333,6726,INVESCO MUNICIPAL INCOME OPP
835342,2013,SMITHFIELD COMPANIES INC
835344,4512,COMAIR HOLDINGS INC
835345,6020,COLLECTIVE BANCORP INC
835403,2085,DIAGEO PLC
835404,1040,INTERNATIONAL CORONA
835405,3260,POLYVISION CORP
835409,3089,CLARION TECHNOLOGIES INC
835494,3081,PLASTIGONE TECHNOLOGIES INC
835538,5065,GETGO INC -OLD
835540,4400,B&H OCEAN CARRIERS LTD
835541,3672,SOLECTRON CORP
835582,5411,HOMELAND HOLDING CORP
835585,3661,C-PHONE CORP
835640,7822,INTL MOVIE GROUP
835664,6798,CRT PROPERTIES INC
835715,4911,KU ENERGY CORP
835729,7372,BMC SOFTWARE INC
835759,3443,ASTROTECH INTL CORP
835768,4512,MAIR HOLDINGS INC
835887,2836,PROGENICS PHARMACEUTICAL INC
835904,4813,TELEGLOBE INC
835908,8082,MEDICAL INNOVATIONS INC
835910,3620,AMERICAN POWER CONVERSION CP
835948,6726,BLACKROCK MUNIVEST FUND INC
836043,6020,COMMERCESOUTH INC
836044,1311,WESTAMERICA CORP
836102,3585,TRANE INC
836106,3559,NOVELLUS SYSTEMS INC
836123,6795,GRAND CENTRAL SILVER MINES
836147,6020,MIDDLEFIELD BANC CORP
836157,3523,LINDSAY CORP
836179,3577,TOPOLOGIX INC
836190,4522,FLORIDA WEST AIRLINES INC
836212,6726,GLOBAL INCOME PLUS FUND
836236,3550,INTERCOLE INC
836267,6726,SHELTON GREATER CHINA FUND
836400,2080,DR PEPPER/SEVEN UP
836412,6726,VIRTUS GLOBAL DIV & INCM FD
836425,6726,AMERICAN GVT INCOME PORTFOL
836429,3841,SYNERGETICS USA INC
836435,1311,STRATFORD AMERICAN CORP
836442,1311,ORYX ENERGY CO
836614,2721,MACGUIDE MAGAZINE INC
836616,6020,PREMIER BANCSHARES INC
836620,3080,S A Y PACKAGING INC
836666,4922,ASSOCIATED NATURAL GAS CORP
836690,3575,INNOVATIVE SOLTNS & SUPP INC
836809,7819,AFTERMASTER INC
836819,6035,F F O FINANCIAL GROUP INC
836866,5600,CASUAL MALE CORP-OLD
836868,8731,GLOBESAT HOLDING CORP
837022,5700,KITCHEN BAZAAR INC
837028,7200,TDX CORP
837038,3842,AHPC HOLDINGS INC
837166,7373,TRICORD SYSTEMS INC
837173,1220,WALTER ENERGY INC
837290,1311,KEY PRODUCTION CO INC
837292,5110,HQ OFFICE SUP WAREHSE  -CL A
837298,7900,AMERICAN NETWORK GROUP INC
837336,6798,RESORT INCOME INVESTORS
837339,4213,MATLACK SYSTEMS INC
837429,2860,F & C INTERNATIONAL INC
837465,3949,CALLAWAY GOLF CO
837472,2860,BOUNDLESS CORP
837487,3845,BIOANALOGICS INC
837488,2750,VIP GLOBAL CAPITAL INC
837491,8742,WALL STREET FINANCIAL CORP
837600,9995,ENTROPIN INC
837602,6035,METRO BANCSHARES INC
837635,4955,HORSEHEAD RESOURCE DEV INC
837676,6036,VSB BANCORP INC
837759,1311,MALLON RESOURCES CORP
837852,3713,IDEANOMICS INC
837854,6411,ALTA HEALTH STRATEGIES INC
837912,2330,GITANO GROUP INC
837913,3559,GENUS INC
837949,6726,TEMPLETON VALUE FUND
837951,6726,PACHOLDER HIGH YIELD FD INC
837987,7373,WASATCH EDUCATION SYS
837991,3845,VISX INC/DE
837993,4813,AMERICONNECT INC
838131,6726,NUVEEN MULTI-MKT INCM FD
838133,6726,ACM MANAGED INCOME FUND
838171,2090,SPARTA FOODS INC
838179,7812,21ST CENTURY FILM CORP
838184,4812,CELLULAR INFORM SYS  -CL A
838224,3443,KETEMA INC
838442,3569,BIOPORE INC
838443,8011,MEDICAL MGMT OF AMER
838445,3571,ARIX CORP
838782,7990,RENAISSANCE ENTMT CORP
838790,3842,NEOTERIK HEALTH TECH INC
838803,7812,METRO GLOBAL MEDIA INC
838868,4911,UPPER PENINSULA ENERGY CORP
838872,2842,OMNITEC INC
838875,2084,WILLAMETTE VALLEY VINEYARDS
838877,3714,PINAFORE HOLDINGS BV
838879,2835,RADIENT PHARMACEUTICALS CORP
839087,5047,VASO CORP
839091,6020,CHATTAHOOCHEE BANCORP INC
839100,5065,HALL-MARK ELECTRONICS CORP
839122,6726,BNY MELLON MUNICIPAL INCOME
839123,6726,DREYFUS CAL MUNI INCOME
839124,6726,DREYFUS N Y MUNI INCOME
839219,6552,SUNSTYLE CORP
839431,4833,SPICE ENTERTAINMENT COS INC
839435,7372,COMAMTECH INC -OLD
839436,3577,BRISTOL RESEARCH CORP
839468,4731,LEP GROUP PLC  -ADR
839470,3620,WESTWATER RESOURCES INC
839477,6798,STORAGE PROPERTIES INC
839479,4953,METCALF & EDDY COS INC
839480,4512,WESTAIR HOLDING INC
839533,6726,DWS MUNICIPAL INCOME TRUST
839538,6036,LAKELAND FIRST FINL GRP INC
839539,6035,TRISTATE BANCORP
839621,4833,GRANITE BROADCASTING
839636,6726,BLACKROCK TARGET TERM TRUST
839845,6036,FMS FINANCIAL CORP
839871,1389,WARRIOR ENERGY SERVICE CORP
839923,4812,VODAFONE GROUP PLC
839950,1311,NORTH COAST ENERGY INC
840007,6020,REDWOOD EMPIRE BANCORP
840068,6036,RCSB FINANCIAL INC
840115,6035,SUNRISE BANCORP INC/DE
840163,6351,KENTUCKY MED INS CO  -CL A
840216,1531,CALIFORNIA COASTAL CMNTYS
840248,6726,VAN KAMPEN CALIF MUN TR
840249,3577,BUILDERS WHSE ASSN INC
840251,4610,SANTA FE PAC PIPELINE PRTNRS
840252,6035,RS FINANCIAL CORP
840254,7372,GREYSTONE DIGITAL TECHNOLOGY
840256,6020,VINEYARD NATIONAL BANCORP
840260,7822,LIVE ENTERTAINMENT
840264,6020,CAPITOL BANCORP LTD
840319,2836,APHTON CORP
840346,6794,JACKSON HEWITT INC
840387,6036,GREAT LAKES BANCORP INC
840401,5912,ACCUHEALTH INC
840402,2911,GREKA ENERGY CORP
840404,6799,VISUAL EQUITIES INC/NV
840458,6035,1ST BANCORP IND
840467,3826,BECKMAN COULTER INC
840489,5900,FIRSTCASH INC
840491,8090,REN CORP-USA
840518,6794,QSOUND LABS INC
840715,3663,CLEARONE INC
840759,2870,NU WEST INDUSTRIES INC
840815,3944,DIRECT CONNECT INTL INC
840824,7372,NETEGRITY INC
840826,5812,DAKA INTERNATIONAL INC
840883,3559,BTU INTERNATIONAL INC
840887,2200,WELLINGTON LEISURE PRODUCTS
840889,9995,DORAL FINANCIAL CORP
840890,4011,ILLINOIS CENTRAL TRANSP
840997,6798,ANGELES MORTG INVT TR  -CL A
840999,6153,ANGELES FINANCE TR
841054,5940,CHESTER HOLDINGS LTD
841057,6726,OPPENHEIMER WORLD BOND FD
841071,1400,DOMINION DIAMOND CORP
841073,3730,ASPEN MARINE GROUP INC
841074,6035,COAST SAVINGS FINANCIAL INC
841075,7373,TERMINAL APPLICATIONS GROUP
841076,3841,BIO ELECTRO SYSTEMS  -CL A
841112,2835,MONOCLONAL MEDICAL  -CL A
841128,4841,UNITED SATELLITE AMER INC
841168,2834,ALPHA BETA TECHNOLOGY INC
841243,8734,TSI CORP
841390,4412,GLOBAL OCEAN CARRIERS LTD
841528,6311,RELIASTAR FINANCIAL CORP
841534,6020,NATIONAL COMMUNITY BANK
841555,6795,CROWN RESOURCES CORP
841692,3559,FSI INTL INC
841693,5065,INTERNET COMMUNICATNS
841709,5172,GRAND VALLEY GAS CO
841712,3845,WORK RECOVERY INC
841883,6411,ADVACARE INC
841909,6036,DIME FINANCIAL CORP/CT
841939,3845,THERMO CARDIOSYSTEMS
842009,7812,KUSHNER LOCKE CO
842021,3312,CORUS GROUP PLC
842023,2836,BIO-TECHNE CORP
842151,8711,ERC ENVIRONMENTAL & ENERGY
842162,2531,LEAR CORP
842180,6020,BBVA
842183,6798,RPT REALTY
842289,9995,AB HOLDING GROUP INC
842294,4412,EXCEL MARITIME CARRIERS LTD
842295,2810,TOR MINERALS INTL INC
842310,6794,ESARCO INTERNATIONAL INC
842396,3444,INTERNATIONAL BARRIER CORP
842399,4955,SECURITY ENVIRONMENTAL SYS
842517,6020,ISABELLA BANK CORP
842518,6020,EVANS BANCORP INC
842519,4813,PCCW LTD
842570,1531,AMERICAN CAPITAL HOLDINGS
842633,3460,TRIMAS CORP
842635,2860,LYONDELL CHEMICAL CO
842638,3669,VERSUS TECHNOLOGY INC
842640,6035,FEDERAL TRUST CORP
842662,3585,YORK INTERNATIONAL CORP
842679,3310,BLISS & LAUGHLIN IND INC
842681,2320,LEGENDS CO OF CHICAGO  -CL A
842691,3510,NEW WORLD POWER CORP
842694,2834,WUHAN GENERAL GROUP INC
842695,7373,AVINCI MEDIA CORP
842696,3577,SORICON CORP
842697,8711,LEAK-X ENVIRONMENTAL
842699,2670,PLAYTEX PRODUCTS INC
842705,6020,ANNAPOLIS BANCSHARES INC
842717,6020,BLUE RIDGE BANKSHARES INC
842718,3330,TREMONT CORP
842728,5812,CATTLEGUARD INC
842807,7389,EGLOBE INC
842808,1311,GALVEST INC
842815,1389,POOL ENERGY SERVICES CO
842888,100,AGRISTAR INC
842891,6726,INVESCO MUNICIPAL PREM INCM
842905,6726,DEUTSCHE MULTI-MARKET INCOME
842913,5411,KASH N KARRY FOOD STORES INC
842915,4812,SKYTEL COMMUNICATIONS INC
842916,4950,ENCLEAN INC
842919,7372,XSTREAM MOBILE SOLUTIONS CP
842927,9995,INTERACTIVE BRAND DEV INC
843006,7370,ISSUER DIRECT CORP
843028,2741,ENTERTAINMENT PUBLISHING CP
843063,6726,MORGAN STNLY HGH INC ADV III
843081,5621,LOEHMANN'S HOLDINGS INC
843082,6035,UNITED FED BANCORP INC
843086,7373,AUTHORIZED DISTRIBUTN NETWRK
843090,4412,ANANGEL AMER SHIPHLDGS  -ADR
843287,6726,FRANKLIN PRINCIPAL MATURITY
843405,2511,DOREL INDUSTRIES INC
843462,3569,QUALITY PRODUCTS INC
843494,2844,ASCENDIA BRANDS INC
843495,6036,MIDCONN BK KENSINGTON CT
843506,6726,VAN KAMPEN HIGH INCOME TR
843615,6726,AUSTRIA FUND INC
843761,3560,REXNORD CORP -OLD
843766,6726,AMERICAN GVT TERM TR
843918,7372,IMAGE BUSINESS SYSTEMS CORP
843961,3080,OPTICAL SECURITY GROUP
843964,6552,HEARTLAND PARTNERS  -LP-CL A
844008,3827,CONSYGEN INC
844053,3663,WAVERIDER COMMUNICATIONS INC
844059,6513,FRP HOLDINGS INC
844143,2300,CENTRIC BRANDS INC
844150,6020,NATWEST GROUP PLC
844161,6794,APEX GLOBAL BRANDS INC
844162,6035,NORTHBAY FINANCIAL CORP
844172,6726,BLACKROCK MUNIENHANCED FUND
844551,1311,
844643,3576,NETWORK GENERAL CORP
844778,6726,AIM STRATEGIC INCOME FUND
844780,7372,EVISION INTERNATIONAL INC
844787,3960,DYNA GROUP INTERNATIONAL INC
844788,1040,CYCLONE URANIUM CORP
844789,2430,U S HOME SYSTEMS INC
844790,6726,PUTNAM MANAGED MUNI INCOME
844843,4812,GEOTEK COMMUNICATIONS
844849,4220,ARCUS INC
844856,2111,HEALTHIER CHOICES MNGMT CORP
844887,7990,DIAMONDHEAD CASINO CORP
844965,1389,TETRA TECHNOLOGIES INC/DE
844985,3845,POSITRON CORP
845032,3845,BIO-MONITOR INC
845033,4931,ORIGIN ENERGY LTD
845047,3661,TELIDENT INC
845072,3612,PECO II INC
845289,1311,HARVEST NATURAL RESOURCES
845379,6726,CHINA FUND INC
845401,8071,IMAGING MANAGEMENT ASSOC INC
845414,4813,SA TELECOMMUNICATIONS INC
845434,3861,INFOCUS CORP
845568,7812,SPELLING ENTMT INC  -CL A
845572,1040,SKY SCIENTIFIC INC
845605,8093,NEUROMEDICAL TECHNLOGIES INC
845606,6726,MFS HIGH INCOME MUNI TRUST
845607,7372,LEGENT CORP
845611,6726,GABELLI CONV & INCOME SEC FD
845613,6798,FRANKLIN SELECT REALTY TRUST
845615,2911,TEXACO CANADA INC
845752,3842,ARMOR HOLDINGS INC
845753,8731,XSIRIUS SUPERCONDUCT  -CL A
845779,5047,ABATIX CORP
845802,2834,DRAXIS HEALTH INC
845806,2950,G-I HOLDINGS INC
845812,4833,RENAISSANCE COMMUNICATNS CP
845815,6331,CONDOR SERVICES INC
845818,7373,RADIANT SYSTEMS INC
845851,6726,BLACKROCK ADVANTAGE TERM TR
845877,6162,FEDERAL AGRICULTURE MTG CP
845880,2911,PROBEX CORP
845982,3842,SMITH & NEPHEW PLC
846007,6035,RAILROAD FINANCIAL CORP
846340,6331,MOTTS HOLDINGS INC
846378,6141,MFN FINANCIAL CORP
846463,3842,RESOUND CORP
846464,1700,USABG CORP
846469,7011,HUDSON HOTELS CP
846472,6035,COLOMBO BANK
846475,3845,ZYNEX INC
846489,8062,HCA HOSP CP OF AMER  -CL A
846492,6035,FIRSTFED MICH CORP
846537,6799,INTERNATIONAL SUPERCONDUCTOR
846538,5122,ALLOU HEALTHCARE INC
846546,3590,BONSO ELECTRONICS INTL INC
846583,5812,GILBERT/ROBINSON INC
846584,2100,CONSOLIDATED CIGAR CORP
846596,6726,DWS STRATEGIC MUN INCM TRUST
846609,6020,ONBANCORP INC
846614,5110,CREATIVE GAMING INC
846615,3060,JPS INDUSTRIES INC
846617,6020,DIME COMMUNITY BANCSHARES
846656,6035,ITHACA BANCORP INC
846657,3430,ELJER INDUSTRIES INC
846659,3714,SCHWITZER INC
846660,3585,SCOTSMAN INDUSTRIES INC
846671,6726,INVESCO HIGH INCOME TRUST II
846676,6726,ABERDEEN EMRG MKT EQT INM FD
846677,6035,HERITAGE BANKCORP INC
846718,7372,CONSULIER ENGINEERING INC
846729,4213,AMERICAN FREIGHTWAYS CORP
846732,7371,BRENDAN TECHNOLOGIES INC
846753,6035,IROQUOIS BANCORP INC
846768,6035,FIRST HARRISBURG BANCOR INC
846771,3845,SUNRISE TECHNOLOGY INTL INC
846775,7372,SIMTROL INC
846801,6036,PEOPLES SAVINGS FINL CORP/CT
846807,6036,UNSL FINANCIAL CORP
846809,6020,MADISON BANCSHARES GROUP LTD
846814,6035,SIGNAL CORP
846815,3714,COLLINS & AIKMAN CORP
846869,6035,FIRST CITIZENS FINANCIAL CP
846871,1311,CHIEFTAIN INTL INC
846872,3790,CLUB CAR INC
846876,3555,PRESSTEK INC
846878,4833,VISITEL NETWORK INC
846901,6020,LAKELAND BANCORP INC
846902,3081,CARLISLE PLASTICS INC  -CL A
846903,6020,FRANKLIN FINANCIAL CORP/TN
846909,3576,ENTERASYS NETWORKS INC
846913,3559,FUEL TECH INC
846917,6035,HAVERFIELD CORP
846919,3350,ESSEX INTERNATIONAL INC
846923,7822,INTL BROADCAST SYSTEMS -CL A
846930,4911,DUQUESNE LIGHT HOLDINGS INC
846931,6035,LAKE SUNAPEE BANK GROUP
846976,4955,SEVENSON ENVIRON SVCS
846979,6020,REGENT BANCSHARES CORP
846980,6035,CONTINENTAL SVGS AMER A SLA
847074,1311,UNITED STATES EXPLORATION
847260,6035,FIRST COASTAL BANKSHARES INC
847322,6798,CRIIMI MAE INC
847325,6035,ESSEX BANCORP INC/DE
847383,4841,NEW FRONTIER MEDIA INC
847385,2090,CROWN LABORATORIES INC/DE
847411,6726,MFS INVESTMENT GRADE MUNI TR
847413,7361,LOGICALOPTIONS INTL INC
847420,7822,RX FOR AFRICA INC
847431,6351,NYMAGIC INC
847434,7372,GOAL SYSTEMS INTL INC
847468,4953,WASTE SYSTEMS INTL INC
847469,7812,HEMDALE COMMUNICATIONS
847535,1311,DYNAMIC OIL & GAS INC
847541,3312,STELAX INDUSTRIES LTD
847542,5812,GODFATHER'S PIZZA INC
847555,7373,IDENTIPHI INC
847562,2834,U S BIOSCIENCE INC
847593,6726,INVESCO MUNI INCOME OPP II
847595,4955,CHEMPOWER INC
847619,5990,BATTERY ONE-STOP INC
847777,2082,HARBOR BREWING CO INC
847831,4412,MC SHIPPING
847841,2741,OFFICIAL INFORMATION CO
847903,2052,NABISCO GROUP HOLDINGS CORP
847908,5961,TWIN STAR PRODUCTIONS INC
847917,2084,ASCONI CORP
847926,6020,CONTINENTAL BANCORP-PA
847929,3841,HEALTHTEK INC
847931,3663,CODED COMMUNICATIONS CORP
847935,5912,ALLION HEALTHCARE INC
848013,7310,TSS LTD
848077,6726,PUTNAM HI YIELD MUNI
848092,7363,UNITY HEALTHCARE HLDG CO
848099,5411,BIG BEAR STORES
848101,3844,VISION TEN INC
848102,3845,PHOENIX LASER SYSTEMS INC
848135,3651,VIDIKRON TECHNOLOGIES GROUP
848207,2834,TELIOS PHARMACEUTICALS INC
848296,2090,NUOASIS RESORTS INC
848446,3060,VULCAN INTL CORP
848448,1040,DAKOTA MINING CORP
848462,3672,COMPTRONIX CORP
848468,5047,NIX O TINE PHARMACEUTICALS
848551,7372,MAPICS INC
848865,4953,ALLIED WASTE INDUSTRIES INC
849043,2834,NEUROGEN CORP
849101,5812,AVADO BRANDS INC
849116,6099,ACE CASH EXPRESS INC
849135,6726,VAN KAMPEN INVT GRADE MUN TR
849145,6799,HERITAGE GLOBAL INC
849146,2834,LIFEVANTAGE CORP
849210,4924,YANKEE ENERGY SYSTEMS INC
849212,6020,GROWTH FINANCIAL CORP
849213,2400,PLUM CREEK TIMBER CO INC
849240,3490,HAWK CORP
849314,2330,BENETTON GROUP SPA
849323,3559,CFM TECHNOLOGIES INC
849343,3089,SAFETECH INDUSTRIES INC
849354,7990,GOLF ENTERTAINMENT INC
849395,3241,CRH PLC
849399,7372,NORTONLIFELOCK INC
849401,3845,ADM TRONICS UNLIMITED INC/DE
849433,7372,ANSOFT CORP
849448,3842,LIFECELL CORP
849493,4841,UNITED ARTISTS ENT  -CL A
849502,3674,RAMTRON INTERNATIONAL CORP
849537,6798,CAPITAL HSG&MTG PRTNRS INC
849547,7370,BLACK BOX CORP
849636,2836,RESPIRERX PHARMACEUTICALS
849642,3911,BALI JEWELRY LTD
849667,2090,AMER ITALIAN PASTA CO  -CL A
849682,5940,STRINGS LTD
849696,2711,AFFILIATED PUBNS
849706,2430,ADVANCED ENVIR RECYCL  -CL A
849778,3826,CYTYC CORP
849803,6035,PRIME BANCSHARES INC
849805,5130,FRENCHTEX INC
849865,6020,VALLICORP HOLDINGS INC
849869,3411,SILGAN HOLDINGS INC
849979,3312,WEIRTON STEEL CORP
849997,1311,FEC RESOURCES INC
849998,6726,NUVEEN PERFORM PLUS MUNI
850027,6726,EAGLE CAPITAL GROWTH FUND
850033,6792,BP PRUDHOE BAY ROYALTY TRUST
850036,2834,NSA INTERNATIONAL INC
850083,7372,AUTHORISZOR INC
850091,7373,SPORTS-TECH INTERNATIONAL
850141,6331,HORACE MANN EDUCATORS CORP
850143,6798,CRI LIQUIDATING REIT INC
850208,3577,ADVANCED GRAVIS COMPUTER TEC
850209,5661,FOOT LOCKER INC
850217,9995,INSTAFF INTL INC
850218,4841,C-3D DIGITAL INC
850219,1000,AUDREY RESOURCES INC
850261,2836,SORRENTO THERAPEUTICS INC
850263,1000,BUNKER HILL MINING CO INC
850309,5411,SMITHS FOOD & DRUG  -CL B
850315,4841,MERCOM INC
850316,5211,HOUSE2HOME INC
850338,5400,MASCOTT CORP
850341,7389,IMAGE BANK INC
850414,6794,NEW HORIZONS WORLDWIDE INC
850426,6726,ALLIED CAPITAL CORP II
850429,3350,TREDEGAR CORP
850436,3089,MEDICAL MANAGER CORP
850460,3357,ENCORE WIRE CORP
850475,3089,PLASTIC RECYCLING INC
850476,3716,REXHALL INDUSTRIES INC
850483,5045,GTSI CORP
850496,6035,FIRST INTER-BANCORP INC
850519,3576,SONICBLUE INC
850579,3674,PLX TECHNOLOGY INC
850606,6035,COMMUNITY FINANCIAL CORP/VA
850629,4813,FIRSTCOM CORP
850645,3652,CONTINUUM GROUP INC
850660,3540,THERMADYNE HOLDINGS CORP
850670,4841,WESTCOTT COMMUNICATIONS
850693,2834,ALLERGAN INC
850695,2834,SMITHKLINE BEECHAM (UK) PLC
850808,3690,DYNAMOTION/ATI CORP
850882,8090,VIVRA INC
850921,3579,REMITTANCE TECHNOLOGIES CORP
850922,4512,CCAIR INC
850971,3861,FOVEA JEWELRY HOLDINGS LTD
851091,5621,A PEA IN THE POD INC
851105,6020,BANKNORTH GROUP INC-OLD
851169,6726,BROOKFIELD TOTAL RETURN FUND
851170,6726,MFS CHARTER INCOME TR
851199,7370,SIRICOMM INC
851205,3823,COGNEX CORP
851207,6035,FIRST FEDERAL CAPITAL CORP
851249,8700,FORTUNE INDUSTRIES INC
851292,3579,SMITH CORONA CORP
851310,3663,HARMONIC INC
851368,5331,COST-U-LESS INC
851397,3559,ETEC SYSTEMS INC
851476,8734,TANKNOLOGY-NDE INTL INC
851478,3845,BEI MEDICAL SYSTEMS CO INC
851479,2400,WORLDWIDE FOREST PRODS INC
851520,8742,EXPONENT INC
851560,7372,TARANTELLA INC
851588,3540,GIDDINGS & LEWIS INC/WI
851616,2834,VERNALIS PLC
851631,5110,OFFICE PROD OF AMER  -CL A
851635,6036,CENTRAL JERSEY FINL CORP
851697,6411,AUTOLEND GROUP INC
851720,7380,SECURITY ASSOC INTL INC
851726,1000,SANTA FE GOLD CORP
851729,3845,NEOPATH INC
851737,3845,LASERSCOPE
851785,6035,MID-COAST BANCORP INC
851943,7373,SECURED SERVICES INC
851945,4991,OGDEN PROJECTS INC
851961,3842,KENDALL INTERNATIONAL INC
851968,2273,MOHAWK INDUSTRIES INC
852004,8711,GZA GEOENVIRONMENTAL TECH IN
852015,6162,AMERICAN ASSET MGMT CORP
852124,4813,PRIME TELECOMMUNICATIONS
852138,2834,SMITHKLINE BECKMAN CORP
852164,7372,TELYNX INC
852187,8071,ALLIED CLINICAL LABS
852196,5110,SEVENTH GENERATION INC
852203,6531,CB RICHARD ELLIS SVCS
852220,6153,HARBOURTON FINANCIAL CORP
852303,2741,FROST & SULLIVAN INC
852426,3080,PW EAGLE INC
852447,6211,INSTITUTIONAL EQUITY HLDGS
852448,5065,CM COMMUNICATIONS INC
852450,6163,FINET.COM INC
852485,7600,SERV-TECH INC
852551,1381,GRACE ENERGY CORP
852564,3851,UNILENS VISION INC
852574,5110,HQ OFFICE INTL INC  -CL A
852615,6162,PARAGON MORTGAGE CORP
852618,6020,CNB FLORIDA BANCSHARES INC
852637,3661,BRITE VOICE SYSTEMS INC
852766,4700,YTB INTERNATIONAL INC
852769,2670,DANDEES ENTERPRISES
852772,5812,DENNYS CORP
852807,7990,AZTAR CORP
852942,6532,BROOKS RESOURCES CORP
852952,2390,WESTPOINT STEVENS INC
852954,6726,DIAMOND HILL FINL TRENDS FD
852984,6726,MORGAN STANDW MNI INC TR III
853017,8071,SUBSTANCE ABUSE TECH
853020,6035,MARYLAND FED BANCORP INC
853022,2834,ROBERTS PHARMACEUTICAL CORP
853074,8071,HEALTH ADVANCEMENT SVCS INC
853102,2780,DAY RUNNER INC
853169,1000,CONTINENTAL GOLD CORP-NEW
853258,3674,ELECTRONIC DESIGNS INC
853261,3651,INTERNATIONAL JENSEN INC
853266,3661,MOSAIX INC
853273,7372,BORLAND SOFTWARE CORP
853275,6035,GATEWAY FED CORP
853372,7372,EFFECTIVE MGMT SYSTEMS INC
853436,5040,MOMENTUM CORP
853461,6020,PINNACLE FINANCIAL SERVICES
853474,6726,PUTNAM DIVIDEND INCOME FUND
853529,5090,PRINS RECYCLING CORP
853532,4210,TRANSIT GROUP INC
853547,3443,AMTROL INC
853665,5812,APPLEBEES INTL INC
853695,3663,DRI CORP
853697,7363,RSI HOLDINGS INC
853706,7373,NEW IMAGE INDUSTRIES
853770,6726,MFS INTERMARKET INCOME TR I
853816,4213,LANDSTAR SYSTEM INC
853832,7812,FIRST NATIONAL ENTERTAINMENT
853867,3714,DECOMA INTL INC  -CL A
853892,5531,AG AUTOMOTIVE WHSES  -CL A
853935,6036,VILLAGE FINANCIAL SVCS LTD
853971,9995,STANDARD MANAGEMENT CORP
854009,4822,XPEDITE SYSTEMS INC
854071,6036,PAMRAPO BANCORP INC
854088,4813,CABLE & WIRELESS COMM PLC
854093,3842,INTERPORE INTERNATIONAL
854094,2711,CENTRAL NEWSPAPERS  -CL A
854098,6020,CHESTER VY BANCORP INC
854099,3845,SURGICAL LASER TECH INC
854125,6726,AMERICAN OPPORTUNITY INCM FD
854152,7372,ACTV INC
854153,2013,GRANADA FOODS CORP
854154,200,GRANADA BIOSCIENCES INC
854222,2834,INDEVUS PHARMACEUTICALS INC
854240,4412,BT SHIPPING LTD  -ADR
854271,1311,MAGNUM HUNTER RESOURCES INC
854385,4011,CNW CORP
854395,6035,FIRST FINANCIAL SERVICE CORP
854398,7372,XRS CORP
854399,6020,PREMIER CMNTY BANKSHARES INC
854418,7372,LANDMARK SYSTEM CORP
854419,8711,PARSONS CORP - OLD
854460,7374,WEB.COM INC
854462,5045,ROBEC INC
854499,5411,KONINKLIJKE AHOLD DELHAIZE
854550,2330,ILIO INC
854551,5013,BRAKE HEADQUARTERS USA INC
854556,9995,ELECTRONIC TECHNOLOGY GROUP
854560,6020,GREAT SOUTHERN BANCORP
854580,6726,PROGRESSIVE RETURN FUND INC
854661,7359,OEC COMPRESSION CORP
854662,6035,MAF BANCORP INC
854666,6035,FALLS FINANCIAL INC
854691,2834,ARONEX PHARMACEUTICALS INC
854694,8062,QUORUM HEALTH GROUP INC
854701,3674,INTEGRATED SILICON SOLUTION
854709,3440,DAYTON SUPERIOR CORP
854711,6159,FINANCIAL FEDERAL CORP
854728,5140,SUPER RITE CORP
854775,3576,DIGI INTERNATIONAL INC
854800,4812,MICT INC
854807,6321,EMPLOYEE BENEFIT PLANS INC
854852,3679,EMRISE CORP
854856,6726,FRANKLIN MULTI-INCOME TR
854858,6794,AJAY SPORTS INC
854859,1600,DOMINION BRIDGE CORP
854860,3714,WILLIAMS CONTROLS INC
854862,8011,AMERICAN HEALTHCHOICE INC
854873,5812,RALLYS HAMBURGERS INC
854875,6798,CORNERSTONE RLTY INCOME TR I
854884,4011,CHICAGO & NO WESTN TRANS CO
854916,7372,CAERE CORP
854937,7370,NETCURRENTS INFO SVCS INC
854941,5944,ELEGANT ILLUSIONS INC
854992,7372,KNOWLEDGEWARE INC  -CL A
855048,6726,PUTNAM INVT GRADE MUN TR
855106,2834,SCHERER (R P)/DE
855109,3572,MIDGARDXXI INC
855110,7841,MOVIE SUPERSTORE INC
855182,9995,IBIS TECHNOLOGY CORP
855237,6726,FIRST PHILIPPINE FUND INC
855272,8060,NEXTHEALTH INC
855334,6351,PACE AMERN GROUP INC
855352,2834,PDK LABS INC
855424,7340,HOME SOLUTIONS AMERICA INC
855433,4833,BHC COMMUNICATIONS  -CL A
855569,2020,A & A INTL INDS INC
855574,6036,AMERIANA BANCORP
855575,7819,MATTHEWS STUDIO EQUIP GROUP
855578,7310,SITE HOLDINGS INC
855585,4899,FONIX CORP
855587,6324,HEALTHSOURCE INC
855610,3572,MASS MICROSYSTEMS INC
855611,2834,RECEPTECH CORP
855612,7370,ZIX CORP
855645,6020,FIRST PATRIOT BANKSHARES CP
855654,2836,IMMUNOGEN INC
855658,3674,LATTICE SEMICONDUCTOR CORP
855663,6282,JORDAN AMERICAN HLDGS INC
855683,3843,MILESTONE SCIENTIFIC INC
855743,7372,QUERYOBJECT SYSTEMS CORP
855874,6020,COMMUNITY FINANCIAL CORP
855876,6020,SKY FINANCIAL GROUP INC
855886,6726,HANCOCK J PREMIUM DIV FUND
855887,6726,BNY MELLON STRG MNPL BD FD
855890,6035,CONSERVATIVE SAVINGS CORP
855906,3674,SILICON STORAGE TECHNOLOGY
855911,3728,HENLEY GROUP INC/DEL
855932,6035,FINANCIAL BANCORP INC
856072,2834,PROCYTE CORP
856128,6726,MFS SPECIAL VALUE TRUST
856130,7389,DAWCIN INTERNATIONAL CORP
856143,3841,CELLMETRIX INC
856164,3620,AEROVOX INC
856200,1700,KAISER GROUP HOLDINGS INC
856218,6726,TURKISH INVESTMENT FUND INC
856223,6020,SUMMIT FINANCIAL CORP
856226,6726,NUVEEN N Y PERFORM PLUS MUN
856227,6726,NUVEEN CAL PERFORM PLUS MUN
856250,3640,CRAFTMADE INTERNATIONAL INC
856288,8000,HELIAN HEALTH GROUP INC
856364,3312,GRUPO SIDEK SA DE CV
856386,3531,GEHL CO
856465,2911,GIANT INDUSTRIES INC
856529,8200,BERLITZ INTERNATIONAL INC
856569,8731,ENCORIUM GROUP INC
856573,2836,NORTH AMERICAN VACCINE INC
856592,1311,ARKLA EXPLORATION CO
856711,2330,BRAZOS SPORTSWEAR INC
856716,4922,WESTERN GAS RESOURCES INC
856751,6035,FIRST KEYSTONE FINANCIAL INC
856873,2082,PETES BREWING CO
856979,9995,BIOSECURE CORP
856981,7370,PRISM GROUP INC
856982,3841,MERIT MEDICAL SYSTEMS INC
856984,2835,AMER BIOGENETIC SCI  -CL A
856999,8000,GLOBAL ENERGY RESOURCES INC
857005,7372,PTC INC
857009,8082,HOME NUTRITIONAL SVCS INC
857066,6726,TAURUS MUNI CALIF HLDGS
857067,6172,INDUSTRIAL FUNDING CP  -CL A
857071,3330,ALUMINA LTD
857073,2070,HQ SUSTAINABLE MARITIME IND
857099,6726,TAURUS MUNINEWYORK HLDGS
857101,3571,CRAY COMPUTER CORP
857102,1311,EDISTO RESOURCES CP
857121,2836,CREATIVE BIOMOLECULES INC
857139,9995,VITAFORT INTERNATIONAL CP
857166,7372,MODATECH SYSTEMS INC
857167,6020,C & S SOVRAN CORP
857171,2834,ABLE LABORATORIES INC
857323,7370,GTECH HOLDINGS CORP
857325,1000,CURRAGH INC
857327,3576,MIPS COMPUTER SYSTEMS INC
857353,2834,OMNI NUTRACEUTICALS INC
857361,6726,NUVEEN MUN ADVANTAGE FD INC
857400,2510,KMC ENTERPRISES INC
857404,8011,RAMSAY-HMO INC
857450,6036,BANKERS CORP
857470,9995,VIRTUALFUND.COM INC
857471,3851,LUXOTTICA GROUP SPA
857475,4955,MARTECH USA INC
857499,6020,SLADE'S FERRY BANCORP
857503,1311,HADSON ENERGY RESOURCES CP
857540,6726,ACM MANAGED MULTI-MKT TR INC
857559,6036,PULSE BANCORP INC
857566,1311,WICHITA RIVER OIL
857593,6020,COMMUNITY FIRST BANKSHARES
857638,3842,ADVANCED ORTHOPEDIC TECH INC
857642,5940,SPORTS HEROES INC
857644,5171,TEPPCO PARTNERS  -LP
857645,7359,PLM EQUIP GROWTH FD V  -LP
857667,6035,HOMECORP INC
857690,6726,SCUDDER NEW EUROPE FUND INC
857694,6726,SELIGMAN SELECT MUN FD INC
857728,3841,I-FLOW CORP
857737,6794,ICONIX BRAND GROUP INC
857802,3842,LUKENS MEDICAL CORP
857847,9995,WORLDPORT COMMUNICATIONS INC
857855,6020,UNITED COMMUNITY BANKS INC
857871,9995,IITC HOLDINGS LTD
857887,4953,ENVIROFIL INC
857891,6020,METRO FINANCIAL CORP
857907,6036,WINTON FINANCIAL CORP
857914,7372,TALARIAN CORP
857949,2870,CHINA GREEN AGRICULTURE INC
857953,3559,JMAR TECHNOLOGIES INC
857954,5331,CALDOR CORP
858155,2820,PROTEIN POLYMER TECHNOLOGIES
858339,7990,CAESARS ENTERTAINMENT CORP
858346,6798,MEREDITH ENTERPRISES INC
858387,6512,MILESTONE PROPERTIES INC
858446,7011,INTERCONTINENTAL HOTELS GRP
858448,6035,GOLDOME BUFFALO NY
858452,8090,TRANSCEND SERVICES INC
858461,6726,AIM EASTERN EUROPE FUND
858470,1311,CABOT OIL & GAS CORP
858473,6331,NATIONAL RE CORP
858482,2821,URETHANE TECHNOLOGIES INC
858558,2731,READERS DIGEST ASSN INC
858560,6035,MERABANK FED SVGS BK PHOENIX
858629,6411,TROVER SOLUTIONS INC
858655,3310,HAYNES INTERNATIONAL INC
858660,3841,MAXXIM MEDICAL INC
858706,6726,NEW GERMANY FUND INC
858707,6726,NEW IRELAND FUND INC
858710,3540,DEVLIEG-BULLARD INC
858752,5047,BIO-DENTAL TECHNOLOGIES CORP
858764,4813,USLD COMMUNICATIONS CORP
858800,6020,EMCLAIRE FINANCIAL CORP
858803,2834,AVANIR PHARMACEUTICALS INC
858862,6035,GWINNET BANCSHARES INC
858876,2834,PENEDERM INC
858877,3576,CISCO SYSTEMS INC
858905,2860,UNIROYAL CHEMICAL CP
858912,7380,NEWSEDGE CORP
858915,8200,CALIFORNIA CULINARY ACADEMY
858998,6726,GROWTH FUND OF SPAIN INC
859000,6726,AMERN ADJ RT TRM TR INC 1995
859014,7372,COMPUWARE CORP
859049,8082,MEDISYS INC
859070,6020,FIRST CMNTY BANCSHARES INC
859083,6036,CFSB BANCORP INC
859119,4011,ILLINOIS CENTRAL CORP
859120,6726,ABERDEEN INDONESIA FUND INC
859139,6311,DELPHI FINANCIAL GROUP INC
859151,3561,MILTON ROY CO
859163,3670,AVX CORP
859168,6036,UNITED POSTAL BANCORP INC
859222,6035,BAY BANCORP INC
859240,1311,FREEPORT MCMORAN OIL&GAS CO
859241,6035,PIONEER FED BANCORP INC
859274,3640,DYNASTY CLASSICS CORP
859303,5961,VIKING OFFICE PRODUCTS INC
859307,5080,INTL AIRLINE SUPPORT GROUP
859360,7372,LEGATO SYSTEMS INC
859364,8000,MEDGROUP INC
859368,2834,MEDICIS PHARMACEUT CP  -CL A
859463,8734,BARRINGER LABORATORIES INC
859475,3674,TRIDENT MICROSYSTEMS INC
859493,6324,FOUNDATION HEALTH CORP
859598,4412,SEACOR HOLDINGS INC
859605,6726,ALLIANCE NEW EUROPE FUND INC
859621,3620,TNSB GROUP INC
859640,3826,PERSEPTIVE BIOSYSTEMS INC
859734,1311,SEABOARD OIL CO
859735,2030,GARDENBURGER INC
859737,3844,HOLOGIC INC
859747,2834,1PM INDUSTRIES INC
859791,5331,DOLLAR TIME GROUP INC
859792,3674,SOLAR THIN FILMS INC
859796,6726,JAPAN SMALL CAP FUND INC
859915,7372,MERGENCE CORP
859917,7359,PONDER INDUSTRIES INC
859944,2390,DAKOTAH INC
860076,6726,JAKARTA GROWTH FUND INC
860097,3533,VARCO INTERNATIONAL INC
860106,6035,LAUREL BANCORP INC
860127,6726,DRESDNER RCM EUROPE FD INC
860188,6726,NUVEEN MUN MKT OPPORTNTY FD
860194,3634,RIVAL CO
860235,8721,TEAM AMERICA CORP
860324,3812,SIERRA RESEARCH CORP
860413,6020,FIRST INTERSTATE BANCSYSTEM
860420,5013,APS HOLDING CORP  -CL A
860427,5065,AMERICAN DESIGN CORP
860451,2835,BIOSOURCE INTERNATIONAL INC
860489,6726,CTRL EUR RUSSIA & TURKEY FD
860510,6726,BLACKROCK EUROPE FUND INC
860518,7389,ITEX CORP
860519,6020,SAVANNAH BANCORP INC
860520,4931,CIPSCO INC
860521,1381,MARINE DRILLING CO INC
860546,6798,CORPORATE OFFICE PROPERT
860600,6035,WORKINGMENS CAP HLDGS INC
860602,3241,HOLNAM INC
860673,4941,DOMINGUEZ SERVICES CORP
860713,1311,SNYDER OIL CORP
860730,8062,HCA HEALTHCARE INC
860731,7373,TYLER TECHNOLOGIES INC
860743,6726,FRANCE GROWTH FUND INC
860748,6331,KEMPER CORP/DE
860749,3576,AUSPEX SYSTEMS INC
860983,8082,HEALTHINFUSION INC
861041,5211,BUILDERS EXPRESS INC  -CL A
861049,6411,PHARMACY MANAGEMENT SVCS
861050,6099,CASH SYSTEMS INC
861069,6726,INVESCO MUNI INCOME OPP III
861095,6035,SEABOARD BANCORP/VA
861100,6726,ALLIANCE GLOBAL ENVIRON FD
861184,3444,WAHLCO ENVIRONMENTAL SYSTEMS
861185,6726,INVESCO VALUE MUNI BD TR
861289,3571,ADVANCED LOGIC RESEARCH INC
861290,5047,SULLIVAN DENTAL PRODUCTS INC
861291,100,SYLVAN INC
861361,2531,B/E AEROSPACE INC
861388,4931,LG&E ENERGY CORP
861393,5712,STOR FURNISHINGS INTL
861419,5812,ON THE BORDER CAFES INC
861438,7370,PHYSICIAN COMPUTER NETWK INC
861439,8062,AMERICAN MEDICAL HOLDINGS
861459,1600,GRANITE CONSTRUCTION INC
861460,6036,ESB BANCORP INC
861461,6020,CENTURA BANKS INC
861462,6798,NORTH AMERICAN MTG INVESTOR
861499,6035,JSB FINANCIAL INC
861625,6035,HOME FEDERAL FINANCIAL CORP
861631,2890,PYROCAP INTERNATIONAL CORP
861819,1311,NUEVO ENERGY CO
861838,2836,IDERA PHARMACEUTICALS INC
861842,6020,CATHAY GENERAL BANCORP
861865,6726,THAI CAPITAL FUND INC
861875,7350,LASER VISION CENTERS INC
861876,6726,TEMPLETON GLOBAL UTILS INC
861878,4955,STERICYCLE INC
861884,5051,RELIANCE STEEL & ALUMINUM CO
861888,1700,INTEGRATED WASTE SVCS INC
861896,2080,MOUNTAINTOP CORP
861992,8071,IG LABORATORIES INC
861997,6035,GLENWAY FINANCIAL CORP
862003,5110,OW OFFICE WAREHOUSE INC
862022,6792,HUGOTON ROYALTY TRUST
862077,6020,VIRGINIA COMMONWEALTH FINL
862078,1623,OFFSHORE PIPELINES INC
862147,5912,COMPSCRIPT INC
862148,3580,EV ENVIRONMENTAL INC
862150,4213,U S ENVIRONMENTAL SOLUTIONS
862255,3760,REINHOLD INDUSTRIES  -CL A
862313,6726,NUVEEN CA MUN MKT OPP FD INC
862316,1381,CHILES OFFSHORE CORP
862323,1311,VANTAGE POINT ENERGY INC
862338,6726,NUVEEN NY MUN MKT OPP FD INC
862365,3081,POLYCAST TECHNOLOGY CORP-OLD
862371,3949,BULLET SPORTS INTL INC
862420,7373,CMS/DATA CORP
862450,2870,ARCADIAN CORP
862480,3140,K-SWISS INC  -CL A
862486,2741,FLEER CORP
862510,6331,TRANSATLANTIC HOLDINGS INC
862564,7372,SABER SOFTWARE CORP
862599,6726,ABERDEEN LATIN AMER EQTY FD
862668,3845,ESCALON MEDICAL CORP
862692,8090,CRYO-CELL INTERNATIONAL INC
862695,6020,VECTRA BANKING CORP
862716,6726,NUVEEN INVT QUALITY MUN FD
862803,7372,INTEGRATED SILICON SYS INC
862813,6726,SELIGMAN QUALITY MUN FD INC
862831,6020,FINANCIAL INSTITUTIONS INC
862841,5961,SKYMALL INC
862861,6200,JANONE INC
862885,4812,CELLULAR TEL ENTERPRISES INC
862913,1311,BRADMAR PETROLEUM CORP
862928,7372,SOFTWARE ARTISTRY INC
863015,7990,ISLE OF CAPRI CASINOS INC
863022,6035,INTERFIRST BANKCORP INC
863061,7822,ODYSSEY PICTURES CORP
863064,1000,RIO TINTO GROUP
863110,4941,ARTESIAN RESOURCES  -CL A
863111,3640,M G PRODUCTS INC
863112,5531,AUTO DEPOT INC  -CL A
863157,5990,PETSMART INC
863187,2890,REGENEX INC
863210,4955,NSC CORP
863328,6726,HANCOCK J PATRIOT SELECT DIV
863370,6035,SHO-ME FINANCIAL CORP
863371,7372,TRINZIC CORP
863436,3672,BENCHMARK ELECTRONICS INC
863437,4813,HECTOR COMMUNICATIONS CORP
863445,5080,BANNER AEROSPACE INC
863456,5621,WET SEAL INC
863483,5812,SANTA BARBARA RESTAURANT GRP
863516,8093,ORTHOPEDIC SERVICES INC
863517,6035,NORTHEAST FEDERAL CORP
863527,1389,SUNDOWNER OFFSHORE SVCS INC
863557,4213,SWIFT TRANSPORTATION CO INC
863614,4813,TELEFONICA CHILE SA
863650,7372,A D A M INC
863658,5961,AMERIPAGE INC
863680,3845,CARDIOGENESIS CORP
863739,8731,NETMED INC
863745,2330,SPORTS/LEISURE INC
863815,4955,ENVIROGEN INC
863872,6794,AER ENERGY RESOURCES INC
863881,6411,ACORDIA INC
863893,3564,ENVIRONMENTAL ELEMENTS CORP
863894,2834,VERU INC
863896,7822,TRIMARK HOLDINGS INC
863900,6726,MEXICO EQUITY & INCOME FUND
863903,6726,EUROPEAN WARRANT FUND INC
863928,7372,ALIAS RESEARCH INC
864009,3841,NEXELL THERAPEUTICS INC
864010,5990,ROYAL INTL OPTICAL INC
864233,5812,O'CHARLEY'S INC
864240,3714,SYPRIS SOLUTIONS INC
864264,9995,SIMON WORLDWIDE INC
864268,2834,BRADLEY PHARMACEUTICL  -CL A
864300,3630,FANTOM TECHNOLOGIES INC
864328,1389,BJ SERVICES CO
864337,6798,PUB STRG PPTYS X  -SER A
864415,6726,ABERDEEN SINGAPORE FUND INC
864421,5500,SOLAR FINANCIAL SERVICES INC
864494,5122,AMERICAN PHARMACEUTICAL CO
864509,7381,COMMAND SECURITY CORP
864559,3825,CASCADE MICROTECH INC
864568,7372,MERIDIAN DATA INC
864699,1311,OHIO RESOURCES CORP
864704,7372,MECA SOFTWARE INC
864739,3661,FIRST PACIFIC NETWORKS INC
864749,3829,TRIMBLE INC
864758,1311,UNOCAL EXPLORATION CORP
864760,5331,PAMIDA HOLDINGS CORP
864890,2836,SENTIGEN HOLDING CORP
864901,6035,CRESTMONT FINANCIAL CORP
864902,8011,VISIONAMERICA INC
864903,3842,BIRD MEDICAL TECHNOLOGIES
864906,3845,LUNAR CORPORATION
864921,1731,JUNIPER GROUP INC
864926,5900,EXPRESS CASH INTL CORP
864960,4991,THERMO ECOTEK CORP
864964,2835,INTL MUREX TECH CORP
864966,4833,HEALTH CLUB TELEVISION NTWRK
864968,5331,VENTURE STORES INC
865058,6331,NATIONAL SEC GROUP INC
865059,4955,BIOMEDICAL WASTE SYSTEMS INC
865065,6798,DOMINION MORTGAGE & RLTY TR
865072,8731,FUTURE HEALTHCARE INC
865084,6324,OXFORD HEALTH PLANS INC
865120,8051,REGENCY HEALTH SERVICES INC
865160,6035,CHARTER FSB BANCORP INC
865203,7372,EASEL CORP
865231,2836,CELL GENESYS INC
865263,7373,COMMUNITY HEALTH COMPUTING
865277,6726,ABERDEEN ISRAEL FUND INC
865286,9995,ATC II INC
865363,6020,SOUTHWEST FLORIDA BANKS INC
865415,3560,ADEPT TECHNOLOGY INC
865431,1311,GERRITY OIL & GAS CORP
865436,5411,WHOLE FOODS MARKET INC
865439,6512,HALLWOOD REALTY PTNRS  -LP
865457,4841,TESCORP INC
865484,2050,INTERSTATE BRANDS CORP
865492,1040,GREAT BASIN GOLD LTD
865531,6726,EMERGING MEXICO FUND
865532,3841,BIO-PLEXUS INC
865570,7372,THQ INC
865629,2835,MEDENTA CORPORATION
865752,2086,MONSTER BEVERAGE CORP
865753,7372,BURST.COM INC
865754,3590,SAUER-DANFOSS INC
865766,4522,ROCKY MOUNTAIN HELICOPTERS
865830,6153,MONACO FINANCE INC  -CL A
865846,3841,VITAL SIGNS INC
865886,2300,B U M INTERNATIONAL INC
865911,6020,CASCADE BANCORP
865917,7372,VERSANT CORP
865941,4213,CELADON GROUP INC
865981,6035,JOHNSTOWN SVGS BANK FSB/PA
866028,1000,POLYMET MINING CORP
866048,5990,LESLIES POOLMART
866054,6020,COMMERCIAL NATL FINL CP/PA
866088,1382,FIRST SEISMIC CORP
866095,6726,ABERDEEN JAPAN EQUITY FD INC
866121,3480,ORBITAL ATK INC
866213,4813,TELMEX-TELEFONOS DE MEXICO
866216,2520,AMERICAN SEATING CO
866253,6162,AMC FINANCIAL INC
866255,6324,TAKECARE INC
866273,1623,MATRIX SERVICE CO
866282,4991,DESTEC ENERGY INC
866283,7372,LIGHTNING ROD SOFTWARE INC
866291,3674,ALLEGRO MICROSYSTEMS INC
866335,6726,AMERN ADJ RT TRM TR INC 1996
866368,6798,PS BUSINESS PARKS
866374,3672,FLEX LTD
866385,3060,LONDON INTERNATIONAL GROUP
866415,3679,INTL DISPLAYWORKS INC
866456,6798,FRNKLN ADV RE INC FD  -SER A
866535,7372,RETAIL PRO INC
866609,1382,ION GEOPHYSICAL CORP
866671,6795,WESTERN WATER CO
866701,1600,WHEELABRATOR TECH-OLD
866705,2834,DRUG RESEARCH PLC  -ADR
866706,3825,ESCO TECHNOLOGIES INC
866712,3585,ACQUA GROUP INC
866722,1382,GRANT GEOPHYSICAL INC
866729,2731,SCHOLASTIC CORP
866730,4953,AMERICAN WASTE SVCS  -CL A
866732,1040,STANDARD MINING CORP
866734,3843,BSML INC
866751,2673,BPI PACKAGING TECHNOLOGIES
866752,2870,VERDANT BRANDS INC
866787,5531,AUTOZONE INC
866817,2835,NEOZYME CORP
866829,1389,HELIX ENERGY SOLUTIONS GROUP
866830,3571,ENTORIAN TECHNOLOGIES INC
866872,2030,DEL MONTE CORP-OLD
866917,4955,NATIONAL MEDICAL WASTE INC
866933,8071,NEUROMEDICAL SYSTEMS INC
866970,3674,LIGHTING SCIENCE GROUP CORP
866983,3576,NETWORTH INC
867058,7372,MERCURY INTERACTIVE CORP
867098,6324,PHYSICIANS HEALTH SVC  -CL A
867105,3674,CYRIX CORP
867170,6035,FIRST BANCORP IND INC - OLD
867188,6324,CARENETWORK INC
867200,6411,WILLIS CORROON GROUP PLC
867202,2835,BIOCHEM PHARMA INC
867238,6035,REGENCY BANCSHARES INC
867347,7372,STELLENT INC
867351,6020,OLD YORK ROAD BANCORP INC
867374,3577,ELECTRONICS FOR IMAGING INC
867408,2732,EASTWIND GROUP INC
867443,7990,CAPITAL GAMING INTL INC
867490,2750,OUTLOOK GROUP CORP
867493,6035,INDIANA COMMUNITY BANCORP
867516,2890,BAROID CORP
867572,3841,AMERICAN BIOMED INC
867662,6020,TENNESSEE BANCORP INC
867665,1311,ABRAXAS PETROLEUM CORP/NV
867685,5150,MONK AUSTIN INC
867687,1220,AMERICA WEST RESOURCES INC
867713,6163,PIONEER COMMERCIAL FUNDING
867773,3690,SUNPOWER CORP
867840,3845,PRECISION OPTICS CORP INC
867889,8721,INTL TELECOMM DATA SYSTM INC
867905,6036,N S BANCORP INC
867941,1381,ARETHUSA (OFF-SHORE) LTD
867963,3841,UNITED AMERICAN HEALTHCARE
867964,3612,JAKO INC
868075,3550,CLASSICA GROUP INC
868076,7600,AMERICAN ECO CORP
868192,4731,WTC INC
868196,6798,UTD INVESTORS REALTY TRUST
868207,6282,ALLIED CAPITAL ADVISERS INC
868262,3621,COGENIC ENERGY SYSTEMS INC
868263,5990,NATIONAL VISION INC
868267,7389,FOOD TECHNOLOGY SERVICE INC
868268,7373,PAMET SYSTEMS INC
868271,6035,SEVERN BANCORP INC
868278,2834,PROPHASE LABS INC
868326,3559,TRIKON TECHNOLOGIES INC
868368,3841,ROCHESTER MEDICAL CORP
868373,3577,VISIONICS CORP
868424,5912,MIDLAND RESOURCES INC
868440,6726,NUVEEN CA INVT QUAL MUN FD
868449,6726,NUVEEN NY INVT QUAL MUN FD
868453,6020,ASPEN BANCSHARES INC
868512,2711,SUN-TIMES MEDIA GROUP INC
868549,6726,HANCOCK J PATRIOT PREM DIV
868568,6035,MAGNA BANCORP INC
868575,5500,E-Z SERVE CORP
868576,5172,TPC CORP  -CL A
868578,6726,FLAHERTY & CRUMRINE PFD INCM
868593,4813,TELECONNECT CO
868611,5812,SONIC CORP
868612,2711,ISRAEL LAND DEVELOPMENT CO
868635,3448,ROBERTSON CECO CORP
868667,6411,EMERALD CAPITAL HOLDINGS INC
868671,6020,GLACIER BANCORP INC
868675,4812,TELUS CORP
868686,6512,UNITED REALTY GROUP  -LP
868725,2400,RENTECH INC
868738,1311,CONVEST ENERGY CORP/TX
868755,3443,ITEQ INC
868756,8734,INTL TESTING SERVICES INC
868780,3714,DORMAN PRODUCTS INC
868784,6726,BLACKROCK STRATEGIC TERM TR
868796,7812,LANCIT MEDIA ENTMT LTD
868797,4813,WINSTAR COMMUNICATIONS
868809,1311,XTO ENERGY INC
868811,6798,PUB STRG PPTYS IX
868825,8062,RX MEDICAL SERVICES CORP
868857,8711,AECOM
868984,5944,WHITEHALL JEWELLERS INC
869004,6035,PEOPLES BANCORP AUBURN IN
869026,6211,LAIDLAW GLOBAL CORP
869087,3317,MAVERICK TUBE CORP
869102,3317,PALMER TUBE MILLS LTD  -ADR
869177,1311,SAGA PETROLEUM A/S
869267,8071,DIAGNOSTIC IMAGING SVCS INC
869276,6162,CREDIT DEPOT CORPORATION
869295,1311,HS RESOURCES INC
869369,1311,MERIDIAN RESOURCE CORP
869403,6798,PUB STRG PPTYS VIII  -SER A
869405,6726,NUVEEN QUALITY MUNI FD INC
869420,3634,BEVERLY HILLS FAN CO
869426,3845,EVEREST MEDICAL CORP
869446,6798,BERKSHIRE REALTY CO INC
869486,6411,HEALTH RISK MANAGEMENT INC
869487,2300,TANDY BRANDS ACCESSORIES INC
869495,1311,DEEP WELL OIL & GAS INC
869497,6153,CELTIC INVESTMENT INC
869554,3661,ACTIVE VOICE CORP
869561,4812,RURAL CELLULAR CORP  -CL A
869570,7372,SPSS INC
869622,8200,CALIFORNIA QUARTZ INC
869623,6035,ANCHOR BANCORP INC/NY
869624,6798,PUB STRG PPTYS XIV  -SER A
869676,3661,ACME-CLEVELAND CORP
869795,6798,PUB STRG PPTYS XII  -SER A
869805,6798,PUB STRG PPTYS XVII  -SER A
869886,3674,QUALITY SEMICONDUCTOR INC
869979,3571,CYCOMM INTERNATIONAL INC
869986,3674,ADVANCED PHOTONIX INC  -CL A
870011,1040,HEMLO GOLD MINES INC
870179,6798,PUB STRG PPTYS XVI  -SER A
870203,1000,FORMOSA RESOURCES CORP
870211,7812,RHI ENTERTAINMENT INC-OLD
870213,2200,BURLINGTON INDUSTRIES INC
870227,7370,SOFTLOCK.COM INC
870228,5140,SYNERGY BRANDS INC
870246,6798,MYM LIQUIDATING TRUST
870345,7372,QUALIX GROUP INC
870382,6035,BNF BANCORP INC
870383,3651,FONIC INC
870385,6020,CAROLINA FINANCIAL CORP
870394,5013,ICIS MANAGEMENT GROUP INC
870461,6035,FIRST FINL BANCORP INC/FL
870480,6531,INSIGNIA FINANCIAL GRP -CL A
870499,6798,PUB STRG PPTYS XV  -SER A
870501,6035,FIRST FED ENTERPRISES INC
870517,6020,MBNA CORP
870541,6798,PUB STRG PPTYS XX
870571,6035,DEERBANK CORP
870576,6798,PS BUSINESS PARK INC  -SER A
870577,6798,PUB STRG PPTYS VII  -SER A
870739,6798,PARTNER PREF YIELD II  -CL A
870753,7370,NUMEREX CORP  -CL A
870755,2835,CYGNUS INC
870756,1311,NATIONAL ENERGY GROUP
870758,2834,DEPRENYL ANIMAL HEALTH INC
870760,5812,WORLDWIDE RESTAURANT CONCEPT
870762,4812,CELLULAR COMMUNICATIONS INTL
870763,7373,BDM INTERNATIONAL INC
870764,6799,CELLULAR COMMUN INC  -CL A
870778,6726,NUVEEN N J INVT QUAL MUN FD
870779,6726,NUVEEN FLA INVT QUAL MUN FD
870780,6726,NUVEEN PA QUAL MUN INCM FD
870822,4833,PINELANDS INC
870825,6798,PTRNS PREF YIELD INC  -CL A
870826,5961,IMEDIA BRANDS INC
870871,6798,PTRNS PREF YIELD III  -CL A
870905,6798,PUBLIC STOR PROP XIX  -CL A
870920,6035,DAKOTA BANCORP INC
870992,6035,FIRST FINL CORP WESTERN MD
871205,3420,VERMONT AMERICAN  -CL A
871395,2834,CELTRIX PHARMACEUTICALS
871424,6411,UNDERWRITERS FINANCIAL GP
871629,3845,INCONTROL INC
871763,7363,MANPOWERGROUP
871826,1700,OMEGA ENVIRONMENTAL INC
871891,5411,CARR-GOTTSTEIN FOODS CO
871981,1311,INTERNATIONAL COLIN ENERGY
872064,6726,NUVEEN SELECT QUAL MUN FD
872086,6726,AMERICAN MUN TERM TR INC
872168,6726,LIBERTY TERM TR INC - 1999
872201,3845,SEISMED INSTRUMENTS INC/MN
872202,8744,AVALON CORRECTIONAL SVCS INC
872248,1311,PETROQUEST ENERGY INC
872401,6020,COMMUNITY FINANCIAL HLDG CP
872440,3841,BALLISTIVET INC
872441,6035,CITFED BANCORP INC
872448,3674,ATMEL CORP
872457,7370,MEDICAL MARKETING GROUP INC
872463,3842,AMSCO INTERNATIONAL INC
872473,6794,NENDELS CORPORATION
872544,9995,NATIONAL QUALITY CARE INC
872548,5812,FURRS RESTAURANT GRP  -CL A
872588,8741,LAS VEGAS ENTERTAINMNT NTWK
872589,2834,REGENERON PHARMACEUTICALS
872604,6726,BLACKROCK 1998 TERM TR INC
872610,2835,INVITRO INTL
872653,6324,VALUE HEALTH INC
872802,6035,CRAGIN FINANCIAL CORP
872821,6020,WILMINGTON TRUST CORP
872835,6036,ESB FINANCIAL CORP
872855,5961,SPORT SUPPLY GROUP INC-OLD
872865,3576,LXE INC
872866,6036,CIRCLE FINANCIAL CORP
872867,2020,SUPREMA SPECIALTIES INC
872901,7373,EFAX.COM INC
872912,3841,DELCATH SYSTEMS INC
872918,3674,BENCHMARQ MICROELECTRONICS
872947,2836,APPLIED NEUROSOLUTIONS INC
873044,3577,RADISYS CORP
873064,2834,FUISZ TECHNOLOGIES LTD
873082,2761,NORTHSTAR COMPUTER FORMS INC
873087,3576,XYPLEX INC
873105,2741,SPORTS MEDIA INC
873166,2835,INTL CANINE GENETICS INC
873198,7373,APPLIED VISUAL SCIENCES INC
873209,3841,IMAGYN MEDICAL TECHNOLOGIES
873287,7370,WAVO CORP
873303,2836,SAREPTA THERAPEUTICS INC
873364,2834,CEPHALON INC
873371,3861,NVIEW CORP
873393,8082,QUANTUM HEALTH RESOURCES INC
873397,6035,CENTRAL INDIANA BANCORP
873398,6020,MERIT HOLDING CORP
873457,2836,SCIGENICS INC
873458,6162,NAB ASSET CORP
873459,6035,CENFED FINANCIAL CORP
873482,3690,DURACELL INTERNATIONAL
873537,5960,UNITEL CORP
873538,7372,OPEN SOLUTIONS INC
873565,3826,APPLIED IMMUNE SCIENCES/DE
873567,3576,CHIPCOM CORP
873571,9995,VSI LIQUIDATION CORP
873573,4991,OESI POWER CORPORATION
873591,2836,MEDIMMUNE INC
873594,7372,ROSS SYSTEMS INC
873601,8200,TESSERACT GROUP INC
873603,3690,EXCEL TECHNOLOGY INC
873613,2834,MEDEVA PLC
873619,2834,PHARMACIA-A-BUNDNA
873728,2870,VIGORO CORP
873730,3842,SOFAMOR/DANEK GROUP INC
873731,2834,IMMULOGIC PHARMACEUTICAL CP
873753,3843,PROFESSIONAL DENTAL TECH INC
873860,6162,OCWEN FINANCIAL CORP
873952,3576,ADAPTIVE SOLUTIONS INC
873979,3661,TELECHIPS CORP
873998,3580,INTERLOTT TECHNOLOGIES INC
874015,2836,IONIS PHARMACEUTICALS INC
874016,2330,JONES GROUP INC
874019,3827,LASER POWER CORP
874038,8082,STAR MULTI CARE SERVICES
874097,7372,STATE OF THE ART INC
874142,6726,NUVEEN CA SELECT QTY MUN FD
874143,6726,NUVEEN N Y SELECT QTY MUN FD
874188,5531,HI-LO AUTOMOTIVE INC
874213,4011,WISCONSIN CENTRAL TRANSPORTN
874214,5621,ANN INC
874238,1700,STERLING CONSTRUCTION CO INC
874240,7380,AUTOMATED SECURITY HLDGS PLC
874248,2834,GLYCOMED INC
874255,2836,MEDAREX INC
874258,3561,WHEATLEY TXT CORP
874263,7373,TAVA TECHNOLOGIES INC
874265,5912,NEIGHBORCARE INC
874268,3715,FRUEHAUF TRAILER CORP
874292,5065,ADDVANTAGE TECHNOLOGIES GP
874294,2834,ICOS CORP
874315,6324,QUAL-MED INC/DE
874316,3576,OPENROUTE NETWORKS INC
874384,2834,CAMBRIDGE NEUROSCIENCE INC
874385,5945,RAG SHOPS INC
874388,3845,AMERICAN MEDICAL TECHNOL INC
874389,3081,APPLIED EXTRUSION TECH
874392,1311,RIGEL ENERGY CORP
874396,3420,LIFETIME BRANDS INC
874441,3677,PULSE ENGINEERING INC
874443,2834,GENELABS TECHNOLOGIES INC
874445,7370,COMPUTER PETROLEUM CORP
874495,6020,JEFFERSONVILLE BANCORP
874499,1311,GULFPORT ENERGY CORP
874501,6351,AMBAC FINANCIAL GROUP INC
874506,6726,NUVEEN QUAL INCM MUN FD INC
874507,8082,U S HOMECARE CORP
874516,3690,TECHNOPRISES LTD
874534,7310,OUTDOOR SYSTEMS INC
874666,3652,QUALITY DINO ENTERTNMT LTD
874688,3842,AUDIOSCIENCE INC
874689,3674,INTEGRATED CIRCUIT SYSTEMS
874690,5731,SUN TV & APPLIANCES INC
874691,5812,OSI RESTAURANT PARTNERS INC
874710,3842,ALLIED HEALTHCARE PRODS INC
874716,2835,IDEXX LABS INC
874733,7373,MEDIWARE INFORMATION SYSTEMS
874734,8090,OSTEOTECH INC
874735,6035,AMERIFED FINANCIAL CORP
874737,3672,MICRONICS COMPUTERS INC
874759,5200,CALLOWAY'S NURSERY INC
874761,4991,AES CORP (THE)
874766,6331,HARTFORD FINANCIAL SERVICES
874786,2330,VARSITY BRANDS INC
874788,3825,MICEL CORP
874790,8093,AMERICAN BIODYNE INC
874792,1311,SUNRISE ENERGY SERVICES INC
874807,2911,ELF AQUITAINE SA
874808,2750,MARVEL ENTERTAINMENT GROUP
874841,5651,PACIFIC SUNWEAR CALIF INC
874865,2834,COR THERAPEUTICS INC
874866,6411,CORVEL CORP
874868,5045,FUTURE NOW INC
874885,3578,DATA TERMINAL SYSTEMS INC
874971,5812,BERTUCCIS INC
874977,6331,STATE AUTO FINANCIAL CORP
874979,7310,ADVANCED PROMOTION TECH INC
874992,1311,REMINGTON OIL&GAS CP  -CL B
875043,2330,NAHDREE GROUP LTD
875044,8711,VIROGROUP INC
875045,2836,BIOGEN INC
875046,2836,GENETIC THERAPY INC
875090,6211,HOME HOLDINGS INC  -CL A
875133,2836,AFFYMAX NV
875159,6351,XL GROUP LTD
875173,5045,SOFTWARE SPECTRUM INC
875174,5812,MIAMI SUBS CORP
875190,6726,JUNDT GROWTH FUND INC
875192,8051,SUMMIT CARE CORP
875194,5621,CATHERINES STORES CORP
875196,3842,AVITAR INC  -OLD
875296,2821,LAPOLLA INDUSTRIES INC
875315,7372,TCSI CORP
875316,8731,THERMOTREX CORP
875320,2836,VERTEX PHARMACEUTICALS INC
875354,5190,AG SERVICES OF AMERICA
875355,6159,INSIGNIA SYSTEMS INC
875356,6531,KOLL MANAGEMENT SERVICES INC
875357,6020,BOK FINANCIAL CORP
875359,3674,MICRO LINEAR CORP
875385,3572,ACCESS SOLUTIONS INTL INC
875404,5651,FILENES BASEMENT CORP
875428,5812,ITEC ATTRACTIONS INC
875459,7990,POWERHOUSE TECHNOLOGIES INC
875475,2836,BIOSURFACE TECHNOLOGY INC
875491,8060,RELIFE INC  -CL A
875523,5944,LITTLE SWITZERLAND INC
875525,3714,SPECIAL DEVICES INC
875530,6726,AMERN ADJ RT TRM TR INC 1997
875570,7372,PEOPLESOFT INC
875580,2090,CANDYS TORTILLA FACTORY INC
875582,2890,NORTHERN TECH INTL
875615,8051,PROVIDENCE HEALTH CARE INC
875617,3569,SANBORN INC
875620,8071,MERIS LABORATORIES INC
875622,2834,BIOSPECIFICS TECHNOLOGIES CP
875657,3690,ULTRALIFE CORP
875710,2870,AGRIDYNE TECHNOLOGIES INC
875738,7819,LASER-PACIFIC MEDIA CORP
875742,7372,GMIS INC
875751,5411,SMART & FINAL INC
875762,3559,STARTECH ENVIRONMENTAL CORP
875809,4812,SPARK NEW ZEALAND LTD
875942,7372,LEADINGSIDE INC
875983,3661,ONEWORLD SYSTEMS INC
875986,6020,FRANKLIN BANCORPORATION INC
876013,4833,CTN MEDIA GROUP INC
876032,4953,TRANSAMERICAN WASTE INDS INC
876035,4953,CONTINENTAL WASTE INDS INC
876043,3841,MEDWAVE INC
876103,3523,ECO SOIL SYSTEMS INC
876134,7372,REDIFY GROUP INC
876167,7372,PROGRESS SOFTWARE CORP
876188,3845,CARDIAC SCIENCE INC
876235,5040,OCEAN OPTIQUE DISTRIBUTORS
876297,6162,MONEY STORE INC
876317,3944,FISHER-PRICE INC
876318,4812,POWERTEL INC
876320,5190,AGRIBIOTECH INC
876343,2836,LINEAGE CELL THERAPEUTICS IN
876346,5045,AMERIDATA TECHNOLOGIES INC
876378,3841,ASENSUS SURGICAL INC
876400,3827,STIMSONITE CORP
876427,7500,MONRO INC
876428,8731,SYSTEMIX INC
876429,5045,LIUSKI INTERNATIONAL INC
876437,6351,MGIC INVESTMENT CORP/WI
876459,1040,SISKON GOLD CORP  -CL A
876490,8700,AMERIRESOURCE TECHNLGIES INC
876516,3576,BAY NETWORKS INC
876523,5900,EZCORP INC  -CL A
876573,3577,PERCON INC
876645,8071,PHARMCHEM INC
876687,5961,GRI CORP
876688,200,MARINE HARVEST INTL INC
876717,6726,ABERDEEN GLOBAL INCOME FD
876718,6324,INTERGROUP HEALTHCARE CORP
876726,8300,YOUTH SERVICES INTL INC
876779,7372,MAGIC SOFTWARE ENTERPRISES
876842,6020,BANCO COMERCIAL PORTUGUES SA
876883,7311,
876884,3621,WESTWOOD CORP
876889,7990,HEALTHTECH INTERNATIONAL INC
876896,2250,SHEFFIELD INDUSTRIES INC
876947,6020,FIRSTFED BANCORP INC
876948,5010,TREADCO INC
876968,3842,TECNOL MEDICAL PRODUCTS INC
876982,6726,INVESCO QUALITY MUNI INVSTMT
877153,1040,CALIFORNIA GOLD MINES LTD
877210,3559,SUBMICRON SYSTEMS CORP
877212,3577,ZEBRA TECHNOLOGIES CP  -CL A
877273,3021,VANS INC
877326,4011,RAILTEX INC
877346,6726,AMERICAN MUN TERM TR INC II
877355,6361,LANDAMERICA FINANCIAL GP
877356,4953,MOBLEY ENVIRNMTL SVCS  -CL A
877357,2834,SEPRACOR INC
877358,6726,BLACKROCK MUN TARGET TRM TR
877365,2400,NORBORD INC
877406,5812,AUSTINS INTL INC
877412,6035,UF BANCORP INC
877422,5141,SPARTANNASH CO
877461,6726,VAN KAMPEN CALIF QUALITY MUN
877463,6726,INVESCO MUNICIPAL TRUST
877467,6726,VAN KAMPEN NY QUALITY MUN TR
877476,8090,AMERICA SERVICE GROUP INC
877533,6726,MINNESOTA MUN TERM TR INC
877542,3580,WTC INDUSTRIES INC
877645,7370,TECHNOLOGY SOLUTIONS CO
877649,6726,INVESCO VAN KAMPEN OHIO QTY
877701,6726,VAN KAMPEN FL QUALITY MUN TR
877703,6726,VAN KAMP AM CAP PA QUAL MUN
877799,2834,CELLTECH GROUP PLC
877808,6035,ELMIRA SVGS BANK ELMIRA/NY
877834,6035,CENIT BANCORP INC
877860,6798,NATIONAL HEALTH INVESTORS
877867,6035,FIRSTFED NORTHN KY BANCORP
877890,7372,CITRIX SYSTEMS INC
877902,2833,NEOSE TECHNOLOGIES INC
877908,3661,CENTIGRAM COMMUNICATIONS CP
877928,2670,HOLOPAK TECHNOLOGIES
877929,2836,ANERGEN INC
877930,1311,MESA INC
877931,7372,VERTICAL COMMUNICATIONS INC
877937,3674,XEROGRAPHIC LASER IMAGES CP
878031,6798,PRICE REIT INC
878079,5311,BON-TON STORES INC
878130,5961,CORPORATE EXPRESS INC
878179,6726,NUVEEN PA QUALITY INC MUN FD
878181,6726,NUVEEN NJ QUALITY INC MUN FD
878197,7372,MICROPROSE INC
878198,6726,NUVEEN MICH QUAL MUN INCM
878200,6726,NUVEEN OH QUAL MUN INCM FD
878201,6726,NUVEEN TEX QL MUN INCM FD
878208,5960,HARMONY BROOK INC
878211,2273,MASLAND CORP
878230,8071,HEALTHCARE INTEGRATED SVCS
878242,6726,NUVEEN MUNI OPPORTUNITY FD
878246,7812,HARMONY HOLDINGS INC
878280,3634,SALTON INC
878314,5331,SHOPKO STORES INC
878321,7990,GRAND CASINOS INC
878324,4812,PAGING NETWORK INC
878350,7510,CENTRAL TRANSPORT RENTAL PLC
878351,6726,ARGENTINA FUND INC
878436,3661,TUT SYSTEMS INC
878482,1311,GOTHIC ENERGY CORP
878483,7370,BARRA INC
878518,1000,TASEKO MINES LTD
878520,6211,SWS GROUP INC
878521,3576,LANNET DATA COMMUNICATIONS
878522,7200,STEWART ENTERPRISES  -CL A
878526,3845,NATUS MEDICAL INC
878543,3845,PREMIER LASER SYSTEMS  -CL A
878549,8711,DAMES & MOORE GROUP
878551,6211,HOENIG GROUP INC
878552,3990,BALLY GAMING INTL INC
878556,8741,PER-SE TECHNOLOGIES INC
878560,1531,CALATLANTIC GROUP INC
878594,7372,HYPERION SOFTWARE CORP
878611,2340,BODY DRAMA INC
878612,7372,CLEARSTORY SYSTEMS INC
878614,5812,HOWARD JOHNSON CO
878616,2844,HUMAN PHEROMONE SCIENCES INC
878660,6331,INTEGON CORP/DE
878671,6035,F & C BANCSHARES INC
878718,6035,FIRST CHARTER FINANCIAL
878720,5600,FAO INC
878725,3841,EMBREX INC
878726,5331,TUESDAY MORNING CORP
878730,6035,FINANCIAL SEC CORP/DE
878731,5944,FINLAY ENTERPRISES INC
878736,8051,MANOR CARE INC
878748,5961,POLYMEDICA CORP
878774,6798,AMERICAN MORTGAGE ACCEPTANCE
878775,6411,DATEQ INFORMATION NETWORK
878828,3663,WIRELESS TELECOM GROUP INC
878838,7320,BENTLEY INTERNATIONAL INC
878865,7200,CRAIG (JENNY) INC
878897,6324,AMERICAN MEDICAL SECURITY GP
878901,5812,KOO KOO ROO INC
878903,2834,SYNVISTA THERAPEUTICS INC
878927,4213,OLD DOMINION FREIGHT
878929,6726,MORGAN STAN EMERGING MKTS FD
878930,6726,AMERN STRATEGIC INCM PTF INC
878932,6797,EQUUS TOTAL RETURN INC
878944,700,BAREFOOT INC
878945,4813,TIANRONG BLDG MATL HLDGS LTD
879022,7377,SUNRISE INTL LEASING CORP
879027,2060,JIMBOS JUMBOS INC
879028,6324,GENCARE HEALTH SYSTEMS INC
879041,6035,LIBERTY BANCORP INC/DE
879044,3841,NAMIC USA CORP
879096,6036,SUMMIT BANCORP INC/WA
879101,6798,KIMCO REALTY CORP
879102,8051,GRANCARE INC
879106,2836,AUTOIMMUNE INC
879116,6020,INDEPENDENT FINL NETWORK INC
879123,5651,GOODYS FAMILY CLOTHING INC
879130,6035,BELL BANCORP INC
879136,3576,SHIVA CORP
879169,2836,INCYTE CORP
879181,8082,AMERICAN HOMEPATIENT INC
879205,8071,MEDICAL DIAGNOSTICS INC
879206,5900,CALIFORNIA STYLE PALMS INC
879235,3714,AUTOCAM CORP
879254,7812,GOLDWYN (SAMUEL) CO
879257,8011,HEALTH PROFESSIONALS INC
879283,7372,ISOCOR
879301,3845,LASERSIGHT INC
879303,5812,NUTRITION MGMT SVCS  -CL A
879306,4833,BET HOLDINGS INC  -CL A
879338,1040,BEMA GOLD CORP
879354,2835,EPIGEN INC
879360,5013,GLOBAL MOTORSPORT GROUP INC
879361,6726,BLACKROCK MUNIYIELD FUND INC
879407,2836,ARROWHEAD PHARMACEUTICALS
879425,2052,SILVERADO FOODS INC
879437,7374,INFOGROUP INC
879465,7373,DYNTEK INC
879501,5812,HAMBURGER HAMLET RESTR INC
879522,6331,MIDLAND FINANCIAL GROUP INC
879526,3715,WABASH NATIONAL CORP
879529,2024,HIBERNIA FOODS PLC  -ADR
879534,7389,PCI SERVICES INC
879535,6726,DTF TAX FREE INCOME
879550,2835,BIOWHITTAKER INC
879554,5812,CHECKERS DRIVE-IN RESTAURANT
879558,6020,MASON-DIXON BANCSHARES INC
879573,4812,CENTENNIAL COMMUN CP  -CL A
879575,2870,TERRA NITROGEN CO  -LP
879585,4812,ATN INTERNATIONAL INC
879635,6020,MID PENN BANCORP INC
879667,1040,EL CONDOR RESOURCES LTD
879674,6153,ARCADIA FINANCIAL LTD
879682,3845,VIVEVE MEDICAL INC
879684,7372,INFONOW CORP
879688,4953,UNITED WASTE SYSTEMS INC
879703,7370,PAYBOX CORP
879712,3949,GOLF TRAINING SYSTEMS INC
879764,2911,TOTALENERGIES SE
879772,7370,INFORMATION AMERICA INC
879784,6035,FIRST FINL BANCSHARES POLK
879796,7370,ARI NETWORK SERVICES INC
879813,2731,INTERVISUAL BOOKS INC  -CL A
879819,6726,NUVEEN NY QLTY INCM MUN FD
879826,6726,NUVEEN CA QLTY INCM MUN FD
879884,3533,T-3 ENERGY SERVICES INC
879898,7372,EDIFY CORP
879911,3600,APPLIED ENERGETICS INC
879933,3312,IPSCO INC
879969,8300,CAREMATRIX CORP
879970,5912,VITALINK PHARMACY SVCS INC
879984,6035,AMITY BANCSHARES INC
879986,1731,ARGUSS COMMUNICATIONS INC
879993,2834,DUSA PHARMACEUTICALS INC
880026,5010,INSURANCE AUTO AUCTIONS INC
880036,3949,HOCKEY CO
880039,5140,INTERNATURAL WTRS & BEVERAGE
880059,8200,EDUCATION MANAGEMENT CORP
880114,1311,BELDEN & BLAKE CORP
880115,1311,CLAYTON WILLIAMS ENERGY INC
880117,2060,SANFILIPPO JOHN B&SON
880119,7370,PHARMACEUTICAL MARKETING SVC
880120,5400,GENERAL NUTRITION COS  -CL A
880122,2834,ARAMED INC
880123,5190,GENERAL MEDICAL CORP
880161,6726,INVESCO VALUE MUNICIPAL TR
880162,4210,WASTE PROCESSOR INDS INC
880174,2750,SCIENTIFIC GAMES HLDGS CORP
880177,3674,PEREGRINE SEMICONDUCTOR CORP
880208,3577,SBS TECHNOLOGIES INC
880224,2670,INTERTAPE POLYMER GROUP INC
880229,7372,CAYENNE SOFTWARE INC
880241,3140,UTOPIA MARKETING INC
880242,2860,BIOLARGO INC
880259,2836,BIOTRANSPLANT INC
880266,3523,AGCO CORP
880267,5411,STOP & SHOP COS
880280,6726,BLACKROCK INCOME OPP TR
880285,4610,ENBRIDGE ENERGY PRTNRS  -LP
880320,6282,TREMONT ADVISERS INC  -CL A
880321,7372,DENDRITE INTERNATIONAL INC
880323,5734,COMPUSA INC
880406,6726,HERZFELD CARIBBEAN BASIN FD
880414,2810,AMBAR INC
880419,3510,ORBITAL CORP LTD
880430,5040,FISHER SCIENTIFIC INTL INC
880431,2836,GENAERA CORP
880432,3841,MISONIX INC
880433,2522,JANSKO INC
880446,3674,VITESSE SEMICONDUCTOR CORP
880456,8734,CHRYSALIS INTL CORP
880458,7372,VERTEL CORP
880460,5990,PERFUMANIA HOLDINGS INC
880555,2721,AMERICAN MEDIA INC  -CL A
880562,7370,DAEGIS INC
880581,5122,METROVISION OF NORTH AMERICA
880594,7372,VIEWLOGIC SYSTEMS INC
880601,7372,INFORUM INC
880631,6282,WISDOMTREE INVESTMENTS INC
880634,2844,HYMEDIX INC
880641,6020,EAGLE FINANCIAL SERVICES INC
880643,2836,GENTA INC
880765,3728,DECRANE AIRCRAFT HLDGS INC
880771,2834,SCICLONE PHARMACEUTICALS INC
880804,4899,PREMIERE GLOBAL SERVICES INC
880807,3621,AMERICAN SUPERCONDUCTOR CP
880837,6162,AMERICAN RESIDENTIAL HLDG CP
880843,6726,NUVEEN PREMIER MUNI OPPY FD
880845,6726,NUVEEN PREMIER MUN INCM FD
880858,3460,SEMX CORP
880865,3572,SYQUEST TECHNOLOGY INC
880867,3578,PINPOINT RETAIL SOLUTIONS
880882,2870,HARMONY PRODUCTS INC
880892,6726,INVESCO TRUST FOR INV GR MUN
880893,6726,INVESCO VAN KAMPEN TR VL MN
880928,5090,BEN FRANKLIN RETAIL STORES
880943,6726,STRATEGIC GLOBAL INCM FD INC
880956,6162,PROVIDENTIAL CORP
880968,6722,INVESCO ADV GLBL HLTH SCI FD
880984,3812,ACORN ENERGY INC
881106,2030,APPLETREE COMPANIES INC
881165,4953,NORTH AMERICAN RECYCLING SYS
881283,3663,DESTRON FEARING CORP
881304,6726,KOREAN INVESTMENT FUND INC
881397,6035,SUBURBFED FINANCIAL CORP
881400,8011,PHYCOR INC
881404,3579,ELECTROCOM AUTOMATION INC
881411,7372,ORCAD INC
881413,6726,HYPERION 1999 TERM TR INC
881462,2834,MENLEY & JAMES INC
881464,2834,AMYLIN PHARMACEUTICALS INC
881468,8731,SPATIALIGHT INC
881469,6162,MARGARETTEN FINANCIAL CORP
881471,6726,AMERN ADJ RT TRM TR INC 1998
881513,6035,PLAINS SPIRIT FINANCIAL CORP
881524,2834,VIVUS INC
881581,7372,MERANT PLC
881655,4953,AMERICAN DISPOSAL SVCS INC
881695,3845,PALOMAR MED TECHNOLOGIES INC
881771,3829,NEXIQ TECHNOLOGIES INC
881787,6792,CROSS TIMBERS ROYALTY TRUST
881790,6020,HF FINANCIAL CORP
881791,4213,USF CORP
881793,2835,SPHINX PHARMACEUTICALS CORP
881808,8000,CLINICORP INC
881887,2330,VARSITY SPIRIT CORP
881889,6351,ENHANCE FINANCIAL SVCS GRP
881890,3845,ABAXIS INC
881892,6035,ADVANTAGE BANCORP
881895,4213,OTR EXPRESS INC
881905,5621,UNITED RETAIL GROUP INC
881915,2040,PET PRODUCTS INC
881917,8071,SMT HEALTH SERVICES INC
881924,1520,SHOLODGE INC
882071,6726,FLAHERTY & CRUMR PFD INCM OP
882072,6036,RELIABLE FINANCIAL CORP
882074,1311,PANACO INC
882087,6351,CUMBERLAND TECHNOLOGIES INC
882095,2836,GILEAD SCIENCES INC
882098,2834,DURA PHARMACEUTICALS INC
882099,8093,RADIATION CARE INC/DE
882100,2836,CORVAS INTERNATIONAL INC
882104,2836,PDL BIOPHARMA INC
882150,6726,BLACKROCK MUNIYLD NY QLTY FD
882151,6726,BLACKROCK MUNIYLD MI QLTY II
882152,6726,BLACKROCK MUNIYIELD CALIF FD
882153,6726,BLACKROCK MUNIYIELD INV FUND
882154,4991,POWERSECURE INTL INC
882159,1540,DAW TECHNOLOGIES INC
882160,7372,INTELEFILM CORP
882184,1531,D R HORTON INC
882194,2834,MATRIX PHARMACEUTICAL INC
882208,3949,CANSTAR SPORTS INC
882235,8090,LINCARE HOLDINGS INC
882238,3841,TARGET THERAPEUTICS INC
882242,2835,CHEMTRAK INC
882246,6035,HERITAGE FED BANCSHARES INC
882254,2836,UNIVAX BIOLOGICS INC
882256,5411,BUTTREY FOOD & DRUG STORES
882259,100,ECOSCIENCE CORP/DE
882261,6162,NORTH AMERICAN MTG CO
882264,1311,ARAKIS ENERGY CORP
882287,8051,MARINER HEALTH CARE INC
882289,3841,APRIA HEALTHCARE GROUP INC
882291,3841,AETHLON MEDICAL INC
882293,6035,ALBANK FINANCIAL CORP
882300,6726,WESTERN ASSET INTERM MUNI FD
882304,8090,ACCESS HEALTH INC
882321,7372,FRAME TECHNOLOGY CORP/CA
882322,6311,AMERICAN INCOME HOLDING INC
882323,5040,E FOR M CORP
882346,6726,BLACKROCK INSD MUN TM TR INC
882361,2836,APTOSE BIOSCIENCES INC
882362,2835,PARACELSIAN INC
882363,4812,DIAL PAGE INC
882365,3845,I-STAT CORP
882378,1311,HOME STAKE OIL & GAS CO
882386,6726,MINNESOTA MUN TERM TR INC II
882387,3577,CLINICOM INC
882389,3559,INTEGRATED PROCESS EQ
882390,5399,CONTROLADORA COMERCIAL MEX
882418,6726,AMERICAN MUN TERM TR INC III
882484,3851,OCULAR SCIENCES INC
882505,6020,CARIBBEAN INVESTMENT HOLDING
882508,3674,QUICKLOGIC CORP
882509,2836,IMMTECH PHARMACEUTICALS INC
882515,6162,LITCHFIELD FINANCIAL CORP
882537,7372,CREATOR CAPITAL LTD
882692,7372,MIDISOFT CORP
882707,5122,THC HOMECARE INC
882741,7389,SPS TRANSACTION SERVICES INC
882796,2836,BIOCRYST PHARMACEUTICALS INC
882830,2650,GIBRALTAR PACKAGING GROUP
882835,7370,ROPER TECHNOLOGIES INC
882838,3580,VITAL LIVING PRODUCTS INC
882852,7370,EVERGREEN INFO TECHNOLOGIES
882854,6020,SOUTHWEST BANCSHARES
882859,6020,MAHONING NATIONAL BANCORP
882860,6282,PILGRIM CAPITAL CORP
882873,3845,UROLOGIX INC
882970,8000,APOLLO EYE GROUP INC
882991,1700,PRIMELINK SYSTEMS INC
883032,7200,AMERICAN STUDIOS INC
883041,3564,AIRTECH INTERNATIONAL GROUP
883076,2870,BIOSYS INC
883107,2810,NANOPHASE TECHNOLOGIES CORP
883168,8011,ALLEGIANT PHYSICIAN SERVICES
883172,6141,FIRST USA INC
883230,2670,DSG INTERNATIONAL LTD
883231,6020,CITIZENS NATIONAL CORP
883237,6282,VIRTUS INVESTMENT PTNRS INC
883241,7372,SYNOPSYS INC
883261,7372,CEDARA SOFTWARE CORP
883265,6726,INVESCO TRUST FOR INV GR NY
883266,6726,VAN KAMPEN TR INVT GRADE CA
883267,6726,VAN KAMPEN AM CAP TR INVT PA
883268,6726,VAN KAMPEN TR INVT FLA MUN
883269,6726,INVESCO VAN KAMPEN GRADE NJ
883293,7310,VALASSIS COMMUNICATIONS INC
883296,3663,ACRODYNE COMMUNICATIONS INC
883299,5812,BACK BAY RESTAURANT GRP INC
883322,3845,PROTOCOL SYSTEMS INC
883324,5961,PROVELL INC  -CL A
883326,2090,OPTA FOOD INGREDIENTS INC
883327,3634,SIGNATURE BRANDS USA INC
883330,3845,HEART TECHNOLOGY INC
883368,6726,BLACKROCK INVT QLTY TERM TR
883369,6162,FIRST MORTGAGE CORP/CA
883412,6726,BLACKROCK MUNYLD QLTY FD III
883420,3845,ENDOSONICS CORP
883476,6020,CRESCENT BANKING CO
883498,2834,MCGAW INC  -CL A
883505,5960,GLACIER WATER SERVICES
883558,3652,PLATINUM ENTERTAINMENT INC
883569,3873,FOSSIL GROUP INC
883587,6200,BISYS GROUP INC
883618,6726,NUVEEN SLCT TX FR INCM PTL
883640,2836,CELLCOR INC
883670,5812,LONE STAR STEAKHOUSE SALOON
883683,5211,EAGLE HARDWARE & GARDEN INC
883697,2836,REGEN BIOLOGICS INC
883701,6159,FINOVA GROUP INC
883702,3312,ACME METALS INC
883705,1531,SCHULER HOMES INC  -CL A
883719,8082,TELMED INC
883720,2836,PROTIDE PHARMACEUTICALS INC
883741,7370,ZAMBA CORP
883756,6020,CNB FINANCIAL CORP/NY
883787,4955,3CI COMPLETE COMPLIANCE CORP
883811,6162,IMPERIAL CREDIT INDS INC
883813,5912,CHRONIMED INC
883842,9995,GREEN ST. ENERGY INC
883899,7311,DIMARK INC
883900,6020,1ST UTD BANCORP
883902,3448,CORNERSTNE BULDNG BRNDS INC
883905,3576,XIRCOM INC
883907,3663,CURRENT TECHNOLOGY CORP
883908,3330,INTL NESMONT INDUSTRIAL CORP
883925,6726,BRAZILIAN EQUITY FUND INC
883943,5621,CHRISTOPHER & BANKS CORP
883944,3571,KENDALL SQUARE RESH CORP/DE
883945,4213,USA TRUCK INC
883946,7373,TREEV INC
883948,6020,ATLANTIC UNION BANKSHRS CRP
883952,2611,ARACRUZ CELULOSE SA
883953,1311,HALLWOOD CONS RES CORP
883975,3845,MICROBOT MEDICAL INC
883976,5812,RARE HOSPITALITY INTL INC
883977,7310,CATALINA MARKETING CORP
883979,5045,POMEROY IT SOLUTIONS INC
883980,7374,FIRST DATA CORP
883981,5812,MORTONS RESTAURANT GROUP INC
883982,3841,AVECOR CARDIOVASCULAR INC
883983,7372,ELEVON INC
883984,3841,ICU MEDICAL INC
883999,5734,SOFTWARE ETC STORES INC
884005,7372,CHIPSOFT INC/DE  -CL A
884019,2836,SPARTA PHARMACEUTICALS INC
884063,3949,BELL SPORTS CORP
884064,8093,OPTION CARE INC
884065,2836,NEUREX CORP
884121,6726,TEKLA LIFE SCIENCES INVESTOR
884124,2211,GALEY & LORD INC
884130,2511,CHROMCRAFT REVINGTON INC
884131,5810,WATERMARC FOOD MGMT CO
884142,7373,CELERITY SOLUTIONS INC
884144,7370,ASURE SOFTWARE INC
884152,6726,INVESCO MUNICIPAL OPPTY TR
884174,6726,DELAWARE INV MIN MUN INCM
884182,6035,ELMWOOD BANCORP INC
884197,5045,KENFIL INC
884198,5311,YOUNKERS INC
884216,6726,BLACKROCK MUNIYLD NJ FD INC
884217,5600,TAILORED BRANDS INC
884219,7000,VIAD CORP
884247,7370,LIQUID MEDIA GROUP LTD
884252,8731,IBAH INC
884263,3661,TELEDATA COMMUNICATION LTD
884264,4512,RENO AIR INC
884269,3089,ALPHA PRO TECH LTD
884318,4822,METRICOM INC
884319,3944,ERO INC
884380,5047,1812 BREWING COMPANY INC
884382,2721,PRIMEDIA INC
884383,6020,MERCHANTS N Y BANCORP INC
884455,3674,SPECTRUM SIGNAL PROCESSING
884461,6726,LATIN AMERICAN DISCOVERY FD
884497,7374,MEDQUIST INC
884498,3825,ADE CORP/MA
884500,6162,PLAZA HOME MORTGAGE CORP
884506,4833,INTL FAMILY ENTERTAIN  -CL B
884509,3845,INTRAMED LABS INC
884614,4932,UGI CORP
884621,8731,CONDUCTUS INC
884624,3841,ORTHOFIX MEDICAL INC
884637,3460,JPE INC
884647,5912,NYER MEDICAL GROUP INC
884650,7373,INFINITE GROUP INC
884656,6141,EQUICREDIT CORP
884719,3576,FOCUS ENHANCEMENTS INC
884731,2836,ARIAD PHARMACEUTICALS INC
884801,5940,SPORTSTOWN
884802,1382,UNIVERSAL SEISMIC ASSOC INC
884831,8000,REHABCLINICS INC
884847,2835,MZT HOLDINGS INC
884887,4400,ROYAL CARIBBEAN GROUP
884888,2834,SUNPHARM CORP
884892,9995,TNFG CORP
884900,2080,STEARNS & LEHMAN INC
884909,3845,HOME DIAGNOSTICS INC
884939,2836,SYNAPTIC PHARMACEUTICAL CORP
884940,5651,STEIN MART INC
884941,5331,SOLO SERVE CORP
884942,3911,FRANKLIN MINT CORP
884999,2221,DYERSBURG CORP
885012,1600,EMPRESAS ICA SAB DE CV
885015,3845,THERATECH INC
885065,6035,CF BANCORP INC
885066,5099,ALLIANCE ENTERTAINMENT CORP
885067,4813,INTERMEDIA COMMUNICATNS INC
885072,6035,LGF BANCORP INC
885073,7372,PREVIO INC
885075,7372,LEARNING CO
885076,6035,FIRST FEDERAL BANCORP INC/OH
885077,5063,ENCON SYSTEMS INC
885080,2531,SIMULA INC
885084,7900,PREMIERE RADIO NETWKS
885125,6726,INVESCO QUALITY MUNI INCOME
885195,4955,MED / WASTE INC
885239,3949,PTI HOLDING INC
885245,5651,BUCKLE INC
885259,2836,TRANSKARYOTIC THERAPIES INC
885262,3714,AUTOMOTIVE INDS HLDGS  -CL A
885263,3826,MOLECULAR DYNAMICS INC
885269,5940,ZAMS INC
885271,4953,WASTE MANAGEMENT INTL PLC
885273,6200,BHC FINANCIAL INC
885306,3845,CYNOSURE INC
885307,5031,JEWETT-CAMERON TRADING CO
885317,3841,OPHTHALMIC IMAGING SYS INC
885322,6035,ANCHOR BANCORP WISCONSIN INC
885367,3578,PYXIS CORP
885376,4899,ORION NETWORK SYSTEMS INC
885378,7373,MEDIC COMPUTER SYSTEMS INC
885399,5331,ALL FOR A DOLLAR INC
885413,6035,WESTCO BANCORP INC
885432,1311,MORGAN HYDROCARBONS
885455,6552,INVESTEX INC
885462,2810,GULF RESOURCES INC
885474,7372,ARDENT SOFTWARE INC
885508,6552,STRATUS PROPERTIES INC
885520,7370,ALTERNATIVE TECHNOLOGY RES
885533,7373,ELITE INFORMATION GROUP INC
885534,2835,STATSURE DIAGNOSTIC SYSTEMS
885537,5812,DF&R RESTAURANTS INC
885539,2400,HOLSON BURNES GROUP INC
885546,5600,TODAY'S MAN INC
885549,5812,INTL FAST FOOD CORP
885550,6141,CREDIT ACCEPTANCE CORP
885551,3690,VALENCE TECHNOLOGY INC
885566,5990,NATURAL WONDERS INC
885576,6020,TRIANGLE BANCORP INC
885590,2834,BAUSCH HEALTH COMPANIES INC
885592,3577,SUPERMAC TECHNOLOGY INC
885601,6726,INVESCO VALUE MUNI INCM TR
885637,6035,OSB FINANCIAL CORP
885638,6035,ALLIANCE BANCORP INC
885639,5311,KOHL'S CORP
885640,5812,KRYSTAL CO
885672,3674,ASTROPOWER INC
885694,6020,COVEST BANCSHARES INC
885705,6036,ALLIED BANK CAPITAL INC
885708,6282,NUVEEN INVESTMENTS INC
885711,6726,NUVEEN INSD CALIF PREM INCM
885712,6726,NUVEEN NY PREM INCM MUNI FD
885722,6035,MIDWEST FEDERAL FINL CORP
885725,3845,BOSTON SCIENTIFIC CORP
885727,6035,FF BANCORP INC
885731,6726,NUVEEN NY SEL TAX FREE INC
885732,6726,NUVEEN CA SEL TAX FREE INCM
885733,6726,NUVEEN SELECT TX FR INCM PTL
885734,6726,NUVEEN PREM INCOME MUN FD 2
885740,7372,SAPIENS INTERNATIONAL CORP
885741,2834,GLIATECH INC
885769,3086,ENVIRON TECHNOLOGIES USA INC
885780,7900,GLOBAL ENTERTAINMENT CORP
885899,3842,R2 MEDICAL SYSTEMS INC
885942,6035,SOUTHWEST BANCSHARES INC/DE
885976,1600,XXSYS TECHNOLOGIES INC
885978,8000,U S PHYSICAL THERAPY INC
885988,8093,INTEGRAMED AMERICA INC
886033,3576,CROSSCOM CORP
886034,3576,NORAND CORP
886035,3350,GENERAL CABLE CORP/DE
886037,8071,MEDALLIANCE INC
886043,6726,WESTERN ASST MANAGED MUNI FD
886044,5045,PEAK TECHNOLOGIES GRP
886045,2320,SALEM SPORTSWEAR CORP
886046,3841,ARROW INTERNATIONAL INC
886074,3661,PRECISION SYSTEMS INC
886113,3714,U S AUTOMOTIVE MFG INC
886125,3661,ALCATEL-LUCENT
886128,3690,FUELCELL ENERGY INC
886136,4832,SAGA COMMUNICATIONS INC
886137,5661,FINISH LINE INC  -CL A
886138,3575,NETWORK COMPUTING DEVICES
886142,3845,SPACELABS MEDICAL INC
886158,5700,BED BATH & BEYOND INC
886163,2834,LIGAND PHARMACEUTICAL INC
886164,2750,ALDEN PRESS CO
886167,7372,IQ SOFTWARE CORP
886171,7350,UNIVERSAL HOSPITAL SERVICES
886192,3845,MEDRAD INC
886206,8200,FRANKLIN COVEY CO
886218,2834,HYAL PHARMACEUTICAL CP
886235,3845,ASPECT MEDICAL SYSTEMS INC
886243,6726,PAKISTAN INVESTMENT FUND INC
886312,2750,MUSICSOURCE U S A INC
886328,6794,E DIGITAL CORP
886346,3550,KADANT INC
886432,7990,HEALTH FITNESS CORP
886475,7310,MKTG INC
886530,7370,DATATRAK INTERNATIONAL INC
886657,7385,VALUE-ADDED COMMUNICATIONS
886744,2836,GERON CORP
886761,3571,EQUITRAC CP
886835,1389,SUPERIOR ENERGY SERVICES INC
886903,7372,KRONOS INC
886912,5045,ZUNICOM INC
886933,6020,F B & T FINANCIAL CORP
886935,6162,FLEET MORTGAGE GROUP INC
886940,6311,CCP INSURANCE INC
886941,6311,LIFE PARTNERS GROUP INC
886942,2836,CANTAB PHARMACEUTICALS PLC
886948,6172,WINTHROP RESOURCES CORP
886969,4512,AIR L A INC
886977,2860,METHANEX CORP
886982,6211,GOLDMAN SACHS GROUP INC
886984,6726,AMER STRATEGIC INCM PTFL II
886986,1000,TECK RESOURCES LTD
887021,2111,LIGGETT GROUP INC-OLD
887023,2836,ENCYSIVE PHARMACEUTICALS INC
887063,7990,GAMING CORP OF AMERICA
887085,7373,DATA RESEARCH ASSOC INC
887124,5661,NINE WEST GROUP INC
887126,6726,MUNIYIELD CALIF INSD FD INC
887136,6311,CITIZENS FINANCIAL CORP/KY
887137,2836,DIACRIN INC
887150,2253,HAMPSHIRE GROUP LTD
887151,5030,CAPSTONE THERAPEUTICS CORP
887153,3312,GRUPO SIMEC SA DE CV
887202,6035,MSB BANCORP INC
887207,2911,ULTRAMAR DIAMOND SHAMROCK
887217,6726,TRIPLE A & GOVT SER-1995 INC
887218,6726,TRIPLE A & GOVT SER-1997 INC
887225,4911,KEPCO-KOREA ELEC POWER CORP
887226,3827,PERCEPTRON INC
887227,3845,CHOLESTECH CORP
887247,2834,ADAMIS PHARMACEUTICALS CORP
887309,7373,CONTROL DATA SYSTEMS INC
887331,3576,NETSTAR INC
887343,6020,COLUMBIA BANKING SYSTEM INC
887356,5331,BRADLEES INC
887359,2836,VERICEL CORP
887394,6726,BLACKROCK MUNIYIELD QLTY II
887396,1311,EMPIRE PETROLEUM CORP
887398,6726,PUTNAM TAX-FREE HEALTH CARE
887403,5110,DAISYTEK INTL CORP
887429,6798,ALLIED CAPITAL COML CORP
887433,3577,AMPEX CORP/DE  -CL A
887443,3663,TEE-COMM ELECTRONICS INC
887497,2834,HI TECH PHARMACAL CO INC
887535,6726,MUNIYIELD N Y INSD FD II INC
887538,2300,AUTHENTIC FITNESS
887546,6726,ABERDEEN GREATER CHINA FUND
887558,7372,EDUSOFT LTD
887568,3845,ZOLL MEDICAL CORP
887584,2621,BOWATER PULP & PAPER
887590,6726,DEUTSCHE GLOBAL HIGH INCM FD
887591,2621,FIBERMARK INC
887596,5812,CHEESECAKE FACTORY INC
887614,7372,ACCELIO CORP
887622,3842,AMERICAN WHITE CROSS INC
887627,3621,RF POWER PRODUCTS INC
887637,4013,RAILAMERICA INC
887701,1090,NORTH AMERICAN PALLADIUM
887708,2834,CARACO PHARMACEUTICAL LABS
887730,3670,KEMET CORP
887733,5140,CENTRAL GARDEN & PET CO
887757,8000,OCCUPATIONAL HLTH &REHAB INC
887763,3576,CASCADE COMMUNICATIONS CORP
887784,7372,AURUM SOFTWARE INC
887893,3841,ADVANCED SURGICAL INC
887904,8060,CYBERCARE INC
887905,6798,LTC PROPERTIES INC
887919,6020,PREMIER FINANCIAL BANCORP
887920,2834,TREGA BIOSCIENCES INC
887921,2844,REVLON INC  -CL A
887936,8742,FTI CONSULTING INC
887941,3290,GLOBAL INDUSTRIAL TECH INC
887947,5064,EZCONY INTERAMERICA INC
887969,3661,MRV COMMUNICATIONS INC
887983,6798,SOUTH WEST PPTY TR INC
887985,1311,ENTERPRISE OIL PLC
887997,2082,BIG ROCK BREWERY INC
888002,6211,AXA FINANCIAL INC
888028,7370,NETPLEX GROUP INC
888127,6726,SMITH BARNEY MUN FD INC
888137,6726,JPMORGAN CHINA REGION FD INC
888139,5411,MEGAFOODS STORES INC
888154,6726,HANCOCK J PATRIOT GLOBAL DEV
888172,6035,UNITED FINL BANCORP INC
888184,6020,CARDINAL BANCSHARES INC
888228,4922,KINDER MORGAN ENERGY  -LP
888245,7990,HOLLYWOOD CASINO CORP  -CL A
888295,3577,CREATIVE TECHNOLOGY LTD
888330,7373,CITATION COMPUTER SYS INC
888335,3826,ACCUMED INTERNATIONAL INC
888340,6512,CARE CENTERS INC
888358,7372,NOVADIGM INC
888410,6726,BLACKROCK MUNIYLD CA QLTY FD
888411,6726,NUVEEN SLCT TX FR INCM PTL 3
888428,2673,ONGARD SYSTEMS INC
888455,5990,PETCO ANIMAL SUPPLIES INC
888456,5945,AMBERS STORES INC
888470,5731,TOPS APPLIANCE CITY INC
888491,6798,OMEGA HEALTHCARE INVS INC
888504,8711,LAYNE CHRISTENSEN CO
888507,9995,PRESIDENT CASINOS INC
888553,6162,ARBOR NATIONAL HOLDINGS INC
888632,6036,EMERALD FINANCIAL CORP
888675,4100,AMERICAN MEDICAL RESPONSE
888676,2100,MAFCO CONSOLIDATED GROUP INC
888693,3825,ISCO INTERNATIONAL INC
888702,7373,COUPON EXPRESS INC
888711,7370,EPRESENCE INC
888721,2835,TRINITY BIOTECH PLC
888741,7372,SOFTIMAGE INC
888746,2082,COMPANIA CERVECERIAS UNIDAS
888747,2320,TOMMY HILFIGER CORP
888781,5013,HAHN AUTOMOTIVE WHSE INC
888793,7389,FIDELITY NATL INFO SOLTNS
888913,5331,F&M DISTRIBUTORS INC
888914,5122,D&K HEALTHCARE RESOURCES INC
888916,3949,PLAYCORE INC
888918,3620,CARBIDE/GRAPHITE GROUP INC
888919,6331,HCC INSURANCE HOLDINGS INC
888952,2052,FOOD INTEGRATED TECH INC
888953,7374,ONLINE RESOURCES CORP
888956,5160,ENVIRONMENTL TECHNOLOGIES CP
888997,7373,DIGIDESIGN INC
888999,2835,METRA BIOSYSTEMS INC
889005,1311,WESTPORT RESOURCES CORP
889057,2834,TULARIK INC
889085,7370,INTERNATIONAL NETWORK SVCS
889086,3714,BESTOP INC
889087,7380,RESPONSE USA INC
889127,6726,BLACKROCK 2001 TERM TR INC
889132,3312,POSCO
889134,6035,MID-IOWA FINANCIAL CORP
889155,3674,BKC SEMICONDUCTORS INC
889166,6726,INCOME OPPORTUNITIES FD 1999
889187,6324,UNIVERSAL STD HEALTHCARE INC
889211,3330,FALCONBRIDGE LTD
889212,6035,FIRSTROCK BANCORP INC
889217,6331,AMERICAN RE CORP
889237,3576,NX NETWORKS INC
889266,5812,FOODQUEST INC
889285,3640,BLUE CHIP COMPUTERWARE INC
889299,2330,DANSKIN INC
889329,100,CHAI NA TA CORP
889330,2835,ID BIOMEDICAL CORP
889331,3613,LITTELFUSE INC
889348,3728,CPI AEROSTRUCTURES INC
889353,9995,OUT-TAKES INC
889364,5960,IRATA INC  -CL A
889409,5531,DISCOUNT AUTO PARTS INC
889418,4953,ECO2 INC
889423,3621,SATCON TECHNOLOGY CORP
889427,6798,KRANZCO REALTY TRUST
889429,2670,PARAGON TRADE BRANDS INC
889430,6726,BLACKROCK INSD MUN 2008 TRM
889473,6035,HOME FED BANCORP MO INC
889518,6726,VAN KAMPEN ADVANTAGE PA MUN
889526,6726,VAN KAMPEN ADVANTAGE MUN INC
889527,6726,VAN KAMPEN OHIO VALUE MUN IN
889529,6726,VAN KAMPEN NJ VALUE MUN INC
889531,6726,AMERICAN ADJ RATE TRM TR INC
889609,6159,CONSUMER PORTFOLIO SVCS INC
889664,5945,FUNCO INC
889842,3842,SPINE-TECH INC
889885,5047,GULF SOUTH MED SUPPLY INC
889898,2330,GOTHAM APPAREL CORP
889899,3812,LASER TECHNOLOGY INC
889900,1389,PATTERSON-UTI ENERGY INC
889906,6351,CAPMAC HOLDINGS INC
889927,3663,VIDEO SENTRY CORP
889930,3572,OVERLAND STORAGE INC
889936,6020,PRIVATEBANCORP INC
889971,3827,LIGHTPATH TECHNOLOGIES INC
889987,7372,SYSTEMSOFT CORP
889992,2836,FORTICELL BIOSCIENCE INC
890066,6020,GLEN BURNIE BANCORP
890068,6726,MANAGED MUN PORTFOLIO II INC
890093,5940,JUMBOSPORTS INC
890096,2200,UNIROYAL TECHNOLOGY CORP
890119,6726,NUVEEN SELECT MAT MUN FD
890138,6726,NUVEEN SLCT TX FR INCM PTL 4
890151,6531,HANOVER COMPANIES INC
890152,8082,INFU-TECH INC
890175,6141,CONSECO FINANCE CORP
890196,6726,BLACKROCK MUNIYIELD QLTY FD
890207,8011,MEDICAL CARE AMERICA
890264,7372,EXA CORP
890284,3845,HENLEY HEALTHCARE INC
890285,6211,VFINANCE INC
890319,6798,TAUBMAN CENTERS INC
890326,1531,UDC HOMES INC  -LP
890336,6726,HYPERION 1997 TERM TR INC
890337,6726,HYPERION 2002 TERM TR INC
890340,6726,WESTERN ASST EMG MKT IN -OLD
890393,6726,BLACKROCK MUNIYLD MI QLTY FD
890394,3674,MOSYS INC
890399,6726,CORPORATE RENAISSANCE GROUP
890445,6311,LIFE RE CORP
890446,8011,STERLING HEALTHCARE GRP INC
890447,5172,VERTEX ENERGY INC
890449,6311,SOUTHWESTERN LIFE HLDGS INC
890465,2836,NPS PHARMACEUTICALS INC
890491,5940,BARNES & NOBLE INC
890508,4731,GOLDEN EAGLE GROUP INC
890514,6726,BLACKROCK CA INSD MUN 2008
890515,6726,INVESCO VAN KAMPEN MA VALUE
890516,6726,INVESTMENT GRADE MUN INCM FD
890518,6726,BLACKROCK FLA INSD MUN
890519,6726,BLACKROCK N Y INSD MUN 2008
890523,2452,DEGEORGE FINANCIAL CORP
890541,6020,BANCO LATINOAMERICANO DE COM
890548,6411,CAREMARK INTL INC
890564,7370,ASGN INC
890568,4813,PLD TELEKOM INC
890572,5940,SPORTMART INC  -CL A
890575,1531,HILCOAST DEVELOPMENT CORP
890578,6020,FOUNDERS FINANCIAL GROUP
890634,8082,ALLIED HEALTHCARE INTL INC
890639,3944,JUST TOYS INC
890640,7372,COREL CORP
890647,1311,DEEPTECH INTERNATIONAL INC
890662,4731,FRITZ COS INC
890685,8071,PHYSICIANS CLINICAL LAB INC
890691,7372,NEW DIMENSION SOFTWARE LTD
890725,2834,GELSTAT CORP
890763,3841,GENERAL SURGICAL INNOVATIONS
890784,7370,RAMP CORP
890801,7372,MCAFEE INC
890821,2836,
890881,6726,ALLIANCE WORLD DLR GOVT FD
890883,6726,NUVEEN TEX PREM INCM MUN FD
890884,6726,NUVEEN INSD PREM INCM MUN FD
890885,6726,NUVEEN PREM INCOME MUN FD 3
890889,6726,NUVEEN OHIO PREM INCM MUN FD
890891,6726,NUVEEN PA PREM INCM MUN FD
890893,6726,NUVEEN INSD FLA PREM INCM
890897,6726,NUVEEN MICH PREM INCM MUN FD
890898,6726,NUVEEN N J PREM INCM MUN FD
890903,6726,NUVEEN SELECT MATS MUN FD 2
890908,8060,DYNACQ HEALTHCARE INC
890923,3620,ZOLTEK COS INC
890924,3576,DATA RACE INC
890925,8051,MULTICARE COS INC
890926,6351,RADIAN GROUP INC
890980,6035,MIDWEST BANCSHARES INC/DE
890981,6035,AMFED FINANCIAL INC
891014,2860,MINERALS TECHNOLOGIES INC
891024,5047,PATTERSON COS INC
891035,5961,CONCEPTS DIRECT INC
891037,6726,BLACKROCK MUNIYLD NJ QLTY FD
891038,6726,BLACKROCK MUNIYLD PA QLTY FD
891082,5812,TACO CABANA  -CL A
891098,6020,STERLING BANCSHARES INC/TX
891103,7370,MATCH GROUP INC
891104,6794,HFS INC
891105,7990,CASINO MAGIC CORP
891106,6036,STERLING FINANCIAL CORP/WA
891164,6726,TCW/DW TERM TR 2002
891166,6331,UNIVERSAL INSURANCE HLDGS
891178,7372,EPICOR SOFTWARE CORP -OLD
891188,6726,BLACKROCK MUNIYLD INVST QLTY
891189,6726,MUNIYIELD INSD FD II INC
891204,5090,NATIONAL TIRE SERVICES INC
891276,6141,WESTERN FIDELITY FUNDING INC
891284,6020,MNB BANCSHARES INC
891285,5090,HA2003 INC
891286,6020,CENTRAL MTG BANCSHARES INC
891288,2834,QUESTCOR PHARMACEUTICALS INC
891289,6331,ALLMERICA PPTY &CASUALTY COS
891290,6726,COHEN & STEERS TOT RET RLTY
891293,2836,CTI BIOPHARMA CORP
891329,1531,ROTTLUND CO INC
891377,6282,BERKELEY TECHNOLOGY LTD
891389,3990,SPECTRE GAMING INC
891417,2842,NANO MAGIC INC
891422,5190,CELEBRITY INC
891426,3576,OLICOM A/S
891461,7600,GREENWICH AIR SERVICES -CL A
891462,7372,OCTUS INC
891478,6020,BANCO SANTANDER SA
891482,7990,FULL HOUSE RESORTS INC
891504,2833,TAPESTRY PHARMACEUTICALS INC
891523,6020,CENTRUE FINANCIAL CORP-OLD
891525,6035,CB BANCORP INC
891531,3714,BREED TECHNOLOGIES INC
891532,4955,PERMA-FIX ENVIRONMENTAL SVCS
891552,7990,BOOMTOWN INC
891760,6726,WESTERN ASST HI INCM FD INC
891762,2842,WILSHIRE TECHNOLOGIES INC
891763,6035,LF BANCORP INC
891765,3711,BRILLIANCE CHINA AUTOMOTIVE
891788,3572,DISC INC
891915,2522,MAXX SPORTS TV INC
891919,5940,BOOKS-A-MILLION INC
891920,3825,MICROTEST INC
891933,2834,SHAMAN PHARMACEUTICALS INC
892020,3861,E MERGENT INC
892025,2833,MARTEK BIOSCIENCES CORP
892038,3571,DIGITAL PRIVACY INC  -CL A
892058,2033,ODWALLA INC
892072,9995,OSPREY HOLDING INC
892086,4813,STN INC
892112,2836,SIRNA THERAPEUTICS INC
892142,3089,ULTRAFEM INC
892147,5130,ACTION PERFORMANCE COS INC
892157,6020,HFB FINANCIAL CORP
892158,6036,LAUREL CAPITAL GROUP INC
892160,2834,DERMA SCIENCES INC
892163,6036,BRENTWOOD FINANCIAL CORP
892179,1381,FALCON DRILLING CO INC
892191,7372,OBJECTIVE SYS INTEGRATRS INC
892222,2082,CRAFT BREW ALLIANCE INC
892291,6798,WELLSFORD RES PROP TRUST
892335,5990,GARDEN BOTANIKA INC
892432,6035,TIDEMARK BANCORP INC
892433,3674,AUREAL INC
892450,4813,KT CORP
892482,7370,QUMU CORP
892493,8093,EQUIMED INC
892495,2844,CHROMATICS COLOR SCIENCES
892524,4813,WCT COMMUNICATIONS INC
892533,2320,HAGGAR CORP
892534,3576,EZCHIP SEMICONDUCTOR LTD
892535,6798,THORNBURG MORTGAGE INC
892537,7373,MANTECH INTL CORP
892553,3443,CHART INDUSTRIES INC
892563,2086,SNAPPLE BEVERAGE CORP
892565,6726,INCOME OPPORTUNITIES FD 2000
892604,2200,WORLDTEX INC
892653,2320,SPORT-HALEY HOLDINGS INC
892789,6726,BLACKROCK BROAD INVT GRADE
892791,6726,MUNIYIELD N Y INSD FD III
892793,2650,GRAPHIC PACKAGING INTL CORP
892818,1540,PORTER MCLEOD NATL RETAIL
892822,2835,HEMAGEN DIAGNOSTICS INC
892832,9995,SANDSTON CORP
892833,7372,ARGENT CAPITAL CORP
892872,5961,MICRO WAREHOUSE INC
892884,6726,PUTNAM MUNICIPAL BOND FUND
892893,6311,FIRST COLONY CORP
892906,2844,MAYBELLINE INC
892907,5940,SPORT CHALET INC
892957,2320,USA CLASSIC INC
892960,6726,PUTNAM N Y INVT GRADE MUN TR
892980,6726,PUTNAM CALIF INVT GRADE MUN
892986,1311,WARREN RESOURCES INC
892992,6726,NUVEEN ARIZ QTY MUN INCM
893046,7359,RENT WAY INC
893160,2835,VENTANA MEDICAL SYSTEM INC
893162,3825,CREDENCE SYSTEMS CORP
893181,6798,CROCKER REALTY INVESTORS INC
893188,3711,CONSORCIO G GRUPO DINA SA
893227,6726,2002 TARGET TERM TR INC
893235,6035,OHSL FINANCIAL CORP
893329,7373,IMNET SYSTEMS INC
893335,4812,PNI TECHNOLOGIES INC
893430,8082,PEDIATRIC SVCS AMERICA INC
893538,1311,SM ENERGY CO
893540,5122,AQUANATURAL CO
893573,7372,ANALOGY INC
893577,6798,CARRAMERICA REALTY CORP
893656,7997,JOCKEY CLUB INC
893691,2430,MASONITE INTERNATIONAL CORP
893692,2836,ANTEX BIOLOGICS INC
893731,6726,BLACKROCK 1999 TERM TR INC
893739,6726,180 DEGREE CPTL CORP
893741,5812,FRESH CHOICE INC
893769,4841,AMERICAN TV & COMMUNICATION
893771,8071,COMPREHENSIVE MED DGNSTCS
893813,5171,PENN OCTANE CORP
893816,7374,INFOCROSSING INC
893817,6162,RESOURCE BANCSHARES MTG GRP
893821,7372,ATTUNITY LTD
893824,7372,POWERSOFT CORP
893847,6020,HAWTHORN BANCSHARES INC
893855,3578,ATPOS.COM INC
893906,6321,CAPITOL AMERICAN FINL CORP
893949,8011,MEDNAX INC
893955,6111,STUDENT LOAN CORP
893963,6351,EXSTAR FINANCIAL CORP
893964,3845,ADVANCED MAMMOGRAPHY SYS INC
893965,2741,PLATO LEARNING INC
893967,6020,BANCO GALICIA BUENOS AIRES
893970,2834,INTERPHARM HOLDINGS INC
893996,5140,BEV-TYME INC
894010,5040,DANKA BUSINESS SYSTEMS PLC
894020,2835,ENDOGEN INC
894039,5045,GBC TECHNOLOGIES INC
894081,4512,AIR TRANSPORT SERVICES GROUP
894096,1700,TRANSCOR WASTE SERVICES INC
894146,6726,INVESCO CALIF MUNI INCM TR
894158,2834,SYNTHETIC BIOLOGICS INC
894172,6020,HAMILTON BANCORP INC/FL
894232,2670,DRYPERS CORP
894233,6726,ALL-AMERICAN TERM TRUST INC
894237,3842,COGENTIX MEDICAL INC
894239,6726,DUFF & PHELPS UTIL &CP BD TR
894241,6726,VAN KAMPEN STRATEGIC SECTOR
894242,6726,BLACKROCK INVT QULTY MUN TR
894253,7373,PEROT SYSTEMS CORP
894267,6020,COWLITZ BANCORPORATION
894268,3663,SPECTRALINK CORP
894315,6798,SITE CENTERS CORP
894341,6798,AMERICA FIRST REIT INC
894351,6726,WESTERN ASST MUNI PARTNRS FD
894355,6036,FIRST SOUTHERN BANCORP INC
894357,6321,BANKERS LIFE HOLDING CORP
894372,6035,MARION CAPITAL HOLDINGS INC
894405,4213,ARCBEST CORP
894490,6035,BANKUNITED FINANCIAL CORP
894508,6020,COMMUNITY BANKSHARES INC/SC
894541,1389,BETA WELL SERVICE INC
894556,4955,GENERAL ENVIRONMENTAL MGMT
894558,3555,COMPUGRAPHIC CORP
894572,7372,SEGUE SOFTWARE INC
894627,1311,VAALCO ENERGY INC
894649,5731,DIXONS RETAIL PLC
894651,6311,GREAT AMERN FINL RESOURCES
894671,6020,OHIO VALLEY BANC CORP
894673,6035,CORAL GABLES FEDCORP INC
894680,9995,UNIVERCELL HOLDINGS INC
894696,3949,SURE SHOT INTERNATIONAL INC
894705,7372,SCOPUS TECHNOLOGY INC
894738,7370,EASYLINK SERVICES INTL CORP
894743,3571,NEOWARE INC
894751,5812,BOSTON CHICKEN INC
894770,2836,XENOVA GROUP PLC
894776,3823,TYLAN GENERAL INC
894789,5990,CLASSICS INTL ENTMT INC
894871,7370,THEMAVEN INC
894906,3231,PHOTRAN CORP
894972,4832,AMFM INC
895007,6792,WILLIAMS COAL SEAM RYL TRUST
895021,7372,CENTURA SOFTWARE CORP
895034,2834,COCENSYS INC
895040,4922,GULFTERRA ENERGY PARTNERS-LP
895041,5812,GRILL CONCEPTS INC
895092,9995,US BIOMEDICAL CORP
895094,6035,SECURITY FIRST CORP
895095,7372,INSIGHTFUL CORP
895126,1311,CHESAPEAKE ENERGY CORP
895319,3550,CYCLOPSS CORP
895329,2750,TUFCO TECHNOLOGIES INC
895330,7372,MDL INFORMATION SYSTEMS INC
895361,3572,MSYSTEMS LTD
895364,5912,DUANE READE INC
895365,6552,CASTLE & COOKE HOMES INC
895380,2990,ALLEGRO BIODIESEL CORP
895385,7990,ARGOSY GAMING CO
895401,6035,FFW CORP
895415,6726,HYPERION 2005 INVT GRADE OPP
895416,3577,PROXIMA CORP
895417,6798,EQUITY LIFESTYLE PROPERTIES
895419,3674,CREE INC
895420,6035,FIRST SHENANGO BANCORP INC
895421,6211,MORGAN STANLEY
895422,6726,BOULDER TOTAL RETURN FUND
895441,8062,GALEN HEALTH CARE INC
895447,5661,SHOE CARNIVAL INC
895456,3140,ROCKY BRANDS INC
895457,7372,TECNOMATIX TECHNOLOGIES LTD
895462,7370,CAMBRIDGE TECHNOLOGY PARTNER
895469,6331,CITIZENS CORP
895470,6036,JEFFERSON SVGS BANCORP INC
895471,6036,THIRD FINANCIAL CORP
895477,6794,BLIMPIE INTL INC
895516,7389,SPECTRUM GROUP INTL INC
895517,4955,MOLTEN METAL TECHNOLOGY INC
895519,2330,DURANGO APPAREL INC
895523,6726,WESTERN ASST MANGD HI INC FD
895528,6726,INVESCO PA VALUE MUN INCM TR
895529,6726,VAN KAMPEN VALUE MUN INCOME
895530,6726,VAN KAMPEN NY VALUE MUN INC
895531,6726,INVESCO CALIF VALUE MUN INCM
895541,6020,DEARBORN BANCORP INC
895565,4953,SYNAGRO TECHNOLOGIES INC
895574,6726,DELAWARE INV NATL MUN INCM
895577,6726,DELAWARE INV ARIZ MUN INCOME
895641,2320,GARMENT GRAPHICS INC
895642,3690,ENER1 INC
895649,4833,TVSL SA
895651,8011,SIGHT RESOURCE CORP
895652,6035,FFE FINANCIAL CORP/FL
895655,3089,JARDEN CORP
895658,6726,DELAWARE INV MIN MUN INCM II
895659,8071,DIAGNOSTIC HEALTH SVCS INC
895663,1389,GLOBAL INDUSTRIES LTD
895670,2082,NOR'WESTER BREWING CO
895677,8731,ENCHIRA BIOTECHNOLOGY CORP
895688,6020,UNION BANKSHARES LTD/CO
895693,5731,CAMPO ELECTRS APPLIAN & COMP
895723,1040,GREAT CENTRAL MINES NL
895726,3411,U S CAN CORP
895728,4924,ENBRIDGE INC
895812,3571,GATEWAY INC
895921,9995,BE INC
895947,2990,ENVIROPUR WASTE REFNG TECH
896043,3674,C-MAC INDUSTRIES INC
896061,6726,NUVEEN PREM INCOME MUN FD 4
896066,1000,WESTERN SILVER CORP
896156,2510,ETHAN ALLEN INTERIORS INC
896157,7372,CARECENTRIC INC
896159,6331,CHUBB LTD
896161,6726,AMERN STRATEGIC INCM PTL III
896195,3571,GLOBAL EPOINT INC
896231,6552,SHOREWOOD CORP
896262,8082,AMEDISYS INC
896264,2834,USANA HEALTH SCIENCES INC
896265,2390,PILLOWTEX CORP
896267,7500,ENVIROTEST SYSTEMS CP  -CL A
896281,3576,NETWORK EXPRESS INC
896346,6726,TCW/DW TERM TRUST 2003
896397,2452,SOUTHERN ENERGY HOMES INC
896400,3990,MULTIMEDIA GAMES HOLDING CO
896429,7374,CANTALOUPE INC
896493,9997,AULT GLOBAL HOLDINGS INC
896495,7990,BLACK HAWK GAMING&DEV CO INC
896499,8050,CONCORD HEALTH GROUP INC
896502,7200,NATIONSMART CORP
896560,3663,TSX CORP
896622,3089,APTARGROUP INC
896645,3825,ASECO CORP
896665,6726,BLACKROCK SENIOR HIGH INC FD
896726,1311,GEOGLOBAL RESOURCES INC
896747,2835,AMERICAN BIO MEDICA CORP
896766,6035,FORT BEND HOLDING CORP
896771,3559,BRANDT TECHNOLOGIES INC
896778,3841,CONCEPTUS INC
896840,3842,ORTHOPEDIC TECHNOLOGY INC
896841,3861,AVID TECHNOLOGY INC
896842,5200,OSH 1 LIQUIDATING CORP
896861,8731,PLANET BIOPHARMACEUTICALS
896878,7372,INTUIT INC
896879,6020,FIRST UTD BK GROUP INC
896923,6726,DELAWARE INVST DIV & INCOME
896978,3841,EP TECHNOLOGIES INC
896985,5621,DESTINATION MATERNITY CORP
897067,3559,CYMER INC
897074,3861,STYLES ON VIDEO INC
897075,2834,REPROS THERAPEUTICS INC
897077,3523,ALAMO GROUP INC
897079,7812,SAVOY PICTURES ENTMT INC
897265,7370,ENTRADE INC
897269,6726,BLACKROCK MUNIVEST FUND II
897322,3663,GILAT SATELLITE NETWORKS LTD
897418,6726,NUVEEN INSD N Y PREM INCM 2
897419,6726,NUVEEN MASS PREM INCM MUN
897420,6726,NUVEEN WASH PREM INCM MUN FD
897421,6726,NUVEENA VA QL MUN INCM FD
897422,6726,NUVEEN INSD CA PREM INCM MUN
897424,6726,NUVEEN MD QUAL MUN INCM FD
897425,6726,NUVEEN NJ PREM INCM MUN FD 2
897426,6726,NUVEEN INSD FLA PREM INCM 2
897427,6726,NUVEEN PA PREM INCM MUN FD 2
897428,6726,NUVEEN MICH PREM INCM MUN 2
897429,5621,CHICOS FAS INC
897430,6331,TIG HOLDINGS INC
897432,1531,INCO HOMES CORP
897448,2836,AMARIN CORP
897506,5945,OLD AMERICA STORES
897507,2300,STARTER CORP
897509,6020,FLAG FINANCIAL CORP
897513,6726,ACM MUN SEC INCOME FUND INC
897545,7990,WINWIN GAMING INC
897546,7370,AVIDYN INC
897582,5735,TITLE WAVE STORES INC
897584,4833,AMERICAN BROADCASTING
897599,3760,MARTIN MARIETTA CORP
897708,7359,AT & T CAPITAL CORP
897722,7372,DAVIDSON & ASSOCIATES INC
897723,3672,SANMINA CORP
897725,7372,EDUNETICS LTD
897730,3829,LIBERTY TECHNOLOGIES INC
897732,4011,CONRAIL INC
897745,3312,WCI STEEL INC
897795,3990,INNOVATIVE GAMING CORP AMER
897800,6726,GREENWICH STREET MUNI FUND
897802,6726,SPECIAL OPPORTUNITIES FD INC
897861,6020,FIRST STATE BANCORPORATION
897893,7372,PEERLESS SYSTEMS CORP
897940,8700,NFO WORLDWIDE INC
897941,6035,ST FRANCIS CAPITAL CORP
897951,6726,PIMCO MUNICIPAL ADV FUND INC
897996,6726,GLOBAL HIGH INCOME FUND INC
897999,6036,MBLA FINANCIAL CORP
898015,7330,ESQUIRE COMMUNICATIONS LTD
898172,5961,BARNETT INC
898173,5531,O'REILLY AUTOMOTIVE INC
898174,6311,REINSURANCE GROUP AMER INC
898287,6141,CTL CREDIT INC
898293,3672,JABIL INC
898306,3842,SAFETY FIRST INC
898311,2820,MARTIN COLOR-FI INC
898427,6311,AXA SA
898437,2836,ANIKA THERAPEUTICS INC
898438,6411,BLANCH E W HOLDINGS INC
898441,7372,3DO CO
898447,6036,T R FINANCIAL CORP
898496,6726,INVESCO QUALITY MUNI SECS
898612,6331,ZURICH REINS CENTRE HLDGS
898618,6726,INVESCO CALIF QUALITY MUNI
898623,4813,MFS COMMUNICATIONS INC
898624,6020,NSD BANCORP INC
898630,5040,FRANKLIN OPHTHALMIC INSTRS
898631,6726,MUNIVEST N Y INSD FD INC
898659,6726,INVESCO NY QUALITY MUNI SECS
898660,7990,STATION CASINOS INC
898685,1389,SUBSEA 7 SA
898733,6211,BACHE GROUP INC
898739,7372,ABSOLUTE ENTERTAINMENT INC
898747,3578,ELECTRONIC RETAILNG SYS INTL
898756,3577,CASINO DATA SYSTEMS
898757,6035,FFY FINANCIAL CORP
898770,4955,SHARPS COMPLIANCE CORP
898777,7359,INTERPOOL INC
898778,2851,CORIMON CA SACA
898802,7373,OSAGE SYSTEMS GROUP INC
898805,3661,ADVANCED FIBRE COMM INC
898901,1700,PEARCE SYSTEMS INTL INC
899042,3576,DIALOGIC CORP-OLD
899047,3672,DII GROUP INC
899051,6331,ALLSTATE CORP
899118,2844,SHISEIDO CO LTD
899150,6726,MUNIVEST MICH INSD FD INC
899154,6726,MUNIVEST CALIF INSD FD INC
899157,6726,MUNIVEST N J FUND INC
899161,6162,HAMILTON FINANCIAL SERVICES
899162,6798,TRINET CORP REALTY TRUST INC
899163,6020,PRESTIGE FINANCIAL CORP
899166,3842,POINT BLANK SOLUTIONS INC
899167,6036,KSB BANCORP INC
899169,8090,RENAL TREATMENT CTRS INC
899177,6726,MUNIVEST FLORIDA FUND
899183,3845,PARK MEDITECH INC
899217,3823,TSI INC/MN
899240,5990,SUNGLASS HUT INTL INC
899283,5045,IRG TECHNOLOGIES INC
899296,3080,INVEXANS SA
899297,9995,OPTI INC
899381,3845,AUTONOMOUS TECHNOLOGIES CORP
899391,7200,SERVISCO
899394,4512,HARBOR DIVERSIFIED INC
899426,2835,CALYPTE BIOMEDICAL CORP
899444,7370,IMAGINON INC
899458,7372,DELRINA CORP-OLD
899460,2836,MANNKIND CORP
899504,2836,LXR BIOTECHNOLOGY INC
899581,6726,HANCOCK J PATRIOT PFD DIV
899595,5211,FNF INDUSTRIES INC
899596,3579,BELL & HOWELL OPERATING CO
899597,2611,BUCKEYE TECHNOLOGIES INC
899627,6211,GLOBAL CAPITAL PARTNERS INC
899629,6798,ACADIA REALTY TRUST
899630,5211,NATIONAL HOME CENTERS INC
899636,3674,CATALYST SEMICONDUCTOR INC
899647,7990,RIVIERA HOLDINGS CORP
899652,4911,CINERGY CORP
899654,6035,ALBION BANC CORP
899659,3580,HARVARD INTL TECHNOLOGIES
899660,6726,SOUTHERN AFRICA FUND INC
899678,6035,FFBS BANCORP INC
899679,7372,GLOBALINK INC
899684,3613,STATORDYNE CORP
899689,6798,VORNADO REALTY TRUST
899714,8071,UNILAB CORP
899715,6798,TANGER FACTORY OUTLET CTRS
899717,1311,AMERICAN RESOURCES OFFSHORE
899718,1000,SUTTON RESOURCES LTD
899723,3341,OM GROUP INC
899751,3523,TITAN INTERNATIONAL INC
899752,6726,NUVEEN CON QUAL MUN INCM
899753,2834,THERAPEUTIC DISC CORP  -CL A
899755,5411,HURRY INC  -CL A
899757,6798,KIMSOUTH REALTY INC
899758,6726,NUVEEN GA PREM INCOME MUN FD
899759,6726,NUVEEN PREM INCOME MUN FD 5
899760,4813,LCI INTERNATIONAL INC
899761,6726,NUVEEN NC QUAL MUN INCM FD
899778,7990,BOUNCEBACKTECHNOLOGIES.COM
899782,6726,NUVEEN MO QUAL MUN INCM FD
899823,3559,QUAD SYSTEMS CORP
899849,5812,ELEPHANT & CASTLE GROUP INC
899866,2836,ALEXION PHARMACEUTICALS INC
899923,2835,MYRIAD GENETICS INC
900017,8742,THOMAS GROUP INC
900075,5010,COPART INC
900083,7363,EMCARE HOLDINGS INC
900091,7373,HYBRID NETWORKS INC
900095,3661,SUMMA FOUR INC
900096,7370,ELCOM INTERNATIONAL INC
900120,7372,TIVOLI SYSTEMS INC
900122,2836,ORAVAX INC
900166,6035,JACKSON CNTY FSB MEDFORD ORE
900268,3350,NORSK HYDRO ASA
900302,4832,MULTI-MKT RADIO INC  -CL A
900304,8050,MARINER HEALTH GROUP INC
900307,3841,HEALTHDYNE TECHNOLOGIES INC
900335,2400,MASISA SA
900339,4213,OLIVER TRANSPORTATION INC
900340,6798,HOLLY RESIDENTIAL PPTYS INC
900349,2320,ELLIS PERRY INTL INC
900367,3089,IVEX PACKAGING CORP
900391,2510,NATUZZI SPA
900392,7990,DISCOVERY ZONE INC
900422,6726,PUTNAM MUN OPPORTUNITIES TR
900426,6726,PUTNAM INVT GRADE INTER MUN
900475,8700,EMARKETPLACE INC
900616,1531,SUNDANCE HOMES INC
900619,3572,STORAGE ENGINE INC
900626,6035,OKLAHOMA SAVINGS INC
900708,5065,BELL MICROPRODUCTS INC
900724,6726,BLACKROCK CORP HIGH YLD FD
900741,6035,HAVEN BANCORP INC
900748,7372,SANCTUARY WOOD MULTIMEDIA
901077,6141,REGIONAL ACCEPTANCE CORP
901099,2835,INNOVIR LABORATORIES INC
901118,7990,PRIMADONNA RESORTS INC
901119,3825,SIGNAL TECHNOLOGY CORP
901172,8711,RUST INTERNATIONAL INC
901219,2835,HUMAN GENOME SCIENCES INC
901243,6726,BLACKROCK MUNIASSETS FUND
901375,6020,MOUNTAIN PARKS FINANCIAL CP
901376,4991,SITHE ENERGIES INC
901416,2844,THERMOLASE CORP
901491,5812,PAPA JOHNS INTERNATIONAL INC
901495,5812,BACK YARD BURGERS INC
901517,1311,ENI LASMO PLC
901576,2911,REPSOL SA
901611,1311,ESENJAY EXPLORATION INC
901620,2834,REXALL SUNDOWN INC
901696,3572,MTI TECHNOLOGY CORP
901823,6726,PUTNAM MANAGED HIGH YIELD TR
901824,6726,BLACKROCK MASS TAX-EXEMPT TR
901829,6035,LEADER FINANCIAL CORP
901832,2834,ASTRAZENECA PLC
902010,2836,VIRUS RESEARCH INSTITUTE INC
902053,1382,PGS ASA
902055,5090,ELLETT BROTHERS INC
902056,3420,SAF T LOK INC
902219,6282,WELLINGTON MGMT  -CL A
902270,3260,LENOX GROUP INC
902272,3949,ALDILA INC
902274,3220,LIBBEY INC
902276,2084,MONDAVI ROBERT CORP  -CL A
902277,100,DELTA & PINE LAND CO
902279,5712,LEVITZ FURNITURE INC  -VTG
902281,3559,ELECTROGLAS INC
902476,2400,ABT BUILDING PRODUCTS CORP
902482,3845,ADEZA BIOMEDICAL CORP
902600,3845,AKSYS LTD
902622,2834,ICAGEN INC
902635,7373,MODERN MEDICAL MODALITIES CP
902717,6726,BLACKROCK NY INV QLTY MUN TR
902719,6726,BLACKROCK INVESTMT QLTY MUN
902722,6726,BLACKROCK CA INV QLTY MUN TR
902731,6726,BLACKROCK NJ INV QLTY MUN TR
902750,6726,AMERICAN MUN INCOME PTFL INC
902754,6726,VAN KAMPEN MUN OPPTY II
902787,5961,UNAPIX ENTERTAINMENT INC
902791,7363,BARRETT BUSINESS SVCS INC
902793,3086,NORWOOD PROMOTIONAL PRODS
902978,6726,WESTERN ASST EMG MKT INCM FD
903126,2250,FILA HOLDINGS SPA
903127,6798,POST PROPERTIES INC
903129,3714,GENTHERM INC
903267,1311,3TEC ENERGY CORP
903275,4841,PEOPLES CHOICE TV CORP
903419,6020,ALERUS FINANCIAL CORP
903571,1040,GOLDEN STAR RESOURCES LTD
903651,8700,INNODATA INC
903657,5051,RUSSEL METALS INC
903689,1311,VIRGINIA GAS CO
903856,5040,SODAK GAMING INC
903869,4812,PITTENCRIEFF COMMUNICATIONS
904009,3950,INTL IMAGING MATLS INC
904020,4512,FLYI INC
904075,6512,MILLENNIUM SPORTS MGMT INC
904081,2731,STECK-VAUGHN PUBLISHING CP
904101,6020,JEFFBANKS INC
904112,6726,MORGAN STAN EMG MKT DEBT FD
904121,1040,QUEENSTAKE RES LTD YUKON
904148,5140,JAKES PIZZA INTL INC
904255,4812,AIRTOUCH COMMUNICATIONS-OLD
904344,3572,PINNACLE MICRO INC
904355,4841,WIRELESS CABLE ATLANTA INC
904362,2086,SARATOGA BEVERAGE GP  -CL A
904535,5735,NATIONAL RECORD MART INC
904541,2631,DISC GRAPHICS INC
904816,5040,PRIMESOURCE CORP
904851,2911,YACIMIENTOS PETE FISCALES SA
904896,4953,N-VIRO INTERNATIONAL CORP
904897,7389,EMPLOYEE SOLUTIONS INC
904898,3661,PLIANT SYSTEMS INC
904900,3678,BERG ELECTRONICS CORP
904901,6799,WATCHIT TECHNOLOGIES INC
904902,7320,CASINO & CREDIT SERVICES INC
904973,2836,REVO BIOLOGICS INC  -REDH
904975,6331,TITAN HOLDINGS INC
904977,1311,TRANSTEXAS GAS CORP
904978,8051,SUN HEALTHCARE GROUP INC
904979,3460,SHILOH INDUSTRIES INC
905000,6726,NUVEEN CA PREM INCOME MUN FD
905002,6726,NUVEEN NJ PREM INCM MUN FD 3
905008,6726,NUVEEN PA PREM INCM MUN FD 3
905035,7830,REGAL CINEMAS INC
905036,5812,SODEXHO MARRIOTT SVCS INC
905042,5812,HOST INTERNATIONAL INC
905134,6798,CROWN AMER REALTY TRUST
905401,7359,CORT BUSINESS SERVICES CORP
905424,2400,TENON LTD
905428,9995,ECO-TRADE CORP
905435,2273,IMAGE INDUSTRIES INC
905593,6020,HARRIS BANKCORP INC
905636,6726,VAN KAMPEN FLA MUN OPPTY
905722,3312,HUNTCO INC  -CL A
905724,7372,FOURTH SHIFT CORP
905895,7841,HOLLYWOOD ENTERTAINMENT CORP
905897,6798,NATIONAL GOLF PPTYS INC
906013,6726,ALLIANCEBERNSTEIN GLB HI INC
906054,3620,BEST POWER TECHNOLOGY
906107,6798,EQUITY RESIDENTIAL
906108,3823,INDUSTRIAL SCIENTIFIC CORP
906110,6798,TOWN & COUNTRY TRUST
906113,6798,KEYSTONE PROPERTY TRUST
906114,3714,TRANSPORT TECH INDS INC-REDH
906163,1531,NVR INC
906192,7370,SRA INTERNATIONAL INC
906193,3550,KEY TECHNOLOGY INC
906195,6035,FCB FINANCIAL CORP
906196,3711,MOTOR COACH INDS INTL  -COM
906237,6726,WESTERN ASST 2008 WRLDWD DLR
906247,6331,MID OCEAN LTD
906249,7990,HPN HOLDINGS INC
906282,5045,MTM TECHNOLOGIES INC
906285,2086,GREAT PINES WATER INC
906321,6726,PAINEWEBBER PREM INTER TF FD
906322,6726,MUNIVEST PA INSD FD
906325,6798,ROC COMMUNITIES INC
906326,4100,RURAL/METRO CORP
906332,7373,TVG TECHNOLOGIES LTD
906337,7374,PROXYMED INC
906338,2834,TARO PHARMACEUTICL INDS LTD
906345,6798,CAMDEN PROPERTY TRUST
906346,6035,WOOD BANCORP INC
906353,1311,GENERAL ATLANTIC RES INC
906357,6035,METROPOLITAN BANCORP
906391,6035,CSB FINANCIAL CORP
906408,6798,RFS HOTEL INVESTORS INC
906419,3540,GREENFIELD INDS INC/DE
906421,4812,ONECOMM CORP
906425,3845,ADVANCED THERAPEUTIC SYS LTD
906448,3640,VU1 CORP
906465,6020,QCR HOLDINGS INC
906469,8711,WASHINGTON GROUP INTL INC
906471,5812,DAVCO RESTAURANTS INC
906473,3714,STARCRAFT CORP
906476,7370,FUTUREMEDIA PLC
906519,7372,WONDERWARE CORP
906520,1389,CEANIC CORP
906522,6020,ESPIRITO SANTO FINANCIAL GRP
906523,3714,STANT CORP
906524,6331,HOME STATE HOLDINGS INC
906525,4812,METROCALL HOLDINGS INC
906526,4832,GRUPO RADIO CENTRO SA DE CV
906527,7990,LADY LUCK GAMING CORP
906547,6792,BURLINGTON RES COAL SEAM GAS
906549,6153,DRUMMOND FINANCIAL CP
906551,7372,QRS CORP
906552,6799,EK CHOR CHINA MOTORCYCLE CO
906553,7011,BOYD GAMING CORP
906599,4213,ARROW TRANSPORTATION CO
906605,3559,HI-RISE RECYCLING SYSTEMS
906606,4841,PREFERRED ENTERTAINMENT INC
906608,6035,FIRST PALM BEACH BANCORP INC
906609,4213,MORGAN GROUP INC  -CL A
906611,3250,DAL-TILE INTERNATIONAL INC
906612,6794,STARSIGHT TELECAST INC
906709,2834,NEKTAR THERAPEUTICS
906730,3990,LAZER-TRON CORP
906768,3559,MRS TECHNOLOGY INC
906779,5122,GRUPO CASA SABA SA DE CV
906780,7990,EMPIRE RESORTS INC
906782,2330,CYGNE DESIGNS INC
906784,6351,CAPITAL GUARANTY CORP
906786,6331,OMNI INSURANCE GROUP INC
906829,3841,COMPUTER MOTION INC
906873,5070,ASAHI/AMERICA INC
906908,7389,TRANSMEDIA EUROPE INC
906933,6798,SHURGARD STORAGE CTRS  -CL A
906934,6020,SUBURBAN BANCORP
906959,6726,NUVEEN PREM INCM MUNI OPPY
907006,3620,IEM-INDUSTRIA ELEC MEXICO SA
907008,1311,ABANO HEALTHCARE GROUP LTD
907015,6726,MANAGED HIGH YIELD FUND
907069,4812,USCI INC
907072,8711,CORRPRO COMPANIES INC
907077,6798,URBAN SHOPPING CENTERS INC
907093,3990,LEISURE TIME CASINOS & RESRT
907111,2836,GENEMEDICINE INC
907127,7373,MEDCOM USA INC
907147,5990,PETSTUFF INC
907152,3825,SRTI BLOCKCHAIN GEN INC
907236,6726,MUNIYIELD ARIZ FD INC
907237,7372,TDK MEDIACTIVE INC
907242,7990,MONARCH CASINO & RESORT INC
907245,1381,DUAL DRILLING CO
907254,6798,SAUL CENTERS INC
907285,2835,APROGENEX INC
907358,7370,ITEMUS INC
907410,3674,ESS TECHNOLOGY INC
907435,9995,RETAIL ENTERTAINMENT GRP INC
907471,6020,META FINANCIAL GROUP INC
907472,6726,TCW/DW TERM TRUST 2000
907562,2836,DYAX CORP
907573,6726,DELAWARE INV CO MUN INCM FD
907575,6411,KAYE GROUP INC
907582,1311,SERENPET INC
907585,5090,SIMMONS OUTDOOR CORP
907608,6726,WESTERN ASST MUNI PTNR FD II
907649,1311,FX ENERGY INC
907654,2836,ARCA BIOPHARMA INC
907658,3841,VASAMED INC
907687,3674,ACTEL CORP
908121,2836,SUGEN INC
908158,6726,GLOBAL SMALL CAP FUND INC
908177,1040,BRAZAURO RESOURCES CORP
908179,2020,LUCILLE FARMS INC
908180,7372,CONCENTREX INC
908187,6726,PCM FUND INC
908246,4899,DTVN HOLDINGS INC
908253,7370,HILAN LTD
908255,3714,BORGWARNER INC
908256,7990,CHINA ENTERPRISES LTD
908257,6798,TUCKER PROPERTIES CORP
908262,3652,CINRAM INTL INCOME FUND
908288,3533,CAMCO INC/TX
908309,2510,RIVER OAKS FURNITURE INC
908311,6798,CIM COMMERICAL TRUST
908312,8050,ARBOR HEALTH CARE CO
908314,6035,FIRST SOUTHEAST FINL CORP
908315,6794,WINMARK CORP
908338,5040,APPAREL TECHNOLOGIES INC
908440,7372,MANUGISTICS GROUP INC
908475,6035,TRI-COUNTY BANCORP INC
908486,6035,FIRST INDEPENDENCE CORP/DE
908489,6035,FIRST FINL BANCORP INC/DE
908516,8000,AGES HEALTH SERVICES INC
908517,3661,BOGEN COMMUNICATIONS INTL
908520,6331,SPHERE DRAKE HOLDINGS LTD
908526,4812,A PLUS NETWORK INC
908598,1520,ATRM HOLDINGS INC
908605,3576,CASTELLE
908612,4832,SFX BROADCASTING INC  -CL A
908613,5734,ELEK-TEK INC
908652,5812,LANDRYS RESTAURANTS INC
908663,4832,BROADCASTING PARTNERS  -CL A
908732,2911,SINOPEC SHANGHAI PETROCHEM
908754,6794,POLAR MOLECULAR HLDG CORP
908785,6726,AMERICAN SELECT PORTFOLIO
908797,1311,COHO ENERGY INC
908837,6020,NB & T FINANCIAL GROUP INC
908844,6020,BANK OF BERMUDA LTD
908937,4832,SIRIUS XM HOLDINGS INC
908985,3674,LEVEL ONE COMMUNICATIONS INC
908993,6726,INVESCO ADV MUNI INCM TR II
909037,2810,SOC QUIMICA Y MINERA DE CHI
909108,6282,DIAMOND HILL INVESTMENT GRP
909109,6331,PHILADELPHIA CONS HLDG CORP
909111,6798,COLONIAL PROPERTIES TRUST
909112,6726,TEMPLETON EMERGING MKTS INCM
909171,8711,ONSITE ENERGY CORP  -CL A
909183,3674,NEXGEN INC
909226,6726,TEMPLETON CHINA WORLD FD INC
909239,6726,SENIOR HIGH INCOME PTFL II
909276,7372,CAPTIVA SOFTWARE CORP
909278,2670,INBRAND CORP
909281,4922,ONEOK PARTNERS -LP
909283,6798,MCARTHUR/GLEN REALTY CORP
909298,6798,MID-ATLANTIC REALTY TRUST
909326,3559,ASYST TECHNOLOGIES INC
909327,2600,
909333,2086,BAESA-BUENOS AIRES EMBOTELLO
909388,1600,PROMOTORA Y OPERADORA INFRAE
909483,5812,GRAND HAVANA ENTERPRISE
909494,7370,TUCOWS INC
909624,7370,NETCOM ON-LINE COMM SERVICES
909678,1311,EPI (HOLDINGS) LTD
909687,2750,SKYBOX INTL INC
909722,3845,DIASONICS ULTRASOUND INC
909724,5990,TANDY LEATHER FACTORY INC
909725,7011,BUCKHEAD AMERICA CORP
909726,3312,CONSOLIDATED STAINLESS INC
909736,7372,TIMELINE INC
909739,6153,BANCA QUADRUM SA
909751,3630,SEMI-TECH CORP  -CL A
909752,5990,PET FOOD WAREHOUSE INC
909753,7990,HOLLY HOLDINGS INC
909791,3559,ULTRATECH INC
909793,7372,NETMANAGE INC
909815,6331,IPC HOLDINGS LTD
909832,5399,COSTCO WHOLESALE CORP
909950,4213,ALLIED HOLDINGS INC
909955,3669,FRISCO BAY INDS LTD
909963,3490,ADVANCED DEPOSITION TECH INC
909990,5411,WILD OATS MARKETS INC
909992,9995,BEARD CO
910032,3661,PAIRGAIN TECHNOLOGIES INC
910057,2836,EPOCH BIOSCIENCES INC
910058,3510,DETROIT DIESEL CORP
910067,6726,NATIONS GOVT INCM TM TR 2003
910068,6726,WESTERN ASST HI INCM OPP FND
910071,3270,NATIONAL GYPSUM CO
910072,3949,COBRA GOLF INC
910073,6036,NEW YORK CMNTY BANCORP INC
910079,6798,BEDFORD PROPERTY INVESTORS
910108,6798,LEXINGTON REALTY TRUST
910109,8000,PACIFIC REHAB & SPORTS MED
910110,6331,PENN-AMERICA GROUP INC
910111,5171,FUELNATION INC
910168,2844,ENAMELON INC
910207,6020,CAROLINA STHRN BK SPARTN SC
910319,2300,STYLESITE MARKETING INC
910320,3577,CHECKMATE ELECTRS INC
910322,6035,ASTORIA FINANCIAL CORP
910329,2090,MEDIFAST INC
910338,7372,OPENVISION TECHNOLOGIES
910347,6726,DELAWARE INV MIN MUN INC III
910350,3640,TRI-LITE INC
910391,7370,ONHEALTH NETWORK CO
910394,3312,KENTUCKY ELECTRIC STEEL INC
910406,2000,HAIN CELESTIAL GROUP INC
910408,8000,MHM SERVICES INC
910468,5700,FLOORING AMERICA INC
910492,6035,FIDELITY FED BANCORP
910521,3140,DECKERS OUTDOOR CORP
910522,6036,LEDGER CAPITAL CORP
910523,3826,LIFEPOINT INC
910524,6726,ACM MANAGED DLR INCOME FD
910558,5812,HOMETOWN BUFFET INC
910562,6311,ARM FINANCIAL GROUP INC-CL A
910566,3580,AQUA CARE SYSTEMS INC
910568,3060,ROYAL GRIP INC
910606,6798,REGENCY CENTERS CORP
910612,6798,CBL & ASSOCIATES PPTYS INC
910613,3140,JASMINE LTD
910614,4522,CRESCENT AIRWAYS CORP
910616,7372,US LAN SYSTEMS CORP
910617,3089,NATL PICTURE & FRAME
910619,3711,MONACO COACH CORP
910620,5211,WICKES INC
910627,3743,ACF INDUSTRIES INC
910631,2086,COCA-COLA FEMSA SAB DE CV
910638,3559,3D SYSTEMS CORP
910641,3577,TELEPANEL SYSTEMS INC
910646,2013,CATTLEMANS INC
910648,6321,PAUL REVERE CORP
910654,6794,BATTERY TECHNOLOGIES INC
910655,3716,NATIONAL R V HOLDINGS INC
910659,1311,AVIVA PETE INC  -DEP
910671,6726,PRICE (T ROWE) MEDIA&TELECMS
910675,6798,COMMERCIAL ASSETS INC
910679,6036,WVS FINANCIAL CORP
910709,6351,SIERRA HOME SERVICE COS INC
910721,5621,J JILL GROUP INC
910723,5311,CARSON PIRIE SCOTT & CO/IL
910846,6798,OASIS RESIDENTIAL INC
911002,4899,LODGENET INTERACTIVE CORP
911004,5944,FRIEDMANS INC  -CL A
911012,8071,U S DIAGNOSTIC INC
911033,6035,VIRGINIA FIRST FINANCIAL CP
911109,7359,MOBILE MINI INC
911115,3320,ATCHISON CASTING CORP
911147,7990,CENTURY CASINOS INC
911148,6552,CADUS CORPORATION
911149,3825,MICRO COMPONENT TECH
911151,7310,EMAK WORLDWIDE INC
911167,3672,ARIEL CORP
911168,3580,WATER POINT SYSTEMS INC
911177,4953,CASELLA WASTE SYS INC  -CL A
911215,6798,CHELSEA PROPERTY GROUP INC
911216,2836,PALATIN TECHNOLOGIES INC
911220,5810,COUNTRY STAR RESTAURANTS INC
911308,6726,BLACKROCK MNIYLD ARIZ FD INC
911310,6726,MUNIBOND INCOME FUND INC
911323,2750,SUCCESSORIES INC
911326,2836,SYNAGEVA BIOPHARMA CORP
911359,1311,PETROCORP INC
911360,2086,PANAMERICAN BEVERAGES  -CL A
911364,7373,ALADDIN KNOWLEDGE SYSTEM LTD
911374,6726,HERITAGE US GVT INCOME FUND
911421,6331,PARTNERRE LTD
911434,7011,HOTELWORKS.COM INC
911441,3714,GLAS-AIRE INDS GROUP LTD
911502,6035,SECURITY BANCORP/MT
911505,3790,COBRA INDUSTRIES INC
911522,4813,GST TELECOMM INC
911535,4922,AQUILA GAS PIPELINE CORP
911536,6798,AVALON PROPERTIES INC
911561,3634,DURACRAFT CORP
911565,3640,HOLOPHANE CORP
911570,7510,OXFORD RESOURCES CORP  -CL A
911576,6331,VESTA INSURANCE GROUP INC
911577,7372,STARBASE CORP
911583,3931,STEINWAY MUSICAL INSTRS INC
911601,5812,POLLO TROPICAL INC
911623,5211,SUNBELT COS INC
911625,7370,GALAXIWORLD.COM LTD
911626,5731,ULTIMATE ELECTRONICS INC
911628,6331,TRANSNATIONAL RE CORP  -CL A
911631,6351,TRIAD GUARANTY INC
911632,1600,BUFETE INDUSTRIAL SA
911635,6798,ASSOCIATED ESTATES RLTY CORP
911636,3060,SAFESKIN CORP
911638,6726,WESTERN ASST GLBL PTNRS INCM
911645,6798,HORIZON GROUP INC
911646,6035,KENTUCKY ENTERPRISE BANCORP
911649,5190,STANDARD DIVERSIFIED INC
911650,7370,SPEED COMMERCE INC
911671,2890,HARVEY UNIVERSAL INC
911673,8700,OPINION RESEARCH CORP
911684,3841,FOCAL INC
911707,2711,HOLLINGER INC
911708,6798,PRIME RETAIL INC
911760,7990,GRAND GAMING CORP
911787,3540,PRODUCTIVITY TECHNOLOGIES CP
911801,2650,EARTHSHELL CORP
911875,7310,EMARC INC
911876,3620,GOLDEN SYSTEMS INC
911886,2050,UNCLE B'S BAKERY INC
911934,7370,EYECASHNETWORKS INC
911935,6036,GREENPOINT FINANCIAL CORP
911953,8090,RENEX CORP
911971,4412,TEEKAY CORP
911987,1311,ODYSSEY PETROLEUM CORP - OLD
912022,6726,INVESCO VAN KAMPEN SELECT
912023,6726,KOREA EQUITY FUND INC
912025,6798,ARBOR PROPERTY TRUST
912027,7996,MALIBU ENTMT WORLDWIDE INC
912030,6792,TORCH ENERGY ROYALTY TRUST
912034,3080,SEDA SPECIALITY PACKAGING CP
912045,6798,DEBARTOLO REALTY CORP
912047,6331,CHARTWELL RE CORP
912048,6020,PACIFIC CREST CAPITAL INC
912061,5122,NATURAL HEALTH TRENDS CORP
912081,8000,INTEGRACARE INC
912083,4899,U S WIRELESS CORP
912084,6798,IRVINE APARTMENT COMMUNITIES
912086,2836,SYMBOLLON PHARMA INC  -CL A
912088,3851,SOLA INTERNATIONAL INC
912090,3669,AMERICAN SENSORS INC
912091,4812,MOBILEMEDIA CORP  -CL A
912093,3661,VIAVI SOLUTIONS INC
912116,6798,STORAGE USA INC
912145,7990,AMERISTAR CASINOS INC
912146,7363,CO COUNSEL INC
912147,6726,ROYCE MICRO-CAP TRUST INC
912151,5084,CE FRANKLIN LTD
912152,7372,FULCRUM TECHNOLOGIES INC
912153,1531,HAWAII LAND & FARMING CO INC
912154,6311,ALLIED LIFE FINANCIAL CORP
912156,9995,PURUS INC
912183,2834,CUBIST PHARMACEUTICALS INC
912219,6035,FIDELITY BANCORP INC/DE
912240,6798,G & L REALTY CORP
912241,9995,PROGRESSIVE GAMING INTL CORP
912242,6798,MACERICH CO
912243,6036,SECURITY CAPITAL CORP/WI
912244,6035,GFS BANCORP INC
912261,6036,SEVEN HILLS FINANCIAL CORP
912262,5940,SPORTS AUTHORITY INC
912263,5621,TALBOTS INC
912264,1311,LOUIS DREYFUS NAT GAS CORP
912275,4100,CARELINE INC
912287,5812,TIMBER LODGE STEAKHOUSE INC
912295,7830,GC COMPANIES INC
912365,9995,EVERGREEN ENERGY INC
912393,6798,CHATEAU COMMUNITIES INC
912399,6020,ATLANTIC CMNTY BANCORP INC
912428,6035,WESTERFED FINANCIAL CORP
912430,6036,PSB HOLDINGS CORP
912463,2330,GUESS INC
912464,3743,UNION SWITCH & SIGNAL INC
912465,6035,QUAKER CITY BANCORP INC
912491,6726,PUTNAM INV GRADE MUNI TR III
912500,1040,CRYSTALLEX INTERNATIONAL CP
912505,4911,ENEL AMERICAS SA
912513,2890,CYTEC INDUSTRIES INC
912544,2836,NOVELSTEM INTERNATIONAL CORP
912548,7372,FTP SOFTWARE INC
912558,6331,GRYPHON HOLDINGS INC
912562,3310,GIBRALTAR INDUSTRIES INC
912567,6035,STATEFED FINANCIAL CORP
912592,3949,RENAISSANCE GOLF PRODS INC
912593,6798,SUN COMMUNITIES INC
912595,6798,MID-AMERICA APT CMNTYS INC
912597,6798,PACIFIC GULF PROPERTIES INC
912599,3312,J & L SPECIALTY STEEL
912600,3334,ALUMAX INC
912601,3577,ACRES GAMING INC
912603,5093,SCHNITZER STEEL INDS  -CL A
912607,3990,MACE SECURITY INTL INC
912609,5140,ATLANTIC PREMIUM BRANDS LTD
912610,6035,CAPITAL SAVINGS BANCORP INC
912611,6020,NORTHWESTERN FINANCIAL CORP
912612,6726,CORPORATE HIGH YIELD FUND II
912615,5651,URBAN OUTFITTERS INC
912623,6035,NORTH BANCSHARES INC
912643,3571,KONTRON MOBILE COMPUTING INC
912728,4210,FORWARD AIR CORP
912729,6726,ASIA TIGERS FUND INC
912734,6726,INVESCO HIGH YIELD INVEST FD
912737,6159,BLC FINANCIAL SERVICES INC
912738,6035,FFLC BANCORP INC
912750,1311,NEWFIELD EXPLORATION CO
912764,6036,KS BANCORP INC
912766,8200,LAUREATE EDUCATION INC
912767,2421,UFP INDUSTRIES INC
912833,5500,WEST MARINE INC
912836,6036,FIRST SAVINGS BANCORP/NC
912842,3559,APPLIED SCI & TECH
912844,6799,INVENT VENTURES INC
912875,1040,WITS BASIN PRECIOUS MINERALS
912888,7372,VITAL IMAGES INC
912890,7370,TERREMARK WORLDWIDE INC
912892,4841,GRUPO TELEVISA SAB
912893,6798,CENTERPOINT PROPERTIES TRUST
912894,3949,BOLLINGER INDUSTRIES INC
912898,6798,GLIMCHER REALTY TRUST
912899,1381,UTI ENERGY CORP
912905,6035,WSB BANCORP INC
912908,3086,FOAMEX INTERNATIONAL INC
912926,7990,GB HOLDINGS INC
912952,5712,ROBERDS INC
912953,5961,REAL GOODS TRADING CORP
912955,6324,HEALTHWISE OF AMERICA INC
912958,4812,MILLICOM INTL CELLULAR SA
912960,3942,VERMONT TEDDY BEAR INC
912967,6020,FIRST BANCSHARES INC/MO
913007,3714,BOYDS WHEELS INC
913032,2090,MONTEREY GOURMET FOODS INC
913034,3089,TOWER TECH INC
913056,2834,AXYS PHARMACEUTICALS INC
913059,6020,BANCO BBVA ARGENTINA SA
913060,3823,ELSAG BAILEY PROCS AUTOMATN
913061,4841,TV GUIDE INC
913072,6020,MERRILL MERCHANTS BANCSHARES
913077,3826,AFFYMETRIX INC
913102,5180,W.I.N.E. INC
913142,3670,BELDEN INC
913144,6331,RENAISSANCERE HOLDINGS LTD
913159,2082,MBC HOLDING CO
913160,3944,CREATIVE PROGRM TECH VENTURE
913165,3842,EXACTECH INC
913201,7389,TBA ENTERTAINMENT CORP
913202,6311,WESTERN NATIONAL CORP
913241,3140,MADDEN STEVEN LTD
913267,3533,CAMCO INTERNATIONAL INC
913270,3661,CMC INDUSTRIES INC
913271,4841,AMERICAN TELECASTING INC
913275,2836,SOLEXA INC
913277,3949,CLARUS CORP
913280,6798,WALDEN RESIDENTIAL PPTYS INC
913283,6798,WESTFIELD AMERICA INC
913285,3949,KOALA CORP
913290,4412,FRONTLINE LTD
913293,6799,ALIMCO FINANCIAL CORP
913338,6411,WHITE RIVER CORP
913340,1382,WESTERN ATLAS INC
913341,6020,C&F FINANCIAL CORP
913342,6726,INVESCO CALIF MUNI SECS
913344,2090,BROTHERS GOURMET COFF
913345,6726,INVESCO VALUE MUNI SECS
913353,6531,COLLIERS INTL GROUP INC
913357,6351,ASSURED GUARANTY MUNI HLDGS
913358,1381,TATHAM OFFSHORE INC
913360,3357,AFC CABLE SYSTEMS INC
913364,3460,ABC-NACO INC
913437,2040,PURINA MILLS INC
913443,3845,CAMBRIDGE HEART INC
913545,6211,FIRST BOSTON INC
913586,1040,MK RESOURCES CO
913590,9995,CLST HOLDINGS INC
913596,8711,ARCADIS NV
913598,3576,ASANTE TECHNOLOGIES INC
913599,3577,ENCAD INC
913600,3579,GUNTHER INTERNATIONAL LTD
913601,6311,SECURITY-CONNECTICUT CORP
913602,6798,COLUMBUS REALTY TRUST
913610,2836,SANGSTAT MEDICAL CORP
913614,2834,BACTOLAC PHARMACEUTICAL INC
913616,8000,NATIONAL DENTEX CORP
913656,6020,REPUBLIC BANK/CA
913662,6726,ABERDEEN EMG MKTS SM CO OPPS
913665,4899,TERRESTAR CORP
913666,3080,TOTAL CONTAINMENT INC
913692,7370,UUNET TECHNOLOGIES INC
913755,4841,LAMBERT COMMUNICATIONS INC
913756,3841,ORTHOVITA INC
913760,6200,STONEX GROUP INC
913771,8711,THERMORETEC CORP
913773,3751,AMERICAN RECREATION CO HLDGS
913781,6211,CROWN FINANCIAL HOLDINGS INC
913782,6798,GABLES RESIDENTIAL TRUST
913785,3241,LAFARGE SA
913851,5171,COASTWIDE ENERGY SVCS INC
913883,3312,REPUBLIC ENGNRD STEELS INC
913885,3674,TRIQUINT SEMICONDUCTOR INC
913887,7372,GAMETEK INC
913888,4899,VIDEO SERVICES CORP
913890,8711,GROWTH ENVIRONMENTAL INC
913912,6331,GCR HOLDINGS LTD
913949,7372,MACROMEDIA INC
913950,5130,FULL LINE DISTRIBUTORS INC
913953,3564,FLAIR CORP
913955,1040,AURIZON MINES LTD
913958,6153,TFC ENTERPRISES INC
914022,7990,HARVEYS CASINO RESORTS
914024,8711,SHAW GROUP INC
914025,3661,PLANTRONICS INC
914026,2330,JALATE LTD
914027,3576,PROXIM INC
914034,6726,AMERICAS INCOME TR INC
914035,6726,WESTERN ASST WORLDWD INCM FD
914066,3490,FOILMARK INC
914069,6351,EXECUTIVE RISK INC
914122,3490,PERMA-PIPE INTERNATIONAL HOL
914138,6020,MIDDLEBURG FINANCIAL CORP
914139,3663,PARKERVISION INC
914142,6211,GILMAN CIOCIA INC
914144,1311,HUGOTON ENERGY CORP
914156,3842,UFP TECHNOLOGIES INC
914201,2834,3-DIMENSIONAL PHARMACEUTICAL
914208,6282,INVESCO LTD
914225,1623,COFLEXIP SA
914227,3842,ROBOMATIX TECH LTD  -ORD
914242,4813,TELEFONICA DE ARGENTINA SA
914244,6172,FINANCING FOR SCIENCE INTL
914249,4899,COMMUNICATIONS CENTRAL INC
914252,3825,QUICKTURN DESIGN SYSTEMS INC
914271,7370,SVT INC
914272,3845,MEDIS EL LTD
914282,5045,WIZ TECHNOLOGY INC
914329,3826,FEI CO
914336,9995,PHARMA PATCH PLC  -ADR
914371,1731,F A TUCKER GROUP INC
914373,6798,JAMESON INNS INC
914374,6020,SOUTHWEST BANCORP INC
914384,2211,DAN RIVER INC  -CL A
914397,4512,GREAT LAKES AVIATION LTD
914398,3672,ELECSYS CORP
914435,7363,HEADWAY CORPORATE RESOURCES
914444,7990,KERZNER INTERNATIONAL LTD
914448,2200,CONSO INTERNATIONAL CORP
914475,2836,NEUROCRINE BIOSCIENCES INC
914479,3949,COASTCAST CORP
914480,4213,TRISM INC
914533,4812,PREMIERE PAGE INC
914536,7363,SFN GROUP INC
914537,5812,BRAZIL FAST FOOD CORP
914538,5990,NEW WEST EYEWORKS INC
914539,8731,ROTARY POWER INTL INC
914565,2040,MANHATTAN BAGEL CO INC
914577,7990,TRANS WORLD CORP/NV
914596,2040,GRUPO INDUSTRIAL MASECA
914597,6726,G T GLOBAL DEV MKTS FD INC
914601,5122,AMWAY ASIA PACIFIC LTD
914605,3714,DEFLECTA-SHIELD CORP
914627,8060,HEALTHCARE AMER INC
914642,2060,LINCOLN SNACKS CO
914670,8744,CORRECTIONAL SERVICES CORP
914698,3576,XYLAN CORP
914712,7389,STEEL CONNECT INC
914713,6798,MILLS CORP
914723,5500,CONNA CORP
914724,6798,AMLI RESIDENTIAL PPTYS TR
914735,6798,MALAN REALTY INVESTORS INC
914749,4841,CAI WIRELESS SYSTEMS INC
914755,4931,ILLINOVA CORP
914764,6726,SCHRODER ASIAN GRWTH FD INC
914789,6035,SOUTHERN FINANCIAL BANCORP
914797,6726,WORLDWIDE DOLLARVEST FD INC
914834,6726,GLOBAL PRIVATIZATION FD INC
914923,7990,ANCHOR GAMING
914978,5190,CONSEP INC
915016,6411,NWH INC
915064,1600,GRUPO MEXICANO DESARROLLO
915127,8060,PHC INC/MA  -CL A
915191,6331,FAIRFAX FINANCIAL HOLDINGS
915197,3714,HILITE INDUSTRIES INC
915277,6020,CARNEGIE BANCORP
915281,7990,BOARDWALK CASINO INC
915290,7372,CONCORD COMMUNICATIONS INC
915320,2836,LEUKOSITE INC
915324,3663,TELULAR CORP
915355,3612,ORYX TECHNOLOGY CORP
915358,3672,SIGMATRON INTERNATIONAL INC
915359,2834,NEXSTAR PHARMACEUTICALS
915389,2800,EASTMAN CHEMICAL CO
915393,6020,AMB FINANCIAL CORP
915508,7372,CATALYST INTERNATIONAL INC
915509,4813,BROOKS FIBER PROPERTIES INC
915518,1311,3DX TECHNOLOGIES INC
915594,4813,CALL-NET ENTERPRISES  -CL B
915661,5140,GOLD COAST MINING CORP/FL
915684,7372,GRAPHIX ZONE INC
915765,6035,RELIANCE BANCORP INC
915766,9995,YIFAN COMMUNICATIONS INC
915773,6798,SUMMIT PROPERTIES INC
915775,2821,MCWHORTER TECHNOLOGIES INC
915778,3663,DSP GROUP INC
915779,3990,DAKTRONICS INC
915781,6331,RTW INC
915803,6794,QUIZNOS CORP
915840,1531,BEAZER HOMES USA INC
915842,6726,NATIONS GOVT INC TRM TR 2004
915846,3559,MOTORVAC TECHNOLOGIES INC
915859,8093,INTEGRA INC
915862,5500,PANTRY INC
915866,9995,LIVE MICROSYSTEMS INC
915867,7380,ALERT CENTRE INC
915870,7370,CERPLEX INC
915886,6726,SENIOR STRATEGIC INCM FD INC
915901,2835,INVERNESS MEDICAL TECHNOLGY
915909,5084,HIRSCH INTL CORP  -CL A
915910,3579,ELTRON INTERNATIONAL INC
915912,6798,AVALONBAY COMMUNITIES INC
915913,2810,ALBEMARLE CORP
915916,2834,ANESTA CORP
916065,4812,AMERICAN PAGING INC
916068,3640,CSL LIGHTING MFG INC
916071,6035,LFS BANCORP INC
916073,3576,ALANTEC CORP
916076,1400,MARTIN MARIETTA MATERIALS
916083,4833,NEW WORLD COMM GROUP  -CL A
916085,6324,HEALTH NET INC
916183,6726,PIMCO STRATEGIC INCOME FUND
916184,7370,ORBITTRAVEL.COM CORP
916230,7380,PROTECTION ONE INC
916232,3674,MELTRONIX INC
916235,7372,SONIC SOLUTIONS
916238,7372,MAPINFO CORP
916271,7830,SKYLINE MULTIMEDIA ENTMT INC
916298,5810,ATOMIC BURRITO INC
916301,6726,MORGAN STAN AFRICA INV FD
916304,6794,IGEN INC
916314,3317,WEBCO INDUSTRIES INC
916354,7372,OBJECTSHARE INC
916356,6324,EMPHESYS FINANCIAL GROUP INC
916365,5200,TRACTOR SUPPLY CO
916368,6726,EMERGING TIGERS FUND INC
916380,3826,DIASYS CORP
916391,6035,BAY RIDGE BANCORP INC
916395,6035,MARSHALLTOWN FINANCIAL CP
916396,6035,MFB CORP
916397,7372,SOFTDESK INC
916444,3845,PARADIGM MEDICAL INDS INC
916457,4991,CALPINE CORP
916460,3360,SOLIGEN TECHNOLOGIES INC
916481,6035,CONESTOGA BANCORP INC
916482,6035,PERPETUAL MIDWEST FINL INC
916484,6035,GREAT FINANCIAL CORP
916485,7363,TRANS GLOBAL SERVICES INC
916502,3823,TOTAL CONTROL PRODUCTS INC
916504,3480,REMINGTON ARMS COMPANY INC
916527,6036,NORTHWEST EQUITY CORP
916529,3690,AROTECH CORP
916530,6798,EQUITY INNS INC
916538,7363,OCTAGON INC
916540,2070,DARLING INGREDIENTS INC
916545,3580,TURBOCHEF TECHNOLOGIES INC
916604,6035,PERMANENT BANCORP INC
916605,6035,REDFED BANCORP INC
916606,7363,PERSONNEL MANAGEMENT INC
916607,5990,NATURES ELEMENTS HLDG CORP
916610,6282,CONCORD HOLDING CORP
916614,2834,IVC INDUSTRIES INC
916618,6726,MORGAN STAN INDIA INVT FUND
916619,6726,TCW/DW EMERGING MKTS OPP TR
916687,6726,MORGAN FUNSHARES
916691,7372,PC DOCS GROUP INTL INC
916704,7372,METASOLV INC
916713,6726,DELAWARE INVST GLOBL DIV INC
916759,7389,MECKLERMEDIA CORP -OLD
916789,3634,HELEN OF TROY LTD
916792,4991,AES CHINA GENERTG LTD  -CL A
916793,3576,SILICOM LTD
916822,6035,HOME BANCORP
916823,6162,UNITED FINANCIAL MTG CORP
916833,7373,COMET SOFTWARE INTL LTD
916835,5072,ARDEN INDUSTRIAL PRODS INC
916836,6798,JDN REALTY CORP
916837,6035,LONG ISLAND BANCORP INC
916844,4512,PAN AM CORP/FL
916863,4931,INTEGRYS HOLDING INC
916907,6036,SOUTHERN MISSOURI BANCP INC
916933,8351,CHILDRENS WONDERLAND INC
917062,7372,VISIGENIC SOFTWARE INC
917100,6726,INDIA FUND INC
917124,7370,INTERACTIVE INVESTOR INTL
917126,5812,QUALITY DINING INC
917157,6020,ISTITUTO MOBILIARE ITALIANO
917173,3679,VL DISSOLUTION CORP
917193,3452,KAYNAR TECHNOLOGIES INC
917225,1000,SOLITARIO ZINC CORP
917246,6351,EQUISURE INC
917251,6798,AGREE REALTY CORP
917253,9995,RAINWIRE PARTNERS INC
917273,6794,RAMBUS INC
917321,5190,FINISHMASTER INC
917331,6020,POINTE FINANCIAL CORP
917333,100,SAVIA SA DE CV
917335,3221,CRISTALCHILE-CRISTALER CHILE
917388,6726,HIGHLANDER INCOME FUND INC
917390,7372,MINNESOTA EDL COMPUTING CORP
917415,3674,TELCOM SEMICONDUCTOR INC
917470,5051,OLYMPIC STEEL INC
917471,9995,EBT INTERNATIONAL INC
917491,3829,FARO TECHNOLOGIES INC
917492,6726,SAFFRON FUND INC
917520,3842,INTEGRA LIFESCIENCES HOLDNGS
917523,3640,REVOLUTION LIGHTING TECHNLGS
917524,8721,TALX CORP
917629,6726,TAIWAN EQUITY FUND INC
917639,3661,CIDCO INC
917673,7363,CAREER HORIZONS INC  -VTG
917674,6324,HEALTH POWER INC
917684,1311,DAKOTA RESOURCES INC
917692,2330,MCNAUGHTON APPAREL GROUP INC
917707,4841,NUCENTRIX BROADBAND NETWORKS
917715,6726,NEW SOUTH AFRICA FUND INC
917731,2090,PACKAGED ICE INC
917734,3949,RIDE INC
917736,3674,PANDA PROJECT INC
917770,3357,FIBERCORE INC
917821,3842,UROMED CORP
917823,7373,PROPHET 21 INC
917851,1000,VALE SA
917857,1531,DOMINION HOMES INC
917951,6726,FIDELITY ADVR EMERG ASIA FD
917968,2090,PEET'S COFFEE & TEA INC
918022,3590,HASKEL INTL INC  -CL A
918023,6035,BARRINGTON BANCORP INC
918027,3760,HI-SHEAR TECHNOLOGY CORP
918040,4911,UNICOM CORP
918066,2834,GUILFORD PHARMACEUTICAL INC
918111,5661,JUST FOR FEET INC
918112,9995,NEUROBIOLOGICAL TECHN INC
918160,3312,AK STEEL HOLDING CORP
918184,6411,INTERSTATE NATL DEALER SVCS
918251,3690,MOTORCAR PARTS OF AMER INC
918252,1311,VASTAR RESOURCES INC
918265,6726,SCUDDER WORLD INCM OPTYS FD
918275,5080,KELLSTROM INDUSTRIES INC
918358,4841,WIRELESS ONE INC
918374,3571,INTEGRATED MICRO PRODS  -ADR
918377,3651,LAFAYETTE INDUSTRIES INC
918381,3825,WANDEL & GOLTERMANN TECHS
918386,3570,QLOGIC CORP
918387,7372,DIVERSINET CORP
918541,3562,NN INC
918545,2810,BALTIC INTL USA INC
918573,3690,GROOVE BOTANICALS INC
918577,3312,ROUGE INDUSTRIES INC
918578,3140,MAXWELL SHOE CO INC  -CL A
918580,3990,GAMING PARTNERS INTL CORP
918581,7370,CMTSU LIQUIDATION INC
918591,8000,INTEGRATED MEDICAL RESOURCES
918598,2741,KELLY RUSSELL STUDIOS INC
918608,1040,ELDORADO GOLD CORP
918642,3089,TRIPLE S PLASTICS INC
918646,3270,EAGLE MATERIALS INC
918647,3559,GASONICS INTERNATIONAL CORP
918653,3310,COLD METAL PRODUCTS INC
918664,6799,GOLD FIELDS SO AFRICA
918686,6726,MORGAN STAN EASTERN EUROPE
918708,6726,WESTERN ASST EMERG MKT FL RT
918709,4899,ACT TELECONFERENCING INC
918764,7900,LAS VEGAS MJR LEAGUE SPORTS
918765,3672,REPTRON ELECTRONICS INC
918858,5030,CAMERON ASHLEY BLDG PROD INC
918946,5065,BRIGHTPOINT INC
918958,6798,CRESCENT R E EQUITIES INC
918960,3669,FIRST ALERT INC
918963,6211,SALEX HOLDING CORP
918964,2211,INTERNATIONAL TEXTLE GRP INC
918965,5045,SCANSOURCE INC
918999,3559,DT INDUSTRIES INC
919004,6798,SMITH CHARLES E RES RLTY INC
919005,7372,PREISS (BYRON) MULTIMEDIA
919006,3577,CENTENNIAL TECHNOLOGIES INC
919007,6159,STANDARD FUNDING CORP
919010,7600,H E R C PRODUCTS INC
919012,5600,AMERN EAGLE OUTFITTERS INC
919013,7372,WAVE SYSTEMS CORP  -CL A
919015,2890,BIOSPHERE MEDICAL INC
919016,3270,MONROC INC
919044,4812,PALMER WIRELESS INC  -CL A
919045,3060,OMNI RAIL PRODUCTS INC
919048,3825,APPLIED DIGITAL ACCESS INC
919130,7370,ONSTREAM MEDIA CORP
919167,5812,BUGABOO CREEK STEAKHSE INC
919168,3842,U S MEDICAL PRODUCTS INC
919169,3567,NORTH AMER ADVANCED MATLS
919173,7372,SCANVEC AMIABLE LTD
919229,7997,GAMING WORLD INTL LTD
919234,3651,CAMBRIDGE SOUNDWORKS INC
919239,1040,GOLDCORP INC
919242,5912,OWEN HEALTHCARE INC
919273,5812,WOODROAST SYSTEMS INC
919274,4813,USTEL INC
919374,3663,SKYSAT COMM NETWORK  -CL A
919443,3021,LACROSSE FOOTWEAR INC
919461,2086,PEPSI-GEMEX SA DE CV
919548,7372,HUMMINGBIRD LTD
919549,3714,CAPCO AUTOMOTIVE PRODS
919550,3695,NIMBUS CD INTERNATIONAL INC
919553,6035,HARBOR FEDERAL BANCORP INC
919563,3743,MOTIVEPOWER INDUSTRIES INC
919567,6726,RENN FUND INC
919568,6035,DIME BANCORP INC
919570,3944,EDUCATIONAL INSIGHTS INC
919583,3559,STRASBAUGH
919611,2836,XECHEM INTERNATIONAL INC
919623,8731,QUINTILES TRANSNATIONAL CORP
919624,6036,HARVEST HOME FINANCIAL CORP
919628,5812,CKE RESTAURANTS INC
919640,7011,SUPERTEL HOSPITALITY INC-OLD
919642,3944,RADICA GAMES LTD
919646,3559,MICRION CORP
919708,6726,DEUTSCHE STRATEGIC INCOME TR
919721,4922,TRANS ENERGY INC
919722,2836,ASTEX PHARMACEUTICALS INC
919740,6035,MID CONTINENT BANCSHARES INC
919742,3721,WORLD SURVEILLANCE GROUP INC
919745,2836,DARA BIOSCIENCES INC
919746,7372,XCELLENET INC
919794,7372,ENLIVEN MARKETING TECH CORP
919805,6036,COASTAL BANCORP INC
919808,6726,MORGAN STAN ASIA PACIFIC FD
919859,6282,MACKENZIE FINANCIAL CORP
919862,5812,CHAMPPS ENTERTAINMENT INC
919864,6020,FINWARD BANCORP
919867,7900,MOVIEFONE INC  -CL A
919869,4700,CRONOS GROUP
919888,6035,WFS BANCORP INC
919893,6726,TEMPLETON DRAGON FUND INC
919898,6726,CORNERSTONE STRATEGIC RTN FD
919941,6162,NEWSTATE HOLDINGS INC
919943,4813,MCLEODUSA INC  -CL A
919956,8051,DIVERSICARE HEALTHCARE SVCS
919957,4841,COMCAST UK CABLE PRTN  -CL A
919964,3590,BETTIS CORP
919965,4953,THERMO TECH TECHNOLOGIES INC
919967,6020,GUARANTY FINANCIAL CORP/VA
919988,6141,FUSION ROAD INC
919991,1000,NEVSUN RESOURCES LTD
919998,2860,BUSH BOAKE ALLEN INC
919999,5045,PC SERVICE SOURCE INC
920000,3576,FORE SYSTEMS INC
920029,3559,FUSION SYSTEMS CORP
920033,2300,JOS A BANK CLOTHIERS INC
920038,7372,LEARN2.COM INC
920042,7841,VIDEO UPDATE INC  -CL A
920052,8090,RENAL CARE GROUP INC
920106,6099,GAME FINANCIAL CORP
920112,6020,HEARTLAND FINANCIAL USA INC
920114,6798,BEACON PROPERTIES CORP
920148,8071,LABORATORY CP OF AMER HLDGS
920173,8011,FPA MEDICAL MGMT INC
920214,7373,AREL COMMUNICATIONS & SFTWR
920231,4822,TRANSACTION NETWORK SVCS INC
920234,6035,BROOKLYN BANCORP INC
920321,2670,CENVEO INC
920354,7372,MRO SOFTWARE INC
920371,3420,SIMPSON MANUFACTURING INC
920374,3845,OPTEX BIOMEDICAL INC
920424,6211,INVESTMENT TECHNOLOGY GP INC
920426,3674,AMERICAN ELECTR COMPONENTS
920427,6020,UNITY BANCORP INC
920448,7370,BROADVISION INC
920464,3713,METROTRANS CORP
920465,2836,LA JOLLA PHARMACEUTICAL CO
920521,7363,ALTERNATIVE RESOURCES CORP
920522,6798,ESSEX PROPERTY TRUST
920526,6035,FIRST FEDERAL BNCSHS EAU CLR
920527,5047,PSS WORLD MEDICAL INC
920528,5812,PARADISE HOLDINGS INC
920532,7389,POINTER TELOCATION LTD
920600,6035,HORIZON FINANCIAL SERVICES
920603,6035,STANDARD FINANCIAL INC
920604,6035,OTTAWA FINANCIAL CORP
920605,6798,WINSTON HOTELS INC
920611,3576,MICOM COMMUNICATIONS CORP
920615,6035,STH CAROLINA CMNTY BNCSHRS
920616,6035,ML BANCORP INC
920636,3576,ANCOR COMMUNICATIONS INC
920645,3841,INTEG INC
920691,7372,TRIPOS INC
920707,7372,MAKEMUSIC INC
920755,4210,U S DELIVERY SYSTEMS INC
920758,3260,MIKASA INC
920760,1531,LENNAR CORP
920769,6035,WESTERN OHIO FINL CORP
920770,6035,FIRST KENT FINANCIAL CORP
920776,6798,GROVE PROPERTY TRUST
920854,4812,AQUIS COMMUNICATIONS INC
920856,6035,FSB FINANCIAL CORP
920863,7373,MICRO-INTEGRATION CORP
920865,6020,BCB FINANCIAL SERVICES CORP
920907,4213,BOYD BROS TRANSPORTATION INC
920909,7370,AVERT INC
920910,3555,INDIGO NV
920913,7812,CINAR CORP  -CL B
920941,7011,RED ROOF INNS INC
920945,6035,PENNFED FINANCIAL SVCS INC
920947,2836,NORTHFIELD LABORATORIES INC
920982,5070,EMCO LTD
920984,7372,ATRIA SOFTWARE INC
920985,6411,ABR INFORMATION SERVICES INC
920986,6035,TELEBANC FINANCIAL CORP
920990,7372,METRO ONE TELECOMM INC
920992,7373,TECHFORCE CORP
921030,2522,MITY ENTERPRISES INC
921044,5961,POSITIVE RESPONSE TELEVISION
921046,3621,OWOSSO CORP
921051,6036,TF FINANCIAL CORP
921082,6798,HIGHWOODS PROPERTIES INC
921083,6726,NATIONS BALANCD TARGT MAT FD
921085,6020,CENTRAL COAST BANCORP
921112,6798,LIBERTY PROPERTY TRUST
921114,2836,ARMATA PHARMACEUTICALS INC
921146,3576,ASCEND COMMUNICATIONS INC
921147,3661,COHERENT COMMUNICATIONS SYS
921150,3350,CASTECH ALUMINUM GROUP
921177,5912,THRIFTY PAYLESS HLDGS  -CL B
921183,6035,HMN FINANCIAL INC
921184,6035,IOWA BANCORP INC
921187,6726,MORGAN STAN GLBL OPTY BD FD
921299,2836,FIBROGEN INC
921301,7372,WAVEFRONT TECHNOLOGIES INC
921313,3663,VIEWCAST.COM INC
921363,6035,TROY HILL BANCORP INC
921365,3672,MERIX CORP
921366,3949,VARIFLEX INC
921433,1389,COMPUTALOG LTD
921435,6035,BEDFORD BANCSHARES INC
921438,7359,PDS GAMING CORP
921439,2835,ZYMETX INC
921445,3674,SEMICONDUCTOR LASER INTL CP
921500,2750,CONSOLIDATED GRAPHICS INC
921503,3990,BLYTH INC
921506,2836,CV THERAPEUTICS INC
921512,4953,ERD WASTE CORP
921547,6020,HERITAGE OAKS BANCORP
921549,4400,TRICO MARINE SERVICES INC
921550,5122,MODEL IMPERIAL INC
921557,6020,REPUBLIC BANCORP INC/KY
921559,6153,KBK CAPITAL CORP
921563,9995,INTERIORS INC  -CL A
921581,6035,JEFFERSON BANCORP INC/LA
921582,3861,IMAX CORP
921584,6411,CROP GROWERS CORP
921590,6020,VALLEY FINANCIAL CORP
921612,8011,COMPANY DOCTOR
921614,5140,FRESH AMERICA CORP
921620,3690,UNITECH INDUSTRIES INC
921623,9995,PACIFICAMERICA MONEY CENTER
921638,1040,SSR MINING INC
921671,6726,GABELLI MULTIMEDIA TRUST INC
921685,3990,CHILDROBICS INC
921691,3140,COLE KENNETH PROD INC  -CL A
921692,6036,LAKEVIEW FINANCIAL CORP
921738,7990,PENN NATIONAL GAMING INC
921742,4832,CITADEL COMMUNICATIONS CORP
921744,6798,PARAGON GROUP INC
921746,6036,BANCORP CONN INC
921753,6794,IPI INC
921754,1040,SANTA FE PACIFIC GOLD CORP
921756,7990,GOLF ENTERPRISES INC
921767,6798,CAPSTONE CAPITAL CORP
921768,6035,BBX CAPITAL CORP -OLD
921825,6798,FIRST INDL REALTY TRUST INC
921847,6035,HUDSON CITY BANCORP INC
921863,6141,EAGLE FINANCE CORP
921878,5122,FAMILYMEDS GROUP INC
921898,3577,ACCENT COLOR SCIENCES INC
921905,1311,XAVIER CORP
921915,3949,RAWLINGS SPORTING GOODS INC
921941,1311,MCMORAN OIL & GAS CO
921946,6798,AMBASSADOR APARTMENTS INC
921947,5013,AERTE GROUP PLC
921960,3844,PHOTOELECTRON CORP
922023,3661,WIDECOM GROUP INC
922036,6035,ENTERPRISE FED BANCORP INC
922200,5122,FUTUREBIOTICS INC
922204,3663,RF MONOLITHICS INC
922224,4911,PPL CORP
922226,7340,ISS WORLD SERVICES A/S
922237,3714,ENOVA SYSTEMS INC
922244,6020,MAIN STREET BANKS INC
922247,2836,CYCLO THERAPEUTICS INC
922251,3949,FOTOBALL USA INC
922265,6035,AMERICAN FSB GREENVILLE SC
922285,9995,GEOWORKS CORP
922321,3523,CASE CORP
922341,4400,SEABULK INTERNATIONAL INC
922354,1040,CAMBIOR INC
922358,5900,FERRELLGAS PARTNERS  -LP
922404,5900,ALL STAR GAS CORP
922405,3241,GIANT CEMENT HOLDING INC
922471,7510,BUDGET GROUP INC  -CL A
922475,8200,ITT EDUCATIONAL SERVICES INC
922487,6020,ROYAL BANCSHARES/PA  -CL A
922488,7200,TECHSYS INC
922503,4832,HISPANIC BROADCASTING  -CL A
922515,4841,VIDEOTRON HOLDINGS PLC  -ADR
922519,7812,CINERGI PICTURES ENTMT INC
922520,7370,OVID TECHNOLOGIES INC
922521,7373,FALCONSTOR SOFTWARE INC
922597,6351,MOUNTBATTEN INC
922612,3823,SCHMITT INDUSTRIES INC/OR
922621,6411,ERIE INDEMNITY CO
922624,5122,AMWAY JAPAN LTD
922658,7372,ZI CORP
922712,2030,UNIMARK GROUP INC
922717,8062,CHINDEX INTL INC
922723,3577,MEDPLUS INC/OH
922810,5961,GEERLINGS & WADE INC
922811,6200,TRACK DATA CORP
922812,2452,AMERICAN HOMESTAR CORP
922814,2834,VIRBAC CORP
922817,5700,WELCOME HOME INC
922821,8071,ONCORMED INC
922862,2670,GREENSTONE INDUSTRIES INC
922863,4213,QUALITY DISTRIBUTION INC
922864,6798,APARTMENT INVST & MGMT CO
922865,3652,INTEGRITY MEDIA INC
922867,2320,CARLYLE GOLF INC
922868,1600,NESCO INC
922871,3572,MINISTOR PERIPHERALS INTL
922872,2835,MEDISENSE INC
922888,7363,CAREERSTAFF UNLIMITED
922932,3669,SILENT WITNESS ENTERPRISES
922960,2860,NOVA CHEMICALS CORP
922978,5200,TREND-LINES INC  -CL A
922980,8051,THERATX INC
923020,8051,NEWCARE HEALTH CORP
923118,6798,HOME PROPERTIES INC
923120,3743,GREENBRIER COS INC (THE)
923139,6020,FLUSHING FINANCIAL CORP
923141,7370,CSI COMPUTER SPECIALISTS INC
923149,2253,MARISA CHRISTINA
923151,3714,TRUCK COMPONENTS INC
923168,4899,UNILAVA CORP
923282,4841,GEMSTAR-TV GUIDE INTL INC
923284,6798,INLAND REAL ESTATE CORP
923286,3440,FALCON BLDG PRODS INC  -CL A
923336,6020,WEST COAST BANCORP/OR  -OLD
923408,5990,GARDEN RIDGE CORP
923410,7389,PMT SERVICES INC
923472,7011,DOUBLETREE CORP
923473,2452,PALM HARBOR HOMES INC
923529,6020,COOPERATIVE BANKSHARES INC
923571,4210,US XPRESS ENTRPRS INC
923601,3651,SINGING MACHINE CO INC
923603,6798,FELCOR LODGING TRUST INC
923604,4950,AQUAGENIX INC
923662,3944,HAPPINESS EXPRESS INC
923680,6792,DOMINION RES BLACK WARRIOR
923687,6799,SECURITY CAP GRP INC  -CL B
923794,3843,PHOENIX SHANNON PLC  -ADR
923796,8744,GEO GROUP INC
923808,6799,MACC PRIVATE EQUITIES INC
923855,3844,FLUOROSCAN IMAGING SYS INC
923877,4833,ION MEDIA NETWORKS INC
923899,9995,MEDICALOGIC/MEDSCAPE INC
923978,3231,CONVERSION TECHNOLOGIES INTL
924095,6726,WATERSIDE CAPITAL CORP
924101,5065,OSE USA INC
924117,3715,DORSEY TRAILERS INC
924140,5651,GADZOOKS INC
924146,2750,BIG FLOWER HOLDINGS INC
924168,3640,ENERGY FOCUS INC
924174,8082,CORAM HEALTHCARE CORP
924285,6035,FFVA FINANCIAL CORP
924370,6035,FSF FINANCIAL CORP
924373,7990,SPORTS CLUB CO INC
924374,5045,CHS ELECTRONICS INC
924380,5945,GREAT TRAIN STORE CO
924383,3651,GENASYS INC
924505,7374,INTRADO INC
924515,3845,GUIDED THERAPEUTICS INC
924613,3663,NOKIA CORP
924632,3357,INTL FIBERCOM INC
924635,5200,ERNST HOME CENTER INC
924645,2750,MEDIA ARTS GROUP INC
924646,7363,MPS GROUP INC
924648,3320,CITATION CORP/AL
924654,2836,RIBOGENE INC
924664,6798,SECURITY CAP ATLANTIC INC
924677,3440,JANNOCK LTD
924717,6794,SURMODICS INC
924719,3272,SMITH-MIDLAND CORP
924767,6311,INA-ISTITUTO NAZ ASSICURAZ
924774,1623,AMERILINK CORP
924805,6211,FREEDOM HOLDING CORP
924822,3713,MILLER INDUSTRIES INC/TN
924829,3670,PEMSTAR INC
924835,3640,TIVOLI INDUSTRIES INC
924862,2834,ALGOS PHARMACEUTICAL CORP
924896,5812,ROCK BOTTOM RESTAURANTS INC
924900,4812,CLEARNET COMMUN INC  -CL A
924901,6798,MACK-CALI REALTY CORP
924919,5812,RAINFOREST CAFE INC
924921,2835,TCPI INC
924926,6726,LATIN AMERICA SMALLER COS FD
924940,8742,DIAMOND MANAGEMENT & TECHNL
925004,4899,GLOBAL ITECHNOLOGY INC
925006,3564,IONIC FUEL TECHNOLOGY INC
925050,5331,GRUPO ELEKTRA SA DE CV
925052,8071,LABORATORY SPECIALISTS AMER
925054,3663,SPECTRIAN CORP
925063,7389,TRANSMEDIA ASIA PACIFIC INC
925170,7363,INPHYNET MED MGMT INC
925172,9995,MKR HOLDINGS
925174,3842,CORVITA CORP
925178,7841,MOVIE GALLERY INC
925259,9997,GRUPO KUO SAB DE CV
925260,2711,TIMES MIRROR CO  -SER A
925261,2086,EMBOTELLADORA ANDINA SA
925262,2631,BIO PAPPEL SAB DE CV
925267,6798,EVANS WITHYCOMBE RESIDENTIAL
925269,1623,OMNIAMERICA INC
925288,7372,ON TECHNOLOGY CORP
925363,7370,COMPUCARE INC
925436,4841,BELL CABLEMEDIA PLC  -ADR
925464,6020,SECURITY BANK CORP
925524,7372,SEEC INC
925527,1220,CHINA ENERGY RESOURCES CORP
925528,5070,HUDSON TECHNOLOGIES INC
925538,7373,LORONIX INFORMATION SYS INC
925543,2330,SIRENA APPAREL GROUP INC
925544,5944,PIERCING PAGODA
925548,3460,TOWER AUTOMOTIVE INC
925558,6798,WEEKS CORP
925600,6331,GORAN CAPITAL INC
925601,5063,CABLETEL COMMUNICATIONS CORP
925602,4100,COMMUNITY MEDICAL TRANSPORT
925610,3949,ROLLERBALL INTERNATIONAL INC
925645,4833,CENTRAL EUROPEAN MEDIA
925655,4961,TRIGEN ENERGY CORP
925677,6726,AMERICAS GROWTH FUND INC
925683,6726,HANCOCK (JOHN) FINL OPPTY FD
925712,2084,R H PHILLIPS INC
925721,1000,KWG RESOURCES INC
925722,6035,MILTON FEDERAL FINANCIAL CP
925741,2836,BIOCARDIA INC
925743,3678,ADFLEX SOLUTIONS INC
925779,5812,PHOENIX RESTAURANT GROUP INC
925869,2731,WAVE TECHNOLOGIES INTL INC
925894,2835,NANOBAC PHARMACEUTICAL
925908,2090,COFFEE PEOPLE INC
925928,4899,TELSCAPE INTERNATIONAL INC
925942,1220,ZEIGLER COAL HOLDING CO
925956,7990,TIX CORP
925963,6035,SOUTHFIRST BANCSHARES INC
925964,4911,SHANDONG HUANENG POWER DEV
925966,3841,STERILE CONCEPTS HOLDING INC
926008,2821,CHANDRA ASRI PETROCHEMICAL
926019,7372,OPEN MARKET INC
926039,6035,LIFE BANCORP INC
926042,3711,TATA MOTORS LTD
926075,4911,AES ANDES SA
926134,4813,USN COMMUNICATIONS INC
926164,6020,PROVIDENT COMMUN BANCSHS INC
926202,5122,BARBERS HAIRSTYLING FOR MEN
926234,6531,PRIME MANAGEMENT GROUP INC
926259,7363,SOLOMON-PAGE GROUP LTD
926282,3661,ADTRAN INC
926295,5812,BOSTON RESTAURANT ASSOC INC
926296,6159,FIRST MERCHANTS ACCEP CORP
926326,3559,OMNICELL INC
926331,7372,VIZACOM INC
926366,4812,NORTHEAST DIGITAL NETWORKS
926423,3829,MIND TECHNOLOGY INC
926431,6726,FIDELITY ADVISOR KOREA FD
926474,3730,MERIDIAN SPORTS INC
926479,1040,MINEFINDERS CORP LTD
926505,6726,GREENWICH STREET CA MUNI FD
926613,1531,CENTURY BUILDERS GROUP INC
926617,2835,ASPIRA WOMENS HEALTH INC
926683,2834,LABORATORIO CHILE SA
926763,3531,A S V INC
926764,7380,HOLMES PROTECTION GROUP INC
926844,9995,CHINA BOTANIC PHARMACEUTICAL
926849,7373,DATA SYSTEMS NETWORK CORP
926861,6798,FIRST WASHINGTON RLTY TR INC
926864,4911,ENEL GENERACION CHILE SA
926866,6798,INNKEEPERS USA TRUST
926966,6020,ALABAMA NATL BANCORPORATION
926978,2082,FREDERICK BREWING CO
927003,3679,ADVANCED ENERGY INDS INC
927066,8090,DAVITA INC
927102,6798,AMERIVEST PROPERTIES INC
927122,8000,PROFESSIONAL SPORTS CARE MGM
927133,7372,CYBERGUARD CORP
927313,6035,FIRST FAMILY FINANCIAL CORP
927355,5065,TESSCO TECHNOLOGIES INC
927362,3559,PRI AUTOMATION INC
927417,2200,POLYMER GROUP INC
927426,1040,CENTRAL MINERA CORP
927454,2670,ALLIED SECURITY INNOVATIONS
927456,7370,CAREDATA.COM INC
927471,7990,SENIOR TOUR PLAYERS DEVL INC
927558,4100,NOUVEAU HOLDINGS LTD
927600,1311,ALBERTA ENERGY CO LTD
927628,6141,CAPITAL ONE FINANCIAL CORP
927643,5945,PLAY CO TOYS & ENTMT CORP
927653,5122,MCKESSON CORP
927717,6020,BENSON FINANCIAL CORP
927720,4832,SPANISH BROADCASTING SYS INC
927760,5700,STROUDS INC
927761,2836,MYMETICS CORP
927806,5600,BABY SUPERSTORE INC
927807,6020,INTERVEST BANCSHARES CORP
927809,4213,ASCHE TRANSPORTATION SVCS
927810,6726,FORGN&CLNL EMRG MDDL EAST FD
927829,2834,NITROMED INC
927856,7812,INTEGRATED COMMUN NETWRK INC
927914,7200,ALDERWOODS GROUP INC
927970,3714,SINTER METALS INC  -CL A
927971,6020,BANK OF MONTREAL
927993,1040,METALLICA RESOURCES INC
928022,1311,CALLON PETROLEUM CO/DE
928054,2810,FLOTEK INDUSTRIES INC
928063,7310,UNIVERSAL OUTDOOR HLDGS INC
928064,3715,FEATHERLITE INC
928065,5812,MACHEEZMO MOUSE RESTAURANTS
928155,7200,EQUITY CORP INTERNATIONAL
928156,5200,CENTRAL TRACTOR FARM & CTRY
928242,1311,MORAN ENERGY INC
928340,4941,CONSOLIDATED WATER CO INC
928358,6035,GOLDEN STATE BANCORP INC
928366,3341,SIMS LTD
928395,5141,U S FOODSERVICE INC
928403,2721,LOTTO WORLD INC
928420,3560,COHESANT TECHNOLOGIES INC
928421,3559,MATTSON TECHNOLOGY INC
928422,3714,WESCAST INDUSTRIES  -CL A
928423,7948,EQUUS GAMING CO  -LP
928451,3050,PURETEC CORP
928465,5190,AMCON DISTRIBUTING CO
928507,4841,CABLEMAXX HOLDINGS INC
928592,6035,PVF CAPITAL CORP
928599,7323,DUFF & PHELPS CREDIT RTNG CO
928609,6726,ALLIANCE ALL-MKT ADVANTGE FD
928658,4213,COVENANT LOGISTICS GROUP INC
928659,4812,TELETOUCH COMMUNICATIONS INC
928663,6020,SCOTIABANK PERU SA
928697,7011,KAHLER REALTY CORP
928735,6798,STORAGE TRUST REALTY
928737,3613,CONTROL DEVICES INC
928753,7372,BUSINESS OBJECTS SA
928810,1311,ESPRIT ENERGY TRUST
928876,3674,TOWER SEMICONDUCTOR LTD
928878,3663,ORTEL CORP
928908,3140,FLORSHEIM GROUP INC
928911,6020,CASCADE FINANCIAL CORP
928950,3350,CHASE INDUSTRIES INC
928953,6512,PILLARSTONE CAPITAL REIT
928966,2834,ASTRA AB
929008,5063,WESCO INTL INC
929031,6331,PAULA FINANCIAL/DE
929035,5190,THOMPSON PBE INC
929037,3714,EDELBROCK CORP
929058,4911,HUANENG POWER INTERNATIONAL
929061,5122,5TH AVE CHANNEL CORP
929180,6726,SALOMON PHIBRO OIL TR
929186,6331,FIRST MERCURY FINANCIAL CORP
929223,6512,RESURGENCE PROPERTIES INC
929245,7389,ATI INC
929299,3089,MICROTEK MEDICAL HLDGS INC
929313,3829,ALCOHOL SENSORS INTL LTD
929351,7812,LIONS GATE ENTERTAINMENT CP
929428,5940,OFFICEMAX INC-OLD
929454,6798,GLENBOROUGH REALTY TRUST INC
929457,7372,EPIC DESIGN TECHNOLOGY INC
929470,5940,SPORTS AUTHORITY INC-OLD
929473,3567,THERMATRIX INC
929522,4412,PACIFIC BASIN BLK SHIPNG LTD
929528,8111,KAYE KOTTS ASSOCIATES INC
929544,4812,USA MOBILE COMM HLDGS  -CL A
929545,6798,CONDOR HOSPITALITY TR INC
929546,1700,DUALSTAR TECHNOLOGIES CORP
929547,2834,INKINE PHARMACEUTICAL CO INC
929548,2834,ORPHAN MEDICAL INC
929549,6035,FED ONE BANCORP INC
929646,6035,EAST TEXAS FINL SERVICES INC
929647,6798,PRICE LEGACY CORP
929648,7370,CORNERSTONE INTERNET SOLTNS
929697,2810,GENERAL CHEMICAL GROUP INC
929700,4812,INDOSAT TBK
929757,4899,T-NETIX INC
929771,5961,GENEVE CORP
929775,3825,TANISYS TECHNOLOGY INC
929807,3822,THERMOSPECTRA CORP
929846,3674,INTEGRATED SENSOR SOLUTIONS
929869,2721,RELX PLC
929872,2721,RELX NV
929887,8200,APOLLO EDUCATION GROUP INC
929900,3841,VIDAMED INC
929929,7011,CHARTWELL LEISURE INC
929941,7990,FAMILY GOLF CENTERS INC
929987,3841,GUIDANT CORP
929994,8300,ASSISTED LIVING CONCEPTS INC
930043,2200,INTL STRETCH PRODS
930090,3826,INTELLIGENT MED IMAGING INC
930095,2870,EDEN BIOSCIENCE CORP
930114,5940,GAYLORD COMPANIES INC
930157,7340,
930159,4955,CONSOLIDATED ECO-SYSTEMS INC
930182,6035,FRANKFORT FIRST BANCORP INC
930184,2834,VALEANT PHARMACEUTICALS -OLD
930203,6035,CKF BANCORP INC
930236,6798,REDWOOD TRUST INC
930239,4512,WESTERN PACIFIC AIRLINES INC
930242,4813,TELMEX CORP SA
930245,9995,GLOBAL ACQUISITIONS CORP
930277,6035,COMMUNITY INVS BANCORP INC
930278,1311,ARAN ENERGY PLC
930309,5411,DELHAIZE GROUP - ETS DLHZ FR
930373,6035,TWIN CITY BANCORP INC
930405,6035,LSB FINANCIAL CORP
930420,7363,KFORCE INC
930429,6035,MONTEREY BAY BANCORP INC
930436,3652,NEWSTAR MEDIA INC
930481,3842,SYMPHONIX DEVICES INC
930541,6035,MSB FINANCIAL INC
930542,3669,INTERLOGIX INC
930543,2084,VINA CONCHA Y TORO SA
930548,6798,RECKSON ASSOCS REALTY CORP
930553,2834,ISTA PHARMACEUTICALS INC
930599,3674,ORBIT SEMICONDUCTOR INC
930610,8011,PHYSICIAN RELIANCE NETWORK
930686,5812,WESTERN SIZZLIN CORP
930708,7372,ANDYNE COMPUTING LTD
930735,2421,CROWN PACIFIC PARTNERS  -LP
930738,4812,WESTERN WIRELESS CORP  -CL A
930775,3845,ENCISION INC
930795,3751,CANNONDALE CORP
930796,7011,HAMMONS JOHN Q HOTELS  -CL A
930803,3577,HAUPPAUGE DIGITAL INC
930828,6726,TEMPLETON RUSSIA & E EURO FD
930836,6035,SJS BANCORP INC
930884,7372,FRACTAL DESIGN CORP
930885,7372,DOCUMENTUM INC
931015,3790,POLARIS INC
931058,4833,LIN TELEVISION CORP
931059,8062,RENNOVA HEALTH INC
931066,6035,GATEWAY BANCORP INC/KY
931069,4924,METROGAS SA
931073,7389,TELEHUBLINK CORP
931074,6035,PERRY COUNTY FINANCIAL CORP
931085,7830,CINEMASTAR LUXURY THEATERS
931125,3541,BRIDGEPORT MACHINES INC
931148,3620,GRAFTECH INTERNATIONAL LTD
931154,3578,INTL VERIFACT INC
931183,4812,ASSOCIATED GROUP INC  -CL A
931332,6020,HORIZON BANCORP
931336,2020,DEAN FOODS CO
931427,1311,TRANSPORTADORA DE GAS SUR
931428,6020,BBVA COLUMBIA SA
931457,3714,UNIVERSAL AUTOMOTIVE INDS
931581,4991,KTI INC
931583,8711,ENRON GLOBAL PWR & PIPELINES
931584,3312,UNVL STAINLESS & ALLOY PRODS
931588,6199,AFP PROVIDA SA
931612,700,PET PRACTICE INC
931683,6512,LITTLEFIELD CORP
931686,2834,DEPOTECH CORP
931688,2320,BIG SMITH BRANDS INC
931702,8000,ORTHOSYNETICS INC
931707,6211,MAXCOR FINANCIAL GROUP INC
931782,8060,MEDCATH INC
931784,7372,CAPTARIS INC
931814,2510,BROWN JORDAN INTL INC
931871,6020,ATLANTIC BANCORPORATION
931911,7363,WESTAFF INC
931947,2090,CHINA HUAREN ORGANIC PRODS
931948,1090,STILLWATER MINING CO
932021,3663,GLOBAL TECHNOLOGIES LTD
932064,7372,RSA SECURITY INC
932088,3576,NETWORK CONNECTION INC
932089,4812,PRICELLULAR CORP  -CL A
932110,4731,KITTY HAWK INC
932111,3674,MICREL INC
932112,7372,APPLIX INC
932113,3861,VIDEONICS INC
932129,3716,SMC CORPORATION
932130,2052,NABISCO HOLDINGS CORP  -CL A
932132,2631,CONCORDIA PAPER HLDGS  -ADR
932140,4813,E SPIRE COMMUNICATIONS INC
932181,1311,ENERGY SEARCH INC
932203,7372,MICROTEC RESEARCH INC
932277,6411,ENVOY CORP
932278,6141,AEGIS CONSUMER FDG GROUP INC
932279,7373,BTG INC
932280,7373,PHAMIS INC
932290,7372,CENTERSPAN COMMUN CORP
932352,2836,URIGEN PHARMACEUTICALS -REDH
932372,3851,SPY INC
932422,5090,BOLLE AMERICA INC
932424,7363,STAT HEALTHCARE INC
932470,4812,TELECOM ARGENTINA
932508,4213,POLAR EXPRESS CORP
932554,4833,HUNGARIAN BROADCASTING CORP
932623,5812,RED HOT CONCEPTS INC
932628,5900,AMERIGAS PARTNERS  -LP
932631,2835,OSTEX INTERNATIONAL INC
932694,3661,ADVANCED VOICE TECHNOLOGIES
932695,3510,CHINA YUCHAI INTERNATIONAL
932696,5045,INSIGHT ENTERPRISES INC
932697,6035,FIRST BELL BANCORP INC
932698,5961,BRYLANE INC
932699,5900,AMERICAN POWER GROUP CORP
932772,7370,PROTOSOURCE CORP
932780,6020,CFB BANCORP INC
932781,6020,FIRST COMMUNITY CORP/SC
932787,3674,STMICROELECTRONICS NV
932790,5734,NEOSTAR RETAIL GROUP INC
932793,4841,SKY PLC
932872,4841,SHAW COMMUNICATIONS INC-CL B
932903,2836,AVIGEN INC
932980,3674,INFORMATION STORAGE DEVICES
932985,3564,UNITED AIR SPECIALISTS INC
933020,3578,GLOBAL PAYMENT TECHNOLOGIES
933034,3714,STRATTEC SECURITY CORP
933036,7350,RENT-A-CENTER INC
933091,7372,CONCENTRA CORP
933098,5812,CREATIVE HOST SERVICES INC
933136,6162,MR COOPER GROUP INC
933141,6020,IBERIABANK CORP
933151,7819,ALLIED DIGITAL TECHNOLOGIES
933157,1311,AURORA OIL & GAS CORP
933166,6726,SIRROM CAPITAL CORP
933267,6512,IRSA INVERSIONES Y REPSTN SA
933353,3661,U S ROBOTICS CORP
933401,4812,GLOBALSTAR TELECOMM LTD
933404,6035,MISSISSIPPI VIEW HOLDING CO
933405,4731,ATC TECHNOLOGY CORP
933425,5812,ITALIAN OVEN INC
933452,3572,STORAGE COMPUTER CORP
933454,7372,VOXWARE INC
933461,6035,FIRST FEDERAL BANCORP/MN
933524,7372,GENERAL MAGIC INC
933583,4812,SHARED TECHNOLOGIES CELLULAR
933586,7370,OMNI MULTIMEDIA GROUP INC
933589,4213,PST VANS INC
933590,6020,YOUR COMMUNITY BANKSHARES
933730,6794,MARVEL ENTERTAINMENT INC
933733,7372,VIANET TECH GROUP LTD
933738,1311,ENGLOBAL CORP
933745,2834,MIRAVANT MEDICAL TECHNOLGIES
933955,3577,AMEDIA NETWORKS INC
933972,3580,374WATER INC
933974,8731,BROOKS AUTOMATION INC
934006,7200,INTERNATIONAL DIVERSIFIED
934011,1540,R F MANAGEMENT CORP
934094,3845,EXOGEN INC
934203,6035,HARRINGTON FINL GROUP INC
934280,7374,CYBERSOURCE CORP
934302,6020,FIRST SOUTHN BANCSHARES INC
934306,7374,CONVERSION SERVICES INTL INC
934379,3564,LAMINAIRE CORP
934380,8050,JUST LIKE HOME INC
934385,3559,OPAL INC
934438,3841,PERCLOSE INC
934473,2834,GENVEC INC
934494,7310,KATZ MEDIA GROUP INC
934509,5940,PAPER WAREHOUSE INC
934520,7373,KNOWLEDGE MECHANICS GROUP
934538,6035,TECHE HOLDING CO
934539,8742,INTIME SYSTEMS INTL INC-CL A
934541,6035,AMTRUST CAPITAL CORP
934547,6020,BANK KY FINANCIAL CORP
934548,7320,NATIONAL MEDICAL FINL SVC CP
934549,6794,ACACIA RESEARCH CORP
934550,3559,SEMITOOL INC
934590,1623,MCDERMOTT (J RAY) S A
934592,2836,ALLERGAN LIGAND RETND THERAP
934596,3577,STB SYSTEMS INC
934598,6035,BANK WEST FINANCIAL CORP
934599,7011,STUDIO PLUS HOTELS INC
934612,4011,BURLINGTON NORTHERN SANTA FE
934620,3576,NETVANTAGE INC  -CL A
934648,7948,SPEEDWAY MOTORSPORTS INC
934649,2891,ADCO TECHNOLOGIES INC
934650,2040,RIVIANA FOODS INC
934651,2452,BELMONT HOMES INC
934739,6020,WELLS FINANCIAL CORP
934741,3674,SDL INC
934747,3350,COMMONWEALTH INDUSTRIES INC
934749,1600,MEADOW VALLEY CORP
934795,2330,EVERLAST WORLDWIDE INC
934849,3845,ELECTROPHARMACOLOGY INC
934851,3569,SYSTEMONE TECHNOLOGIES INC
934852,5110,U S OFFICE PRODUCTS CO
934853,5122,SEL-LEB MARKETING INC
934860,6035,SOBIESKI BANCORP INC
934924,9995,TAL WIRELESS NETWORKS INC
934936,2834,SCOLR PHARMA INC
935001,7370,HCIA INC
935007,8741,HORIZON HEALTH CORP
935016,8731,PHOENIX INTL LIFE SCIENCES
935036,7370,ACI WORLDWIDE INC
935037,6020,JAMES RIVER BANKSHARES INC
935063,6035,DOWNEY FINANCIAL CORP
935066,5812,SHELLS SEAFOOD RESTRNTS INC
935155,2836,PHARMAPRINT INC
935226,5812,BENIHANA INC
935322,7372,ECOMETRY CORP
935418,7372,VIASOFT INC
935419,5810,RCI HOSPITALITY HLDGS INC
935493,9995,AZZURRA HOLDING CORP
935494,7372,NATIONAL INSTRUMENTS CORP
935495,7372,TGV SOFTWARE INC
935496,7389,MULTI-MEDIA TUTRIAL SVCS INC
935497,7372,MDSI MOBILE DATA SOLUTIONS
935499,5812,WSR ENERGY RESOURCES INC
935503,3523,AG CHEM EQUIPMENT INC
935678,4213,AMPACE CORP
935703,5331,DOLLAR TREE INC
935724,6351,PMI GROUP INC
935802,5063,ANICOM INC
935814,5172,GRIFFITH CONSUMERS CO INC
935897,6798,CROCKER REALTY TRUST INC
935930,6035,COASTAL FINANCIAL CORP/DE
935937,6331,TERRA NOVA BERMUDA  -CL A
936094,5084,LINC CAPITAL INC
936130,3661,VISEON INC
936163,4813,EQUALNET COMMUNICATIONS CP
936167,1400,DIA MET MINERALS LTD  -CL B
936263,6036,NORTH SIDE SVGS BK BRONX N Y
936287,5412,CIRCLE K CORP
936301,6020,U S TRUST CORP
936340,4931,DTE ENERGY CO
936372,6311,LIBERTY FINANCIAL COS INC
936395,3661,CIENA CORP
936402,2836,SHIRE PLC
936404,6726,WINFIELD CAPITAL CORP
936448,3577,NUMBER NINE VISUAL TECH CORP
936468,3760,LOCKHEED MARTIN CORP
936528,6020,WASHINGTON FEDERAL INC
936537,2836,PROGENITOR INC
936653,7372,REMEDY CORP
936734,3577,DIAMOND MULTIMEDIA SYS INC
936836,6020,FIRST CHARTER BANK NA
936931,7389,SOURCECORP INC
937015,2084,RAVENSWOOD WINERY INC
937098,8742,TRINET GROUP INC
937136,1311,HYPERDYNAMICS CORP
937251,7372,LIFERATE SYSTEMS INC
937256,1700,ENVIROQ CORP
937265,5961,HELLO DIRECT INC
937266,7372,C ATS SOFTWARE INC
937289,3845,SEAMED CORP
937556,3845,MASIMO CORP
937598,3661,PERIPHONICS CORP
937599,5013,BELL ROSE CAP INC
937603,7373,SOCRATES TECHNOLOGIES CORP
937688,6035,FIDELITY FINL BANKSHARES CP
937931,1700,USA BRIDGE CONSTRUCTION/NY
937941,5961,PCM INC
937948,8742,RENAISSANCE SOLUTIONS INC
937951,2611,ASIA PAC RES INTL HLD  -CL A
937965,6141,GENERAL ACCEPTANCE CORP
937966,3559,ASML HOLDING NV
937971,3672,ACT MANUFACTURING INC
938113,1040,BRIGUS GOLD CORP
938145,3350,EASCO INC
938320,9995,PROLOGIC MANAGEMENT SYS INC
938323,8200,PEARSON PLC
938348,2013,FOODBRANDS AMERICA INC
938380,6726,PUTNAM HIGH INCOME OPP TR
938481,7372,DATASTREAM SYSTEMS INC
938578,7370,HOMESEEKERS.COM INC
938605,3949,SNAKE EYES GOLF CLUBS INC
938733,3661,PREMISYS COMMUNICATIONS INC
938839,5110,BOISE CASCADE OFFICE PDS CP
939187,6020,SAN PAOLO-IMI SPA
939729,5082,WESTERN PWR & EQUIP CORP
939730,7372,EXPERT SOFTWARE INC
939767,2836,EXELIXIS INC
939897,6162,STREET CAPITAL GROUP INC
939915,4841,NYNEX CABLECOMMS GROUP PLC
939927,6331,PEMBRIDGE INC
939928,6035,LOGANSPORT FINANCIAL CORP
939929,6035,NS & L BANCORP INC
939930,5190,PYXUS INTERNATIONAL INC
940033,7372,OPEN ENVIRONMENT CORP
940170,4931,ENOVA CORP
940183,3851,SERENGETI EYEWEAR INC
940298,3679,MANUFACTURERS SERVICES LTD
940332,3674,ANADIGICS INC
940510,5940,BORDERS GROUP INC
940518,3690,N VISION INC
940519,2621,ASIA PULP & PAPER LTD
940659,3845,ENDOCARDIAL SOLUTIONS INC
940672,3652,IMPRINT RECORDS INC
940711,6035,FORT THOMAS FINANCIAL CORP
940716,7370,PSINET INC
940800,1700,MORO CORP
940941,6036,HAYWOOD BANCSHARES INC
940942,4731,HUB GROUP INC  -CL A
940944,5812,DARDEN RESTAURANTS INC
940947,1040,MIRAMAR MINING CORP
940986,7372,MUSTANG.COM INC
941138,4911,UNS ENERGY CORP
941167,3572,JTS CORP
941221,2870,ICL GROUP LTD
941513,2631,KINNEVIK INDUSTRIFORVLTNINGS
941547,6035,HF BANCORP INC
941548,3533,CAMERON INTERNATIONAL CORP
941557,7011,RED LION HOTELS INC
941604,3578,OUTERWALL INC
941625,2860,DYNAMOTIVE ENERGY SYS CORP
941685,7373,IMAGEWARE SYSTEMS INC
941738,3312,WHEELING PITTSBURGH CORP
941775,3663,DATA CRITICAL CORP
941814,4812,INTEGRATED DATA CORP
941914,4213,SMITHWAY MTR XPRESS  -CL A
941919,4813,GENERAL CABLE PLC
942124,3559,AG ASSOCIATES INC
942125,1311,CALLON PETROLEUM CO
942126,5065,TAITRON COMPONENTS  -CL A
942129,6035,GFSB BANCORP INC
942132,3576,ACT NETWORKS INC
942133,5812,GARDEN FRESH RESTAURANT CORP
942135,6035,SFS BANCORP INC
942136,6411,CRA MANAGED CARE INC
942138,3640,CML HOLDINGS INTL LLC
942143,3433,MARTIN INDUSTRIES INC/DE
942167,7372,FIREFOX COMMUNICATIONS INC
942317,4700,INTRAV INC
942319,8742,PLAN VISTA CORP
942378,6799,THCG INC
942600,6726,AVALON CAPITAL INC
942615,3060,R B RUBBER PRODUCTS INC
942650,1311,TN-K ENERGY GROUP INC
942659,5812,CIAO CUCINA CORP
942787,3695,STORMEDIA INC  -CL A
942898,6035,NORTHEAST INDIANA BANCORP
942899,6036,INDUSTRIAL BANCORP INC
943003,2870,AGRIUM INC
943032,3651,PHOENIX GOLD INTL INC
943033,6020,HERITAGE SOUTHEAST BANCORP
943034,3829,AUTOSCOPE TECHNOLOGIES CORP
943061,5122,US ONCOLOGY INC
943064,6035,GREAT AMERICAN BANCORP INC
943097,7389,IDEON GROUP INC
943110,7363,CORPORATE RESOURCE SVCS INC
943184,2300,EVER-GLORY INTL GROUP INC
943206,8200,COMPUTER LEARNING CTRS INC
943318,7373,DISCREET LOGIC INC
943320,7990,TRUMP ENTERTAINMENT RESORTS
943324,8050,CONMED HEALTHCARE MGMT INC
943355,6035,TEXARKANA FIRST FINANCIAL CP
943357,4813,MIDCOM COMMUNICATIONS INC
943452,3743,WABTEC CORP
943548,1311,DEVX ENERGY INC
943563,5411,DOMINICKS SUPERMARKETS INC
943565,3842,INSTENT INC
943580,3825,LECROY CORP
943581,4832,AMERICAN RADIO SYS CORP-CL A
943583,7372,MAXIS INC
943605,7822,SOURCE INTERLINK COS INC
943689,3730,MAKO MARINE INTERNATIONL INC
943736,3841,MED-DESIGN CORP
943742,2741,VCAMPUS CORP
943747,3944,YES ENTERTAINMENT CORP
943809,9995,CRW FINANCIAL INC
943819,3845,RESMED INC
943820,7389,SITEL CORP
943861,1311,GOODRICH PETROLEUM CORP
943891,6035,KENTUCKY FIRST BANCORP INC
943892,7372,AVANT CORP
943894,7372,EZENIA INC
943895,7372,USDATA CORP
943897,3411,BWAY CORP
943946,3440,PLAINTREE SYSTEMS INC
944075,3663,SOCKET MOBILE INC
944142,8721,TELESOFT CORP
944148,8721,CBIZ INC
944163,3663,AIRNET COMMUNICATIONS CORP
944248,3669,AMX CORP
944257,7372,SQA INC
944304,6035,ASB FINANCIAL CORP
944310,3661,TPC LIQUIDATION
944314,6798,LIFE STORAGE INC
944399,6035,STANDARD FEDL BANCORP INC
944400,4899,REMOTE DYNAMICS INC
944402,8011,PHYSICIANS RESOURCE GRP INC
944405,3571,PARAVANT INC
944458,7372,NETSCAPE COMMUNICATIONS CORP
944476,2860,JILIN CHEMICAL INDUSTRIAL CO
944480,7361,GSE SYSTEMS INC
944508,2030,INVENTURE FOODS INC
944522,2836,VION PHARMACEUTICALS INC
944537,7389,FTD INC
944624,7372,BAAN CO NV
944628,6035,FLORIDA FIRST BANCORP
944691,3211,GUARDIAN INDUSTRIES
944695,6331,HANOVER INSURANCE GROUP INC
944702,7371,SIMPLEX SOLUTIONS INC
944725,6035,UNITED WESTERN BANCORP INC
944727,2842,KYZEN CORP
944739,9995,TRANSWITCH CORP
944740,7372,DATALOGIX INTERNATIONAL INC
944745,6020,CIVISTA BANCSHARES INC
944747,4813,PHAROL SGPS SA
944763,3842,ENCORE MEDICAL CORP
944765,7373,MERGE HEALTHCARE INC
944802,3714,TESMA INTERNATNAL INC  -CL A
944809,8071,OPKO HEALTH INC
944838,5700,INTERNATIONAL CUTLERY LTD
944947,3640,ENERGYCONNECT GROUP INC
944948,2330,TARRANT APPAREL GROUP
944950,7372,CLICKACTION INC
945024,7900,LIVENT INC
945027,4841,TELE-COMMUN INTL INC  -SER A
945028,5020,BUSINESS RESOURCE GROUP
945066,7372,EAGLE POINT SOFTWARE CORP
945093,7372,HNC SOFTWARE INC
945114,5090,GLOBAL INDUSTRIAL CO
945122,3220,ALIGN-RITE INTERNATIONAL INC
945123,3679,CLARE INC
945127,7372,SEER TECHNOLOGIES INC
945179,3531,CHAMPION ROAD MACHINERY LTD
945235,2780,M & F WORLDWIDE CORP
945248,5110,BT OFFICE PRODUCTS INTL INC
945256,7372,SPYGLASS INC
945269,2673,EPL TECHNOLOGIES INC
945276,3942,PLAY BY PLAY TOYS &NOVELTIES
945321,7372,LANGUAGEWARE NET CO LTD
945364,4813,TOUCH TONE AMERICA INC
945372,4931,SIGCORP INC
945379,3661,COM21 INC
945382,3580,CULLIGAN WATER TECH INC
945384,7371,CICERO INC
945394,6798,SERVICE PROPERTIES TRUST
945434,6020,BNCCORP INC
945436,3620,SUNEDISON INC
945437,7363,SOS STAFFING SERVICES INC
945439,9995,EMBRYO DEVELOPMENT CORP
945441,3825,INTEGRATED MEASURMNT SYS INC
945446,7372,INFERENCE CORP  -CL A
945475,6020,FIRST NATIONAL CORP/CA
945489,7373,BELL INDUSTRIES INC
945506,8111,LEGAL RESEARCH CENTER INC
945524,4400,COMMODORE HOLDINGS LTD
945532,6036,USABANCSHARES.COM INC
945640,7812,COM/TECH COMMUNICATIONS TECH
945676,5600,INTIMATE BRANDS INC  -CL A
945688,7370,SPORTSLINE.COM INC
945699,3674,IXYS CORP
945725,2834,PROTHERICS PLC
945734,6035,INDEPENDENCE CMNTY BK CORP
945764,1311,DENBURY INC
945770,6211,EVEREN CAPITAL CORP
945771,4813,VIATEL INC
945772,8051,COMMUNITY CARE AMERICA INC
945801,3842,MINIMED INC
945828,3011,AMERITYRE CORP
945837,7372,UNISON SOFTWARE INC
945841,5090,POOL CORP
945901,6172,ROCKFORD INDUSTRIES INC
945980,7011,HOST FUNDING INC  -CL A
945982,1311,DLB OIL & GAS INC
945983,5045,WAYSIDE TECHNOLOGY GROUP INC
945989,7372,ASTEA INTERNATIONAL INC
946014,6141,MS FINANCIAL INC
946073,7812,KIDEO PRODUCTIONS INC
946090,6020,FIRST MARINER BANCORP
946112,2834,CHINA DONGSHENG INTL INC
946140,1311,FORCENERGY INC
946144,3575,PIXTECH INC
946149,6311,GUARANTEE LIFE COS INC
946154,3851,KERAVISION INC
946244,5045,APPLIED COMPUTER TECH INC
946323,4512,MIDWAY AIRLINES CORP
946343,6141,WFS FINANCIAL INC
946345,3577,VIDEOLAN TECHNOLOGIES INC
946355,5045,GLOBAL INTELLICOM INC
946356,3851,OAKLEY INC
946358,6531,NHP INC
946360,3576,CYBEX COMPUTER PRODS
946362,4512,AIRWAYS CORP
946392,4813,GLOBAL TELESYSTEMS INC
946394,4991,ELLOMAY CAPITAL LTD
946395,5812,PUDGIES CHICKEN INC
946428,3826,ORTHOMETRIX INC
946453,6020,SOUTHERN BANC CO INC
946486,2836,WINDTREE THERAPEUTICS INC
946487,7372,PURE ATRIA CORP
946488,7311,OZ INVESTMENTS CO LTD
946489,8011,SHERIDAN HEALTHCARE INC
946492,6331,NATIONAL ATLANTIC HOLDINGS
946563,3841,RETRACTABLE TECHNOLOGIES INC
946581,7372,TAKE-TWO INTERACTIVE SFTWR
946637,6798,MERIDIAN INDL TRUST INC
946644,2836,AIM IMMUNOTECH INC
946647,6020,PREMIER FINANCIAL CORP
946661,2836,GLYCOGENESYS INC
946665,7372,VISIO CORP
946670,5010,MIDLAND BARING FINL GP LTD
946672,6036,STATEWIDE FINANCIAL CORP
946673,6020,BANNER CORP
946676,6321,TRANSPORT HOLDINGS INC -CL A
946677,3678,SMARTFLEX SYSTEMS INC
946678,3663,NERA AS
946732,3559,ONTRAK SYSTEMS INC
946733,6531,VACATION BREAK USA INC
946736,2835,SEQUANA THERAPEUTICS INC
946737,2741,PACIFIC CHEMICAL INC
946738,6020,1ST INDEPENDENCE FINL GROUP
946763,5141,PROSOURCE INC  -CL A
946770,4813,DEUTSCHE TELEKOM
946815,3663,LOUD TECHNOLOGIES INC
946816,2840,USA DETERGENTS INC
946823,4213,VITRAN CORP INC
946826,7841,MOOVIES INC
946840,2834,VIROPHARMA INC
946842,9995,AMBASSADORS INTERNATIONL INC
946924,6035,KLAMATH FIRST BANCORP INC
946936,3651,DESWELL INDUSTRIES INC
946945,8071,UROCOR INC
946993,3050,DAY INTERNATIONAL INC
946994,8742,CELERIS CORP
947038,6035,AFFILIATED COMMUNITY BANCORP
947116,7372,HARBINGER CORP
947119,6324,AHI HEALTHCARE SYSTEMS INC
947121,1040,PETAQUILLA MINERALS LTD
947122,6036,CHARTER FINANCIAL INC
947156,1311,SEVEN SEAS PETROLEUM INC
947263,6020,TORONTO DOMINION BANK
947268,4812,WEBLINK WIRELESS INC
947397,3674,EVERGREEN SOLAR INC
947427,7372,AXS-ONE INC
947430,2631,JEFFERSON SMURFIT GROUP PLC
947462,5411,SANTA ISABEL SA
947471,7372,METROWERKS INC
947482,7372,HPR INC
947483,3823,COMPUTATIONAL SYSTEMS INC
947484,6331,ARCH CAPITAL GROUP LTD
947549,7372,VANTIVE CORP
947552,4512,PACIFIC SOUTHWEST AIRLINES
947559,6020,FIRST BANCSHARES INC/MS
947577,5160,NUCO2 INC
947661,5140,DIEDRICH COFFEE INC
947718,4832,TRIATHLON BROADCST CO  -CL A
947798,7372,ACCELGRAPHICS INC
947994,1000,GLOBETECH VENTURES CORP
948019,6036,PIEDMONT BANCORP INC
948020,6035,AMERICAN NATIONAL BANCORP
948034,6153,FIRST INVESTORS FINL SVCS GP
948069,2320,CUTTER & BUCK INC
948070,2320,MULTIMEDIA CONCEPTS INTL INC
948072,8000,BIRNER DENTAL MGMT SVCS INC
948073,2621,CROWN VANTAGE INC
948086,2086,PEPSIAMERICAS INC-OLD
948263,8742,GIGA INFORMATION GROUP INC
948306,6020,ARGENTARIA CAJA POST BANC HP
948308,5812,JERRYS FAMOUS DELI INC
948320,8090,
948456,3841,UROQUEST MEDICAL CORP
948463,6036,CENTER FINANCIAL CORP
948515,6035,BOSTONFED BANCORP INC
948545,4813,TALK AMERICA HOLDINGS INC
948556,6324,UNITED DENTAL CARE INC/DE
948634,5110,CORPORATE EXPRESS NV
948640,3651,EUPHONIX INC
948642,4813,TELECOM ITALIA SPA
948703,1000,TAMINO MINERALS INC
948708,7372,SMITH MICRO SOFTWARE INC
948722,7372,PREMENOS TECHNOLOGY CORP
948840,3330,FALCONBRIDGE LTD -OLD
948844,3714,PROLIANCE INTERNATIONAL INC
948845,4512,MIDWEST AIR GROUP INC
948846,4512,AIRTRAN HOLDINGS INC
948850,7363,COMSYS IT PARTNERS INC
948851,3672,ZYCON CORP
948929,2834,SCHEIN PHARMACEUTICAL INC
948944,7372,SIMWARE INC
948976,6020,CALIFORNIA INDEPENDENT BNCP
949008,5961,EASTBAY INC
949039,1381,DIAMOND OFFSHRE DRILLING INC
949058,6035,CALIFORNIA FED BANCORP INC
949061,1311,UNION PACIFIC RESOURCES GRP
949091,5500,SMART CHOICE AUTOMOTIVE GRP
949112,7990,AMERICAN COIN MERCHNDSNG INC
949156,6331,MEADOWBROOK INS GROUP INC
949157,3350,CENTURY ALUMINUM CO
949158,3571,CRAY INC
949159,6020,WALDEN BANCORP INC
949173,2836,AVIRON
949228,6020,BEACH FIRST NATL BANCSHRS/SC
949229,7370,COMPUTER MGMT SCIENCES INC
949240,4522,WORLD AIR HOLDINGS INC
949244,7310,ALTERNATE MARKETING NETWORKS
949297,7389,APAC CUSTOMER SERVICES INC
949298,7500,CENTRAL PARKING CORP
949301,3559,SPEEDFAM-IPEC INC
949322,8300,ARV ASSISTED LIVING INC
949335,3861,ACCOM INC
949337,3559,GENERAL SCANNING INC
949341,7389,CHECKFREE CORP
949369,3751,GT BICYCLES INC
949371,4899,GEOS COMMUNICATIONS INC
949373,5812,EINSTEIN NOAH RESTAURANT GRP
949417,1311,ANDERSON EXPLORATION LTD
949428,3714,CDTI ADVANCED MATERIALS INC
949485,4899,LECSTAR CORP
949491,3661,VODAVI TECHNOLOGY INC
949504,6020,PACIFIC NORTHWEST BANCORP
949536,4833,HEARST-ARGYLE TELEVISION
949573,2834,PHARMACIA & UPJOHN INC
949577,1400,ASIA PACIFIC RESOURCES LTD
949587,3674,BLUE WAVE SYSTEMS INC
949589,6020,INVESTORS FINANCIAL SVCS CP
949699,2835,PHARMACYCLICS INC
949702,3674,ROSS TECHNOLOGY INC
949721,8090,ATTIS INDUSTRIES INC
949858,2834,ACHIEVE LIFE SCIENCES INC
949859,3490,CFC INTERNATIONAL INC
949870,2082,BOSTON BEER INC  -CL A
949871,7372,LOGIC WORKS INC
949872,3674,ELANTEC SEMICONDUCTOR INC
949874,3843,YOUNG INNOVATIONS INC
949876,2810,NORTH AMERICAN SCIENTIFIC
949953,6020,OAK HILL FINANCIAL INC
949956,7372,VERITY INC
949961,6162,INCOME OPPORTUNITY RLTY INVS
949968,7389,FREEMARKETS INC
1000015,8700,META GROUP INC
1000045,4899,NICHOLAS FINANCIAL INC
1000048,2080,TECH FLAVORS & FRAGRNCES INC
1000079,3577,HOT PRODUCTS INC.COM
1000166,3690,SONICS & MATERIALS INC
1000177,4400,NORDIC AMERICAN TANKERS LTD
1000178,7011,RENAISSANCE HOTEL GROUP NV
1000179,7373,5B TECHNOLOGIES CORP
1000180,3572,SANDISK CORP
1000184,7372,SAP SE
1000185,8050,STERLING HOUSE CORP
1000188,7373,ENTERPRISE SYSTEMS INC
1000189,3640,OCAL INC
1000209,6159,MEDALLION FINANCIAL CORP
1000227,3560,TB WOOD'S CORP
1000228,5047,HENRY SCHEIN INC
1000230,3357,OPTICAL CABLE CORP
1000231,7372,HEALTHCARE.COM CORP
1000234,6020,IMPERIAL CAPITAL BANCORP INC
1000235,6020,PATRIOT BANK CORP
1000266,7372,AMANDA CO INC
1000275,6020,ROYAL BANK OF CANADA
1000278,2833,PACIFICHEALTH LABORATORIES
1000297,7389,TRAFFIX INC
1000298,6162,IMPAC MORTGAGE HOLDINGS INC
1000300,1040,LIHIR GOLD LTD
1000301,6035,AMBANC HOLDING CO INC
1000366,7373,METAMOR WORLDWIDE INC
1000368,5500,FIRSTPLUS FINANCIAL GROUP
1000369,3845,CARDIOMETRICS INC
1000370,2835,XENOMETRIX INC
1000495,3577,VISUAL NETWORKS INC
1000577,4213,SIMON TRNSPT SVCS INC  -CL A
1000578,4512,VANGUARD AIRLINES INC
1000621,2750,GEOGRAPHICS INC
1000623,2800,SCHWEITZER-MAUDUIT INTL INC
1000683,3663,BLONDER TONGUE LABS INC
1000685,8082,HOME HEALTH CORP AMER INC
1000693,8300,REGENT ASSISTED LIVING INC
1000694,2836,NOVAVAX INC
1000695,3576,ENTRADA NETWORKS INC
1000697,3826,WATERS CORP
1000736,5912,CAREMARK RX INC
1000753,7363,INSPERITY INC
1000779,4210,CD&L INC
1000782,7372,CLARIFY INC
1000787,7372,APPLIED MICROSYSTEMS CORP
1000860,7373,DATAWORKS CORP
1000876,4833,HISPANIC TV NETWORK INC
1000897,2844,AZUREL LTD
1000925,7372,TRITEAL CORP
1000926,6794,ECHOCATH INC  -CL A
1001039,7370,DISNEY (WALT) INTERNET GROUP
1001051,5140,TERRACE FOOD GROUP INC
1001082,4841,DISH NETWORK CORP
1001084,1311,ABACAN RESOURCE CORP
1001085,6200,BROOKFIELD ASSET MANAGEMENT
1001109,8300,HELP AT HOME INC
1001111,2820,US GLOBAL NANOSPACE INC
1001113,7372,HYPERION SOLUTIONS CORP
1001115,3829,GEOSPACE TECHNOLOGIES CORP
1001136,6211,STOCKWALK GROUP INC
1001149,7011,ITT CORPORATION
1001171,6035,BROADWAY FINANCIAL CORP/DE
1001185,7373,IDX SYSTEMS CORP
1001186,2836,PATHOGENESIS CORP
1001188,7373,CARNEGIE GROUP INC
1001193,3674,TRANSMETA CORP
1001233,2836,SANGAMO THERAPEUTICS INC
1001244,1382,VENTURE SEISMIC LTD
1001250,2844,ESTEE LAUDER COMPANIES INC
1001258,6153,ASTA FUNDING INC
1001259,2834,SANO CORP
1001279,7370,INTERNET AMERICA INC
1001287,6035,FIRST COLORADO BANCORP INC
1001288,3577,LEXMARK INTL INC  -CL A
1001289,3825,LUMISYS INC
1001290,6020,CREDICORP LTD
1001316,2834,TG THERAPEUTICS INC
1001320,8351,KIDDIE ACADEMY INTL INC
1001384,6331,LASALLE RE HOLDINGS LTD
1001385,3317,NORTHWEST PIPE CO
1001425,2834,GELTEX PHARMACEUTICALS INC
1001426,3674,PERICOM SEMICONDUCTOR CORP
1001462,3851,DE RIGO SPA  -ADR
1001463,2834,ACACIA DIVERSIFIED HLDGS INC
1001474,4813,KONINKLIJKE KPN NV
1001489,7372,RED BRICK SYSTEMS INC
1001493,6324,FIRST COMMONWEALTH INC
1001539,7372,LEARMONTH & BURCHETT MGMNT
1001540,6282,LEXINGTON GLOBAL ASSET MGRS
1001576,3100,GUCCI GROUP NV
1001579,8351,NEW HORIZON KIDS QUEST INC
1001582,6035,HFNC FINANCIAL CORP
1001592,7812,NETTER DIGITAL ENTMT INC
1001601,7374,MGT CAPITAL INVESTMENTS INC
1001603,6351,AMERIN CORP
1001604,8300,EMERITUS CORP
1001606,3420,BLOUNT INTL INC
1001614,1311,
1001627,6020,CLASSIC BANCSHARES INC
1001635,7371,SAVILLE SYSTEMS PLC  -ADR
1001718,4731,EGL INC
1001769,8051,UNISON HEALTHCARE CORP
1001807,4812,TELEKOMUNIKASI INDONESIA
1001838,1000,SOUTHERN COPPER CORP
1001868,4813,FIBERNET TELECOM GROUP INC
1001871,6211,INVESTORS CAPITAL HLDGS LTD
1001879,3944,LASER STORM INC
1001902,3559,INTEVAC INC
1001903,5045,ELINEAR INC
1001907,3829,ASTROTECH CORP
1001915,2836,ILEX ONCOLOGY INC
1001916,7372,SECURE COMPUTING CORP
1001917,2082,PYRAMID BREWERIES INC
1002017,8093,RAYTEL MEDICAL CORP
1002022,8731,INNOVATIVE CLINICAL SOLUTNS
1002037,8200,LEARNING TREE INTL INC
1002040,7372,FOREFRONT GROUP INC
1002044,7372,INFINIUM SOFTWARE INC
1002047,3572,NETAPP INC
1002063,8741,COMPLETE MANAGEMENT INC
1002114,7812,PIXAR
1002119,4813,ILLUMINET HOLDINGS INC
1002125,3640,ADVANCED LIGHTING TECH INC
1002130,6141,CONTIFINANCIAL CORP
1002131,7372,LERNOUT & HAUSPIE SPCH PD
1002132,7370,ALPHANET SOLUTIONS INC
1002135,3661,WESTELL TECH INC  -CL A
1002137,3844,SWISSRAY INTERNATIONAL INC
1002175,3577,LABTEC INC
1002176,3559,YIELDUP INTL CORP
1002178,5812,SCHLOTZSKY'S INC
1002210,3576,MADGE NETWORKS NV
1002213,6036,FIRST NORTHERN CAPITAL CORP
1002223,4210,UNITED TRANSNET INC
1002225,7372,ADVENT SOFTWARE INC
1002242,1311,ENI SPA
1002243,3841,GYNECARE INC
1002276,8731,COMBICHEM INC/DEL
1002325,7900,MAGNUM SPORTS & ENTMT INC
1002360,9995,ABSOLUTE POTENTIAL INC
1002388,7372,ACCELRYS INC
1002390,5190,INSIGNIA SOLUTIONS PLC  -ADR
1002506,6552,CASTLE & COOKE INC
1002517,7372,NUANCE COMMUNICATIONS INC
1002518,7311,CKS GROUP INC
1002520,3841,SPEEDUS CORP
1002521,7370,MAY & SPEH INC
1002522,2844,APPLEWOODS INC
1002524,7370,MECON INC
1002531,3825,TOLLGRADE COMMUNICATIONS INC
1002532,4812,OMNIPOINT CORP
1002536,7370,INDIVIDUAL INC
1002554,5990,EMERGING VISION INC
1002577,3714,T J T INC
1002579,7011,EXTENDED STAY AMERICA -OLD
1002590,5900,STAR GROUP LP
1002607,7372,ATARI INC
1002628,7372,AHT CORP
1002636,4832,NETRADIO CORP
1002637,2835,MILLENNIUM PHARMACEUTICALS
1002638,7370,OPEN TEXT CORP
1002658,7372,DALEEN TECHNOLOGIES INC
1002659,6726,DEM INC
1002663,3825,PHOTON DYNAMICS INC
1002666,4841,ASCENT ENTERTAINMENT GROUP
1002682,6020,HORIZON FINANCIAL CORP/WA
1002717,7372,EIDOS PLC
1002760,6159,ACC CONSUMER FINANCE CORP
1002811,3842,KENSEY NASH CORP
1002812,3672,ELECTROSTAR INC
1002813,6159,POINT WEST CAPITAL CORP
1002816,6331,HIGHLANDS INSURANCE GRP INC
1002817,1540,CHINA CONVERGENT CORP LTD
1002902,4210,VELOCITY EXPRESS CORP
1002908,9995,TELEBRAS-TELECOM BRASILEIRAS
1002909,4832,CHANCELLOR BROADCSTNG  -CL A
1002910,4931,AMEREN CORP
1002911,5080,FIELDS AIRCRAFT SPARES INC
1002917,7373,GATEWAY DATA SCIENCES CORP
1002938,5812,HOST MARRIOTT SERVICES CORP
1003022,3674,ZORAN CORP
1003078,5084,MSC INDUSTRIAL DIRECT  -CL A
1003084,6036,NHS FINANCIAL INC
1003088,3845,PHYSIO-CONTROL INTL CORP
1003111,7370,NEON COMMUNICATIONS GROUP
1003113,3826,MOLECULAR DEVICES CORP
1003114,8071,IMPATH INC
1003124,8731,PHARMACEUTICAL PROD DEV INC
1003130,8093,LCA VISION INC
1003196,3559,BESI-BE SEMICONDUCTOR INDS
1003201,6799,MMA CAPITAL HOLDINGS
1003202,7373,AMISYS MANAGED CARE SYS INC
1003213,6162,BNC MORTGAGE INC
1003214,3674,SILICON IMAGE INC
1003226,8062,FIRST PHYSICIANS CAPITAL GRP
1003233,6036,METROPOLITAN FINL CORP/OH
1003265,7372,ELOQUENT INC
1003282,7370,INTERNET COMMERCE & COMMUNIC
1003292,6036,L&B FINANCIAL INC
1003344,3272,HEADWATERS INC
1003382,1382,3-D GEOPHYSICAL INC
1003383,7372,MICROWARE SYSTEMS CORP
1003388,6331,UNIONAMERICA HLDGS PLC  -ADR
1003390,7372,SILVERSTAR HOLDINGS LTD
1003429,3490,REUNION INDUSTRIES INC
1003433,5200,HOME CENTERS (DIY) LTD
1003464,3841,ENDOCARE INC
1003467,3350,PECHINEY SA
1003470,2750,WORLD COLOR PRESS INC
1003471,7373,TRIPLE P NV
1003472,8093,PAINCARE HOLDINGS INC
1003477,3555,AUTOLOGIC INFORMATION INTL
1003481,3679,AAVID THERMAL TECHNOLOGIES
1003504,7370,WEBSECURE INC
1003515,100,HINES HORTICULTURE INC
1003521,7359,HOME CHOICE HOLDINGS INC
1003539,3844,TREX MEDICAL CORP
1003565,4888,CANWEST GLOBAL COM  -NVTG
1003607,4899,ALTIGEN COMMUNICATIONS INC
1003608,3842,INNOVASIVE DEVICES INC
1003640,3663,AML COMMUNICATIONS INC
1003641,3559,FRASER INDUSTRIES INC
1003642,2834,IMPAX LABORATORIES INC
1003648,8351,LEARNING CARE GROUP INC -OLD
1003740,6200,VIE FINANCIAL GROUP INC
1003754,7372,SITE TECHNOLOGIES INC
1003929,2836,VIA PHARMACEUTICALS INC
1003932,3672,XETEL CORP
1003934,7330,UNIDIGITAL INC
1003935,7372,NICE LTD
1003936,6036,PITTSBURGH FINANCIAL CORP
1003950,3576,PERFORMANCE TECHNOLOGIES INC
1003956,5070,WILMAR INDUSTRIES INC
1003957,6799,RISCORP INC  -CL A
1003958,4813,TRESCOM INTERNATIONAL INC
1003959,4812,360 COMMUNICATIONS CO
1003989,7373,DAOU SYSTEMS INC
1004124,7370,DME INTERACTIVE HOLDINGS INC
1004125,5070,KSW INC
1004155,4924,SOUTHERN CO GAS
1004232,7372,CYBERCASH INC
1004313,3845,HEARTSTREAM INC
1004314,4841,US SATELLITE BROADCST  -CL A
1004315,4911,NATIONAL GRID
1004434,6282,AFFILIATED MANAGERS GRP INC
1004440,4931,CONSTELLATION ENERGY GRP INC
1004524,6035,COMMUNITY FEDERAL BANCORP
1004526,5600,K&G MENS CENTER INC
1004528,6020,AMERICAN BANCSHARES INC/FL
1004530,1400,MOUNTAIN PROVINCE DIAMONDS
1004545,3944,Q-ENTERTAINMENT INC
1004570,4813,GROUP LONG DISTANCE INC
1004571,6513,GLOBE BUSINESS RESOURCES INC
1004605,3576,BIOMETRICS SECURITY TECH INC
1004608,3672,PINNACLE DATA SYSTEMS INC
1004673,3990,ENTERTAINMENT GAMING ASIA
1004702,6020,OCEANFIRST FINANCIAL CORP
1004724,8051,REGIONAL HEALTH PROPERTS INC
1004740,6020,CAPITAL CORP OF THE WEST
1004858,4931,NEW CENTURY ENERGIES INC
1004874,7372,NET.GENESIS CORP
1004938,8071,DYNACARE INC
1004939,5045,VANSTAR CORP
1004945,3845,LUMENIS LTD
1004960,2836,CONNETICS CORP
1004963,7371,WATCHIT MEDIA INC
1004967,4813,PACIFIC GATEWAY EXCHANGE INC
1004968,6153,FIRST ENTERPRISE FINL
1004969,6035,PFF BANCORP INC
1004980,4931,PG&E CORP
1004981,4899,IDNA INC
1004989,7389,SPAR GROUP INC
1004990,5912,NCS HEALTHCARE INC  -CL A
1004992,3711,WESTRN STAR TRUCKS HLDGS LTD
1004993,5150,ARZAN INTERNATIONAL
1005010,3845,ARTHROCARE CORP
1005015,7359,AUDIO VISUAL SERVICES CORP
1005016,6035,1ST BERGEN BANCORP
1005018,6035,WHG BANCSHARES CORP
1005101,6282,
1005119,6035,CRAZY WOMAN CREEK BNCRP INC
1005122,3842,ENDOVASCULAR TECH INC
1005123,7600,COHR INC
1005126,6036,COMMONWEALTH BANCORP INC
1005128,3555,TRIDENT INTERNATIONAL INC
1005139,5047,COMMUNITY CARE SERVICES INC
1005179,3661,DIGITAL TRANSMISSION SYSTEMS
1005181,2320,MOSSIMO INC
1005185,2330,PACIFIC COAST APPAREL INC
1005188,6035,NORTH CENTRAL BANCSHARES INC
1005210,5900,SUBURBAN PROPANE PRTNRS  -LP
1005214,7990,AMERICAN WAGERING INC
1005229,3530,COLUMBUS MCKINNON CORP
1005230,3577,CYLINK CORP
1005268,7363,SCB COMPUTER TECHNOLOGY INC
1005270,7372,ENGINEERING ANIMATION INC
1005274,3661,TECHNOLOGY SVC GROUP INC
1005283,5122,COMPARE GENERIKS INC
1005284,3674,UNIVERSAL DISPLAY CORP
1005286,2834,LANDEC CORP
1005291,7372,STERLING COMMERCE INC
1005313,6035,GA FINANCIAL INC
1005387,7372,GENSYM CORP
1005406,7372,ULTRADATA CORP
1005407,2833,CHIREX INC
1005414,5945,TOYS R US INC
1005501,6020,REPUBLIC BANCSHARES INC
1005504,5063,WIRELESS XCESSORIES GRP INC
1005507,6036,JACKSONVILLE BANCORP INC
1005508,6035,YONKERS FINANCIAL CORP
1005509,3460,TMCI ELECTRONICS INC
1005512,6035,CATSKILL FINANCIAL CORP
1005516,5065,BOS BETTER ONLINE SOLUTIONS
1005640,1040,BRE-X MINERALS LTD
1005653,8051,NEW AMER HEALTHCARE CORP
1005690,7372,NEWKIDCO INTL INC
1005697,7372,HEALTH SYSTEMS DESIGN CORP
1005698,7372,UPHONIA INC
1005699,4899,MAGICJACK VOCALTEC LTD
1005700,7363,DATA PROCESSING RES CORP
1005730,6099,MONEYGRAM PAYMENT SYS INC
1005731,4813,IDT CORP
1005757,7374,CSG SYSTEMS INTL INC
1005758,7370,RADIOIO INC
1005759,7320,PAYMENTECH INC
1005817,6020,TOMPKINS FINANCIAL CORP
1005858,7841,WEST COAST ENTMT CORP
1005868,3826,THERMOQUEST CORP
1005882,7371,WALSH INTERNATIONAL INC
1005887,7822,ALLIANCE ATLANTIS COMM -CL B
1005938,3674,NOGATECH INC
1005967,3572,HMT TECHNOLOGY CORP
1005969,3844,INVISION TECHNOLOGIES INC
1005970,1381,DAWSON PRODUCTION SERVICES
1005972,5940,PARTY CITY CORP
1005974,7385,NETLOJIX COMMUNICATIONS INC
1006026,7373,VITALCOM INC
1006027,3851,BACOU USA INC
1006028,2890,PURE BIOSCIENCE INC
1006030,7330,APPLIED GRAPHICS TECHNOL INC
1006045,3845,IRIDEX CORP
1006177,6020,FFD FINANCIAL CORP
1006195,2834,MATRIXX INITIATIVES INC
1006224,1000,BIRCH MOUNTAIN RESOURCES LTD
1006240,7373,LUCENT TECHNOLOGIES INC
1006264,1311,PATINA OIL & GAS CORP
1006265,6036,CITIZENS FIRST FINANCIAL CP
1006269,4841,LORAL SPACE & COMMUNICATIONS
1006281,2836,PROTALIX BIOTHERAPEUTICS INC
1006361,7372,MEDICUS SYSTEMS CORP
1006368,7372,MUSE TECHNOLOGIES INC
1006370,7372,FORTE SOFTWARE INC
1006376,3714,BONDED MOTORS INC
1006424,6035,BEAR STATE FINANCIAL INC
1006459,6532,TIMIOS NATIONAL CORP
1006586,7372,PHYSICIANS REIMBURSMENT SVCS
1006591,7372,CUSEEME NETWORKS INC
1006603,5065,PREMIER FARNELL PLC
1006604,8082,HOUSECALL MEDICAL RES INC
1006605,7948,PENSKE MOTORSPORTS INC
1006614,6141,ONYX ACCEPTANCE CORP
1006637,7990,TICKETMASTER ENTERTNMNT INC
1006638,8200,MASTERING INC
1006655,1311,EVOLUTION PETROLEUM CORP
1006691,3829,QUALMARK CORP
1006708,3669,BIOMETRICS 2000 CORP
1006835,7372,SIEBEL SYSTEMS INC
1006837,3440,HC2 HOLDINGS INC
1006892,7372,JDA SOFTWARE GROUP INC
1007018,3845,MACKAY LIFE SCIENCES INC
1007019,5140,COFFEE HOLDING CO INC
1007020,7370,INTEGRATED SYS CONSULTING GP
1007021,7372,WORKGROUP TECHNOLOGY CORP
1007022,3590,THERMO SENTRON INC
1007047,3841,ARTERIAL VASCULAR ENGR INC
1007083,7370,INTELLIQUEST INFORMATION GRP
1007084,3990,YORK GROUP INC
1007184,5400,ENBC CORP
1007209,7372,NETSPEAK CORP
1007228,5961,MATRIA HEALTHCARE INC
1007273,6020,BANK SOUTH CAROLINA CORP
1007297,7370,EXCITE INC
1007304,7370,CONCENTRIC NETWORK CORP
1007321,3845,FEMRX INC
1007330,8721,PRGX GLOBAL INC
1007367,4813,TVC TELECOM INC
1007456,7370,ELECTRONIC DATA SYSTEMS CORP
1007508,9995,AFFINITY TECHNOLOGY GRP INC
1007518,2790,KATZ DIGITAL TECHNOLOGY INC
1007519,3672,PRAEGITZER INDUSTRIES INC
1007581,3679,JPM CO
1007583,3663,PACIFIC RESH & ENGR CORP
1007587,4899,KVH INDUSTRIES INC
1007588,7370,DECISIONONE HOLDINGS CORP
1007594,3678,PCD INC
1007783,5812,MORRISON RESTAURANTS INC
1007787,3577,XEIKON NV  -ADR
1007800,3674,SIPEX CORP
1007992,7370,LYCOS INC
1007993,7370,SIMPLAYER.COM LTD
1007997,7372,AXENT TECHNOLOGIES INC
1008114,3640,LUMEN TECHNOLOGIES INC.1
1008129,7372,PRISM SOLUTIONS INC
1008130,7372,STYLECLICK.COM INC
1008136,1040,ASHANTI GOLDFIELDS CO LTD
1008554,6020,HUMBOLDT BANCORP
1008586,7373,STREAMLINE HEALTH SOLUTIONS
1008588,7372,WORLDTALK COMMUNICATIONS CP
1008595,7372,CIMATRON LTD
1008597,5812,PLANET HOLLYWOOD INTL INC
1008598,6035,LEXINGTON B & L FINANCIAL CP
1008614,4812,AERIAL COMMUNICATIONS INC
1008653,7200,ECOMAX INC
1008654,3089,TUPPERWARE BRANDS CORP
1008817,7373,SAPIENT CORP
1008848,2836,ACORDA THERAPEUTICS INC
1008896,8741,VINCAM GROUP INC
1008938,3577,KENTEK INFORMATION SYS INC
1008946,7372,V-ONE CORP
1008990,2082,LION BREWERY INC
1008993,6324,SUNSTAR HEALTHCARE INC
1009001,1090,CAMECO CORP
1009241,5531,PARTS SOURCE INC
1009242,6035,HOME FINANCIAL BANCORP
1009244,5812,MEXICAN RESTAURANTS INC
1009245,4812,ORANGE PLC
1009301,7372,TRANSITION SYSTEMS INC/MA
1009302,5140,ELAMEX SA DE CV
1009304,7372,I2 TECHNOLOGIES INC
1009356,2834,SALIX PHARMACEUTICALS LTD
1009379,8011,METROPOLITAN HLTH NTWRKS INC
1009386,7372,NETOBJECTS INC
1009395,3651,DIGITAL VIDEO SYSTEMS INC
1009403,8742,MARCHFIRST INC
1009404,1311,TRITON ENERGY LTD
1009405,2834,BONE CARE INTERNATIONAL INC
1009463,7372,GLOBAL MED TECHNOLOGIES INC
1009480,4731,TARGET LOGISTICS INC
1009515,7373,ENSTAR INC
1009526,4931,MIDAMERICAN ENERGY HLDG-OLD
1009532,4813,IXC COMMUNICATIONS INC
1009569,6020,SUCCESS BANCSHARES INC
1009626,3576,BROCADE COMMUNICATIONS SYS
1009652,5810,BIG BUCK BREWERY&STEAKHOUSE
1009657,7363,HALL KINION & ASSOCIATES INC
1009667,6331,AMCOMP INC
1009672,3290,CARBO CERAMICS INC
1009675,3663,SAWTEK INC
1009677,3841,CARDIOTHORACIC SYSTEMS INC
1009680,3674,MACRONIX INTL CO LTD
1009759,3510,CAPSTONE GREEN ENERGY CORP
1009769,2100,CARIBBEAN CIGAR CO
1009773,2511,ROOM PLUS INC
1009779,5500,MAJOR AUTOMOTIVE COMPANIES
1009802,8742,ACT CLEAN TECHNOLOGIES INC
1009822,8742,BIRMAN MANAGED CARE
1009829,3944,JAKKS PACIFIC INC
1009830,9995,MARKET & RESEARCH CORP
1009833,3990,GABRIEL TECHNOLOGIES CORP
1009863,2082,INDEPENDENCE BREWING CO
1009866,5411,DISCO SA
1009869,3651,CRAIG CONSUMER ELCTRNCS INC
1009871,3841,HEARTPORT INC
1009872,3661,TADIRAN TELECOMMUNICATNS LTD
1009891,3728,AIR INDUSTRIES GROUP INC
1009900,8000,MONARCH DENTAL CORP
1009918,7389,NOVA CORP/GA
1009988,8090,STERIGENICS INTL INC
1010002,6020,COLUMBIA BANCORP/OR
1010026,9995,3DFX INTERACTIVE INC
1010064,7372,SPANLINK COMMUNICATIONS INC
1010077,3944,KARTS INTERNATIONAL INC
1010086,2834,SIGA TECHNOLOGIES INC
1010134,7381,ICTS INTERNATIONAL NV
1010136,7373,IMAGEMATRIX CORP
1010138,7370,DBT ONLINE INC
1010246,2082,QUINSA-QUILMES INDUSTRIAL SA
1010247,6351,FPIC INSURANCE GROUP INC
1010286,4899,FIBERTOWER CORP
1010305,5045,EN POINTE TECHNOLOGIES INC
1010395,7372,MICROLEAGUE MULTIMEDIA INC
1010397,3845,PHYSIOMETRIX INC
1010401,7311,CORDIANT COMMUNICATIONS GRP
1010418,4011,TOLL NZ LTD
1010470,6035,PROVIDENT FINANCIAL HOLDINGS
1010471,7011,WYNDHAM HOTEL CORP
1010472,2330,DESIGNER HOLDINGS LTD
1010473,5399,LIQUIDATION WORLD INC
1010476,6036,POTTERS FINANCIAL CORP
1010552,3661,POLYCOM INC
1010555,7372,GENTIA SOFTWARE PLC
1010610,8000,TLC VISION CORP
1010612,7374,SYKES ENTERPRISES INC
1010613,3560,PFEIFFER VACUUM TECHNOLOGY
1010615,2741,1-800-ATTORNEY INC
1010655,7373,H T E INC
1010677,4822,NETMOVES CORP
1010724,7373,USWEB CORP
1010744,5311,SAKS HOLDINGS INC
1010775,4911,GENON ENERGY INC
1010787,6331,AMERICAN STATES FINL CORP
1010788,3652,ZOMAX INC/MN
1010836,7371,WIZTEC SOLUTIONS LTD
1010838,6020,CHESTER BANCORP INC
1010854,3842,NATIONAL HEALTHCARE MFG CORP
1010858,1400,FAIRMOUNT SANTROL HOLDINGS
1010915,2834,ESSENTIAL THERAPEUTICS INC
1010917,3841,BIOPSYS MEDICAL INC
1010919,3826,AURORA BIOSCIENCES CORP
1010961,6020,F N B CORP/VA
1011006,7370,ALTABA INC
1011024,6036,ACADIANA BANCSHARES INC/LA
1011028,7373,NETSMART TECHNOLOGIES INC
1011060,3842,EKIMAS CORP
1011064,8300,SUNRISE SENIOR LIVING INC
1011065,2836,SIBIA NEUROSCIENCES INC
1011067,3695,CERION TECHNOLOGIES INC
1011108,3690,BOLDER TECHNOLOGIES CORP
1011109,6798,ACRE REALTY INVESTORS INC
1011134,100,CALGENE INC
1011147,4100,COACH USA INC
1011154,2844,LAMAUR CORP
1011174,6798,BRE PROPERTIES INC
1011218,2100,SWEDISH MATCH AB
1011221,6035,PEOPLES FINANCIAL CORP/OH
1011255,7370,PRIMIX SOLUTIONS INC
1011290,5331,99 CENTS ONLY STORES
1011292,5900,NATIONAL PROPANE PTNRS  -LP
1011309,6020,UNITED FINANCIAL CORP/MN
1011340,7373,SUNQUEST INFORMATION SYS INC
1011344,7373,PACKETEER INC
1011418,7370,INTERVU INC
1011432,7374,CYNERGISTEK INC
1011449,7011,SUBURBAN LODGES AMER INC
1011451,7372,MECHANICAL DYNAMICS
1011509,1040,GOLDEN MINERALS CO
1011570,2522,KNOLL INC
1011582,2835,DIGENE CORP
1011584,5812,FINE HOST CORP
1011586,3829,GEOSCIENCE CORP
1011630,8741,PROMEDCO MANAGEMENT CO
1011632,7372,PERITUS SOFTWARE SVCS INC
1011657,3350,TITANIUM METALS CORP
1011659,6020,MUFG AMERICAS HOLDINGS CORP
1011664,7373,ELBIT VISION SYSTEMS LTD
1011671,7373,OACIS HEALTHCARE HLDGS CORP
1011693,8051,HARBORSIDE HEALTHCARE CORP
1011694,2821,AT PLASTICS INC
1011696,4513,AIRNET SYSTEMS INC
1011698,6020,SVB FINANCIAL SERVICES INC
1011699,6798,PRENTISS PROPERTIES TRUST
1011736,6351,PROFESSIONALS GROUP INC
1011737,4813,D & E COMMUNICATIONS INC
1011738,2522,OPEN PLAN SYSTEMS INC
1011775,5961,ML DIRECT INC
1011835,2836,MEDIVATION INC
1011836,6162,SOUTHERN PACIFIC FNDG CORP
1011888,2835,DIATIDE INC
1011974,900,ATLAS PEARLS LTD
1012019,5500,RUSH ENTERPRISES INC
1012099,4813,TELEPORT COMM GROUP INC-CL A
1012100,3081,SEALED AIR CORP
1012123,7363,RENAISSANCE WORLDWIDE INC
1012127,4911,BAYCORP HOLDINGS CORP
1012128,3559,DUPONT PHOTOMASKS INC
1012131,9995,NOVT CORP
1012134,3841,IMAGYN MEDICAL INC
1012139,4011,GUANGSHEN RAILWAY CO LTD
1012140,2834,ONYX PHARMACEUTICALS INC
1012141,7330,ON-SITE SOURCING INC
1012159,4581,TIMCO AVIATION SERVICES INC
1012270,2834,COLLAGENEX PHARMACEUTCLS INC
1012274,3873,TAG HEUER INTERNATIONAL SA
1012367,3841,CARDIAC PATHWAYS CORP
1012368,3826,THERMO OPTEK CORP
1012369,2330,DONNA KARAN INTL INC
1012370,3559,TOOLEX INTERNATIONAL NV
1012393,5013,KEYSTONE AUTOMOTIVE INDS INC
1012394,3845,EP MEDSYSTEMS INC
1012441,6411,UTD PAYORS&UTD PROVIDERS INC
1012442,1700,DIAMOND HOME SERVICES INC
1012454,1040,VICEROY EXPLORATION LTD
1012459,7372,USCS INTL INC
1012466,2834,BIGMAR INC
1012468,3290,AMERICAN MATLS & TECH CORP
1012476,1381,FORASOL-FORAMER NV
1012477,2834,AVADEL PHARMACEUTICALS -ADR
1012480,3845,SABRATEK CORP
1012481,7370,ZEROPLUS.COM INC
1012482,3576,NETOPIA INC
1012483,4700,CENTRAL FINANCIAL ACCEP CORP
1012555,3823,THERMEDICS DETECTION INC
1012566,6036,FARMERS & MECHANICS BANK/CT
1012616,6035,BANK PLUS CORP
1012620,4011,GENESEE & WYOMING INC  -CL A
1012623,6162,IMC MORTGAGE CO
1012624,7011,INTERSTATE HOTELS CO
1012627,3949,BLACK ROCK GOLF CORP
1012697,8071,INSIGHT HEALTH SERVICES CORP
1012704,5500,UGLY DUCKLING CORP
1012710,8300,KARRINGTON HEALTH INC
1012734,5500,TRAVIS BOATS & MOTORS INC
1012750,3825,APOLLO INTL DEL INC
1012771,6311,FBL FINANCIAL GROUP INC-CL A
1012881,8051,EXTENDICARE INC
1012884,1311,RUTHERFORD-MORAN OIL CORP
1012887,4812,BOSTON COMMUNICATIONS GROUP
1012956,6411,ADVANCEPCS
1012957,8734,EPI TECHNOLOGIES INC
1012967,6798,MERISTAR HOSPITALITY CORP
1013021,7200,COINMACH LAUNDRY CORP
1013033,7372,ALYSIS TECHNOLOGIES INC
1013036,1381,DRILEX INTERNATIONAL INC
1013044,6020,GRAND PREMIER FINANCIAL INC
1013049,6036,SIS BANCORP
1013050,7373,PRINTRAK INTERNATIONAL INC
1013058,7389,PRECISION RESPONSE CORP
1013131,1040,MINAS BUENAVENTURA SA
1013148,3571,XYBERNAUT CORP
1013149,7389,ICT GROUP INC
1013159,4813,TELCO COMMUNICATIONS GRP INC
1013170,3990,SILICON GAMING INC
1013218,8300,ALTERRA HEALTHCARE CORP
1013220,6324,WELLPOINT HEALTH NETWRKS INC
1013236,7812,FILM ROMAN INC
1013237,7370,FACTSET RESEARCH SYSTEMS INC
1013238,3841,ARADIGM CORP
1013243,8731,AAIPHARMA INC
1013256,6513,HOMESTEAD VILLAGE INC
1013272,6020,NORWOOD FINANCIAL CORP
1013273,7372,COMPRESSENT CORP
1013277,7370,LINDATECH INC
1013297,6020,SANTA MONICA BK CALIF
1013316,7363,OUTSOURCE INTERNATIONAL INC
1013322,7372,WEBHIRE INC
1013334,7372,ASPECT DEVELOPMENT INC
1013351,2836,MAXIM PHARMACEUTICALS INC
1013355,7372,TRUSTED INFORMATION SYS INC
1013462,7372,ANSYS INC
1013465,3845,CARDIOGENESIS CORP-OLD
1013466,3842,FUSION MED TECHNOLOGIES INC
1013467,7363,REMEDYTEMP INC  -CL A
1013488,5812,BJ'S RESTAURANTS INC
1013547,3826,THERMO BIOANALYSIS CORP
1013554,6035,PARK BANCORP INC
1013556,4955,COMMODORE APPLIED TECHN INC
1013557,3670,SAES GETTERS SPA
1013564,6331,FARM FAMILY HOLDINGS INC
1013595,5051,RYERSON TULL INC-OLD
1013605,1381,PRECISION DRILLING CORP
1013606,3841,ENDOLOGIX INC
1013608,4841,TV FILME INC
1013609,6351,SCPIE HOLDINGS INC
1013626,3561,NELES OYJ
1013627,5812,ALL AMERN FOOD GROUP INC
1013687,7372,SPHINX INTERNATIONAL INC
1013690,7370,LOYALTYPOINT INC
1013696,3089,CHANNELL COMMERCIAL CORP
1013698,6331,SYMONS INTERNATIONAL GRP INC
1013706,7900,WILHELMINA INTERNATIONAL INC
1013736,7373,CLAREMONT TECHNOLOGY GRP INC
1013742,7370,OZEMAIL LTD
1013745,1520,SAWAKO CORP
1013746,1311,PETROKAZAKHSTAN INC
1013749,2320,NORTH FACE INC
1013786,5961,ZONES INC
1013787,5080,AVTEAM INC  -CL A
1013794,6798,ARDEN REALTY INC
1013795,7372,SIMULATION SCIENCES INC
1013796,6020,TIB FINANCIAL CORP
1013834,7359,PS GROUP HOLDINGS INC
1013836,6153,CAPITAL FACTORS HOLDING INC
1013857,7372,PEGASYSTEMS INC
1013871,4911,NRG ENERGY INC
1013880,7389,TTEC HOLDINGS INC
1013920,7372,AWARD SOFTWARE INTL INC
1013934,8200,STRATEGIC EDUCATION INC
1014022,2510,SIMMONS CO
1014041,7200,SRI/SURGICAL EXPRESS INC
1014052,4899,DIGERATI TECHNOLOGIES INC
1014061,5180,AMERICAN CRAFT BREWING INTL
1014111,6282,GLASSBRIDGE ENTERPRISES INC
1014133,6020,COMMUNITY CENTRAL BK CORP
1014187,1700,AMER RESIDENTIAL SVCS INC
1014343,5812,ORGANIC TO GO FOOD CORP
1014383,7372,ONYX SOFTWARE CORP
1014462,7370,THINK NEW IDEAS INC
1014473,7370,VERISIGN INC
1014477,3669,ENSEC INTERNATIONAL INC
1014488,1520,SAXTON INC
1014507,3843,SIRONA DENTAL SYSTEMS INC
1014552,3559,DTM CORP
1014586,7372,XIONICS DOCUMENT TECHNOLGIES
1014620,4813,TELEFONICA DEL PERU SA
1014622,2836,GENSET SA
1014653,7389,PROFILE TECHNOLOGIES INC
1014667,2835,NYCOMED ASA
1014672,3826,CALIPER LIFE SCIENCES INC
1014733,7819,POINT.360-OLD
1014739,8090,OPTION CARE HEALTH INC
1014743,6726,THERMO OPPORTUNITY FUND INC
1014747,6799,AGILITY CAPITAL INC
1014763,2836,AINOS INC
1014767,7372,PORTIVITY INC
1014838,8734,ASE TEST LTD
1014839,4899,PASIFIK SATELIT NUS PT -ADR
1014845,7370,MEDSCAPE INC
1014851,3089,U S PLASTIC LUMBER CORP
1014920,7372,OPTIKA INC
1014924,7372,MULTICOM PUBLISHING INC
1014925,4841,HOT TELECOMMUNICATION SYS
1014955,7372,EXCELON CORP
1014957,7948,GRAND PRIX ASSN LONG BEACH
1014960,7389,TELESPECTRUM WORLDWIDE INC
1014964,6036,SOUTH STREET FINANCIAL CORP
1014982,7363,SOURCE SERVICES CORP
1015111,3620,SGL CARBON SE
1015115,5045,HIREL HOLDINGS INC
1015155,3290,CHARLES & COLVARD LTD
1015172,7372,AXTIVE CORP
1015194,3841,CELL TECH INTERNATIONAL INC
1015276,4899,ASIA SATELLITE TELECOM LTD
1015293,1311,HOUSTON EXPLORATION CO
1015298,3290,ALYN CORP
1015328,6020,WINTRUST FINANCIAL CORP
1015360,3533,DAILEY INTL INC  -CL A
1015383,3480,AMMO INC
1015441,2836,AVAX TECHNOLOGIES INC
1015464,7372,FLEXIINTERNATIONAL SOFTWARE
1015483,4210,DYNAMEX INC
1015577,7370,CNET NETWORKS INC
1015593,6035,RIVER VALLEY BANCORP
1015604,7350,HEALTHCOR HOLDINGS INC
1015610,6020,GOLD BANC CORP INC
1015647,1000,ALMADEN MINERALS LTD
1015650,4812,SK TELECOM CO LTD
1015666,6020,BCO BILBAO VIZCAUA ARG CHILE
1015739,7372,AWARE INC
1015780,6211,E TRADE FINANCIAL CORP
1015820,3826,QIAGEN NV
1015854,7373,EXIGENT INTL INC
1015856,6020,ST JOSEPH CAPITAL CORP
1015859,6798,BOYKIN LODGING CO
1015868,2834,TL ADMINISTRATION CORP
1015920,7374,BPO MANAGEMENT SERVICES/DE
1015922,7372,CHECK POINT SOFTWARE TECHN
1015923,3944,OPTIMAL GROUP INC
1016006,3842,CLOSURE MEDICAL CORP
1016100,3669,DIGITAL LIGHTWAVE INC
1016118,7372,DASSAULT SYSTEMS SA
1016125,7372,ULTIMATE SOFTWARE GROUP INC
1016134,7370,MEDICONSULT.COM INC
1016139,7372,ALLAIRE CORP
1016151,3663,WI-TRON INC
1016152,8744,CORNELL COMPANIES INC
1016168,8300,ATRIA COMMUNITIES INC
1016169,2834,ANTARES PHARMA INC
1016177,3714,DURA AUTOMOTIVE SYS  -CL B
1016178,6035,CARVER BANCORP INC
1016179,2840,DIAL CORPORATION
1016181,3842,XOMED SURGICAL PRODS
1016229,8711,LCC INTERNATIONAL INC  -CL A
1016243,7372,INDUSRI-MATEMATIK INTL CORP
1016263,2200,AVONDALE MILLS INC
1016277,6099,NATIONAL PROCESSING INC
1016278,3851,GARGOYLES INC
1016281,7200,CARRIAGE SERVICES INC
1016289,1311,PYR ENERGY CORP
1016370,7990,GOLDEN BEAR GOLF INC  -CL A
1016395,3949,ROYAL PRECISION INC
1016439,7373,INTELLIGROUP INC
1016470,6794,SRS LABS INC
1016475,3714,LUCAS VARITY PLC
1016503,8200,QUEST EDUCATION CORP
1016504,2834,INTEGRATED BIOPHARMA INC
1016546,3690,ALTAIR NANOTECHNOLOGIES INC
1016558,8050,KAPSON SR QUARTERS CORP
1016572,7359,RENTAL SERVICE CORP
1016577,6532,SUNTERRA CORP
1016601,7389,VIALOG CORP
1016607,5600,PREVU INC
1016608,8090,SERACARE INC
1016613,7370,LQ CORPORATION INC
1016626,7841,BLOWOUT ENTERTAINMENT INC
1016657,7373,BRISTOL RETAIL SOLUTIONS INC
1016694,5812,NEW YORK BAGEL ENTRPRS INC
1016718,7310,METRO NETWORKS INC
1016724,1040,CUMBERLAND RESOURCES LTD
1016741,6531,GRAND COURT LIFESTYLES INC
1016771,7990,METROGOLF INC
1016794,2835,VYSIS INC
1016831,7372,DOCUMENT SCIENCES CORP
1016837,6510,ALON BLUE SQUARE ISRAEL
1016838,7370,RADCOM
1016872,5047,SUBURBAN OSTOMY SUPPLY CO
1016888,1040,MERIDIAN GOLD INC
1016919,5500,CROSS CONTNT AUTO RETAILERS
1016931,6035,AFSALA BANCORP INC
1016933,6020,R&G FINANCIAL CORP  -CL B
1016951,5812,DIGITAL CREATIVE DEVELOPMENT
1016959,5030,EAGLE SUPPLY GROUP INC
1016965,2990,PROLONG INTERNATIONAL CORP
1017008,4833,UNIVISION COMMUNICATIONS INC
1017047,3751,ROCKSHOX INC
1017097,2750,SCOOP INC
1017136,3531,GRADALL INDUSTRIES INC
1017137,7373,PRESCIENT APPLIED INTELLIGEN
1017147,8051,INTENSIVA HEALTHCARE CORP
1017156,5812,STEAKHOUSE PARTNERS INC
1017158,6500,CAPITAL TITLE GROUP INC
1017172,7374,AUTHORIZE.NET HOLDINGS INC
1017174,7370,MAINSPRING INC
1017259,3841,NMT MEDICAL INC
1017267,6211,HAMBRECHT & QUIST GROUP INC
1017303,3577,TRANSACT TECHNOLOGIES INC
1017308,6035,CBES BANCORP INC
1017362,7373,PEERLESS GROUP INC
1017413,1311,CANADIAN NATURAL RESOURCES
1017440,7389,ACCESS PLANS USA INC
1017480,5940,HIBBETT INC
1017491,2836,SEELOS THERAPEUTICS INC
1017526,7373,ACE COMM CORP
1017535,2330,SHOPNET.COM INC
1017545,3661,SOLOPOINT INC
1017546,3577,STORM TECHNOLOGY INC
1017550,2100,CONS CIGAR HLDGS INC  -CL A
1017609,1700,SERVICE EXPERTS INC
1017641,3559,QC OPTICS INC
1017646,3730,HALTER MARINE GROUP INC
1017648,4813,ADELPHIA BUSINESS SOLUTIONS
1017657,7372,INFINITY FINL TECHNOLOGY INC
1017673,7948,DOVER MOTORSPORTS INC
1017712,5600,HOT TOPIC INC
1017793,6020,SUN BANCORP INC/NJ
1017799,5047,ALLEGIANCE CORP
1017813,6411,CAREGUIDE INC
1017815,3420,QEP CO INC
1017822,7822,RNETHEALTH INC
1017829,7370,MESSAGEMEDIA INC
1017875,3670,ASD GROUP INC
1017904,3751,EXCELSIOR-HENDERSON MTRCYCLE
1017907,6331,FIRST ACCEPTANCE CORP
1017917,7372,CCC INFORMATION SVCS GRP INC
1017921,2670,THERMO FIBERGEN INC
1017958,7389,RMH TELESERVICES INC
1017960,6726,DESSAUER GLOBAL EQUITY FUND
1017968,7370,EDGEWATER TECHNOLOGY INC
1018003,5045,INGRAM MICRO INC
1018005,5621,COLDWATER CREEK INC
1018035,7370,JUNO ONLINE SERVICES INC
1018039,7371,TELLURIAN INC - OLD
1018074,3661,CARRIER ACCESS CORP
1018099,2810,MILLENNIUM CHEMICALS INC
1018117,2834,SKYEPHARMA PLC
1018145,7310,INTERACTION MEDIA CORP
1018146,7011,SUNBURST HOSPITALITY CORP
1018154,7372,SELECT SOFTWARE TOOLS  -ADR
1018158,2040,INNOPET BRANDS CORP
1018164,7359,WILLIS LEASE FINANCE CORP
1018290,7363,PROFESSIONAL STAFF PLC  -ADR
1018295,7374,COMPUSERVE INC
1018332,7373,L-1 IDENTITY SOLUTIONS INC
1018336,7372,INFORMATION ARCHITECTS CORP
1018349,3540,RIVIERA TOOL CO
1018350,4812,MICROCELL TELECOMMUN  -CL B
1018354,8082,NEW YORK HEALTH CARE INC
1018355,1311,SHERIDAN ENERGY INC
1018371,2833,CN BIOSCIENCES INC
1018380,6036,EMERALD ISLE BANCORP INC
1018399,6020,ENTERPRISE BANCORP INC/MA
1018411,5912,AMERICAN MEDSERVE CORP
1018522,4832,COX RADIO INC  -CL A
1018525,7373,XLCONNECT SOLUTIONS INC
1018645,5080,AVIATION DISTRIBUTORS INC
1018693,8200,PROSOFT LEARNING CORP
1018710,2834,INTROGEN THERAPEUTICS INC
1018724,5961,AMAZON.COM INC
1018730,4899,SMARTALK TELESERVICES INC
1018735,2835,NYMOX PHARMACEUTICAL CORP
1018797,3670,INTL MANUFACTURING SVCS INC
1018833,7372,QUADRAMED CORP
1018840,5651,ABERCROMBIE & FITCH  -CL A
1018848,2052,KEEBLER FOODS CO
1018871,8093,HEALTHTRONICS INC
1018891,2250,RIDGEVIEW INC
1018913,7510,MAII HOLDINGS INC
1018920,8741,COAST DENTAL SERVICES INC
1018946,7200,STEINER LEISURE LTD
1018952,2834,KOS PHARMACEUTICALS INC
1018963,3350,ALLEGHENY TECHNOLOGIES INC
1018979,6331,AMERISAFE INC
1018980,1311,COSTILLA ENERGY INC
1019034,3829,BIO-KEY INTERNATIONAL INC
1019055,6036,CENTURY BANCORP INC/NC
1019072,7900,MARQUEE GROUP INC
1019156,7372,CYBERMEDIA INC
1019180,7372,SOFTWARE.COM INC
1019254,6172,GRANITE FINANCIAL INC
1019265,3480,PRIMEX TECHNOLOGIES INC
1019272,5051,EMPIRE RESOURCES INC
1019361,3690,ROFIN SINAR TECHNOLOGIES INC
1019376,5812,ROADHOUSE GRILL INC
1019439,5651,WALKING CO HOLDINGS INC
1019650,6020,CENTRUE FINANCIAL CORP
1019654,4400,IN OVATIONS HOLDINGS INC
1019656,3845,IMAGE GUIDED TECHNLGIES INC
1019671,7372,SEACHANGE INTERNATIONAL INC
1019695,2836,ARQULE INC
1019731,2834,ASCENT PEDIATRICS INC
1019737,8742,NAVIGANT CONSULTING INC
1019756,1311,MARKWEST HYDROCARBON INC
1019779,3569,CUNO INC
1019787,3714,PURADYN FILTER TECHNOLOGIES
1019808,2844,CARSON INC  -CL A
1019825,3721,MOONEY AEROSPACE GROUP LTD
1019849,5500,PENSKE AUTOMOTIVE GROUP INC
1019876,8700,NIELSEN MEDIA RESEARCH INC
1019878,8700,ACNIELSEN CORP
1019883,6020,APPALACHIAN BANCSHARES INC
1019900,3842,DEPUY INC
1019947,7373,COMPURAD INC
1019986,1311,WINDSOR ENERGY CORP
1020017,7370,INX INC
1020214,3842,CERUS CORP
1020258,6324,VISION TWENTY-ONE INC
1020265,7373,SABRE HOLDINGS CORP  -CL A
1020319,3661,HAYES CORP
1020359,7011,JANUS HOTELS & RESORTS INC
1020391,7373,ALLIN CORP
1020394,3576,SPLASH TECHNOLOGY HLDGS INC
1020400,4812,BCE MOBILE COMMUNICATIONS
1020416,7370,MONSTER WORLDWIDE INC
1020476,7381,KROLL INC
1020503,1311,OFFSHORE ENERGY DEVLP
1020569,6798,IRON MOUNTAIN INC
1020579,7372,OMTOOL LTD
1020616,7370,LASON INC
1020620,7370,AT HOME CORP
1020710,5080,DXP ENTERPRISES INC
1020716,7372,INTELLISYNC CORP
1020726,3571,RETURN ASSURED INC
1020825,6799,MINCO CAPITAL CORP
1020828,6036,ROSLYN BANCORP INC
1020859,5140,UNITED NATURAL FOODS INC
1020862,7370,IMALL INC
1020866,5140,BIONOVA HOLDING CORP
1020871,7822,ON COMMAND CORP
1020897,5961,SPECIALTY CATALOG CORP
1020898,5412,BOWLIN OUTDOOR AD&TRAVEL CTR
1020905,7011,BOCA RESORTS INC
1020910,2836,TRANSCEND THERAPEUTICS INC
1020950,6211,RAGEN MACKENZIE GROUP INC
1020996,7389,VERTRUE INC
1020999,7370,SUPERIOR CONSULTANT HLDGS CP
1021009,6726,BRANTLEY CAPITAL CORP
1021010,1311,EDGE PETROLEUM CORP
1021011,6035,SOUTHERN CMNTY BANCSHRS INC
1021061,6141,METRIS COMPANIES INC
1021080,7370,ABACUS DIRECT CORP
1021096,7310,TROIKA MEDIA GROUP INC
1021097,8090,EMERGENT GROUP INC
1021126,7372,CHINA TECHNOLOGY GLOBAL CORP
1021162,3728,TRIUMPH GROUP INC
1021226,6794,GLOBAL MATRECHS INC
1021232,1381,SMEDVIG A/S
1021252,6531,TRENDWEST RESORTS INC
1021263,7359,THORN PLC
1021264,5010,ACLN LTD
1021270,5812,BBQ HOLDINGS INC
1021354,7990,TICKETMASTER GROUP INC
1021387,7812,TIME WARNER INC-OLD
1021421,7011,HOMEGATE HOSPITALITY INC
1021422,6798,EASTERN LIGHT CAPITAL INC
1021435,7372,HOPTO INC
1021444,3669,GVI SECURITIES SOLUTIONS INC
1021549,5160,LEADING EDGE PACKAGING INC
1021561,2844,NU SKIN ENTERPRISES  -CL A
1021575,6035,PS FINANCIAL INC
1021604,3577,ON TRACK INNOVATIONS
1021620,3661,BEEIO HONEY LTD
1021635,4931,OGE ENERGY CORP
1021706,5031,KEVCO INC
1021723,5812,PJ AMERICA INC
1021770,3690,FIREARMS TRAINING SYS  -CL A
1021772,7370,IMRGLOBAL CORP
1021810,7372,INTELIDATA TECHNOLOGIES CORP
1021848,6162,DELTA FINANCIAL CORP
1021853,3826,COMPUTERIZED THERMAL IMAGING
1021860,3533,NOV INC
1021917,3578,ASPEON INC
1021921,6020,ATLANTIC FINANCIAL CORP
1021991,7372,TOP IMAGE SYSTEMS LTD
1022079,8071,QUEST DIAGNOSTICS INC
1022080,7372,MIDWAY GAMES INC
1022097,3714,TURBODYNE TECHNOLOGIES INC
1022103,6035,HOME CITY FINANCIAL CORP
1022147,7373,MEDICAL MANAGER CORP-OLD
1022191,7373,DIGITAL LIGHTHOUSE CORP
1022198,1311,PONTOTOC PRODUCTION INC
1022220,7372,ORCHESTREAM HOLDINGS PLC
1022222,4899,LIBERTY SAT & TECH   -CL A
1022225,3663,OPLINK COMMUNICATIONS INC
1022243,6020,PINNACLE BANCSHARES
1022259,7350,PRIME SERVICE INC
1022321,5172,GENESIS ENERGY  -LP
1022329,4899,IMPSAT FIBER NETWORKS INC
1022345,1311,MARINER ENERGY INC
1022368,2834,SCHIFF NUTRITION INTL INC
1022381,3569,COMMODORE SEPARATION TCHNLGY
1022397,7331,NEWGEN RESULTS CORP
1022408,5045,EPLUS INC
1022438,6531,TRAMMELL CROW CO
1022469,2421,DELTIC TIMBER CORP
1022509,7372,TUMBLEWEED COMMUNICATIONS CO
1022536,5331,ODD JOB STORES INC
1022570,3841,CARDIMA INC
1022581,4213,CONSOLIDATED FREIGHTWAYS CP
1022622,2834,TRIANGLE PHARMACEUTICALS INC
1022646,1311,ULTRA PETROLEUM CORP
1022652,3661,INSEEGO CORP
1022664,1311,MONTEREY RESOURCES INC
1022671,3312,STEEL DYNAMICS INC
1022693,3577,DATA TRANSLATION INC
1022701,7373,NEOMEDIA TECHNOLOGIES INC
1022704,4812,NEW TEL LTD
1022705,3533,TESCO CORP
1022794,6331,OLD GUARD GROUP INC
1022807,6035,BIG FOOT FINANCIAL CORP
1022809,6020,BRIDGE VIEW BANCORP
1022820,1520,CANDLEWOOD HOTEL CO INC
1022828,8011,COMPLETE WELLNESS CTRS INC
1022832,2844,STYLING TECHNOLOGY CORP
1022837,6020,SUMITOMO MITSUI FINANCIAL GR
1022844,7372,BRILLIANT DIGITAL ENTMT INC
1022893,7363,JUDGE GROUP INC
1022899,2836,PROTAGENIC THERAPEUTICS INC
1022911,3861,PANAVISION INC
1022916,4932,KEYSPAN ENERGY CORP
1022926,7372,SANCHEZ COMPUTER ASSOCS INC
1022959,7372,VOICEFLASH NETWORKS INC
1022964,7374,CASH TECHNOLOGIES INC
1022974,8731,DECODE GENETICS INC
1023010,8300,BROOKDALE LIVING CMNTYS INC
1023024,2834,ANI PHARMACEUTICALS INC
1023025,4833,TV AZTECA SA DE CV
1023027,6311,SCOR SE
1023031,6331,DIRECT GENERAL CORP
1023052,5700,LINENS N THINGS INC
1023060,1311,EEX CORP
1023128,5500,LITHIA MOTORS INC  -CL A
1023130,6799,CVI ENERGY CORP LTD
1023131,8731,COVANCE INC
1023139,4899,EAGLE BROADBAND INC
1023174,1311,STAMPEDER EXPLORATION LTD
1023184,7372,ROGUE WAVE SOFTWARE INC
1023275,6512,ECHELON INTERNATIONAL CORP
1023283,6035,EMPIRE FEDERAL BANCORP INC
1023291,4911,ENERGY FUTURE HOLDINGS CORP
1023298,2810,ALPHA-EN CORP
1023300,6159,HEALTHCARE FINL PARTNERS INC
1023313,8700,FORRESTER RESEARCH INC
1023334,6162,ALTIVA FINANCIAL CORP
1023339,5531,RANKIN AUTOMOTIVE GROUP INC
1023362,3663,POWERWAVE TECHNOLOGIES INC
1023364,7370,AUTOWEB INC
1023388,7819,FOUR MEDIA CO
1023393,7372,VERSATILITY INC
1023398,6035,ADVANCE FINANCIAL BANCORP
1023459,7372,SIMULATIONS PLUS INC
1023512,1040,DRDGOLD LTD
1023514,1040,HARMONY GOLD MINING CO LTD
1023516,3663,EFJOHNSON TECHNOLOGIES INC
1023519,5045,MCSI INC
1023640,6035,FIRSTFED AMER BANCORP INC
1023646,7372,MEMCO SOFTWARE LTD
1023695,7363,PREFERRED EMPLOYERS HOLDINGS
1023714,6799,BEXIL CORP
1023731,7370,8X8 INC
1023734,1311,BPZ RESOURCES INC
1023745,7372,VOICENET INC
1023767,7373,MC INFORMATICS INC
1023813,3844,VIVID TECHNOLOGIES INC
1023844,6211,NATIONAL HOLDINGS CORP
1023845,8711,FOUNDATION HEALTHCARE LTD
1023860,6020,STEWARDSHIP FINANCIAL CORP
1023874,2522,ERGOBILT INC
1023876,5045,MANCHESTER TECHNOLOGIES INC
1023902,5500,RDO EQUIPMENT CO  -CL A
1023907,3580,HAYWARD INDUSTRIES INC
1023944,4512,ASA HOLDINGS INC
1023947,1311,ASPEN GROUP RESOURCES CORP
1023950,2835,INSTRUMENTATION LAB  -ADR
1023966,7380,ISONICS CORP
1023973,3537,OMNIQUIP INTERNATIONAL INC
1023993,7830,READING ENTERTAINMENT
1023994,3440,SG BLOCKS INC
1023996,1040,RICHMONT MINES INC
1024015,6035,ACCESS ANYTIME BANCORP INC
1024022,2890,MEDIA SCIENCES INTL INC
1024047,3576,LARSCOM INC  -CL A
1024095,6552,CARNEGIE DEV INC
1024096,8300,BALANCED CARE CORP
1024124,7000,THOUSAND TRAILS INC
1024125,3714,CRAGAR INDUSTRIES INC
1024126,2834,PERNIX THERAPEUTICS HOLDINGS
1024149,4812,US UNWIRED INC
1024302,7372,INKTOMI CORP
1024305,2844,COTY INC
1024321,6035,BEVERLY HILLS BANCORP INC
1024338,5172,CORNERSTONE PRPANE PTNR  -LP
1024339,7373,CREDIT MGMT SOLUTIONS INC
1024342,2090,VITA FOOD PRODUCTS INC
1024401,5172,ENRON CORP
1024441,5940,FACTORY CARD OUTLET & PTY CP
1024452,5172,SMF ENERGY CORP
1024464,7389,PARADISE MUSIC & ENTMT INC
1024478,3620,ROCKWELL AUTOMATION
1024519,3523,CNH GLOBAL NV
1024520,3845,WORLD HEART CORP
1024564,1600,BOUYGUES OFFSHORE SA
1024627,3089,ZAG INDUSTRIES LTD
1024628,3711,ZAP
1024645,1311,TITAN EXPLORATION INC
1024657,7389,WEST CORP
1024672,3672,ELTEK LTD
1024674,7389,BA MERCHANT SVCS INC  -CL A
1024678,7372,QUINTUS CORP
1024725,3714,TENNECO INC
1024729,2650,AMSCAN HOLDINGS INC
1024732,7374,IGATE CORP
1024752,7372,TEMPLATE SOFTWARE INC
1024787,8742,MODEM MEDIA INC
1024795,3490,HELIOS TECHNOLOGIES INC
1025134,5045,INTRAWARE INC
1025148,7372,MOBIUS MGMT SYSTEMS INC
1025169,7310,OBIE MEDIA CORP
1025170,7372,SMALLWORLDWIDE PLC  -ADR
1025361,3730,NEWPORT NEWS SHIPBUILDING
1025378,6798,W P CAREY INC
1025536,6020,TAYLOR CAPITAL GROUP INC
1025557,5065,FOCUS AFFILIATES INC
1025566,3949,DIGITAL INFO SECURITY CO
1025573,2833,NATROL INC
1025589,8051,AMERICAN MEDICAL SERVICES
1025702,8351,BRIGHT HORIZONS INC
1025711,3572,PROCOM TECHNOLOGY INC
1025742,5171,GETTY PETROLEUM MKTG INC
1025743,5080,FIRST AVIATION SERVICES INC
1025787,2086,HAWAIIAN NATURAL WATER INC
1025822,5735,CD WAREHOUSE INC
1025834,2100,SWISHER INTL GRP INC  -CL A
1025835,6020,ENTERPRISE FINL SERVICES CP
1025862,4813,CANTV-CA NAC TELEFONOS VENEZ
1025863,1311,ITERATION ENERGY LTD
1025881,3674,3D LABS INC LTD
1025953,7361,NOVATION COS INC
1025985,7373,APPIANT TECHNOLOGIES INC
1025995,3571,INTERACTIVE SYSTEMS WORLDWDE
1025996,6798,KILROY REALTY CORP
1026114,5961,DELIAS INC -OLD
1026115,7363,SELECT APPOINTMENTS
1026214,6111,FEDERAL HOME LOAN MORTG CORP
1026221,3562,GENERAL BEARING CORP
1026266,7373,TTI TEAM TELECOM INTL LTD
1026291,7990,RANK GROUP PLC
1026311,7373,MARINE MGMT SYSTEMS INC
1026348,8051,LEXINGTON HEALTHCARE GROUP
1026380,7372,RESONATE INC
1026392,6211,CSFBDIRECT
1026405,3845,SOMNUS MED TECHNOLOGIES INC
1026448,7372,IMPAC MEDICAL SYSTEMS INC
1026471,3661,YURIE SYSTEMS INC
1026486,4813,STAR TELECOMMUNICATIONS INC
1026493,7370,SPR INC
1026506,5961,EGGHEAD.COM INC
1026601,2860,CHEMFIRST INC
1026650,7372,ERESEARCHTECHNOLOGY INC
1026655,3089,CORE MOLDING TECHNOLOGIES
1026658,3826,BIACORE INTL AB
1026662,5040,EURO TECH HOLDINGS CO LTD
1026671,7990,LOTTERY & WAGERING SOLUTIONS
1026733,4813,COLT GROUP SA
1026734,7372,DR SOLOMONS GROUP PLC  -ADR
1026735,3312,GRUPO IMSA SA DE CV
1026738,2860,INTL SPECIALTY PRODUCTS INC
1026744,3576,AESP INC
1026785,3460,HIGHWAY HOLDINGS LTD
1026792,7389,CASCO INTERNATIONAL INC
1026816,7812,METRO GOLDWYN MAYER INC
1026819,7370,ABOVENET COMMUNICATIONS INC
1026869,4924,CTG RESOURCES INC
1026965,7370,METRO INFORMATION SVCS INC
1026969,7373,ECSOFT GROUP PLC
1026980,3357,ASIA PACIFIC WIRE&CABLE CORP
1027032,3572,ARTECON INC
1027033,5140,PURO WATER GROUP INC
1027077,4841,GROUPE AB SA
1027108,7372,INTERACT COMMERCE CORP
1027131,8011,TALBERT MED MGMT HLDGS CORP
1027183,6020,FIRST SOUTH BANCORP INC/VA
1027207,7372,EPIQ SYSTEMS INC
1027228,3669,ANSALDO SIGNAL NV
1027229,4899,APT SATELLITE HLDGS LTD
1027258,6020,AMEGY BANCORPORATION INC
1027280,6020,FALMOUTH BANCORP INC
1027282,5110,UNISOURCE WORLDWIDE INC
1027287,6411,SUMMIT HLDG SOUTHEAST INC
1027324,6020,MID-STATE BANCSHARES
1027362,7372,SYNPLICITY INC
1027429,8741,PHYSICIANS SPECIALTY CORP
1027430,7948,COLONIAL HOLDINGS INC  -CL A
1027454,3674,NEW ENERGY EXCHANGE LTD
1027532,8071,AMERIPATH INC
1027539,3812,NOVATEL INC
1027552,6020,BANCO SANTANDER-CHILE
1027584,3851,WESLEY JESSEN VISIONCARE INC
1027600,3661,NACT TELECOMMUNICATIONS INC
1027662,3845,ELBIT IMAGING LTD
1027664,3812,ELBIT SYSTEMS LTD
1027702,2835,EPIX PHARMACUETICALS INC
1027781,3572,ATL PRODUCTS INC
1027821,3571,NEXAR TECHNOLOGIES INC
1027838,3845,TACTILE SYSTEMS TECHNOLOGY
1027881,2030,INTERNATIONAL HOME FOODS INC
1027884,1600,CHICAGO BRIDGE & IRON CO
1027915,7370,HEALTH GRADES INC
1027974,6324,PACIFICARE HEALTH SYSTEMS
1028065,2834,ORAPHARMA INC
1028079,7370,MYTURN.COM INC
1028087,8741,AMERICAN DENTAL PARTNERS INC
1028124,3312,CYCLOPS CORP
1028153,3690,AXION POWER INTL INC
1028205,2834,BIOENVISION INC
1028215,2860,KMG CHEMICALS INC
1028262,4955,MERCURY WASTE SOLUTIONS INC
1028277,1090,ATLATSA RESOURCES CORP
1028285,7373,CORSAIR COMMUNICATIONS INC
1028318,3841,MICRUS ENDOVASCULAR CORP
1028336,6035,FIDELITY BANKSHARES INC
1028339,7372,NEW ERA OF NETWORKS INC
1028358,2836,GENITOPE CORP
1028361,3663,METAWAVE COMMUNICATIONS CP
1028442,7372,SEQUOIA SOFTWARE CORP
1028461,7371,COVANSYS CORP
1028572,1520,GENESIS DEV & CONSTR LTD
1028584,7372,AMICAS INC
1028637,3990,CORGI INTERNATIONAL LTD -ADR
1028718,7370,VIRTUAL COMMUNITIES INC
1028726,7350,US RENTALS INC
1028734,6020,COBIZ FINANCIAL INC
1028751,8721,PROBUSINESS SERVICES INC
1028918,6020,PACIFIC PREMIER BANCORP INC
1028954,6020,SB ONE BANCORP
1028965,3350,SPECIAL METALS CORP
1029023,8731,SYNTROLEUM CORP
1029125,2836,PANBELA THERAPEUTICS INC
1029142,2836,DYNAVAX TECHNOLOGIES CORP
1029144,3724,DONCASTERS PLC  -ADR
1029145,4400,GOLDEN OCEAN GROUP
1029199,6099,EURONET WORLDWIDE INC
1029267,6211,TUCKER ANTHONY SUTRO
1029281,8742,BORON LEPORE & ASSOCS
1029299,7372,DELTEK INC
1029321,6162,FIRST ALLIANCE CORP/DE
1029350,6531,TOTAL WORLD TELECOMMS INC
1029352,5045,INTL COMPUTER APPLICATNS GP
1029407,6035,HARBOR FLORIDA BANCSHARES
1029443,2040,SPIGADORO INC
1029445,7389,ASI SOLUTIONS INC
1029448,2400,PALEX INC
1029456,2100,GENERAL CIGAR HLDGS  -CL A
1029506,2000,RALCORP HOLDINGS INC
1029508,6552,DTA HOLDING AG -ADR
1029553,7370,GO2NET INC
1029581,7372,BLUEPHOENIX SOLUTIONS LTD
1029590,4931,CONECTIV INC
1029630,6035,GS FINANCIAL CORP
1029631,3911,D G JEWELRY INC
1029632,1000,CENTAUR MINING & EXPLORATION
1029654,6035,HEMLOCK FEDERAL FINANCIAL CP
1029688,7359,INTERNATIONAL AIRCRAFT INVS
1029730,6211,LADENBURG THALMANN FINL SERV
1029738,3841,LIFESTREAM TECHNOLOGIES INC
1029740,6035,HCB BANCSHARES INC
1029744,7372,SONIC FOUNDRY INC
1029753,1531,VISTANA INC
1029784,7389,VICINITY CORP
1029786,6311,NATIONWIDE FINL SVCS  -CL A
1029800,6798,URSTADT BIDDLE PROPERTIES
1029802,5400,CHINA FRUITS CORP
1029825,3841,UNIVEC INC
1029932,5661,TRACK N TRAIL INC
1030048,7311,YOUNG & RUBICAM INC
1030054,3823,METRIKA SYSTEMS CORP
1030058,3663,WORLDGATE COMMUNICATIONS INC
1030108,7370,AUDIOHIGHWAY.COM
1030179,7363,MED-EMERG INTERNATIONAL INC
1030192,1040,NEW JERSEY MINING CO
1030206,3841,VASCULAR SOLUTIONS INC
1030339,8731,NANOGEN INC
1030341,7370,NETWORK SOLUTIONS INC
1030418,3842,BIONX IMPLANTS INC
1030469,6020,OFG BANCORP
1030471,3663,UTSTARCOM HOLDINGS CORP
1030475,4512,CHINA EASTERN AIRLINES CORP
1030484,7372,RENAISSANCE LEARNING INC
1030485,3674,NEOMAGIC CORP
1030487,7370,CONCERO INC
1030555,7011,FOUR SEASONS HOTELS -LTD VTG
1030561,7011,FAIRMONT HOTELS RESORTS INC
1030593,2750,WHEELS SPORTS GROUP INC
1030653,2836,CURAGEN CORP
1030681,7372,INTERNATIONAL COMPUTEX INC
1030708,3669,SENTRY TECHNOLOGY CORP
1030715,5084,VALLEY NATIONAL GASES INC
1030739,2836,BIORA AB
1030740,7361,AHL SERVICES INC
1030749,4412,GULFMARK OFFSHORE INC
1030839,2834,SYNOVICS PHARMACEUTICALS INC
1030894,3674,CELESTICA INC
1030896,5961,BLUEFLY INC
1030966,6035,MUTUAL SVGS BK FSB BAY CITY
1030997,5140,G WILLI-FOOD INTL LTD
1031028,4899,GLOBECOMM SYSTEMS INC
1031029,7389,STARTEK INC
1031093,1000,SILVER BULL RESOURCES INC
1031107,7372,PEREGRINE SYSTEMS INC
1031140,7372,ILOG SA
1031176,8000,APPLE ORTHODONTIX INC  -CL A
1031203,5500,GROUP 1 AUTOMOTIVE INC
1031235,6798,GLOBAL SELF STORAGE INC
1031283,7372,ENTRUST INC
1031296,4911,FIRSTENERGY CORP
1031308,7370,BENTLEY SYSTEMS INC
1031316,6798,FRANKLIN STREET PROPERTIES
1031329,8093,RADIOLOGIX INC
1031340,6035,PEOPLES-SIDNEY FINANCIAL CP
1031516,2834,MERUS LABS INTERNATIONAL INC
1031623,1389,GULF ISLAND FABRICATION INC
1031633,2741,COE GROUP PLC
1031719,4911,ENERGY GROUP PLC
1031744,3663,WORLD WIRELESS COMMUNICATION
1031754,5735,WHEREHOUSE ENTERTAINMENT INC
1031798,7372,BEA SYSTEMS INC
1031911,7372,INGENUUS CORP
1031927,3842,ECHO THERAPEUTICS INC
1031951,3576,COPPER MOUNTAIN NETWORKS INC
1031980,3661,NOTIFY TECHNOLOGY CORP
1031985,6035,FIRST FED SVGS & LN ASSO SAN
1032030,4812,CELLULAR COMMUNICATIONS P R
1032033,6141,SLM CORP
1032067,3827,MEADE INSTRUMENTS CORP
1032082,1400,NAMIBIAN MINERALS CORP
1032142,4813,ESPRIT TELECOM GROUP  -ADR
1032204,6311,HARTFORD LIFE INC  -CL A
1032208,4923,SEMPRA ENERGY
1032220,7389,MAXIMUS INC
1032302,8742,STRATEGIC PLANNING  -CL B
1032330,7372,LHS GROUP INC
1032346,7372,IONA TECHNOLOGIES PLC
1032347,1389,SEAENERGY PLC
1032373,7373,RWD TECHNOLOGIES INC
1032462,6798,TRUSTREET PROPERTIES INC
1032468,6036,GREATER NEW YORK SAVINGS
1032627,1311,NEWSTAR RESOURCES INC
1032628,8741,OMEGA ORTHODONTICS INC
1032761,7370,KEYNOTE SYSTEMS INC
1032863,3790,FORCE PROTECTION INC
1032975,3577,LOGITECH INTERNATIONAL SA
1032997,3711,CVF TECHNOLOGIES CORP
1033012,6035,FLAGSTAR BANCORP INC
1033025,2834,PRAECIS PHARMACEUTICALS INC
1033030,9995,EUROTECH LTD
1033032,6531,SILVERLEAF RESORTS INC
1033217,1040,RANDGOLD & EXPLORATION CO
1033491,7359,VLPS LIGHTING SERVICES INTL
1033643,6798,OCWEN ASSET INVESTMENT CORP
1033660,3842,ANIMAS CORP
1033693,8742,HAGLER BAILLY INC
1033767,3674,UNITED MICROELECTRONICS CORP
1033782,3714,K-H CORP
1033864,7372,DOCUCORP INTERNATIONAL INC
1033905,2835,LUMINEX CORP
1034011,6162,LONG BEACH FINANCIAL CORP
1034042,8741,PHYSICIAN SUPPORT SYS INC
1034054,6798,SBA COMMUNICATIONS CORP
1034072,8731,DELTAGEN INC
1034073,7370,FINE.COM INTERNATIONAL CP
1034088,7373,ECLIPSYS CORP
1034139,2721,CMP MEDIA INC  -CL A
1034239,3944,RC2 CORP
1034257,3944,DSI TOYS INC
1034258,1700,NOBLE INTERNATIONAL LTD
1034365,3663,FAROUDJA INC
1034379,5900,BLUE RHINO CORP
1034397,7372,VERSATA INC
1034588,6331,HSB GROUP INC
1034665,6726,BLACKROCK MUNIHOLDINGS FUND
1034669,4833,FISHER COMMUNICATIONS INC
1034670,3714,AUTOLIV INC
1034718,6035,POUGHKEEPSIE FINANCIAL CP
1034754,7011,WHG RESORTS & CASINOS INC
1034755,1311,BRIGHAM EXPLORATION CO
1034760,7370,WIDEPOINT CORP
1034812,6172,SIERRACITIES.COM INC
1034840,3825,PACIFIC SYSTEMS CONTROL TECH
1034842,2834,RIGEL PHARMACEUTICALS INC
1034867,7389,MAREX INC
1034898,1531,FIRST CINCINNATI INC
1034941,2750,VESTCOM INTERNATIONAL INC
1034956,7373,ESHARE COMMUNICATIONS INC/GA
1034957,9997,CRESUD SACIFYA
1034992,2070,SPECTRUM ORGANIC PRODUCTS
1035002,2911,VALERO ENERGY CORP
1035028,2750,NEI WEBWORLD INC
1035092,6020,SHORE BANCSHARES INC
1035096,7372,WEBMETHODS INC
1035104,4899,ADV COMMUNICATION SYSTEM INC
1035118,8051,CENTENNIAL HEALTHCARE CORP
1035120,4213,PROFESSIONAL TRANSN GRP INC
1035146,7990,INTRAWEST CORP
1035181,8093,SOUND HEALTH SOLUTIONS INC
1035185,8741,GEVITY HR INC
1035201,4941,CALIFORNIA WATER SERVICE GP
1035239,6035,PEOPLES BANCORP INC/DE
1035240,6035,FIRSTSPARTAN FINANCIAL CORP
1035267,3845,INTUITIVE SURGICAL INC
1035271,4813,USOL HOLDINGS INC
1035351,6035,GSB FINANCIAL CORP
1035354,2836,ELOXX PHARMACEUTICALS INC
1035374,5812,FOX & HOUND RESTAURANT GROUP
1035398,6552,CARDINAL COMMUNICATIONS INC
1035401,1311,EXCEL ENERGY CORP
1035426,6552,CRESCENT OPERATING INC
1035442,6799,IRIDIUM WORLD COMMUN  -CL A
1035443,6798,ALEXANDRIA R E EQUITIES INC
1035497,2800,CIBA HOLDING AG
1035507,5961,800 JR CIGAR INC
1035513,6036,FIRSTBANK NW CORP/DE
1035514,7900,ON STAGE ENTERTAINMENT INC
1035632,6211,A B WATLEY GROUP INC
1035656,7372,PLUMTREE SOFTWARE INC
1035675,4911,NSTAR
1035688,8051,SELECT MEDICAL CORP
1035700,7812,TEAM COMMUNICATIONS GROUP
1035713,6020,PROVIDIAN FINANCIAL CORP
1035733,6020,COMSTOCK BANCORP
1035744,6162,AMNET MORTGAGE INC
1035748,7372,CALLIDUS SOFTWARE INC
1035770,6020,VAIL BANKS INC
1035815,2711,JOURNAL REGISTER CO
1035826,6035,NETBANK INC
1035881,3663,GENERAL INSTRUMENT CORP
1035884,3357,COMMSCOPE INC
1035903,6020,COMMUNITY FIRST BKG CO/GA
1035916,6726,MICROCAP LIQUIDATING TRUST
1035972,2890,MORTON INTERNATIONAL INC
1035975,3826,PACKARD BIOSCIENCE INC
1035976,6020,FNCB BANCORP INC
1035977,5990,WORLD OF SCIENCE INC
1035983,1700,COMFORT SYSTEMS USA INC
1035985,4812,DOBSON COMMUNICATIONS CORP
1035991,6035,FIRST ROBINSON FINANCIAL CP
1036030,6036,WAYNE SAVINGS BANCSHARES INC
1036033,6020,DRESDNER BANK AG
1036044,3577,IDENTIV INC
1036070,6020,STELLARONE CORP
1036071,6162,CFI MORTGAGE INC
1036081,3089,PEAK INTERNATIONAL LTD
1036138,4812,CABLE & WIRELESS COMMUNICATN
1036141,2834,CORREVIO PHARMA CORP
1036188,7370,QAD INC
1036260,5912,HORIZON PHARMACIES INC
1036261,3661,EXCEL SWITCHING CORP
1036262,3825,INTEST CORP
1036283,5070,PAMECO CORP  -CL A
1036290,7370,COBALT GROUP INC
1036292,3851,SIGNATURE EYEWEAR INC
1036296,8741,BMJ MEDICAL MANAGEMENT INC
1036297,4813,RSL COMMUNICATIONS  -CL A
1036419,7372,NETGRAVITY INC
1036425,7372,MICROMUSE INC
1036436,7372,GENESYS TELECOMM LABS INC
1036442,7600,INNOVATIVE VALVE TECH INC
1036510,5411,HIPERMARC SA
1036555,5141,SYNCOM CORP
1036584,7370,HOOVERS INC
1036615,6798,IMPAC COML HLDGS INC  -COM
1036629,8731,BIORELIANCE CORP
1036713,3420,ACORN PRODUCTS INC
1036808,6726,DEBT STRATEGIES FUND INC
1036960,3674,FAIRCHILD SEMICONDUCTOR INTL
1036968,2836,DIADEXUS INC
1036992,5961,PEAPOD INC
1037002,7373,TELESCIENCES INC
1037016,4812,NII HOLDINGS INC
1037017,7370,EASE2PAY NV
1037038,2300,RALPH LAUREN CORP
1037067,2330,KASPER A S L LTD
1037115,3825,ORBIT/FR INC
1037158,2834,SELECT THERAPEUTICS INC
1037165,3845,ORATEC INTERVENTIONS INC
1037186,7370,ARIS CORP/WA
1037190,6035,MONTGOMERY FINANCIAL CORP
1037192,1311,DOMAIN ENERGY CORP
1037275,7370,DIGITAL INSIGHT CORP
1037330,7373,ICON CMT CORP
1037333,2111,GALLAHER GROUP PLC
1037388,4899,PANAMSAT CORP
1037390,6798,INDUS REALTY TRUST INC
1037417,9995,STEEL VAULT CORP
1037453,3669,STRATESEC INC
1037461,5399,BJ'S WHOLESALE CLUB INC
1037535,4813,TELEGROUP INC
1037540,6798,BOSTON PROPERTIES INC
1037599,1311,AMEN PROPERTIES INC
1037603,6159,NEWCOURT CREDIT GROUP INC
1037628,5961,GLOBALMEDIA.COM
1037646,3826,METTLER-TOLEDO INTL INC
1037649,2835,INTERLEUKIN GENETICS INC
1037652,6020,PELICAN FINANCIAL INC
1037676,1220,ARCH RESOURCES INC
1037682,3580,WATERLINK INC
1037711,6798,TOWER REALTY TRUST INC
1037737,7370,QUOKKA SPORTS INC
1037760,3826,CEPHEID INC
1037827,3089,ONTRO INC
1037834,7372,CROSSWORLDS SOFTWARE INC
1037868,3823,AMETEK INC
1037949,4813,QWEST COMMUNICATION INTL INC
1037962,1382,CGG
1037975,5122,PRIORITY HEALTHCARE CP -CL B
1037976,6531,JONES LANG LASALLE INC
1038005,3523,CTB INTERNATIONAL CORP
1038052,1311,PETROGLYPH ENERGY INC
1038074,3674,SILICON LABORATORIES INC
1038078,6531,BRIDGESTREET ACCOMMODATIONS
1038083,7990,TICKETS.COM INC
1038133,2835,HESKA CORP
1038143,4813,ORANGE
1038144,7373,ACS MOTION CONTROL LTD
1038183,4924,CONTINENTAL NATURAL GAS INC
1038186,6726,BLACKROCK MUNIHLD NY QLTY FD
1038190,6726,BLACKROCK MUNIHOLDINGS FD II
1038217,6552,TARRAGON CORP
1038222,7370,REIS INC
1038223,8734,CLARIENT INC
1038237,5160,JLM INDUSTRIES INC
1038243,5084,JLK DIRECT DISTR INC  -CL A
1038262,5063,HOME SECURITY INTL INC
1038271,7372,MADE2MANAGE SYSTEMS INC
1038277,2835,INTERNATIONAL ISOTOPES INC
1038280,7200,MAC-GRAY CORP
1038315,7361,LAI WORLDWIDE INC
1038339,6798,EQUITY OFFICE PROPERTIES TR
1038357,1311,PIONEER NATURAL RESOURCES CO
1038363,5051,METALS USA INC
1038367,9995,PEACE ARCH ENTMT GROUP INC
1038368,3440,DBM GLOBAL INC
1038371,7372,OPTISYSTEMS SOLUTIONS LTD
1038541,7500,PRECISION AUTO CARE INC
1038572,5411,COMPANHIA BRASILEIRA DE DIST
1038683,4512,RYANAIR HOLDINGS PLC
1038754,7830,CLEARVIEW CINEMA GROUP INC
1038773,6020,SMARTFINANCIAL INC
1038914,1381,GLOBALSANTAFE CORP
1039065,3844,OSI SYSTEMS INC
1039101,3812,L3 TECHNOLOGIES INC
1039139,8741,ORTHALLIANCE INC  -CL A
1039151,8731,KENDLE INTERNATIONAL INC
1039160,3841,AEROGEN INC
1039167,1311,ENCAL ENERGY LTD
1039184,4213,TRAILER BRIDGE INC
1039198,3679,ARROWPOINT COMMUNICATION INC
1039208,4700,800 TRAVEL SYSTEMS INC
1039213,100,SCHEID VINEYARDS INC  -CL A
1039242,7372,BLUESTONE SOFTWARE INC
1039276,7372,MERCATOR SOFTWARE INC
1039280,7372,NETSOL TECHNOLOGIES INC
1039300,7370,GALILEO INTERNATIONAL INC
1039311,6020,BYL BANCORP
1039387,3949,NATURAL GOLF CORP
1039399,3825,FORMFACTOR INC
1039446,7389,JUPITER MEDIA METRIX INC
1039467,2030,INTERCORP EXCELLE INC
1039610,4911,EDP-ENERGIAS DE PORTUGAL SA
1039684,4923,ONEOK INC
1039690,1731,ENCOMPASS SERVICES CORP
1039757,9995,NXCHAIN INC
1039759,7373,PATHWAYS GROUP INC
1039765,6020,ING GROEP NV
1039778,2621,ABITIBI CONSOLIDATED INC
1039780,3533,FRIEDE GOLDMAN HALTER INC
1039781,1040,PRIME RESOURCES GROUP INC
1039828,6311,AMERICAN EQTY INVT LIFE HLDG
1039889,5812,P F CHANGS CHINA BISTRO INC
1039971,1382,EAGLE GEOPHYSICAL INC
1040015,6411,SEDGWICK GROUP PLC
1040017,2836,PANACOS PHARMACEUTICALS INC
1040130,5912,PETMED EXPRESS INC
1040161,3674,PIXELWORKS INC
1040261,7370,PEGASUS SOLUTIONS INC
1040328,5812,CHAMPPS ENTMT INC
1040416,2834,INSPIRE PHARMACEUTICALS INC
1040426,7370,SYNTEL INC
1040441,8051,BEVERLY ENTERPRISES INC
1040445,7510,AVIS GROUP HOLDINGS INC
1040449,4899,LIBERTY DIGITAL INC
1040454,6798,PAN PAC RETAIL PPTYS INC
1040470,3825,AEHR TEST SYSTEMS
1040472,2821,SINOPEC BEIJING YANHUA PETRO
1040491,6020,AMERICASBANK CORP
1040525,3089,COMPASS PLASTICS & TECH INC
1040570,4899,GEOEYE INC
1040593,1311,CARRIZO OIL & GAS INC
1040596,6411,CHOICEPOINT INC
1040622,7372,MARCAM SOLUTIONS INC
1040649,9997,QUINENCO SA
1040660,3559,APPLIED FILMS CORP
1040666,3845,VNUS MEDICAL TECHNOLOGIES
1040719,6163,DITECH HOLDING CORP
1040761,3949,COYOTE SPORTS INC
1040792,7370,HELIOS AND MATHESON ANALYTIC
1040829,6798,RYMAN HOSPITALITY PPTYS INC
1040850,5140,AGRITEK HOLDINGS INC
1040853,7372,PHARSIGHT CORP
1040863,7372,INTEGRATED BUSINESS SYS &SVC
1040896,7370,INTELLICHECK INC
1040956,7370,VERIO INC
1040971,6798,SL GREEN REALTY CORP
1040973,9995,MEDIABAY INC
1040993,4581,INTERNATIONAL TOTAL SVCS INC
1041008,6794,IONICA GROUP PLC
1041024,3842,ROCKWELL MEDICAL INC
1041061,5812,YUM BRANDS INC
1041073,3842,CENTERPULSE AG
1041075,8200,EDUTREK INTL INC  -CL A
1041077,6159,T & W FINANCIAL CORP
1041095,4953,U S LIQUIDS INC
1041122,6035,OREGON TRAIL FINANCIAL CORP
1041177,3312,SUTOR TECHNOLOGY GROUP LTD
1041179,2320,PASSPORT BRANDS INC
1041255,2020,HORIZON ORGANIC HOLDING CORP
1041318,6020,SUN CMNTY BANCORP LTD
1041333,7372,INDUS INTERNATIONAL INC
1041368,6020,RIVERVIEW BANCORP INC
1041379,6794,POPEYES LOUISIANA KITCHEN
1041382,2090,AUTHENTIC SPECIALTY FOOD INC
1041403,7372,CORILLIAN CORP
1041418,3674,LOGICVISION INC
1041426,3826,TRIPATH IMAGING INC
1041429,6020,ANNAPOLIS BANCORP INC
1041454,4841,AT ENTERTAINMENT INC
1041479,5190,PRODUCTEXPRESS.COM EBUS SVC
1041514,7374,NET 1 UEPS TECHNOLOGIES INC
1041540,6513,EXECUSTAY CORP
1041550,6035,HOPFED BANCORP INC
1041577,2810,ATMI INC
1041580,9995,PRIME STAR GROUP INC
1041623,8742,PLASTIC SURGERY CO
1041651,3679,ASIA ELECTRONICS HOLDING CO
1041652,3845,IOMED INC
1041657,4832,URBAN ONE INC
1041665,6331,PMA CAPITAL CORP
1041668,4512,CHINA SOUTHERN AIRLINES
1041712,5961,CYBERIAN OUTPOST INC
1041753,6020,NORTHWAY FINANCIAL INC
1041754,3661,POSITRON FIBER SYSTEMS CORP
1041792,4911,COPEL-CIA PARANAENSE ENERGIA
1041799,2835,AMERSHAM PLC
1041803,5331,PRICESMART INC
1041829,1311,AUSTRAL PACIFIC ENERGY LTD
1041840,3674,GALILEO TECHNOLOGY LTD
1041844,3576,RIT TECHNOLOGIES LTD
1041855,4841,CABLE MICHIGAN INC
1041858,4841,RCN CORP
1041859,5600,CHILDRENS PLACE INC
1041866,3679,BEI TECHNOLOGIES INC
1041868,2211,NOVEL DENIM HOLDINGS LTD
1041891,2084,BERINGER WINE EST HLD  -CL B
1041895,1311,PETSEC ENERGY LTD
1041934,3845,EDAP TMS SA  -ADR
1041954,4813,ITC DELTACOM INC
1042018,2835,VASOGEN INC
1042046,6331,AMERICAN FINANCIAL GROUP INC
1042051,6411,INSPIRE INS SOLUTIONS INC
1042068,4832,CAPSTAR BROADCASTING CORP
1042074,2836,CYMABAY THERAPEUTICS INC
1042091,5961,STREAMLINE.COM INC
1042100,3577,NEWCOM INC
1042134,7372,CHORDIANT SOFTWARE INC
1042138,2836,CRESCENDO PHARM CORP  -CL A
1042162,3841,LJL BIOSYSTEMS INC
1042173,7372,SCIENTIFIC LEARNING CORP
1042185,7372,VIGNETTE CORP
1042187,3060,YUNHONG CTI LTD
1042291,7370,ILINC COMMUNICATIONS INC
1042323,6531,DIVERSIFIED SENIOR SERVICES
1042351,5080,INDUSTRIAL DISTR GROUP INC
1042418,2836,INHIBITOR THERAPEUTICS INC
1042431,7372,INTERWOVEN INC
1042456,7900,FOOTBALL EQUITIES INC
1042459,2834,WARNER CHILCOTT PLC -ADR-OLD
1042488,2522,NEUTRAL POSTURE ERGONOMICS
1042521,6020,SUN AMERICAN BANCORP
1042561,2836,CORIXA CORP
1042598,3590,DENISON INTL PLC  -ADR
1042647,4813,EMERGING COMMUNICATIONS INC
1042682,7372,COGNICASE INC
1042729,6020,MERCANTILE BANK CORP
1042776,6798,PIEDMONT OFFICE REALTY TRUST
1042783,3572,DOT HILL SYSTEMS CORP
1042797,4813,ESAT TELECOM GROUP
1042798,6798,PRIME GROUP REALTY TRUST
1042799,7373,CONDOR TECH SOLUTIONS INC
1042801,6035,STATEN ISLAND BANCORP INC
1042806,6036,NSS BANCORP INC
1042809,5945,A.C. MOORE ARTS & CRAFTS INC
1042810,6798,EQUITY ONE INC
1042821,7372,PERVASIVE SOFTWARE INC
1042824,6798,IMPERIAL CR COML MTG INVT CO
1042825,3679,POWER-ONE INC
1042893,3533,DRIL-QUIP INC
1043000,8300,CAPITAL SENIOR LIVING CORP
1043012,2400,U S TIMBERLANDS CO  -LP
1043044,6799,LNR PROPERTY CORP
1043082,2836,VARIAGENICS INC
1043119,1600,TRANSCOASTAL MARINE SVCS INC
1043134,7372,DOCENT INC
1043156,5812,STAR BUFFET INC
1043186,1311,STABILIS SOLUTIONS INC
1043219,6798,ANNALY CAPITAL MANAGEMENT
1043236,6798,ELDERTRUST
1043273,5411,MEYER (FRED) INC
1043274,1540,WESTOWER CORP
1043277,4213,C H ROBINSON WORLDWIDE INC
1043309,6331,ALPHASTAR INSURANCE GRP LTD
1043310,7370,STARTEC GLOBAL COMMUNICTNS
1043324,6798,AEGIS REALTY INC
1043325,6111,CENTERLINE HOLDING CO
1043337,3679,STONERIDGE INC
1043339,2510,MEADOWCRAFT INC
1043382,2820,SOLUTIA INC
1043389,4813,DESTIA COMMUNICATIONS INC
1043412,2721,PETERSEN COMPANIES  -CL A
1043431,7372,BEST SOFTWARE INC
1043432,7990,AMERICAN SKIING CO
1043438,5190,U S A FLORAL PRODUCTS INC
1043446,6020,PRIME BANCSHARES INC/TX
1043476,7370,OAO TECHNOLOGY SOLUTIONS INC
1043505,3715,STANDARD AUTOMOTIVE CORP
1043509,5500,SONIC AUTOMOTIVE INC  -CL A
1043533,4899,ABOVENET INC
1043561,7370,IMPROVENET INC
1043572,1311,COMPTON PETROLEUM CORP
1043604,3576,JUNIPER NETWORKS INC
1043639,3674,SIGMATEL INC
1043769,4813,COVAD COMMUNICATIONS GROUP
1043818,3845,OPTOMEDIC MEDICAL TECH INC
1043873,2834,NOVADEL PHARMA INC
1043892,4813,CYPRESS COMMUNICATIONS INC
1043914,2834,ORE HOLDINGS INC
1043915,7372,LOGILITY INC
1043946,7372,VERTICALNET INC
1043961,8071,PRECIPIO INC
1044007,3674,E-TEK DYNAMICS INC
1044066,4213,JEVIC TRANSPORTATION
1044100,5072,WHITE CAP INDUSTRIES INC
1044167,7370,DEGAMA SOFTWARE SOLUTIONS
1044302,2250,EDMOS CORP
1044324,2320,TROPICAL SPORTSWEAR INTL CP
1044378,2835,BIOCEPT INC
1044391,7363,STRATUS SERVICES GROUP INC
1044431,8060,NATIONAL HEALTH ENTERPRISES
1044435,6726,P10 HOLDINGS INC
1044440,5990,LETS TALK CELLULAR &WIRELESS
1044478,1381,BAYARD DRILLING TECHNOLOGIES
1044566,6351,CNA SURETY CORP
1044577,3310,CHINA PRECISION STEEL INC
1044590,3577,INTERMEC INC
1044612,7900,AMF BOWLING INC
1044615,3663,INNOVA CORP
1044651,6020,PREMIER BANCORP INC/PA
1044660,3571,MMC NETWORKS INC
1044676,6035,HIGH COUNTRY BANCORP INC
1044738,7370,POPMAIL.COM INC
1044777,3669,ONESPAN INC
1044847,2840,SURREY INC
1044862,6162,BINGHAM FINANCIAL SERVICES
1044863,2340,TEFRON LTD
1044864,3827,THERMO VISION CORP
1044865,100,AGRITOPE INC
1044880,6020,MYSTIC FINANCIAL INC
1044896,2015,INDUSTRIAS BACHOCO SAB DE CV
1044914,8741,DENTAL CARE ALLIANCE INC
1044942,8062,PROVINCE HEALTHCARE CO
1044979,3533,IRI INTERNATIONAL CORP
1044993,7311,HEALTHWORLD CORP
1045007,6159,FRANCHISE MTG ACCEPTANCE CO
1045014,3944,GAMETECH INTERNATIONAL INC
1045035,3576,KOFAX IMAGE PRODUCTS INC
1045080,7990,MDI ENTERTAINMENT INC
1045126,6726,BLACKROCK MUNIHLD INVST QLTY
1045150,7370,OFFICIAL PAYMENTS HLDGS INC
1045182,2911,PETROFINA
1045212,1311,GULF INDONESIA RESOURCES LTD
1045214,6512,CADILLAC FAIRVIEW CORP
1045280,7372,ON2 TECHNOLOGIES INC
1045281,6798,CAPTEC NET LEASE REALTY INC
1045309,2810,GRACE (W R) & CO
1045359,4813,ALLSTREAM INC -CL B
1045425,6798,RAIT FINANCIAL TRUST
1045445,7370,UBICS INC
1045450,6798,EPR PROPERTIES
1045513,4911,SCOTTISH POWER PLC
1045520,6020,CANADIAN IMPERIAL BANK
1045536,8741,NOVACARE EMPLOYEE SVCS INC
1045538,4813,EXCEL COMMUNICATIONS INC
1045549,5190,HOLTS CIGAR HOLDINGS INC
1045560,7363,ENHERENT CORP
1045597,4899,I3 MOBILE INC
1045598,5812,BRIAZZ INC
1045609,6798,PROLOGIS INC
1045632,4812,TELESYSTEM INTL WIRELESS INC
1045689,6035,UNITED TENN BANKSHARES INC
1045690,6020,SHORE FINANCIAL CORP
1045739,7370,CLOUDWARD INC
1045742,5700,LIVE VENTURES INC
1045769,3578,HYPERCOM CORP
1045810,3674,NVIDIA CORP
1045828,4813,PNV INC
1045829,8062,VANGUARD HEALTH SYSTEMS INC
1045934,6035,COMMUNITY SAVINGS BANKSHARES
1045956,6798,APEX MORTGAGE CAPITAL INC
1045974,1531,ENGEL GENERAL DEVELOPERS LTD
1045986,7373,FORMULA SYSTEMS (1985) LTD
1045989,5271,HOMEUSA INC
1046002,6036,ALLIANCE BANCORP NEW ENGLAND
1046025,6020,HERITAGE FINANCIAL CORP
1046032,7373,IMAGEMAX INC
1046050,6036,TIMBERLAND BANCORP INC
1046099,6798,LASER MORTGAGE MGMT INC
1046102,7389,RITCHIE BROS AUCTIONEERS INC
1046112,3949,BRASS EAGLE INC
1046128,3585,HUSSMANN INTERNATIONAL INC
1046131,7500,MIDAS INC
1046179,3674,TAIWAN SEMICONDUCTOR MFG CO
1046183,6035,UNION COMMUNITY BANCORP
1046191,3873,EGANAGOLDPFEIL HLDGS LTD
1046203,6020,GUARANTY FED BANCSHARES INC
1046204,1400,FREEPORT MCMORAN SULPHUR INC
1046207,6162,HEADLANDS MORTGAGE CO
1046209,6036,WARWICK CMNTY BANCORP INC
1046212,1381,OMNI ENERGY SERVICES CORP
1046214,2834,INTELLIGENT POLYMERS LTD
1046247,5411,WALMART CHILE SA
1046257,2040,INGREDION INC
1046284,4832,BIG CITY RADIO INC  -CL A
1046293,2835,OXFORD GLYCOSCIENCES
1046304,8744,BUILDING ONE SERVICES CORP
1046311,6794,CHOICE HOTELS INTL INC
1046327,7370,REALNETWORKS INC
1046406,6020,BAY BANCSHARES INC
1046501,5812,BUCA INC
1046520,6020,NMBT CORP
1046558,7373,CONVERGENT COMMUNICATIONS
1046568,8200,PERDOCEO EDUCATION CORP
1046578,1520,TOUSA INC
1046587,6035,GREAT PEE DEE BANCORP INC
1046594,3089,DENALI INC
1046607,3663,CELLPOINT INC
1046623,5812,SPORTS RESTAURANTS INC
1046649,4911,ENDESA SA
1046685,6036,RICHMOND COUNTY FINL CORP
1046687,3312,NOVAMERICAN STEEL INC-OLD
1046692,3910,LJ INTERNATIONAL INC
1046817,8721,COMPASS INTL SERVICES CORP
1046832,7370,RAINDANCE COMMUNICATIONS INC
1046859,3690,REMY INTERNATIONAL INC
1046861,4931,ENERGY EAST CORP
1046880,5180,CENTRAL EUROPEAN DIST CORP
1046936,5082,FORST HUNTER INTL TRADE CORP
1046995,3679,EMAGIN CORP
1047019,6792,XPLOR ENERGY CORP
1047021,4812,TELIGENT INC -OLD
1047073,4213,MOTOR CARGO INDUSTRIES INC
1047098,7340,MPW INDUSTRIAL SERVICES GRP
1047113,7363,ACSYS INC
1047118,7372,INFORMATION ADVNTGE SOFTWARE
1047121,4700,PREVIEW TRAVEL INC
1047122,3812,RAYTHEON CO
1047125,6020,LOCAL FINANCIAL CORP
1047127,3674,AMKOR TECHNOLOGY INC
1047170,6020,EASTERN VA BANKSHARES INC
1047175,2836,DONLAR CORP
1047188,2834,PENWEST PHARMACEUTICALS CO
1047202,7330,GETTY IMAGES INC
1047262,7372,EXE TECHNOLOGIES INC
1047326,5990,BARBEQUES GALORE LTD  -ADR
1047334,6798,NATIONAL HEALTH REALTY INC
1047335,8051,NATIONAL HEALTHCARE CORP
1047340,100,FRESH DEL MONTE PRODUCE INC
1047378,3724,HOWMET INTERNATIONAL INC
1047385,3690,SPECTRA-PHYSICS INC
1047406,7373,ESOFT INC
1047427,3559,CVC INC
1047499,7372,NEXPRISE INC
1047537,6020,PSB BANCORP INC
1047564,4812,MAGYAR TELEKOM
1047643,2741,WORLDPAGES.COM INC
1047693,3089,ROYAL GROUP TECHNOLOGIES LTD
1047696,6798,CABOT INDUSTRIAL TRUST
1047699,2834,KING PHARMACEUTICALS INC
1047714,4833,ANTENNA TV SA  -ADR
1047716,4512,LATAM AIRLINES GROUP SA
1047747,3823,ONIX SYSTEMS INC
1047749,8700,LECG INC
1047821,1311,MAXX PETROLEUM LTD
1047857,200,YUHE INTERNATIONAL INC
1047862,4931,CONSOLIDATED EDISON INC
1047881,2300,TALON INTERNATIONAL INC
1047884,6798,ANWORTH MTG ASSET CORP
1047919,4899,AMBIENT CORP
1047938,1731,NOGA ELECTRO-MECHANICAL INDS
1047947,6036,EFC BANCORP INC
1047961,7385,COMMUNICATIONS CORP-AMERICA
1048044,7372,CONTINUUS SOFTWARE CORP
1048098,1220,YANZHOU COAL MINING CO LTD
1048131,2840,BENCKISER NV
1048132,3312,INTL BRIQUETTES HOLDING
1048135,7373,GLOBALDIGITALCOMMERCE.COM
1048142,5900,XPONENTIAL INC
1048268,1731,IES HOLDINGS INC
1048273,3460,BRIDGE TECHNOLOGY INC
1048275,6162,GENEVA FINANCIAL CORP
1048286,7011,MARRIOTT INTL INC
1048295,6794,DIVERSIFIED ROYALTY CORP
1048420,4512,VIRGIN EXPRESS HOLDINGS PLC
1048422,7374,ACCESS WORLDWIDE CMMNCTNS
1048477,2836,BIOMARIN PHARMACEUTICAL INC
1048515,2000,DANONE SA
1048536,7373,CPS SYSTEMS INC
1048566,5812,FOG CUTTER CAPITAL GROUP INC
1048611,3674,COLOR KINETICS INC
1048620,5812,GRANITE CITY FOOD & BREWERY
1048644,6162,MPEL HOLDINGS CORP
1048685,3341,METALICO INC
1048695,7373,F5 NETWORKS INC
1048740,1311,MILLER EXPLORATION CO
1048767,6035,BAY ST BANCORP INC
1048796,5812,TAM RESTAURANTS INC
1048897,4210,DISPATCH MANAGEMENT SVCS CP
1048911,4513,FEDEX CORP
1048982,3674,ARTISAN COMPONENTS INC
1049021,1311,ENERNORTH INDUSTRIES INC
1049049,3440,FLOUR CITY INTL INC
1049108,7510,DOLLAR THRIFTY AUTOMOTIVE GP
1049129,8741,HLM DESIGN INC
1049210,2860,VERENIUM CORP
1049231,6141,UNITED PANAM FINANCIAL CORP
1049253,3559,ICOS VISION SYSTEM NV
1049258,8200,MENTERGY LTD
1049316,6798,CAPITAL AUTOMOTIVE REIT
1049391,1531,ENGLE HOMES INC
1049480,7372,DOUBLECLICK INC
1049502,3823,MKS INSTRUMENTS INC
1049505,7370,US DATAWORKS INC
1049521,3674,MERCURY SYSTEMS INC
1049533,7011,PROMUS HOTEL CORP
1049535,6020,CAVALRY BANCORP INC
1049549,6726,BLACKROCK CORP HI YLD FD III
1049588,3851,BOLLE INC
1049606,3420,COMPX INTERNATIONAL INC
1049624,6321,ESG RE LTD
1049625,4581,HAWKER PACIFIC AEROSPACE INC
1049659,3312,COMPANHIA SIDERURGICA NACION
1049711,2834,ALLERGAN SPCLTY THERAPEUTICS
1049758,7373,FIRST CONSULTING GROUP INC
1049782,6020,BROOKLINE BANCORP INC
1049889,5961,VALUE AMERICA INC
1049896,7372,REALAX SOFTWARE AG  -ADR
1049949,4813,ENERGIS PLC
1049984,3089,POLYAIR INTER PACK INC
1050006,4841,SKY NETWORK TELEVISION LTD
1050007,2833,NUTRACEUTICAL INTL CORP
1050025,7370,BRIGHTSTAR INFO TECH GRP INC
1050031,7370,SM&A CORP
1050078,6020,CNBC BANCORP
1050080,6500,VORNADO OPERATING CO
1050112,6798,ANTHRACITE CAPITAL INC
1050122,5961,1-800 CONTACTS INC
1050132,3674,MAKER COMMUNICATIONS INC
1050140,7372,DESCARTES SYSTEMS GROUP INC
1050167,5040,GLOBAL IMAGING SYSTEMS
1050180,7372,PHASE FORWARD INC
1050250,3663,TRITON NETWORK SYSTEMS INC
1050260,1000,PACIFIC CASCADE RESOURCE CP
1050372,5961,CDNOW INC
1050377,5045,PC CONNECTION INC
1050441,6020,EAGLE BANCORP INC/MD
1050446,7372,MICROSTRATEGY INC
1050504,5072,PENTACON INC
1050514,7372,E SIM LTD
1050550,3674,VOLTERRA SEMICONDUCTOR CORP
1050606,4832,SALEM MEDIA GROUP INC
1050671,6510,EXCEL LEGACY CORP
1050686,9995,PHILIPS INTL REALTY CORP
1050690,6331,MERCER INSURANCE GROUP INC
1050692,4911,INDEPENDENT ENERGY HOLDINGS
1050743,6020,PEAPACK-GLADSTONE FINAN CORP
1050776,3674,VIRAGE LOGIC CORP
1050797,2300,COLUMBIA SPORTSWEAR CO
1050808,7372,VITRIA TECHNOLOGY INC
1050825,2522,STEELCASE INC
1050829,7370,SLG REALISATIONS PLC
1050891,5500,FFP MARKETING INC
1050894,6036,HOME LOAN FINANCIAL CORP
1050915,1731,QUANTA SERVICES INC
1050952,7311,PUBLICIS GROUPE SA
1050992,6035,CRUSADER HOLDING CORP
1050996,6035,NORTHEAST PA FINANCIAL CORP
1051000,6035,COLUMBIA FINANCIAL KY INC
1051002,6726,MUNIHOLDINGS FLA INSD FD II
1051003,6726,BLACKROCK DEBT STRATEGIES FD
1051004,6726,BLACKROCK MUNIHLD CA QLTY FD
1051005,6726,MUNIHOLDINGS NY FUND INC
1051009,5661,SHOE PAVILION INC
1051034,1389,W-H ENERGY SERVICES INC
1051092,6036,FIRST SENTINEL BANCORP INC
1051114,7374,INNOTRAC CORP
1051118,7372,TENFOLD CORP
1051209,7370,KUBOO INC
1051251,5621,J CREW GROUP INC
1051253,7900,SFX ENTERTAINMENT INC-OLD
1051284,2834,PROVALIS PLC
1051285,5110,PRECEPT BUSINESS SVCS INC
1051286,5172,ENERGYSOUTH INC
1051343,6020,COMMUNITY WEST BANCSHARES
1051345,6020,VIB CORP
1051357,2621,ROSEDALE DECORATIVE PROD LTD
1051378,6035,SOUTHBANC SHARES INC
1051379,6020,MIDWEST BANC HOLDINGS INC
1051430,6211,CHAPMAN HOLDINGS INC
1051431,1623,HORIZON OFFSHORE INC
1051470,6798,CROWN CASTLE INTL CORP
1051490,7372,EXTENDED SYSTEMS INC
1051491,6798,CHASTAIN CAPITAL CORP
1051512,4812,TELEPHONE & DATA SYSTEMS INC
1051514,3841,STRATA SKIN SCIENCES INC
1051556,7812,VIAGRAFIX CORP
1051591,1311,GSV INC
1051627,3674,AXT INC
1051628,6311,ANNUITY AND LIFE RE HOLDINGS
1051691,4210,BEKINS CO
1051717,6311,AMERUS GROUP CO  -CL A
1051719,3790,UNITED DEFENSE INDUSTRIES
1051741,6020,FIRST NIAGARA FINANCIAL GRP
1051825,7948,CHAMPNSHIP AUTO RACING TEAM
1051846,1000,QIAO XING UNVERSAL RESOURCES
1051848,5531,CSK AUTO CORP
1051859,6035,POCAHONTAS BANCORP INC
1051871,6035,CITIZENS SOUTH BANKING CORP
1051904,2890,FRISBY TECHNOLOGIES INC
1052045,7340,SERVICEMASTER CO
1052054,7371,EVOLVING SYSTEMS INC
1052100,6282,WADDELL&REED FINL INC  -CL A
1052102,4220,TOTAL LOGISTICS INC
1052124,4813,TRICOM SA  -ADR
1052163,3221,ANCHOR GLASS CONTAINER CORP
1052177,3990,ENCORE INDUSTRIES INC
1052245,5961,ETOYS INC
1052246,3663,REPEATER TECHNOLOGIES INC
1052257,2090,AGRITECH WORLDWIDE INC
1052262,2300,HAPPY KIDS INC
1052303,3661,TERAYON COMMUN SYSTEMS INC
1052357,7372,DATAMIRROR CORP
1052439,7373,COMMAND SYSTEMS INC
1052489,2670,AMERICAN BK NT HOLOGRAPHICS
1052547,2834,VICURON PHARMACEUTICALS INC
1052593,7373,ITA HOLDINGS INC
1052595,7011,RED LION HOTELS CORP
1052637,3661,RELTEC CORP
1052667,3533,CHILES OFFSHORE INC
1052673,3585,AQUA SOL INC
1052743,7389,FRONTLINE CAPITAL GROUP
1052752,6798,GETTY REALTY CORP
1052773,7370,ATLANTIC DATA SERVICES INC
1052837,2836,ABGENIX INC
1052914,5045,EUROPEAN MICRO HLDGS INC
1052958,3841,HORIZON MEDICAL PRODUCTS INC
1053008,3612,JINPAN INTERNATIONAL LTD
1053010,4400,ROYAL OLYMPIC CRUISE LINES
1053148,7372,INTERNET SECURITY SYSTEMS
1053178,2060,SHERWOOD BRANDS INC
1053221,2834,METABASIS THERAPEUTICS INC
1053246,6513,LEXFORD RESIDENTIAL TRUST
1053307,6035,LEEDS FEDERAL BANKSHARES INC
1053352,6020,HERITAGE COMMERCE CORP
1053355,7373,COBALT NETWORKS INC
1053361,3510,CATALYTICA ENERGY SYS INC
1053369,2834,ELITE PHARMACEUTICALS INC
1053374,7370,IPASS INC
1053507,6798,AMERICAN TOWER CORP
1053532,6798,LASALLE HOTEL PROPERTIES
1053584,6020,MACATAWA BANK CORP
1053650,2070,OMEGA PROTEIN CORP
1053676,3651,COSTAR TECHNOLOGIES INC
1053691,2836,DIFFUSION PHARMACEUTICALS
1053706,8111,CRA INTERNATIONAL INC
1053811,2911,HUNTWAY REFINING CO
1053949,2750,CUNNINGHAM GRAPHICS INTL INC
1053988,6726,BLACKROCK MUNIHLD NJ QLTY FD
1054000,4955,ATG INC
1054056,4813,NETIA S.A
1054070,3577,INPLAY TECHNOLOGIES INC
1054102,8071,INTERPACE BIOSCIENCES INC
1054131,3661,TURNSTONE SYSTEMS INC
1054183,4813,GLOBAL LT TELECOMMUNICATIONS
1054290,4813,US LEC CORP
1054298,7370,ASK JEEVES INC
1054303,6211,DIRECT MARKETS HOLDINGS CORP
1054337,6798,AMRESCO CAPITAL TRUST
1054374,3674,BROADCOM CORP
1054396,2836,CLINICHEM DEVELOPMENT INC
1054422,1400,U S AGGREGATES INC
1054487,4813,ROSTELECOM PJSC
1054538,6020,GLB BANCORP INC
1054579,5735,HASTINGS ENTERTAINMENT INC
1054588,7830,LOEWS CINEPLEX ENTMT CORP
1054636,6794,U S FRANCHISE SYS INC  -CL A
1054709,5065,MAXUS TECHNOLOGY CORP
1054721,5045,BSQUARE CORP
1054748,4813,URSUS TELECOM CORP
1054833,6324,COVENTRY HEALTH CARE INC
1054836,7373,FUNDTECH LTD
1054853,8200,PROVANT INC
1054905,2810,INNOSPEC INC
1054930,6099,INTERCEPT INC
1055160,6798,MFA FINANCIAL INC
1055231,5080,TRISTAR AEROSPACE CO
1055246,7372,UNIGRAPHICS SOLUTIONS INC
1055286,6162,ROCK FINANCIAL CORP/MI
1055355,3845,SONOSITE INC
1055454,5961,SCHOOL SPECIALTY INC
1055455,4700,NAVIGANT INTERNATIONAL INC
1055458,7373,AZTEC TECHNOLOGY PRTNRS INC
1055564,5110,WORKFLOW MANAGEMENT INC
1055684,6172,UNICAPITAL CORP
1055726,2836,INOVIO PHARMACEUTICALS INC
1055870,6035,BLUE RIVER BANCSHARES INC
1056084,7370,THOMSON REUTERS PLC
1056086,1000,DESERT SUN MINING CORP
1056087,2711,MCCLATCHY CO  -CL A
1056093,3060,INDUSTRIAL RUBBER PRODS INC
1056218,6798,CENTRACORE PPTYS TRUST
1056255,4924,BERKSHIRE ENERGY RESOURCES
1056285,5700,KIRKLAND'S INC
1056286,5080,AMER AIRCARRIERS SUPPORT INC
1056288,6282,FEDERATED HERMES INC
1056294,7372,BRIO SOFTWARE INC
1056312,2030,VLASIC FOODS INTERNATIONAL
1056326,5961,GENESIS DIRECT INC
1056358,2834,MANNATECH INC
1056386,7374,INTERNAP CORP
1056421,3845,RITA MEDICAL SYSTEMS INC
1056512,1040,PACIFIC RIM MINING CORP
1056562,7500,UNITED ROAD SERVICES INC
1056696,7373,MANHATTAN ASSOCIATES INC
1056794,3661,AVANEX CORP
1056811,6035,FIRST KANSAS FINANCIAL CORP
1056874,3080,JACUZZI BRANDS INC
1056880,6798,CLARION COML HOLDINGS INC
1056903,4941,AMERICAN STATES WATER CO
1056910,2836,TRANSGENE
1056923,7373,DATALINK CORP
1056943,6020,PEOPLES FINANCIAL SERVICES
1057007,6036,HUDSON RIVER BANCORP INC
1057047,7359,INDIGO AVIATION AB  -ADR
1057060,5500,MARINEMAX INC
1057083,3663,PCTEL INC
1057145,6552,GOLDEN CYCLE CORP
1057187,8700,CALIBER LEARNING NETWORK INC
1057207,3578,IVI CHECKMATE CORP
1057217,8731,ICORIA INC
1057232,7372,INTERPLAY ENTERTAINMENT CORP
1057234,7359,UNIVERSAL COMPRESSION HLDGS
1057257,7370,DIGITAL FUSION INC
1057293,3823,TTC TECHNOLOGY CORP
1057334,7370,CYCLELOGIC INC
1057352,7370,COSTAR GROUP INC
1057377,2836,SAMARITAN PHARMACEUTICALS
1057379,8742,HACKETT GROUP INC
1057412,6211,JWGENESIS FINANCIAL CP
1057436,6798,STRATEGIC HOTELS & RESORTS
1057437,6020,FVNB CORP
1057489,4953,EARTHCARE CO
1057507,6531,RESORTQUEST INTL INC
1057570,6035,LIBERTY BANCORP INC/NJ
1057637,6282,CHAPMAN CAP MGMT HLDGS INC
1057672,6035,PBOC HOLDINGS INC
1057689,6798,CAPLEASE INC
1057693,3533,NATCO GROUP INC
1057698,3842,NORDION INC
1057706,6020,FIRST BANCORP P R
1057708,3674,GLOBAL-TECH ADV INNOVATIONS
1057709,7372,CARREKER CORP
1057746,5945,ELECTRONICS BOUTIQUE HLDG CP
1057758,4813,TW TELECOM INC
1057791,1040,BATTLE NORTH GOLD CORP
1057861,6726,BNY MELLON HIGH YILD STRA FD
1057876,1311,FRACMASTER LTD
1057877,4911,IDACORP INC
1057949,700,LANDCARE USA INC
1057997,6794,ARM HOLDINGS PLC
1058027,3571,STEELCLOUD INC
1058033,4512,NORTHWEST AIRLINES CORP
1058090,5812,CHIPOTLE MEXICAN GRILL INC
1058177,7372,LANDACORP INC
1058234,6726,BLACKROCK MUNIHLDGS QLTY FD
1058239,6726,WESTERN ASST HIGH INCM FD II
1058254,1311,PENDARIES PETROLEUM LTD
1058255,2911,TATNEFT PJSC
1058258,2621,ALLIANCE FOREST PRODS INC
1058283,4813,GT GROUP TELECOM INC
1058289,3861,LEXAR MEDIA INC
1058290,7370,COGNIZANT TECH SOLUTIONS
1058299,7372,LIONBRIDGE TECHNOLOGIES INC
1058307,5961,
1058425,7372,SAGENT TECHNOLOGY INC
1058430,5961,BIGSTAR ENTERTAINMENT INC
1058438,6035,CFS BANCORP INC
1058441,7359,RAINBOW RENTALS INC
1058444,7370,SAVVIS INC
1058539,6035,THISTLE GROUP HOLDINGS CO
1058575,6361,CHICAGO TITLE CORP
1058590,2060,BALANCE BAR CO
1058608,1311,GRASSO CORP
1058623,4832,CUMULUS MEDIA INC
1058633,3559,UNION SPECIAL CORP
1058690,6020,WASHINGTON BANKING CO
1058703,4813,ALLEGIANCE TELECOM INC
1058811,7372,IMMERSION CORP
1058828,5093,HYPERTENSION DIAGNOSTICS INC
1058867,6020,GUARANTY BANCSHARES INC
1058959,3577,SMARTDISK CORP
1058986,6798,PINNACLE HOLDINGS INC
1059019,7900,CLEVELAND INDIANS BASEBALL
1059024,5500,MOTORCARS AUTO GROUP INC
1059078,6035,HOMESTEAD BANCORP INC
1059130,4813,FOCAL COMMUNICATIONS CORP
1059131,6035,NASB FINANCIAL INC
1059142,6799,AMERICA FIRST MULTIFAMILY-LP
1059155,7372,GOREMOTE INTERNET COMM INC
1059167,3730,CONRAD INDUSTRIES INC
1059213,6726,DIVIDEND AND INCOME FUND
1059262,7500,SP PLUS CORP
1059272,2330,BEBE STORES INC
1059280,3911,TOPAZ GROUP INC
1059324,1311,PETROHAWK ENERGY CORP
1059341,7011,INTERSTATE HOTELS & RESORTS
1059363,2750,MASTER GRAPHICS INC
1059386,6726,INVESCO SENIOR INCOME TRUST
1059404,3669,PATH 1 NETWORK TECHNOLOGIES
1059421,7373,INTEGRATED INFORMATION SYS
1059556,7323,MOODY'S CORP
1059562,3728,LMI AEROSPACE INC
1059574,2836,COHESION TECHNOLOGIES INC
1059581,2084,GOLDEN STATE VINTNERS INC
1059623,2840,INTL BIOCHEMICAL IND INC
1059677,2990,INDL ENTERPRISES OF AMERICA
1059706,5010,TRANSPORTATION COMPONENT INC
1059760,7011,BRISTOL HOTEL & RESORT INC
1059763,3949,ADAMS GOLF INC
1059784,2836,GENEREX BIOTECHNOLOGY CORP
1059786,6794,MIPS TECHNOLOGIES INC
1059969,7900,HENLEY  -LP
1059976,7372,NEXT GENERATION TECH HLDGS
1060009,8051,KINDRED HEALTHCARE INC
1060024,2000,AURORA FOODS INC
1060219,6020,SALISBURY BANCORP INC
1060232,5661,COLLECTIVE BRANDS INC
1060233,7370,INTL INTEGRATION INC
1060311,7372,SHOWCASE CORP
1060326,7372,INTERWORLD CORP
1060329,2836,COLLATERAL THERAPEUTICS INC
1060349,6282,GAMCO INVESTORS INC
1060383,6513,AMERICA FIRST REIT PRTNER LP
1060390,9995,TWEETER HOME ENTMT GROUP INC
1060391,4953,REPUBLIC SERVICES INC
1060392,6726,MANAGED HIGH YIELD PLUS FUND
1060426,2834,AOXING PHARMACEUTICAL CO INC
1060439,7370,OVERTURE SERVICES INC
1060444,3579,GLOBAL ELECTION SYSTEMS INC
1060490,4899,BROADWING CORP
1060514,3555,ITEK CORP
1060523,6020,CARDINAL FINANCIAL CORP
1060531,5961,BEYOND.COM CORP
1060558,6020,MAIN STREET BANCORP
1060595,7373,TROY GROUP INC
1060607,8051,METROCARE INC
1060736,2836,SEAGEN INC
1060744,6798,HORIZON GROUP PROPERTIES INC
1060749,6211,KNIGHT CAPITAL GROUP INC
1060753,2650,JPS PACKAGING CO
1060770,6035,SUPERIOR FINANCIAL CORP DE
1060801,7370,CRITICAL PATH INC
1060822,2300,CARTER'S INC
1060824,2800,COSINE COMMUNICATIONS INC
1060939,6035,FIRST FEDERAL BANC SOUTHWEST
1060955,8731,ICON PLC
1060964,4812,TIM HELLAS TELECOMM SA
1060990,1311,QUICKSILVER RESOURCES INC
1061027,2836,
1061068,6020,G B & T BANCSHARES INC
1061069,4955,AVALON HOLDINGS CORP
1061117,5500,HOMETOWN AUTO RETAILERS
1061202,4700,CLASSIC VACATION GROUP INC
1061219,1311,ENTERPRISE PRODCT PARTNRS LP
1061236,7370,BROADCAST.COM INC
1061322,4813,GLOBAL CROSSING LTD
1061353,6726,CREDIT SUISSE HI YIELD BD FD
1061384,3663,INTERACTIVE PICTURES CORP
1061393,4931,CH ENERGY GROUP INC
1061399,7373,FUTURELINK CORP
1061554,3577,MAX INTERNET COMM INC
1061566,7370,EARTHLINK NETWORK INC
1061571,4412,OMI CORP
1061574,7373,CGI INC
1061580,6020,UCBH HOLDINGS INC
1061583,4813,VERADO HOLDINGS INC
1061630,6798,BLACKSTONE MORTGAGE TR INC
1061646,7372,BINDVIEW DEVELOPMENT CORP
1061672,3533,KENAI CORP
1061692,6036,SEACOAST FINANCIAL SERVICES
1061762,7373,TOWNE SERVICES INC
1061763,2731,HUNGRY MINDS INC
1061786,3669,DCH TECHNOLOGY INC
1061823,6172,SOUTHWEST LEASING CORP
1061857,1600,RAILWORKS CORP
1061859,4213,OVERNITE CORP
1061894,2300,GILDAN ACTIVEWEAR INC
1061895,4813,ITXC CORP
1061915,7370,IENTERTAINMENT NETWORK INC
1061983,2834,CYTOKINETICS INC
1062003,3560,GARLOCK INC
1062019,7372,WATCHGUARD TECHNOLOGIES INC
1062047,7389,CONVERGYS CORP
1062066,3743,ALSTOM SA
1062184,5141,MARKETING SPECIALISTS CORP
1062195,7370,24/7 REAL MEDIA INC
1062216,2834,MEMORY PHARMA CORP
1062231,3714,AMERICAN AXLE & MFG HOLDINGS
1062292,7370,XO GROUP INC
1062379,4931,KEYSPAN CORP
1062438,6035,PULASKI FINANCIAL CORP
1062441,2721,PENTON MEDIA INC
1062447,7372,MARNETICS BROADBAND TECH LTD
1062449,5812,BUFFALO WILD WINGS INC
1062478,7372,ACTUATE CORP
1062502,6726,DEBT STRATEGIES FD III INC
1062515,7350,NATIONSRENT INC
1062530,5045,DIGITAL RIVER INC
1062579,7370,AMDOCS
1062606,7372,KNOVA SOFTWARE INC
1062613,4813,FAIRPOINT COMMUNICATIONS INC
1062621,7372,SOFTWORKS INC
1062774,8351,LPA HOLDING CORP
1062777,7370,GEOCITIES INC
1062780,6324,COBALT CORP
1062781,9995,ULTRAPETROL BAHAMAS LTD
1062814,2800,RHODIA
1062822,2835,LEXICON PHARMACEUTICALS INC
1062978,6726,BROOKFIELD HIGH INCOME FUND
1063085,3829,CATAPULT COMMUNICATIONS CORP
1063167,6411,INSURANCE MGMT SOLUTIONS GRP
1063180,3825,CAMBRIAN SYSTEMS INC
1063193,7370,FLASHNET COMMUNICATIONS INC
1063199,3674,V3 SEMICONDUCTOR INC
1063251,3663,CURTIS INTERNATIONAL LTD
1063254,7373,S1 CORP
1063257,6035,INNES STREET FINANCIAL CORP
1063259,1090,DENISON MINES CORP
1063344,6798,HERSHA HOSPITALITY TRUST
1063393,6798,GREAT LAKES REIT INC
1063438,6035,WEST ESSEX BANCORP
1063494,6211,KBW INC
1063527,3825,AUGUST TECHNOLOGY CORP
1063531,6726,MUNIHOLDINGS NY INSD FD II
1063537,2040,RICEBRAN TECHNOLOGIES
1063561,8011,PROSPECT MEDICAL HLDGS INC
1063564,1311,PRIZE ENERGY CORP
1063662,3674,SAGE INC
1063703,3721,AVIATION GENERAL INC
1063744,7370,INFORMATION HOLDINGS INC
1063761,6798,SIMON PROPERTY GROUP INC
1063880,4813,CAPROCK COMMUNICATIONS CORP
1063918,6036,CNY FINANCIAL CORP
1063921,7370,PILOT NETWORK SERVICES INC
1063980,6411,CLARK INC
1063997,6035,HARRINGTON WEST FINL GROUP
1064015,6159,AMERITRANS CAPITAL CORP
1064060,7372,RETALIX LTD
1064063,6351,MIIX GROUP INC
1064122,6311,SCOTTISH RE GROUP LTD
1064123,4812,ICO GLOBAL COMM HOLDINGS
1064236,6035,SOUND FEDERAL BANCORP
1064287,3571,CONTINENTAL HEALTHCARE SYS
1064411,3721,EVIATION AIRCRAFT LTD
1064531,7370,EQUANT NV
1064535,5812,TUMBLEWEED INC
1064648,7370,LOUDEYE CORP
1064710,5990,UBID INC
1064728,1220,PEABODY ENERGY CORP
1064863,6324,AMERIGROUP CORP
1064974,2300,CLUETT PEABODY & CO
1065002,6020,RESOURCE BANKSHARES CORP
1065013,5735,EMUSIC.COM INC
1065034,7372,MAGMA DESIGN AUTOMATION INC
1065049,4812,LEAP WIRELESS INTL INC
1065059,2810,CENTRUS ENERGY CORP
1065078,6794,NETWORK-1 TECHNOLOGIES INC
1065087,2833,ALBANY MOLECULAR RESH INC
1065088,5961,EBAY INC
1065120,7372,ARCHITEL SYSTEMS CORP
1065152,7372,AREMISSOFT CORP/DE
1065246,3674,HI/FN INC
1065253,2721,EASYRIDERS INC
1065280,7841,NETFLIX INC
1065298,6020,SUPERIOR BANCORP
1065304,6020,HERITAGE BANCORP INC/VA
1065331,3674,ATI TECHNOLOGIES INC
1065332,7370,NIC INC
1065351,7372,INET TECHNOLOGIES INC
1065506,2050,MONTANA MILLS BREAD CO
1065591,7370,EVCI CAREER COLLEGES HLDG CP
1065633,4813,NETWORK PLUS CORP
1065645,6798,AMERICAN COMMUNITY PPTYS TR
1065696,5010,LKQ CORP
1065728,5500,ABLE ENERGY INC
1065736,4953,WASTE SERVICES INC
1065748,7370,CAREERBUILDER INC
1065823,6035,FIRST NILES FINANCIAL INC
1065837,3140,SKECHERS U S A INC
1065857,7372,EXCHANGE APPLICATIONS INC
1065860,8711,LIME ENERGY CO
1065869,7370,RHYTHMS NETCONNECTIONS INC
1065910,7372,INTERLIANT INC
1065932,4210,LANDAIR CORP
1065984,7370,HEADHUNTER.NET INC
1066010,5961,FATBRAIN.COM INC
1066026,7372,CONCUR TECHNOLOGIES INC
1066042,3585,DECTRON INTERNATIONALE INC
1066104,8742,CEB INC
1066107,4922,EL PASO CORP
1066119,4813,TELEFONICA BRASIL SA
1066134,9995,CORINTHIAN COLLEGES INC
1066138,7011,LODGIAN INC
1066194,7372,EGAIN CORP
1066197,7371,APPNET INC
1066254,6020,ECB BANCORP INC
1066284,2834,CELL PATHWAYS INC
1066287,4400,NCL HOLDING ASA
1066605,7361,HEIDRICK & STRUGGLES INTL
1066684,9995,THEGLOBE.COM INC
1066806,2911,CONOCO INC
1066808,6020,ADMIRALTY BANCORP INC
1066833,2834,DOV PHARMACEUTICAL INC
1066923,6159,FUTURE FINTECH GROUP INC
1066930,4813,TELE2 NETHERLANDS HOLDING NV
1066989,3320,NORTH AMERICAN ROYALTIES
1067056,7370,DICE INC
1067077,6020,FIRST NATIONAL BANCSHARES
1067092,6020,BANK ONE CORP
1067206,6020,UNITED FINANCIAL HOLDINGS
1067294,5812,CRACKER BARREL OLD CTRY STOR
1067318,3711,DAIMLER AG
1067386,2836,CAMBRIDGE ANTIBODY TECH GRP
1067419,6798,MISSION WEST PROPERTIES INC
1067462,6531,INSIGNIA FINANCIAL GROUP INC
1067489,6020,LAMAR CAPITAL CORP
1067491,7371,INFOSYS LTD
1067588,3829,ACLARA BIOSCIENCES INC
1067606,1700,ANTHONY & SYLVAN POOLS CORP
1067701,7350,UNITED RENTALS INC
1067797,7372,PRIMUS KNOWLEDGE SOLUTIONS
1067822,4813,SPLITROCK SERVICES INC
1067837,4832,AUDACY INC
1067983,9997,BERKSHIRE HATHAWAY
1068002,4833,FOX ENTERTAINMENT GROUP INC
1068044,2911,PENNZOIL-QUAKER STATE CO
1068049,3678,INSILCO HOLDING CO
1068084,2721,PRIVATE MEDIA GROUP INC
1068132,6162,VESTIN GROUP INC
1068144,6282,NEUBERGER BERMAN INC
1068169,7372,DIGITAL LAVA INC
1068234,6726,BLACKROCK HIGH YIELD TRUST
1068279,6726,MUNIHOLDINGS NJ INSD FD II
1068292,7373,CLARENT CORP
1068300,6020,METROCORP BANCSHARES INC
1068609,6726,MUNIHOLDINGS CAL INSD FD III
1068676,2300,LONDON FOG INDUSTRIES
1068717,3490,RTI INTL METALS INC
1068726,7370,PCORDER.COM INC
1068796,2836,MAXYGEN INC
1068843,6361,ANFI INC
1068848,2711,PULITZER INC
1068851,6020,PROSPERITY BANCSHARES INC
1068875,6211,BLUCORA INC
1068885,3674,NETSILICON INC
1068887,7389,ACCREDO HEALTH INC
1068891,8734,U S LABORATORIES INC
1068897,6726,FOXBY CORP
1068912,6035,FIRST PLACE FINANCIAL CP/DE
1068963,6726,WESTERN ASSET CORP LOAN FD
1069157,6020,EAST WEST BANCORP INC
1069183,3480,AXON ENTERPRISE INC
1069201,7389,CROSS MEDIA MARKETING CORP
1069202,3585,LENNOX INTERNATIONAL INC
1069249,3910,HOUSE OF TAYLOR JEWELRY INC
1069258,7370,KRATOS DEFENSE & SECURITY
1069308,2834,ACER THERAPEUTICS INC
1069336,4813,SWISSCOM AG
1069353,3674,CONEXANT SYSTEMS INC
1069394,2810,FLEXIBLE SOLUTIONS INTL INC
1069469,7372,GOLDLEAF FINANCIAL SOLUTIONS
1069502,5961,VARSITY GROUP INC
1069530,2834,CASSAVA SCIENCES INC
1069533,4924,RGC RESOURCES INC
1069546,6513,MERRY LAND PROPERTIES INC
1069602,4841,CLASSIC COMMUNICATIONS INC
1069665,5940,BARNESANDNOBLE.COM INC
1069669,6035,VIRGINIA CAP BANCSHARES INC
1069822,6311,MONY GROUP INC
1069845,1311,PENNACO ENERGY INC
1069878,2400,TREX CO INC
1069899,2833,PHIBRO ANIMAL HEALTH CORP
1069996,6331,FEDNAT HOLDING COMPANY
1070042,8200,ARGOSY ED GROUP INC
1070045,5172,CHINA INTEGRATED ENERGY INC
1070050,7389,
1070052,7370,PROXICOM INC
1070081,2836,PTC THERAPEUTICS INC
1070154,6020,STERLING BANCORP
1070235,7372,BLACKBERRY LTD
1070259,6035,LINCOLN BANCORP/IN
1070296,6020,FIRST CAPITAL INC
1070304,6172,ORIX CORP
1070321,6036,COHOES BANCORP INC
1070336,2836,ACHILLION PHARMACEUTICALS
1070361,7372,ARTIFICIAL LIFE INC
1070380,7370,SABA SOFTWARE INC
1070394,7372,IXOS SOFTWARE AG
1070412,1311,CNX RESOURCES CORPORATION
1070423,5171,PLAINS ALL AMER PIPELNE  -LP
1070494,2836,ACADIA PHARMACEUTICALS INC
1070517,6020,LONG ISLAND FINANCIAL CORP
1070518,4832,INFINITY BROADCASTING CORP
1070523,6020,COMMUNITY SHORES BANK CORP
1070524,6035,GREENE COUNTY BANCORP INC
1070534,2834,NEXTERA ENTERPRISES INC
1070602,3821,CARESIDE INC
1070630,8711,THINKPATH INC
1070680,6020,CF BANKSHARES INC
1070698,2834,RAPTOR PHARMACEUTICAL CORP
1070699,9995,UAGH INC
1070732,6726,EATON VANCE SR INCOME TR
1070750,6798,HOST HOTELS & RESORTS INC
1070763,7370,LGS GROUP INC
1070778,4841,UNITED PAN-EUROPE COMMNS NV
1070794,7990,CAESARS ENTERTAINMENT -OLD
1070985,6512,CORECIVIC INC
1071058,7372,ABSOLUTE SOFTWARE CORP
1071105,7373,MTI SYSTEMS CORP
1071119,3555,EVERCEL INC
1071236,6020,RED RIVER BANCSHARES INC
1071240,3679,DATAPOWER INC
1071255,7990,GOLDEN ENTERTAINMENT INC
1071264,6020,JACKSONVILLE BANCORP INC/FL
1071321,4812,TURKCELL ILETISIM HIZMET
1071341,6282,EDELMAN FINANCIAL GROUP INC
1071342,7370,NETSOLVE INC
1071346,6036,SOUTH JERSEY FINL CORP INC
1071486,7370,BROKAT TECHNOLOGIES AG
1071522,7310,GENESISINTERMEDIA INC
1071598,4813,PAC-WEST TELECOMM INC
1071620,6211,SOUNDVIEW TECHNOLOGY GRP INC
1071625,5961,DOVER SADDLERY INC
1071645,4813,WORLD ACCESS INC
1071672,4813,OTE - HELLENIC TELECOM ORG
1071739,6324,CENTENE CORP
1071775,4731,PACIFIC CMA INC
1071806,7310,AQUANTIVE INC
1071876,7372,TERAGLOBAL COMMUNICATIONS CO
1071899,6726,BLACKROCK MUNIHLDGS QLTY II
1071923,7370,INFOSEEK CORP
1071941,8082,ARCADIA RESOURCES INC
1071992,6020,CAPITAL BANK CORP/NC
1071993,1311,CONTANGO OIL & GAS CO
1072034,6211,INCAM AG  -ADR
1072048,4899,SPECTRASITE INC
1072245,6211,VAN DER MOOLEN NV
1072313,4822,MULTI LINK TELECOM
1072343,2800,ARCH CHEMICALS INC
1072369,2750,IMAGEX INC
1072379,2836,NORTHWEST BIOTHERAPEUTICS
1072397,5110,BUNZL PLC
1072471,5912,PROVANTAGE HEALTH SVCS INC
1072483,2670,SAPPI LTD
1072546,3841,PHARMANETICS INC
1072587,3841,PROTO MED INC
1072627,6331,KINGSWAY FINANCIAL SVCS INC
1072670,2111,IMPERIAL BRANDS PLC
1072685,6035,SKIBO FINANCIAL CORP
1072688,6020,WESTERN SIERRA BANCORP
1072725,1040,GOLD RESERVE INC
1072765,8000,INTERDENT INC
1072815,6331,MEEMIC HOLDINGS INC
1072847,6020,TOWER FINANCIAL CORP
1072881,4899,DAVEL COMMUNICATIONS INC
1072886,6036,WORONOCO BANCORP INC
1072914,7372,LIFEF/X INC
1072978,7372,NEON SYSTEMS INC
1073085,6512,PACIFIC GATEWAY PPTYS INC/MD
1073146,1311,AMERICAN INTERNATIONAL INDS
1073208,6798,FBR ASSET INVT CORP
1073292,7372,MOMENTUM BUSINESS APPS INC
1073349,7370,BOTTOMLINE TECHNOLOGIES INC
1073429,3270,U S CONCRETE INC
1073431,2836,LIFE TECHNOLOGIES CORP
1073475,6020,CITIZENS FIRST CORP
1073508,8600,STUDENT ADVANTAGE INC
1073588,3089,NORWESCO INC
1073695,3841,THERASENSE INC
1073794,7370,DRKOOP.COM INC
1073912,6726,MUNIHOLDINGS CAL INSD FD IV
1073913,6726,MUNIHOLDINGS FLA INSD FD IV
1073915,6726,MUNIHOLDINGS MICH INSD FUND
1073965,2836,ACAMBIS PLC
1073967,7372,SERENA SOFTWARE INC
1073973,6798,PROPERTY CAPITAL TRUST INC
1074011,6020,VALLEY NATIONAL CORP ARIZONA
1074078,6020,1ST STATE BANCORP INC
1074245,7370,PACIFIC INTERNET LTD
1074369,6020,COMMUNITY CAPITAL BANCSHARES
1074530,3942,BOYDS COLLECTION LTD
1074536,6726,MUNIHOLDINGS N J INSD FD III
1074537,6726,MUNIHOLDINGS PENN INS FD
1074540,6726,EATON VANCE MUNI INCOME TR
1074543,6020,FIRST BANCORP INDIANA INC
1074676,5961,ROWECOM INC
1074681,6159,RAMPART CAPITAL CORP
1074684,6726,EATON VANCE NATL MUNI INC
1074685,6726,EATON VANCE NY MUNI INC TR
1074686,6726,EATON VANCE OH MUNI INC TR
1074687,6726,EATON VANCE PA MUNI INC TR
1074688,6726,EATON VANCE MI MUNI INC TR
1074690,6726,EATON VANCE MA MUNI INC TR
1074691,6726,EATON VANCE NJ MUNI INC TR
1074692,6726,EATON VANCE CA MUNI INC TR
1074767,7370,IVILLAGE INC
1074769,6726,NUVEEN NY QUAL MUN INCM FD
1074771,8062,TRIAD HOSPITALS INC
1074828,3845,KNOW LABS INC
1074871,3841,
1074874,3842,DIOMED HOLDINGS INC
1074902,6020,LCNB CORP
1074908,5099,VALLEY MEDIA INC
1074909,5099,FAB UNIVERSAL CORP
1074927,7370,LOG ON AMERICA INC
1074952,6726,NUVEEN CA QLTY MU INCM FD
1074972,6020,CCBT FINANCIAL COMPANIES INC
1075046,6035,TROY FINANCIAL CORP
1075056,7372,VASTERA INC
1075066,2452,MODTECH HOLDINGS INC
1075088,7370,RAZORFISH INC
1075124,7370,THOMSON-REUTERS CORP
1075244,7370,HIGH SPEED ACCESS CORP
1075314,7370,ABOUT.COM INC
1075316,7372,WEBTRENDS CORP
1075343,6351,NCRIC GROUP INC
1075348,6035,FIRST FED BANKSHARES INC
1075415,6798,DIVERSIFIED HEALTHCARE TRUST
1075530,7370,ONEMAIN.COM INC
1075531,4700,BOOKING HOLDINGS INC
1075607,6799,TC PIPELINES LP
1075656,3577,IGO INC
1075658,7389,STORAGENETWORKS INC
1075706,6020,CITIZENS HOLDING CO
1075710,7373,CERTICOM CORP
1075736,7370,CREXENDO INC
1075880,2834,
1076016,7372,BROADBASE SOFTWARE
1076034,1311,ADOBE OIL & GAS CORP
1076055,5961,MOTHERNATURE.COM INC
1076167,2834,ADOLOR CORP
1076195,7997,LIFE TIME FITNESS INC
1076328,6036,FINANCIAL CORP OF AMERICA
1076378,3241,CEMEX SAB DE CV
1076394,6020,CENTRAL BANCORP INC/MA
1076405,2086,PEPSI BOTTLING GROUP INC
1076411,4700,CHEAP TICKETS INC
1076481,8071,SEQUENOM INC
1076503,3540,METALS TECHNOLOGY INTL INC
1076582,7370,LAUNCH MEDIA INC
1076641,7372,NIKU CORP
1076643,7373,BREAKAWAY SOLUTIONS INC
1076682,2836,POLARITYTE INC
1076732,7372,USINTERNETWORKING INC
1076770,7372,CDC CORP
1076930,3679,NOVANTA INC
1076939,2834,SKYSTAR BIO-PHARMACEUTICAL
1077009,7370,AUTOWEB.COM INC
1077183,8071,NEOGENOMICS INC
1077301,7370,N2H2 INC
1077324,4512,JET AMERICA AIRLINES INC
1077370,7370,PRISM TECHNOLOGIES GROUP INC
1077428,6020,TEXAS CAPITAL BANCSHARES INC
1077501,1311,WORLDWIDE ENERGY CORP
1077522,6726,TEMPLETON VIETNAM SE ASIA FD
1077552,2810,GENTEK INC
1077618,6512,OPTIBASE LTD
1077630,6020,LAFAYETTE AMERN BANK & TRUST
1077634,7389,IA GLOBAL INC
1077638,3812,SENSE TECHNOLOGIES INC
1077688,2510,HOOKER FURNITURE CORP
1077814,7372,BLUE MARTINI SOFTWARE INC
1077926,7389,AUDIBLE INC
1077945,4841,PRIMACOM AG
1078006,4220,ALFORD REFRIGERATED WHSES
1078073,7370,MP3.COM INC
1078075,7373,NETSCOUT SYSTEMS INC
1078099,7370,MEET GROUP INC (THE)
1078203,3490,STAMFORD INDUSTRIAL GROUP
1078207,3949,NAUTILUS INC
1078259,100,SEMINIS INC
1078261,3572,DIGITAL DATACOM INC
1078271,3576,EXTREME NETWORKS INC
1078276,4841,MIH LTD
1078284,7370,MAPQUEST.COM INC
1078292,7370,FLYCAST COMMUNICATIONS CORP
1078295,7372,MARIMBA INC
1078383,5990,IPARTY CORP
1078404,4899,ARDENT COMMUNICATIONS INC
1078425,7373,LATITUDE COMMUNICATIONS INC
1078577,7370,APPLIEDTHEORY CORP
1078693,7370,HEARME
1078717,7373,SSP SOLUTIONS INC
1078749,7370,TPN HOLDINGS PLC  -ADR
1078982,4813,INFOINTERACTIVE INC
1079023,3559,VARIAN SEMICONDUCTOR EQUIPMT
1079028,3826,VARIAN INC
1079171,7372,NORTHCORE TECHNOLOGIES INC
1079182,4931,NIAGARA MOHAWK HOLDINGS INC
1079270,7331,LIFEMINDERS INC
1079286,4812,SONERA OYJ
1079385,6020,CORNERSTONE BANCORP INC
1079406,7370,BIZNESSONLINE.COM INC
1079451,7372,SILKNET SOFTWARE INC
1079577,6321,STANCORP FINANCIAL GROUP INC
1079786,5047,GEORGE FOREMAN ENTERPRISES
1079880,7370,ONESOURCE INFORMATION SVCS
1079996,6411,LIFE QUOTES INC
1080014,2836,INNOVIVA INC
1080029,5912,DOUGHERTYS PHARMACY INC
1080034,7370,CONVERSANT INC
1080056,7370,THESTREET INC
1080063,3751,DUCATI MOTOR HOLDING SPA
1080088,7370,LIVEWORLD INC
1080099,7372,INFORMATICA CORP
1080131,7370,INTERNET BRANDS INC
1080187,5621,DAVIDS BRIDAL INC
1080205,4941,AZURIX CORP
1080224,7370,EDGAR ONLINE INC
1080232,7389,COMPS.COM INC
1080259,3663,TECHNICOLOR SA
1080280,2253,ST JOHN KNITS INTL INC
1080290,3577,CONSTELLATION 3D INC
1080306,7372,PORTAL SOFTWARE INC
1080340,6798,MANHATTAN BRIDGE CAPITAL INC
1080343,6020,GRUPO FINANCIERO SERFIN SA
1080359,7310,ALLOY INC
1080360,3490,CHINA VALVES TECHNOLOGY INC
1080558,4899,NORTHPOINT COMMUNICATIONS GP
1080657,6798,PRESIDIO PROPERTY TRUST INC
1080667,3663,DITECH NETWORKS INC
1080709,2836,ARENA PHARMACEUTICALS INC
1080720,6726,GABELLI UTILITY TRUST
1080747,7373,GREENWAY MEDICAL TECH INC
1080764,8700,ADFORCE INC
1080784,8711,AIMGLOBAL TECHNOLOGIES INC
1080922,8711,KEITH COMPANIES INC
1080926,1311,TIKAL RESOURCES CORP
1081004,5122,WOMEN FIRST HEALTHCARE
1081015,6141,NEXTCARD INC
1081022,2340,DELTA GALIL INDUSTRIES LTD
1081078,3674,API TECHNOLOGIES CORP
1081154,7372,CALICO COMMERCE INC
1081182,6162,MORTGAGE.COM INC
1081197,3674,GLOBESPANVIRATA INC
1081202,5961,FASHIONMALL.COM
1081206,7373,CHINA TRANSINFO TECHNOLOGY
1081207,3540,JORE CORP
1081290,7373,REDBACK NETWORKS INC
1081316,4991,BERKSHIRE HATHAWAY ENERGY CO
1081389,6162,PRISM FINANCIAL CORP
1081393,7370,ZIPLINK INC
1081394,7370,SCIENT CORP
1081404,7389,NETCENTIVES INC
1081614,7370,ATPLAN INC
1081630,7370,HEALTHGATE DATA CORP
1081661,7370,EASYLINK SERVICES CP  -CL A
1081665,4899,NETWORK ACCESS SOLUTIONS CP
1081745,7372,INTELLINETICS INC
1081824,4813,CARRIER1 INTERNATIONAL SA
1081920,7330,3DSHOPPING .COM
1082000,7370,CAREINSITE INC
1082038,2834,DURECT CORP
1082064,7372,BACKWEB TECHNOLOGIES LTD
1082084,6411,BROOKE CAPITAL CORP
1082193,5945,ZANY BRAINY INC
1082324,7372,VIRNETX HOLDING CORP
1082337,6162,E-LOAN INC
1082368,6020,BANK OF FLORIDA CORP
1082397,7372,VIEWLOCITY INC
1082423,5812,RUBIO'S RESTAURANTS INC
1082456,7372,LIQUENT INC
1082471,6020,INTEGRITY FINANCIAL CORP
1082484,6020,TEAM FINANCIAL INC
1082510,4931,UIL HOLDINGS CORP
1082526,7372,SCIQUEST INC
1082554,2834,UNITED THERAPEUTICS CORP
1082564,6036,FIRST CMNTY BK CORP AMER
1082690,6211,ONLINETRADINGINC.COM INC
1082735,6035,GREATER ATLANTIC FINANCIAL
1082754,7361,TEAM HEALTH HOLDINGS INC
1082797,7331,MYPOINTS.COM INC
1082802,7370,TOPJOBS.NET PLC  -ADR
1082852,3576,AIRONET WIRELESS COMM
1082923,7370,STAMPS.COM INC
1083087,7370,US SEARCH.COM INC
1083132,2835,IMMUNICON CORP/DE
1083220,5961,XCEL BRANDS INC
1083286,6020,SKYLANDS FINANCIAL CORP
1083301,7370,IKONICS CORP
1083384,7812,XXIS CORP
1083446,8090,APOLLO MEDICAL HOLDING INC
1083522,2086,JONES SODA CO
1083523,1311,VANDERBILT ENERGY CORP
1083536,6726,MUNIHOLDINGS INSD FD III INC
1083643,6020,FAUQUIER BANKSHARES INC
1083689,6020,SOUTHCOAST FINANCIAL CORP
1083712,7389,MECKLERMEDIA CORP
1083743,3690,FLUX POWER HOLDINGS INC
1083753,3089,THERMOVIEW INDUSTRIES INC
1083839,6726,NUVEEN QUALITY MUNI INCM FD
1083992,7310,EGREETINGS NETWORK INC
1084048,7370,J2 GLOBAL INC
1084103,4899,NETWOLVES CORP
1084145,7373,RAMP NETWORKS INC
1084201,2836,SINOVAC BIOTECH LTD
1084230,2086,PEPSIAMERICAS INC
1084267,7310,MOBIQUITY TECHNOLOGIES INC
1084304,3411,AMERICAN NATL CAN GROUP INC
1084329,7385,DIGITAL ISLAND INC
1084332,7370,SALON MEDIA GROUP INC
1084384,7370,PARETEUM CORP
1084400,7372,PERSISTENCE SOFTWARE INC
1084408,7372,VERITAS SOFTWARE CORP
1084421,4841,INSIGHT COMMUNICATIONS CO
1084482,7370,NFRONT INC
1084496,6726,MUNIHOLDINGS NJ INSD FD IV
1084498,6726,MUNIHOLDINGS NY INSD FD IV
1084500,6726,MUNIHOLDINGS CAL INSD FD V
1084502,6726,MUNIHOLDINGS FLA INSD FD V
1084544,4813,YAK COMMUNICATIONS INC
1084554,2860,LIGHTBRIDGE CORP
1084561,7373,RSTAR CORP
1084573,7372,ENGAGE INC
1084577,7370,CYREN LTD
1084580,6211,JEFFERIES GROUP LLC
1084587,4899,360NETWORKS INC
1084609,7310,WOMEN.COM NETWORKS INC
1084717,6020,PACIFIC CONTINENTAL CORP
1084722,3576,GADZOOX NETWORKS INC
1084726,3841,MEDSOURCE TECHNOLOGIES INC
1084727,6020,NEXITY FINANCIAL CORP
1084750,7374,NAVISITE INC
1084752,6794,INVENTERGY GLOBAL INC
1084755,7372,ARIBA INC
1084765,8742,RESOURCES CONNECTION INC
1084817,7372,RESPONSYS INC
1084827,7372,NETIQ CORP
1084866,7373,BE FREE INC
1084869,5961,1-800-FLOWERS.COM
1084876,3829,RAE SYSTEMS INC
1084887,6020,W HOLDING CO INC
1084961,6153,ENCORE CAPITAL GROUP INC
1084966,3841,ABVIVA INC
1084991,7359,NATURAL GAS SERVICES GROUP
1085061,3661,EFFICIENT NETWORKS INC
1085095,6211,TD WATERHOUSE GROUP INC
1085098,7370,DIGEX INC
1085223,7310,SWITCHBOARD INC
1085243,3690,VIRTRA INC
1085280,7372,TIBCO SOFTWARE INC
1085359,6512,BROOKFIELD OFFICE PPTYS INC
1085392,4931,PUGET ENERGY INC
1085482,5600,TWEEN BRANDS INC
1085586,7370,INTERLAND INC-OLD
1085621,9995,ACTUA CORP
1085634,7370,VOYAGER.NET INC
1085636,4213,CENTRAL FREIGHT LINES INC
1085653,7371,ECOLLEGE.COM
1085706,6020,METRO BANCORP INC
1085707,4812,NEXTEL PARTNERS INC
1085734,9995,BB LIQUIDATING INC
1085763,3663,WAVECOM SA
1085770,7370,MOVE INC
1085776,7372,LIBERATE TECHNOLOGIES
1085818,5961,GARDEN.COM INC
1085866,7370,DSL.NET INC
1085869,7370,PERFICIENT INC
1086088,2086,ROYAL CROWN COS INC
1086142,3555,DUOYUAN PRINTING INC
1086195,7372,ART TECHNOLOGY GROUP INC
1086222,7370,AKAMAI TECHNOLOGIES INC
1086319,1311,GASCO ENERGY INC
1086329,7372,PIVOTAL CORP
1086360,3711,SCANIA AB
1086384,7373,TANNING TECHNOLOGY CORP
1086403,7370,AGENCY.COM LTD
1086411,1311,JOHN D OIL AND GAS CO
1086434,3661,AUDIOCODES LTD
1086467,5961,DRUGSTORE.COM INC
1086472,4813,NET2PHONE INC
1086600,1220,ALLIANCE RESOURCE PTNRS  -LP
1086606,4813,IXNET INC
1086637,7370,U S INTERACTIVE INC
1086740,4899,DELTATHREE INC
1086745,3711,DROPCAR INC
1086757,8742,BRAUN CONSULTING INC
1086844,4812,AIRGATE PCS INC
1086888,6311,MANULIFE FINANCIAL CORP
1086909,7372,BROADSOFT INC
1086937,7331,CYBERGOLD INC
1086939,8011,NOVAMED INC
1087194,7372,MISSION CRITICAL SOFTWARE
1087243,7372,ACCRUE SOFTWARE INC
1087277,7370,APTIMUS INC
1087294,2834,CUMBERLAND PHARMACEUTICALS
1087322,7370,LUMINANT WORLDWIDE CORP
1087423,7372,RED HAT INC
1087432,2836,INTERMUNE INC
1087456,6020,UNITED BANCSHARES INC/OH
1087477,2834,FMI HOLDINGS LTD
1087728,7370,HOTJOBS.COM INC
1087779,3663,NETRO CORP
1087782,5961,ENVISION DEVELOPMENT CORP
1087783,6726,NUVEEN ARIZ DIVID ADV MUN FD
1087785,6726,NUVEEN MICH DIV ADV MUNI FD
1087786,6726,NUVEEN NJ QUAL MUN INCM FD
1087787,6726,NUVEEN PA DIV ADVANTAGE MUN
1087788,6726,NUVEEN OH DIV ADV MUN FD
1087790,6020,ATLANTIC BANCGROUP INC
1087831,7372,PURCHASEPRO.COM
1087875,7370,COOLSAVINGS INC
1087879,7370,NETWORK COMMERCE INC
1087934,7370,INCONTACT INC
1087943,7370,YESMAIL.COM INC
1087955,3679,VIXEL CORP
1088022,7373,IPIX CORP
1088024,7370,PROMOTIONS.COM INC
1088033,7372,QUEST SOFTWARE INC
1088034,6099,USIO INC
1088116,7372,STARDRIVE SOLUTIONS INC
1088120,3812,TECHNOLOGY MONITORING SOLTNS
1088144,6035,ROME BANCORP INC
1088147,7372,ACTIVE SOFTWARE INC
1088162,3944,MAD CATZ INTERACTIVE INC
1088166,1311,PENGROWTH ENERGY CORP
1088214,7372,TELEMATE.NET SOFTWARE
1088242,3661,ELASTIC NETWORKS INC
1088244,7370,INTERMIX MEDIA INC
1088316,7370,BUSYBOX.COM INC
1088330,7373,DATA RETURN CORP
1088348,6211,WEB STREET INC
1088383,4812,TRITEL INC
1088454,3576,NETSCREEN TECHNOLOGIES INC
1088514,6036,EVERTRUST FINANCIAL GROUP
1088570,7370,C-BRIDGE INTERNET SOLTNS INC
1088653,7372,AGILE SOFTWARE CORP
1088724,7372,INFORMAX INC
1088755,3576,INTERSPEED INC
1088771,4813,LICT CORP
1088787,9995,CD INTERNATIONAL ENTERPRISES
1088820,7372,LOISLAW.COM INC
1088825,4841,TIVO INC
1088856,2834,CORCEPT THERAPEUTICS INC
1089026,7372,VIADOR INC
1089044,6211,LABRANCHE & CO INC
1089063,5940,DICKS SPORTING GOODS INC
1089094,6726,BLACKROCK STRATEGIC MUN TR
1089113,6020,HSBC HLDGS PLC
1089143,7389,COLLECTORS UNIVERSE INC
1089443,7372,DIGIMARC CORP -OLD
1089463,7372,TREND MICRO INC
1089496,3559,AIXTRON SE
1089500,6726,SAL TRUST PREFERRED FUND I
1089503,6020,COMMUNITY BANCORP INC/CA
1089511,4813,ALASKA COMMUNICATIONS SYS GP
1089531,3911,KINGOLD JEWELRY INC
1089567,8200,EDISON SCHOOLS INC
1089575,1220,NATIONAL COAL CORP
1089590,2040,NEW DRAGON ASIA CORP
1089613,7372,E.PIPHANY INC
1089624,6035,PULASKI BANCORP INC
1089638,7373,NESS TECHNOLOGIES INC
1089642,2621,UPM-KYMMENE CORP
1089695,4812,GRUPO IUSACELL SA
1089697,1311,SPINNAKER EXPLORATION CO
1089717,7372,INTERTRUST TECHNOLOGIES CORP
1089720,6020,COMMUNITY BANCORP/NJ
1089754,7370,NBC INTERNET INC
1089786,3861,LANIER WORLDWIDE INC
1089787,6020,BAY NATIONAL CORP
1089819,4911,CLECO CORP
1089821,6726,BLACKROCK PA STRATEGIC MUNI
1089830,6035,WEBSTER CITY FED BANCORP
1089872,7370,GAIA INC
1089874,4813,GOLDEN TELECOM INC
1089907,6159,SWK HOLDINGS CORP
1089909,5961,ASHFORD.COM INC
1089925,3576,ALTEON WEBSYSTEMS INC
1089932,4899,WQN INC
1089953,4832,RADIO UNICA COMMUNICATIONS
1089976,3089,PACTIV CORP
1089979,6162,NEWMARKET LATIN AMERICA INC
1090009,6020,SOUTHERN FIRST BANKSHARES
1090012,1311,DEVON ENERGY CORP
1090061,2821,OMNOVA SOLUTIONS INC
1090069,3679,CHEROKEE INTERNATIONAL CORP
1090071,3576,FOUNDRY NETWORKS INC
1090116,6726,NUVEEN AMTFREE  MUNI CRDT
1090117,6726,NUVEEN INSD CA DIVID ADV MUN
1090118,6726,NUVEEN CT DIVID ADV MUN FD
1090119,6726,NUVEEN MD DIVID ADV MUN FD
1090120,6726,NUVEEN MASS DIVID ADV MUN FD
1090121,6726,NUVEEN NC DIV ADV MUN FUND
1090122,6726,NUVEEN VA DIV ADV MUNI FD
1090123,6726,NUVEEN NY DIV ADV MUNI INCM
1090156,5400,VITAMINSHOPPE.COM INC
1090159,4813,INTERNET GOLD-GOLDEN LINES
1090215,3674,NEW FOCUS INC
1090309,2731,BOOKTECH.COM INC
1090403,6411,CATALYST HEALTH SOLUTIONS
1090425,6798,LAMAR ADVERTISING CO  -CL A
1090431,6726,BLACKROCK S&P500 PRTD ETQY
1090445,6531,HOMESERVICES.COM INC
1090480,4813,PUERTO RICO TELEPHONE CO
1090507,3690,MEDIS TECHNOLOGIES LTD
1090514,2834,AMERICAN ORIENTAL BIOENGR
1090633,7370,INTERNET INITIATIVE JAPAN INC
1090710,5045,EMACHINES INC
1090727,4210,UNITED PARCEL SERVICE INC
1090872,3826,AGILENT TECHNOLOGIES INC
1090908,7370,DETERMINE INC
1091158,7372,VISUAL SCIENCES INC/DE
1091164,2834,JIANGBO PHARMACEUTICALS INC
1091171,5944,BLUE NILE INC
1091212,7370,ASIACONTENT.COM LTD  -CL A
1091223,7372,MATERIALISE NV  -ADR
1091226,7372,NUMERICAL TECHNOLOGIES INC
1091271,7372,PREVIEW SYSTEMS INC
1091284,7389,REGISTER.COM INC
1091312,8011,SYMBION INC
1091325,7996,CHINA YIDA HOLDING CO
1091440,7331,NETCREATIONS INC
1091530,4832,XM SATELLITE RADIO HLDGS INC
1091560,7370,NETNATION COMMUNICATIONS INC
1091587,3613,ABB LTD
1091596,2836,NUO THERAPEUTICS INC
1091599,7370,ADSTAR INC
1091621,7310,MEDIAPLEX INC
1091667,4841,CHARTER COMMUNICATIONS INC
1091735,4731,PACER INTERNATIONAL INC
1091748,6351,ARGO GROUP INTL HOLDINGS LTD
1091756,4899,IBASIS INC
1091793,7374,CITIZENS FINANCIAL CORP
1091801,4888,MARTHA STEWART LIVING OMNIMD
1091822,3571,HANDSPRING INC
1091862,2820,CHEMTURA CORP
1091883,3490,CIRCOR INTL INC
1091893,7372,SMARTERKIDS.COM INC
1091953,4813,CHOICE ONE COMMUNICATION INC
1091973,4812,SUNCOM WIRELESS HOLDINGS INC
1092006,5621,CHARLOTTE RUSSE HOLDING INC
1092013,9995,ACME COMMUNICATIONS INC
1092015,6163,RHBT FINANCIAL CORP
1092050,8731,MICROISLET INC
1092099,6020,CIVITAS BANKGROUP INC
1092207,5411,DILLON COS
1092223,5411,MINI MART CORP
1092289,1311,TRANSATLANTIC PETROLEUM LTD
1092319,4899,CTC COMMUNICATIONS GROUP INC
1092325,8721,RESOURCEPHOENIX.COM INC
1092367,9995,SYCAMORE NETWORKS INC
1092393,4822,EXACTIS.COM INC
1092458,7372,TRIZETTO GROUP INC
1092481,6141,SHC CORP
1092492,3663,AXESSTEL INC
1092494,7370,ENTREPORT CP
1092536,7370,FASTNET CORP
1092605,7373,EMERGE INTERACTIVE INC
1092657,5961,WEBVAN GROUP INC
1092662,2835,CHEMBIO DIAGNOSTICS INC
1092699,7370,SPS COMMERCE INC
1092796,3480,SMITH & WESSON BRANDS INC
1092839,1311,DUNE ENERGY INC
1092840,1000,EUROZINC MINING CORP
1092895,6726,COLONIAL INSD MUN FD
1092896,6726,MFS CALIFORNIA MUNICIPAL FD
1092897,6726,COLONIAL N Y INSD MUN FD
1092914,4922,ATLAS PIPELINE PARTNER LP
1092917,7374,LTWC CORP
1093082,5031,HUTTIG BUILDING PRODUCTS INC
1093193,7373,CYSIVE INC
1093207,3577,CROSSROADS SYSTEMS INC
1093221,4899,PENTASTAR COMMUNICATIONS INC
1093242,7372,IMANAGE INC
1093272,3674,QUANTUM EFFECT DEVICES INC
1093273,7948,MAGNA ENTERTAINMENT CORP
1093282,6726,MUNIHOLDINGS INSD FD IV INC
1093285,5047,MEDI-HUT CO INC
1093428,6726,NUVEEN SR INCOME FD
1093429,3826,ORION RESEARCH INC
1093434,6794,NEXCEN BRANDS INC
1093513,7372,ONDISPLAY INC
1093546,8742,STONEPATH GROUP INC
1093549,7389,QXL RICARDO PLC
1093557,3845,DEXCOM INC
1093576,3661,MCK COMMUNICATIONS INC
1093580,7310,ANDOVER.NET INC
1093649,2836,IDENIX PHARMACEUTICALS INC
1093672,6020,PEOPLES BANCORP NC INC
1093691,3674,PLUG POWER INC
1093709,8742,ORGANIC INC
1093802,3661,NEXT LEVEL COMMUNICATION
1093837,3845,TELZUIT MEDICAL TECH INC
1093885,3576,SONICWALL INC
1093987,7822,INTL PICTURE SHOW CO
1094005,7370,SINA CORP
1094007,7370,RAINMAKER SYSTEMS INC
1094012,5961,EZ AUCTIONS & SHIPPING INC
1094034,7372,DATEC GROUP LTD
1094036,7372,CRYPTOLOGIC LTD
1094038,2836,MARKER THERAPEUTICS INC
1094058,7200,EDIETS.COM INC
1094084,3823,TELKONET INC
1094087,3576,JNI CORP
1094093,4911,PROGRESS ENERGY INC
1094202,4700,GETTHERE INC
1094215,7373,CONVERGENT GROUP CORP
1094238,8700,HARRIS INTERACTIVE INC
1094243,5065,SOMERA COMMUNICATIONS INC
1094285,3812,TELEDYNE TECHNOLOGIES INC
1094286,3569,WATER PIK TECHNOLOGIES INC
1094316,7372,TRINTECH GROUP PLC
1094320,6211,JESUP & LAMONT INC
1094323,5961,FOGDOG INC
1094324,4813,SIFY TECHNOLOGIES LTD -ADR
1094335,7373,NETZEE INC
1094348,8742,MATTERSIGHT CORP
1094360,7372,RETEK INC
1094364,1040,ST HELENA GOLD MINES
1094366,7372,RADWARE LTD
1094369,1520,NEW CHINA HOMES LTD
1094371,3674,VIRATA CORP
1094451,8200,SKILLSOFT CORP -OLD
1094517,3711,TOYOTA MOTOR CORP
1094560,7370,EL SITIO INC
1094561,7372,QUOVADX INC
1094572,3651,ICOP DIGITAL INC
1094739,3577,FINISAR CORP
1094808,7310,VERTRO INC
1094810,6020,MUTUALFIRST FINANCIAL INC
1094814,8742,CARTESIAN INC
1094831,6211,BGC PARTNERS INC
1094895,7372,SOAPSTONE NETWORKS INC
1094959,3674,H POWER CORP
1094961,2835,MONOGRAM BIOSCIENCES INC
1094972,5172,ULTRAPAR PARTICIPACOES SA
1095016,7370,HEALTHCENTRAL.COM
1095052,1000,PLATINUM GROUP METALS LTD
1095070,1311,BREK ENERGY CORP
1095073,6331,EVEREST RE GROUP LTD
1095079,7370,ARTISTDIRECT INC
1095099,5080,NORTEM NV
1095105,7331,DIGITAL IMPACT INC
1095157,7372,CAMINUS CORP
1095270,3674,CHARTERED SEMICONDUCTOR MFG
1095274,6020,FIRST NATL BANCSHARES INC/SC
1095277,7323,INTERSECTIONS INC
1095291,7370,WEB.COM GROUP INC
1095315,7389,PFSWEB INC
1095330,7372,SYMYX TECHNOLOGIES INC
1095348,3674,O2MICRO INTERNATIONAL LTD
1095409,3670,EPCOS AG
1095435,2836,PORTAGE BIOTECH INC
1095442,2860,CELANESE AG
1095471,2510,GUILDMASTER INC
1095478,3663,INTERWAVE COMMUN INTL LTD
1095480,8700,NETRATINGS INC
1095529,4899,GLOBALNET INC
1095565,7372,HEALTHSTREAM INC
1095583,3576,ADVANCED SWITCHING COMM INC
1095594,7372,T/R SYSTEMS INC
1095595,1311,CNOOC LTD
1095603,3290,COORSTEK INC
1095616,4813,JAZZTEL PLC
1095651,6798,ISTAR INC
1095658,5411,GATEWAY CORPN
1095691,7370,COMF5 INTERNATIONAL INC
1095701,7600,PHILIP SERVICES CORP
1095747,7372,JACADA LTD
1095792,7370,AVALON DIGITAL MARKETING SYS
1095825,7370,EBENX INC
1095858,2835,ERBA DIAGNOSTICS INC
1095862,6036,AMERICAN FINANCIAL HLDGS INC
1095901,7373,VERIDIAN CORP
1095981,2836,PLUS THERAPEUTICS INC
1095996,1531,WILLIAM LYON HOMES
1096019,1311,CARBON ENERGY CORP - OLD
1096056,3350,LUXFER HOLDINGS PLC
1096061,6020,NATIONAL BANK OF GREECE
1096088,7372,ONE VOICE TECHNOLOGIES INC
1096114,6282,ECHAPMAN INC
1096142,8082,GENTIVA HEALTH SERVICES INC
1096197,3661,ECTEL LTD
1096199,5961,GEEKNET INC
1096200,4911,ENEL SPA
1096219,7374,NEOFORMA INC
1096275,3714,
1096287,7372,XPEDIOR INC
1096300,3663,FLOWARE WIRELESS SYSTEMS LTD
1096325,3674,INTERSIL CORP  -CL A
1096339,1311,SARATOGA RESOURCES INC
1096343,6331,MARKEL CORP
1096349,4955,FUSION NETWORKS HOLDINGS INC
1096376,5961,NUTRISYSTEM INC
1096385,4923,VECTREN CORP
1096473,7372,EXTENSITY INC
1096479,6163,LENDINGTREE INC -OLD
1096481,3841,ANGIOTECH PHARMACEUTICALS
1096509,4813,TRINSIC INC
1096512,7370,INFONET SERVICES CORP
1096560,3559,SULPHCO INC
1096654,6020,OHIO LEGACY CORP
1096658,7372,CENTRA SOFTWARE INC
1096689,7372,OPTIO SOFTWARE INC
1096691,4812,PARTNER COMMUNICATIONS CO
1096738,7370,EPOCRATES INC
1096752,3420,EDGEWELL PERSONAL CARE CO
1096788,4899,KNOLOGY INC
1096791,1311,OILSANDS QUEST INC
1096839,7372,PRIME RESPONSE INC
1096936,8742,MARKETING CONCEPTS INTERNATI
1096958,7372,OPENTV CORP
1097002,7372,EVOLVE SOFTWARE INC
1097020,4841,I-CABLE COMMUNICATIONS LTD
1097070,5961,BUY.COM INC -REDH
1097086,5961,HONG KONG TECHNOLOGY VENTURE
1097119,7373,ZENGINE INC
1097136,3845,SENORX INC
1097149,3843,ALIGN TECHNOLOGY INC
1097264,2836,ALLOS THERAPEUTICS INC
1097297,3663,TIPPINGPOINT TECHNOLOGIES
1097313,3533,GRANT PRIDECO INC
1097338,7372,WITNESS SYSTEMS INC
1097362,6311,SUN LIFE FINANCIAL INC
1097453,2024,JEREMYS MICROBATCH ICE CREAM
1097503,7370,TRAFFIC.COM INC
1097516,7370,DIVINE INC  -CL A
1097523,7510,ANC RENTAL CORP
1097566,4813,KPNQWEST NV
1097636,7370,TERRA NETWORKS SA
1097641,7372,724 SOLUTIONS INC
1097668,6726,NUVEEN GA DIV ADV MUNI FD
1097714,7370,KOREA THRUNET CO LTD
1097792,7370,OMINTO INC
1097864,3674,ON SEMICONDUCTOR CORP
1097882,6020,CONNECTICUT BANCSHARES INC
1097892,7372,LIGHTSPAN INC
1098128,4700,EBOOKERS PLC
1098146,6020,PATRIOT NATIONAL BANCORP INC
1098151,6020,FIDELITY D & D BANCORP INC
1098277,7372,WEBSENSE INC
1098315,2834,GEOPHARMA INC
1098322,4700,HOTELS.COM
1098337,6036,FIRST MUTUAL BANCSHARES INC
1098402,7370,VIA NET.WORKS INC
1098432,3679,LUMENON INNOVATIVE LIGHTWAVE
1098462,3674,METALINK LTD
1098482,8742,INNOVARO INC
1098505,8300,CHILDREN'S WORLD INC
1098506,1040,RIO NARCEA GOLD MINES LTD
1098570,7389,IBEAM BROADCASTING CORP
1098574,7372,FIREPOND INC-OLD
1098659,4841,MEDIACOM COMMUNICATIONS CORP
1098782,8011,CONCENTRA MANAGED CARE INC
1098803,7372,APROPOS TECHNOLOGY INC
1098813,6020,COMMERCEFIRST BANCORP INC
1098834,3577,FARGO ELECTRONICS INC
1098937,7372,EPRISE CORP
1098972,2834,AGENUS INC
1099160,4832,BEASLEY BROADCAST GROUP INC
1099196,3559,MIRAE CORP
1099219,6311,METLIFE INC
1099290,1220,HONGLI CLEAN ENERGY TECHNL
1099305,6020,VIRGINIA COMM BANCORP INC
1099363,4813,NET2000 COMMUNICATIONS INC
1099414,2834,TANOX INC
1099517,6036,PORT FINANCIAL CORP
1099531,7372,VANTAGEMED CORP
1099590,5960,MERCADOLIBRE INC
1099674,7372,ARTEMIS INTL SOLUTIONS CORP
1099795,2750,IPRINT TECHNOLOGIES INC
1099800,3842,EDWARDS LIFESCIENCES CORP
1099918,7380,HENRY BROS ELECTRONICS INC
1099941,6797,MVC CAPITAL INC
1099944,7370,INFORTE CORP
1099958,6020,SANTANDER BANCORP
1099977,2092,CHINA MARINE FOOD GROUP LTD
1099980,6020,TAMALPAIS BANCORP
1100091,2890,ALDEROX INC
1100124,5961,CELEBRATE EXPRESS INC
1100202,4899,LENCO MOBILE INC
1100389,3571,PALM INC
1100395,7370,AMERICA ONLNE LTN AMR  -CL A
1100397,2836,ADVAXIS INC
1100408,5411,HOMEGROCER.COM INC
1100412,2836,ARRAY BIOPHARMA INC
1100427,2085,ALLIED DOMECQ PLC
1100514,7389,DIGITALTHINK INC
1100682,8731,CHARLES RIVER LABS INTL INC
1100683,9995,IPET HOLDINGS INC
1100778,6500,AMERICAN FUNERAL SVCS CORP
1100790,4911,BRITISH ENERGY GROUP
1100813,7372,OPSWARE INC
1100868,4841,CORUS ENTERTAINMENT INC
1100917,7370,ONVIA INC
1100969,7372,ASIAINFO-LINKAGE INC
1100983,6035,PEOPLES CMNTY BANCORP INC
1101020,2030,OVERHILL FARMS INC
1101026,2834,ZIVO BIOSCIENCE INC
1101052,2834,MYOGEN INC
1101147,7372,VIRAGE INC
1101169,3672,VIASYSTEMS GROUP INC
1101215,6141,ALLIANCE DATA SYSTEMS CORP
1101239,6798,EQUINIX INC
1101268,4812,PURPLE COMMUNICATIONS INC
1101302,3559,ENTEGRIS INC
1101395,5130,DUCK HEAD APPAREL CO INC
1101396,2300,DELTA APPAREL INC
1101547,7370,IGN ENTERTAINMENT INC
1101680,3661,DASAN ZHONE SOLUTIONS INC
1101757,7370,OTG SOFTWARE INC
1101851,6141,CREDIT STORE INC
1102238,6513,AMERICAN REALTY INVESTORS
1102266,6020,CENTERSTATE BANK CORP
1102287,6020,PREMIERWEST BANCORP
1102384,3674,ASAT HOLDINGS LTD  -ADR
1102448,7370,TELOCITY INC
1102541,7370,EARTHLINK HOLDINGS CORP
1102542,7372,SCO GROUP INC
1102556,7372,NUANCE COMMUNICATIONS-OLD
1102595,6020,NORTH BAY BANCORP/CA
1102643,6411,USI HOLDINGS CORP
1102741,3572,STEC INC
1102752,4813,FLAG TELECOM GROUP LTD
1102754,7370,PARTSBASE INC
1102901,4899,Q COMM INTL INC
1102934,2890,CMC MATERIALS INC
1102957,4731,IFCO SYSTEMS NV
1102993,7370,LIVEPERSON INC
1103013,7370,PEC SOLUTIONS INC
1103021,2834,BIODELIVERY SCIENCES INTL
1103025,7374,TRX INC
1103078,4991,RASER TECHNOLOGIES INC
1103088,7372,BLAZE SOFTWARE INC
1103184,7372,ULTICOM INC
1103234,7372,MOLDFLOW CORP
1103313,6141,EDUCATION LENDING GROUP INC
1103345,3620,BEACON POWER CORP
1103354,7372,SIGNALSOFT CORP
1103389,7200,IMPERIAL PARKING CORP
1103390,2836,ARDEA BIOSCIENCES INC
1103415,7374,PAYPAL INC
1103585,6020,THREE RIVERS BANCORP INC
1103601,4924,WGL HOLDINGS INC
1103764,6020,INTEGRITY BANCSHARES INC
1103777,3674,SIRENZA MICRODEVICES INC
1103783,7370,REDIFF.COM INDIA LTD  -ADR
1103837,4841,CROWN MEDIA HOLDINGS INC
1103838,6020,ICICI BANK LTD
1103934,100,BEAR CREEK CORP
1103982,2052,MONDELEZ INTERNATIONAL INC
1104017,7372,I-MANY INC
1104038,7373,VERIFYME INC
1104042,3674,ADVANCED ANALOGIC TECH
1104172,7370,TRAVELOCITY.COM INC
1104219,7372,SERANOVA INC
1104252,3672,DDI CORP
1104325,5160,OSCA INC
1104349,8200,CAPELLA EDUCATION CO
1104485,1311,NORTHERN OIL & GAS INC
1104506,2836,INSMED INC
1104657,3330,MATERION CORP
1104730,3663,VYYO INC
1104733,7373,CEYONIQ AG
1104771,4812,OMNISKY CORP
1104855,7370,SUPPORT.COM INC
1105018,6200,NYMEX HOLDINGS INC
1105101,7370,GIGAMEDIA LTD
1105184,2835,NANOSPHERE INC
1105192,4924,NUI CORP
1105360,7370,SALARY.COM INC
1105503,8711,LEXENT INC
1105519,7372,RADVISION LTD
1105533,2836,ARGOS THERAPEUTICS INC
1105538,3841,LIFE IMAGING CORP
1105705,4888,TIME WARNER INC
1105841,7372,CLICKSOFTWARE TECHNOLOGIES
1105982,3842,OTIX GLOBAL INC
1106036,6798,SHELBOURNE PPTYS I INC
1106037,6798,SHELBOURNE PPTYS II INC
1106038,6798,SHELBOURNE PPTYS III INC
1106051,7370,NASPERS LTD
1106056,7370,SATYAM COMPUTER SERVICES LTD
1106644,2834,CHINA PHARMA HOLDINGS INC
1106645,7370,DEBT RESOLVE INC
1106714,3674,PSI TECHNOLOGIES HLDGS  -ADR
1106773,5122,SCIELE PHARMA INC
1106774,2836,2INVEST AG
1106842,7372,SEEBEYOND TECHNOLOGY CORP
1106851,3674,OMNIVISION TECHNOLOGIES INC
1106917,7370,PINNACOR INC
1106934,7370,E MACHITOWN CO LTD
1106935,1311,IVANHOE ENERGY INC
1106942,7372,BLACKBOARD INC
1106952,4812,SUNDAY COMMUNICATIONS LTD
1106980,6020,AMERICAN CMNTY BANCSHARES
1107050,7372,CLICK COMMERCE INC
1107112,7373,EMBARCADERO TECHNOLOGIES INC
1107160,6036,HARLEYSVILLE FINANCIAL CORP
1107194,3674,CENTILLIUM COMMUNICATIONS
1107214,6020,DESERT COMMUNITY BANK
1107216,8071,ORCHID CELLMARK INC
1107257,6020,FIRST SHARES BANCORP INC
1107332,2836,DENDREON CORP
1107421,2836,ZIOPHARM ONCOLOGY INC
1107457,3674,INFINEON TECHNOLOGIES AG
1107458,2621,STORA ENSO OYJ
1107470,7311,HAVAS
1107563,3537,SINOENERGY CORP
1107601,2834,ATHEROGENICS INC
1107692,7372,RIVERDEEP GROUP PLC
1107694,7370,RACKSPACE HOSTING INC
1107710,6035,DUTCHFORK BANCSHARES INC
1107749,7370,BLUE ZONE INC
1107843,7372,QUALYS INC
1108034,4700,LASTMINUTE.COM PLC
1108058,3674,MICROTUNE INC
1108109,8062,COMMUNITY HEALTH SYSTEMS INC
1108134,6020,BERKSHIRE HILLS BANCORP INC
1108185,3661,OCCAM NETWORKS INC
1108205,2836,CURIS INC
1108236,6020,AMERICAN RIVER BANKSHARES
1108271,3841,CONOR MEDSYSTEMS INC
1108320,3672,SMTC CORP
1108329,2911,PETROCHINA CO LTD
1108332,3661,ALVARION LTD
1108341,8742,EXULT INC
1108345,2761,IMPRESO INC
1108352,4813,SONG NETWORKS HLDG AB
1108426,4911,PNM RESOURCES INC
1108482,7370,SHOPPING.COM LTD
1108487,4812,UBIQUITEL INC
1108507,7372,PRINTCAFE SOFTWARE INC
1108511,3661,TYCOM LTD
1108517,7370,INTERSHOP COMMUNICATIONS AG
1108520,1311,WHITTIER ENERGY CORP
1108524,7372,SALESFORCE.COM INC
1108674,2836,STRATAGENE CORP
1108727,4899,IPCS INC
1108782,7372,CARESCIENCE INC
1108827,1311,QEP RESOURCES INC
1108828,6799,WESTAIM CORP
1108838,4899,SK BROADBAND CO LTD
1108906,8700,GREENFIELD ONLINE INC
1108915,7372,GENOMICA CORP
1108924,7372,OPNET TECHNOLOGIES INC
1108951,2834,LARGE SCALE BIOLOGY CORP
1108967,1623,ORBITAL ENERGY GROUP INC
1109116,7310,ENTRAVISION COMMUNICATIONS
1109138,3827,CAMTEK LTD
1109189,1389,BASIC ENERGY SERVICES INC
1109190,7374,EFUNDS CORP
1109196,2836,MABVAX THERAPEUTICS HLDGS
1109242,6020,HANMI FINANCIAL CORP
1109279,3674,TVIA INC
1109304,3089,ARMSTRONG HOLDINGS INC
1109345,3823,NOVA LTD
1109354,3826,BRUKER CORP
1109357,4911,EXELON CORP
1109401,6035,FINGER LAKES BANCORP INC
1109525,6020,BANCORP RHODE ISLAND INC
1109537,7373,AT ROAD INC
1109542,4813,WHEREVER.NET HLDG CORP  -ADR
1109546,6020,PACIFIC MERCANTILE BANCORP
1109678,3990,TRADER CLASSIFIED MEDIA NV
1109705,5961,STYLECLICK INC  -CL A
1109740,7371,CATUITY INC
1109802,6324,RIGHTCHOICE MGD CARE
1109808,3576,AVOCENT CORP
1109848,6020,BOE FINANCIAL SERVICES VA
1109935,7370,WEBEX COMMUNICATIONS INC
1110009,8731,GENAISSANCE PHARMACEUTICALS
1110189,8000,I-TRAX INC
1110206,2834,KOSAN BIOSCIENCES INC
1110361,3570,EROOMSYSTEM TECHNOLOGIES INC
1110452,4512,AIR FRANCE - KLM
1110507,7385,ESCHELON TELECOM INC
1110611,7370,
1110646,7372,NETEASE INC
1110647,3674,OCLARO INC
1110649,2611,FIBRIA CELULOSE SA
1110650,7370,GLOBAL SOURCES LTD
1110783,100,MONSANTO CO
1110794,7370,GENUITY INC
1110803,3826,ILLUMINA INC
1110805,4610,NUSTAR ENERGY LP
1110870,7372,QUINTALINUX LTD
1110891,1731,BRACKNELL CORP
1110903,7373,NETWORK ENGINES INC
1110992,7370,IASIAWORKS INC
1110999,7370,Q BEYOND AG
1111001,7371,CORIO INC
1111205,6798,KRAMONT REALTY TRUST
1111247,7372,RIGHTNOW TECHNOLOGIES INC
1111312,8731,APPLIED MOLECULAR EVOLUTION
1111335,3714,VISTEON CORP
1111345,7371,SPEECHWORKS INTL INC
1111485,3851,
1111492,7372,AUTONOMY CORP PLC
1111496,3663,LEITCH TECHNOLOGY CORP
1111553,7372,PRECISE SOFTWARE SOLUTIONS
1111559,6211,TRADESTATION GROUP INC
1111632,3576,AVISTAR COMMUNICATIONS CORP
1111634,4813,XO HOLDINGS INC -CL A
1111665,7373,TELECOMMUNICATION SYS INC
1111711,4932,NISOURCE INC
1111721,3674,STRATOS INTERNATIONAL INC
1111759,3674,SILICONWARE PRECISION INDS
1111789,1731,VIASOURCE COMMUNICATIONS INC
1111817,5171,LONGWEI PETROLEUM INVT HLDG
1111863,3663,SIERRA WIRELESS INC
1111879,7812,NELVANA LTD
1111928,3674,IPG PHOTONICS CORP
1111938,3460,APW LTD
1112263,3669,PROXIM CORP
1112412,1311,ENDEAVOUR INTERNATIONAL CORP
1112422,7372,MOTIVE INC
1112880,2835,ARGONAUT TECHNOLOGIES INC
1112920,7372,GLOBALSCAPE INC
1113099,2835,GENENCOR INTL INC
1113107,6035,FIRST FED BANCSHARES INC/DE
1113148,2834,INFINITY PHARMACEUTICALS INC
1113169,6282,PRICE (T. ROWE) GROUP
1113227,4813,CAPSULE COMMUNICATIONS INC
1113232,3559,AXCELIS TECHNOLOGIES INC
1113247,8742,BEARINGPOINT INC
1113256,3714,MERITOR INC
1113306,4813,MAXCOM TELECOMUNICACIONES SA
1113423,2836,AETERNA ZENTARIS INC
1113428,3661,VINA TECHNOLOGIES INC
1113445,2834,WARNER CHILCOTT PLC
1113481,2834,MEDICINES CO (THE)
1113527,4813,AT&T LATIN AMERICA CORP
1113529,7373,O2WIRELESS SOLUTIONS INC
1113668,8200,EDUCATION HOLDINGS 1 INC
1113674,7389,KEY3MEDIA GROUP INC
1113809,5945,BUILD-A-BEAR WORKSHOP INC
1113836,4813,ASIA GLOBAL CROSSING LTD
1113866,4812,CHINA UNICOM (HONG KONG) LTD
1113948,4812,TELECORP PCS INC  -CL A
1114040,7371,VALICERT INC
1114068,3674,MULTILINK TECHNOLOGY CORP
1114084,7372,INTERVIDEO INC
1114200,3842,AMERICAN MEDICAL SYSTMS HLDS
1114220,2834,KERYX BIOPHARMACEUTICALS INC
1114365,3845,CURON MED INC
1114448,2834,NOVARTIS AG
1114483,3845,INTEGER HOLDINGS CORP
1114529,2836,VIACELL INC
1114655,3580,AQUACELL TECHNOLOGIES INC
1114674,3576,INRANGE TECHNOLOGIES CORP
1114700,6020,GRUPO FINANCIERO GALICIA SA
1114714,7372,KENEXA CORP
1114734,1311,MERIT ENERGY
1114868,6020,JAMES MONROE BANCORP INC
1114872,3690,MILLENNIUM CELL INC
1114925,3576,LANTRONIX INC
1114995,3674,IMPINJ INC
1114999,7372,RADVIEW SOFTWARE LTD
1115055,6020,PINNACLE FINL PARTNERS INC
1115084,7371,SILVERLINE TECHNOLOGIES LTD
1115091,7370,CALLWAVE INC
1115128,7310,QUOTIENT TECHNOLOGY INC
1115143,2834,ACUSPHERE INC
1115285,2834,EYETECH PHARMACEUTICALS INC
1115512,8731,MEDICHEM LIFE SCIENCES  INC
1115568,6020,WGNB CORP
1115836,7011,BELMOND LTD
1115837,4812,MOBILE TELESYSTEMS PJSC
1116030,3533,HYDRIL CO
1116086,4813,NEON COMMUNICATIONS INC
1116094,2834,AXCAN PHARMA INC
1116132,3100,TAPESTRY INC
1116134,4813,TATA COMMUNICATIONS LTD
1116141,7372,SYNAVANT INC
1116152,3661,ACCORD NETWORKS LTD
1116201,3661,INTEGRATED TELECOM EXPRESS
1116284,3825,EXFO INC
1116435,3663,AIRVANA INC
1116449,3826,XENOGEN CORP
1116463,2835,ORASURE TECHNOLOGIES INC
1116521,3663,AVAYA INC
1116547,3580,ENODIS PLC
1116578,6311,PRUDENTIAL PLC
1116581,3674,DIALOG SEMICONDUCTOR PLC
1116613,2834,RIBAPHARM INC
1116755,5961,DESIGN WITHIN REACH INC
1116927,1311,GEOPETRO RESOURCES CO
1116937,6726,COHEN & STEERS ADV INC RLTY
1116942,3672,TTM TECHNOLOGIES INC
1117042,4813,MPOWER HOLDING CORP
1117057,2090,PLANET GREEN HOLDINGS CORP
1117064,7372,INFOVISTA SA
1117089,8731,GEMINI GENOMICS PLC  -ADR
1117095,2836,TIKCRO TECHNOLOGIES LTD
1117106,7373,NETSUITE INC
1117119,7372,KINTERA INC
1117171,3690,CBAK ENERGY TECHNOLOGY INC
1117297,7310,QUINSTREET INC
1117399,2836,MERCK SERONO SA
1117458,2890,O2DIESEL CORP
1117480,2836,CHIMERIX INC
1117629,2834,AGENNIX AG
1117733,5961,CAFEPRESS INC
1117795,4812,CHINA MOBILE LTD
1118037,7370,SAJAN INC
1118148,6351,AMERICAN PHYSICIANS CAPITAL
1118237,6036,MBT FINANCIAL CORP
1118361,2834,RENOVIS INC
1118417,7370,MODEL N INC
1118847,8742,QUANTUM GROUP INC
1118941,3663,ENDWAVE CORP
1119083,7372,MIND CTI LTD
1119174,4813,CROSSWAVE COMMUN INC  -ADR
1119245,3569,ANAEROBIC ENERGY SYSTEMS INC
1119307,4931,NEWPOWER HOLDINGS INC
1119332,3089,EIMO OYJ
1119601,3822,CHINA ENERGY SAVNGS TECH INC
1119602,3674,LUMINENT INC
1119639,2911,PETROLEO BRASILEIRO SA- PETR
1119744,7372,VIRYANET LTD
1119745,2834,EURAND NV
1119769,3663,CERAGON NETWORKS LTD
1119774,2836,COMPUGEN LTD
1119775,3760,METAL STORM LTD
1119954,9995,BELL CANADA INTL INC
1119985,3620,HYDROGENICS CORP
1120096,2990,SINO CLEAN ENERGY INC
1120102,4812,ALAMOSA HOLDINGS INC
1120105,3674,INTELLON CORP
1120155,3825,COMPUTER ACCESS TECH CORP
1120193,6200,NASDAQ INC
1120236,4911,ORION POWER HOLDINGS INC
1120295,3825,IXIA
1120370,3510,BROADWIND INC
1120438,2836,THIRD WAVE TECHNOLOGIES INC
1120462,4813,IOWA TELECOM SERVICES INC
1120830,4923,CHINA NATURAL GAS INC
1120914,7370,PDF SOLUTIONS INC
1120916,1311,AMERICAN OIL & GAS INC
1120970,2911,COMSTOCK MINING INC
1121131,3790,REDLINE PERFORMANCE PRODS
1121142,3663,MAXAR TECHNOLOGIES INC
1121225,2834,MINRAD INTL INC
1121302,3843,SYBRON DENTAL SPECIALTIES
1121309,3559,SUREBEAM CORP
1121404,2834,SANOFI
1121439,7372,EMAGEON INC
1121484,3533,OIL STATES INTL INC
1121702,8731,YIELD10 BIOSCIENCE INC
1121783,6510,AMERICAN SPECTRUM REALTY INC
1121785,3651,SLS INTERNATIONAL INC
1121786,7372,PRACTICEWORKS INC
1121788,3812,GARMIN LTD
1121850,2711,METRO INTERNATIONAL SA
1121936,7372,VERISITY LTD
1121980,7372,HPL TECHNOLOGIES INC
1122051,3661,XTERA COMMUNICATIONS INC
1122063,1600,FTE NETWORKS INC
1122135,3661,TELENT PLC
1122211,6331,TRENWICK GROUP LTD
1122304,6324,AETNA INC
1122342,3674,ALLIANCE FIBER OPTIC PRODUCT
1122380,3531,OSIRIS CORP
1122388,7372,ELLIE MAE INC
1122411,3674,ASE TECHNOLOGY HLDNG CO
1122425,3842,CABG MEDICAL INC
1122491,2000,BRF SA
1122668,3674,OPTICAL COMMUNICATION PRODS
1122787,7370,NAPSTER INC
1122904,3661,NETGEAR INC
1122965,7373,NQL INC
1122976,2810,AVIENT CORP
1123028,3576,RIVERSTONE NETWORKS INC
1123134,3679,CHIPMOS TECHNOLOGIES INC
1123266,6311,CANADA LIFE FINANCIAL CORP
1123270,6035,BANK MUTUAL CORP
1123276,6035,FLORIDAFIRST BANCORP INC
1123313,3841,KYPHON INC
1123316,2086,CRYSTAL ROCK HOLDINGS INC
1123324,6792,PETROFUND ENERGY TRUST
1123333,8071,SPECIALTY LABORATORIES INC
1123337,5122,ANDRX CORP
1123360,7374,GLOBAL PAYMENTS INC
1123361,3841,VIASYS HEALTHCARE INC
1123452,4581,GRUPO AEROPORTUARIO SURESTE
1123455,3949,HEAD NV
1123494,3826,HARVARD BIOSCIENCE INC
1123541,6200,PENSON WORLDWIDE INC
1123647,1311,ATP OIL & GAS CORP
1123658,5500,CHINA PETROLEUM & CHEM CORP
1123661,2870,SYNGENTA AG
1123671,7389,IWG PLC
1123713,7373,IMAGICTV INC
1123799,7373,WIPRO LTD
1123841,6020,BUSINESS BANCORP/CA
1123870,8200,CIBT EDUCATION GROUP INC
1123871,1311,ARENA RESOURCES INC
1123979,2080,SENOMYX INC
1124105,2836,CATALYST BIOSCIENCES INC
1124139,2834,BAYER SCHERING PHARMA AG
1124140,8731,EXACT SCIENCES CORP
1124198,1600,FLUOR CORP
1124260,5141,FLICKINGER (S.M.) CO INC
1124394,3510,HYDROGEN CORP
1124524,3842,CRYOPORT INC
1124608,8071,RESPONSE GENETICS INC
1124610,7373,VMWARE INC -CL A
1124625,3845,MEDINET INC
1124796,3674,NLIGHT INC
1124804,7370,ALLSCRIPTS HEALTHCARE SOLTNS
1124827,4731,UTI WORLDWIDE INC
1124843,7372,DATALEX PLC
1124887,8721,CERIDIAN CORP
1124941,5030,BEACON ROOFING SUPPLY INC
1125001,2836,IOMAI CORP
1125011,7373,KANBAY INTERNATIONAL INC
1125057,1311,ENCORE ACQUISITION CO
1125259,4400,CARNIVAL CORP/PLC (GBR)
1125276,4899,GENESYS SA
1125294,3845,CRYOCOR INC
1125345,2836,MACROGENICS INC
1125376,8051,ENSIGN GROUP INC
1125536,7372,CONVERA CORP
1125603,2836,SGX PHARMACEUTICALS INC
1125689,6020,H & CB
1125845,4953,WASTE INDUSTRIES USA  INC
1125914,7373,OPENTABLE INC
1125920,2731,SHUTTERFLY INC
1126113,4812,TELENOR ASA
1126136,2836,CRUCELL NV
1126140,3845,GIVEN IMAGING
1126216,4813,NTS INC
1126234,2836,
1126252,3577,ARCTURUS INC
1126294,4911,RRI ENERGY INC
1126313,6331,RSA INSURANCE GROUP PLC
1126328,6282,PRINCIPAL FINANCIAL GRP INC
1126659,3823,INFICON HOLDING AG
1126741,3674,GSI TECHNOLOGY INC
1126752,3663,PEGASUS WIRELESS CORP
1126874,1311,ENERPLUS CORP
1126956,4924,SPIRE INC
1126975,4610,MAGELLAN MIDSTREAM PRTNRS LP
1127051,4899,TELEKOM AUSTRIA AG
1127055,4833,VIVENDI SE
1127160,6020,CAROLINA BANK HOLDINGS INC
1127248,4911,EMERA INC
1127371,6020,CENTRAL VALLEY CMNTY BANCORP
1127393,3845,HEMOSENSE INC
1127439,7370,INTAC INTERNATIONAL
1127442,6036,CITIZENS FIRST BANCORP INC
1127537,3841,PULMONX CORP
1127703,6331,PROASSURANCE CORP
1127706,6726,NUVEEN CA DIV ADV MUN FD II
1127777,6035,BANK UNITED CORP  -CL A
1127866,4812,TELEFONICA MOVILES SA
1128032,4931,AQUILA INC-OLD
1128173,6512,IRSA PROPIEDADES COMERCIALES
1128227,6035,FIRST FED NOR MICH BANCORP
1128361,6020,HOPE BANCORP INC
1128495,2834,ANADYS PHARMACEUTICALS INC
1128725,7370,INTERCLOUD SYSTEMS INC
1128749,3577,GEMPLUS INTERNATIONAL SA
1128928,2050,FLOWERS FOODS INC
1129052,3679,KEVLIN CORP
1129137,4812,AMERICA MOVIL SA DE CV
1129155,3730,MARINE PRODUCTS CORP
1129162,4911,CAP ROCK ENERGY CORP
1129260,3663,VOCERA COMMUNICATIONS INC
1129425,2836,ZYMOGENETICS INC
1129446,3674,AGERE SYSTEMS INC
1129552,3845,CTI MOLECULAR IMAGING INC
1129623,8050,ODYSSEY HEALTHCARE INC
1129633,6311,PHOENIX COMPANIES INC
1129650,1389,TORCH OFFSHORE INC
1129847,6036,FIRST BANCTRUST CORP
1129928,2834,ONCOLYTICS BIOTECH INC
1129929,6798,BOARDWALK REAL ESTATE TRUST
1129981,1400,OGLEBAY NORTON CO
1130144,6020,SIERRA BANCORP/CA
1130166,2836,CYCLACEL PHARMACEUTICALS
1130258,3576,ACME PACKET INC
1130310,4931,CENTERPOINT ENERGY INC
1130385,1600,FOSTER WHEELER AG
1130464,4923,BLACK HILLS CORP
1130498,3825,SPIRENT COMMUNICATIONS
1130591,2836,XENOPORT INC
1130598,2836,ONCONOVA THERAPEUTICS INC
1130626,3674,LEADIS TECHNOLOGY INC
1130713,5961,OVERSTOCK.COM INC
1130866,3674,HITTITE MICROWAVE CORP
1130950,5961,EXCELLIGENCE LEARNING CORP
1131062,6726,NUVEEN DIV ADV MUN FD II
1131063,6726,NUVEEN NY DIV ADV MUN FD II
1131072,1311,TETON ENERGY CORP
1131096,7370,ATHENAHEALTH INC
1131227,4400,HORNBECK OFFSHORE SVCS INC
1131312,1311,ZION OIL & GAS INC
1131324,2835,GENOMIC HEALTH INC
1131343,2836,ALTERITY THERAPEUTICS LTD
1131383,8711,STANTEC INC
1131399,2834,GLAXOSMITHKLINE PLC
1131457,7510,ZIPCAR INC
1131517,2834,ANESIVA INC
1131543,2836,AMBIT BIOSCIENCES CORP
1131554,7370,SYNCHRONOSS TECHNOLOGIES
1131806,7372,COMMERCE ONE INC
1131907,2836,MICROMET INC
1132105,5940,SPORTSMANS WAREHOUSE HLDGS
1132327,6211,INSTINET GROUP INC
1132340,4841,CLAXSON INTERACTVE GRP -CL A
1132446,7372,VERO SOFTWARE PLC
1132484,3570,NETEZZA CORP
1132515,6035,CHESTERFIELD FINANCIAL CORP
1132645,1311,TRANSMERIDIAN EXPL INC
1132651,6020,AMES NATIONAL CORP
1132784,1311,GALAXY ENERGY CORP
1132809,7372,BAM ENTERTAINMENT INC
1132924,4813,CHUNGHWA TELECOM LTD
1132979,6020,FIRST REPUBLIC BANK
1133016,6411,HUB INTERNATIONAL LTD
1133082,3569,MYKROLIS CORP
1133151,2090,PASTA & CHEESE INC
1133260,1381,UNION DRILLING INC
1133311,7370,TRAVELZOO
1133324,9995,INPHONIC INC
1133416,2834,GALECTIN THERAPEUTICS INC
1133421,3812,NORTHROP GRUMMAN CORP
1133470,5140,CALAVO GROWERS INC
1133478,3674,CHIPMOS TECHNOLOGIES LTD
1133519,2836,MEDICURE INC
1133818,2836,BIO-PATH HOLDINGS INC
1133869,2836,CAPRICOR THERAPEUTICS INC
1133872,7370,ZANETT INC
1133882,4412,STELMAR SHIPPING LTD
1134061,4899,UNITEDGLOBALCOM INC  -CL A
1134115,1000,INTERNATIONAL TOWER HILL MIN
1134203,7372,TALEO CORP
1134224,3826,BRUKER AXS INC
1134971,7320,NCO PORTFOLIO MANAGEMENT INC
1135017,4610,KINDER MORGAN MANAGEMENT LLC
1135152,3533,FMC TECHNOLOGIES INC
1135165,6036,ORANGE SAVINGS BANK/MA
1135185,4522,ATLAS AIR WORLDWIDE HLDG INC
1135253,6020,MOUNTAINBANK FINANCIAL CORP
1135271,7371,JAMDAT MOBILE INC
1135338,4833,XANADOO CO
1135341,7373,SEMA PLC
1135431,5140,FRESH BRANDS INC
1135644,9997,SIEMENS AG
1135657,1389,ECO-STIM ENERGY SOLUTIONS
1135711,3674,NETLOGIC MICROSYSTEMS INC
1135887,2741,MULTI LOCAL MEDIA CORP
1135906,2836,EPIRUS BIOPHARMACEUTICALS
1135922,4812,ROGERS WIRELESS COMMU  -CL B
1135951,2834,DR REDDY'S LABORATORIES LTD
1135971,4911,PEPCO HOLDINGS INC
1136174,8060,ONTRAK INC
1136201,1311,PRIMEWEST ENERGY TRUST
1136294,1600,WILLIAMS INDUSTRIAL SE G INC
1136352,5172,CRESTWOOD EQUITY PARTNERS LP
1136655,7389,ARBINET CORP
1136808,9997,E.ON SE
1136869,3842,ZIMMER BIOMET HOLDINGS INC
1136893,7374,FIDELITY NATIONAL INFO SVCS
1137007,6726,CORPORATE HIGH YIELD FD IV
1137019,5040,IMAGISTICS INTERNATIONAL INC
1137046,6020,SOUTHERN CONN BANCORP INC
1137047,5812,SMITH & WOLLENSKY RSTRNT GRP
1137048,6351,ODYSSEY RE HOLDINGS CORP
1137063,5065,COMMERCIAL CONSOLIDATORS CP
1137067,5940,GALYAN'S TRADING CO INC
1137083,1220,L & L ENERGY INC
1137091,3510,POWER SOLUTIONS INTL INC
1137154,5172,KANEB SERVICES LLC
1137182,3270,FLETCHER BUILDING LTD
1137390,6726,BLACKROCK NY MUN INCOME FUND
1137391,6726,BLACKROCK CA MUN INCOME FUND
1137392,6726,BLACKROCK MUN INCOME INV TR
1137393,6726,BLACKROCK MUN INCOME FUND
1137399,2821,LUMERA CORP
1137411,3728,ROCKWELL COLLINS
1137440,6726,BLACKROCK NJ MUN INCOME FD
1137469,1600,NOVA BIOSOURCE FUELS INC
1137547,6020,UNITED SECURITY BANCSHARS CA
1137679,6020,FIRST WASH FINANCIAL CORP
1137774,6311,PRUDENTIAL FINANCIAL INC
1137789,3572,SEAGATE TECHNOLOGY HOLDINGS
1137883,2836,BRAINSTORM CELL THERAPEUTICS
1137885,6726,NUVEEN MD DIV ADV MUNI FD 2
1137887,6726,NUVEEN MUN CREDIT INCM FD
1137888,6726,NUVEEN CA DIV ADV MUNI FD 3
1138118,6531,CBRE GROUP INC
1138234,4812,AT&T WIRELESS SERVICES INC
1138375,5912,PAY LESS DRUG STORES NW
1138400,3842,BIOMIMETIC THERAPEUTICS INC
1138412,8071,GENOPTIX INC
1138639,3661,INFINERA CORP
1138723,3845,ACCURAY INC
1138776,2836,AEVI GENOMIC MEDICINE INC
1138804,7372,UNICA CORP
1138812,2836,COTHERIX INC
1138817,6020,FIRST SECURITY GROUP INC
1138830,3674,AUTHENTEC INC
1138951,3944,LEAPFROG ENTERPRISES INC
1138978,8060,NOVO INTEGRATED SCIENCES INC
1139463,8062,MEDCATH CORP
1139566,3312,SIDERCA SAIC
1139570,7370,SUBAYE INC
1139650,7372,ALTIRIS INC
1139683,2300,BLUE HOLDINGS INC
1139812,6020,MB FINANCIAL INC/MD
1140022,6311,AVIVA PLC
1140028,2836,TALON THERAPEUTICS INC
1140098,2836,OCATA THERAPEUTICS INC
1140102,7363,HIREQUEST INC
1140184,7389,IPAYMENT INC
1140215,2086,REEDS INC
1140310,3690,ENSYNC INC
1140392,6726,PIMCO MUNICIPAL INCOME FD
1140410,6726,PIMCO NY MUNICIPAL INCOME FD
1140411,6726,PIMCO CA MUNICIPAL INCOME FD
1140486,3674,ATHEROS COMMUNICATIONS INC
1140536,6411,WILLIS TOWERS WATSON PLC
1140601,1531,MCLEAN INDUSTRIES INC
1140625,2911,EQUINOR ASA
1140827,3663,CITY NETWORK INC
1140854,1311,COLLINS (KEITH) PETROLEUM CP
1140859,5122,AMERISOURCEBERGEN CORP
1141076,8082,SUPERIOR CARE INC
1141103,7363,CROSS COUNTRY HEALTHCARE INC
1141106,6020,MADISON BANCSHARES INC/FL
1141185,1311,KERR-MCGEE CORP
1141197,1311,PEDEVCO CORP
1141215,3845,HEALTHETECH INC
1141240,3310,LIQUIDMETAL TECHNOLOGIES
1141284,3669,
1141299,6799,MCG CAPITAL CORP
1141391,7389,MASTERCARD INC
1141399,2834,APP PHARMACEUTICALS INC
1141496,4213,ROADWAY CORP
1141688,6020,LANDMARK BANCORP INC/KS
1141719,6331,ALTERRA CAPITAL HOLDINGS LTD
1141741,5065,INTELECOM CORP
1141807,6020,1ST CONSTITUTION BANCORP
1141982,3640,COOPER INDUSTRIES PLC
1142229,1311,PROVIDENT ENERGY LTD
1142380,2836,CALLISTO PHARMACEUTICALS INC
1142406,6153,CAREPAYMENT TECHNOLOGIES INC
1142417,4833,NEXSTAR MEDIA GROUP
1142470,3531,STANDARD HAVENS  -CL A
1142512,6531,ZIPREALTY INC
1142576,2834,OPTIMER PHARMACEUTICALS INC
1142596,3841,NUVASIVE INC
1142701,4899,UNITED ONLINE INC
1142746,1040,WHEATON RIVER MINERALS LTD
1142750,7363,AMN HEALTHCARE SERVICES INC
1143068,4911,GREAT PLAINS ENERGY INC
1143155,6020,XENITH BANKSHARES INC
1143330,6035,PFS BANCORP INC
1143344,7011,INTER ISLAND RESORTS LTD
1143363,7373,SI INTERNATIONAL INC
1143413,8351,KINDER-CARE INC
1143513,6797,GLADSTONE CAPITAL CORP
1143848,6036,LSB CORP
1143967,2011,PREMIUM STANDARD FARMS INC
1144145,2800,
1144215,3640,ACUITY BRANDS INC
1144320,3690,NEW ENERGY SYSTEMS GROUP
1144331,4512,EXPRESSJET HOLDINGS INC
1144354,6099,HEARTLAND PAYMENT SYSTEMS
1144399,2531,INTIER AUTOMOTIVE INC
1144686,6020,WACCAMAW BANKSHARES INC
1144690,3842,FISHER & PAYKEL HEALTHCARE
1144800,4911,TRANSALTA CORP
1144835,4813,TOUCH AMERICA HOLDINGS
1144878,8731,GENETIC DIAGNOSTICS CORP
1144879,7372,APPLIED BLOCKCHAIN INC
1144945,1311,PVR PARTNERS LP
1144953,3523,HESSTON CORP
1144967,6020,HDFC BANK LTD
1144980,5500,ASBURY AUTOMOTIVE GROUP INC
1145047,7373,GEAC COMPUTER CORP LTD
1145057,7371,FORESCOUT TECH INC
1145061,2860,GLOBAL ENERGY HOLDINGS GRP
1145124,8200,THINKORSWIM GROUP INC
1145197,3845,INSULET CORP
1145202,6141,MRU HOLDINGS INC
1145255,6282,HENNESSY ADVISORS INC
1145404,2834,CORNERSTONE THERAPEUTICS INC
1145460,2835,ALERE INC
1145728,6726,NUVEEN OH  DIV ADV MUNI FD 2
1145986,2810,ASPEN AEROGELS INC
1156039,6324,ANTHEM INC
1156041,1311,HOUSTON AMERN ENERGY CORP
1156295,2835,SERACARE LIFE SCIENCES INC
1156375,6200,CME GROUP INC
1156388,5940,BIG 5 SPORTING GOODS CORP
1156953,6020,GATEWAY FINANCIAL HLDGS INC
1157075,2836,PHARMACYTE BIOTECH INC
1157377,8742,ADVISORY BOARD CO
1157408,8200,STRIDE INC
1157557,4911,CIA ENERGETICA DE MINAS
1157601,2834,MADRIGAL PHARMACEUTICALS INC
1157602,2836,VITAE PHARMACEUTICALS INC
1157624,7372,NASSDA CORP
1157647,6035,WESTERN NEW ENG BANCORP INC
1157648,6020,CAROLINA NATIONAL CORP
1157691,5812,TGI FRIDAY'S INC
1157758,3524,ATC VENTURES GROUP INC
1157762,3714,CHINA AUTOMOTIVE SYSTEMS INC
1157780,3674,OPNEXT INC
1157808,4412,CP SHIPS LTD
1157817,7372,SITO MOBILE LTD
1157842,6726,COHEN & STEERS QTY INCM RLTY
1157972,3842,DJO INC
1158004,7389,TRANSCOM WORLDWIDE AB
1158019,9995,SCIENT INC
1158026,6036,PHSB FINANCIAL CORP
1158041,1000,TURQUOISE HILL RESOURCES LTD
1158113,1220,FORDING CANADIAN COAL TRUST
1158114,3674,APPLIED OPTOELECTRONICS INC
1158172,8742,COMSCORE INC
1158223,9995,AFFYMAX INC
1158265,6798,HERITAGE PPTY INVESTMENT TR
1158289,6726,NUVEEN REAL ESTATE INCOME FD
1158324,4813,COGENT COMMUNICATIONS HLDGS
1158399,2836,BURCON NUTRASCIENCE CORP
1158420,6552,CHINA HGS REAL ESTATE INC
1158449,5531,ADVANCE AUTO PARTS INC
1158463,4512,JETBLUE AIRWAYS CORP
1158533,4911,SUEZ
1158678,6020,MILLENNIUM BANKSHARES CORP
1158728,6726,NUVEEN VA DIV ADV MUNI FD 2
1158729,6726,NUVEEN PA DIVID ADV MUN FD 2
1158730,6726,NUVEEN NC DIV ADV MUN FD 2
1158780,2836,PLURISTEM THERAPEUTICS INC
1158833,2836,LIFE SCIENCES RESEARCH INC
1158838,3825,ADVANTEST CORP
1158846,2741,ERGO SCIENCE CORP
1158863,6411,WAGEWORKS INC
1158895,3841,LEMAITRE VASCULAR INC
1158967,3621,NIDEC CORP
1159036,2836,HALOZYME THERAPEUTICS INC
1159038,6726,BLACKROCK CA MUNI 2018 TERM
1159039,6726,BLACKROCK NY MUNI 2018 TERM
1159040,6726,BLACKROCK MUNI 2018 TERM TR
1159041,4841,TWO WAY TV (US) INC
1159119,2911,PREMCOR INC
1159152,3270,JAMES HARDIE INDUSTRIES PLC
1159167,3990,IROBOT CORP
1159217,7381,DIOGENES SYSTEMS INC
1159281,8051,FIVE STAR SENIOR LIVING INC
1159297,2631,MEADWESTVACO CORP
1159427,6020,SOUTHERN CMNTY FINL CORP
1159508,6020,DEUTSCHE BANK AG
1159510,6211,CREDIT SUISSE GROUP
1159512,4812,O2 PLC
1159513,4888,PROMOTORA DE INFORMACIONES
1160106,6020,LLOYDS BANKING GROUP PLC
1160165,2870,SHENGDATECH INC
1160241,7373,DIGITALNET HOLDINGS INC
1160262,4813,MAHANAGAR TELEPHONE NIGAM
1160308,2834,SAVARA INC
1160330,6020,BRADESCO BANCO
1160469,6726,BLACKROCK CORP HIGH YLD FD V
1160513,3672,SUNTRON CORP
1160791,1040,GOLD RESOURCE CORP
1160846,4813,OI SA
1160858,2300,TRUE RELIGION APPAREL INC
1160864,6726,BLACKROCK CORE BOND TRUST
1160951,7370,DUCK CREEK TECHNOL INC
1160958,3674,INPHI CORP
1160990,6726,PIMCO CORP & INCM STRGY FUND
1161069,6726,NUVEEN AZ DIVID ADV MUN FD 2
1161070,6726,NUVEEN NJ DIVID ADV MUN FD 2
1161125,6020,BANCO DE CHILE
1161154,4922,ENERGY TRANSFER PARTNERS -LP
1161315,7370,YODLEE INC
1161396,3674,GENESIS MICROCHIP INC
1161448,6200,CBOT HOLDINGS INC
1161611,3334,ALUMINUM CORP CHINA LTD
1161728,4931,MGE ENERGY INC
1161785,8711,ABENGOA SA
1161814,3743,KELSO TECHNOLOGIES INC
1161924,2834,MIDDLEBROOK PHARMACEUTICALS
1161935,6798,TRIZEC PROPERTIES INC
1161963,3674,AMIS HOLDINGS INC
1162027,6726,ALLIANCEBERNSTEIN NATL MUN
1162028,6726,ALLIANCE CALIF MUN INCOME FD
1162030,6726,ALLIANCE NEW YORK MUN INC FD
1162112,4899,RIGNET INC
1162192,2836,AVALON PHARMA INC
1162194,3826,FLUIDIGM CORP
1162245,6020,FPB BANCORP INC
1162315,4700,AMBASSADORS GROUP INC
1162324,1090,URANERZ ENERGY CORP
1162461,3845,CUTERA INC
1162556,7990,DOVER DOWNS GAMING & ENTMT
1162586,6331,SCOR HOLDING SWITZERLAND AG
1162689,6162,UNITED COS FINANCIAL CORP
1162747,1221,PUDA COAL INC
1162862,3690,WONDER AUTO TECHNOLOGY INC
1162896,1311,WIZARD BRANDS INC
1163165,1311,CONOCOPHILLIPS
1163199,6020,FNB BANCORP CALIF
1163302,3312,UNITED STATES STEEL CORP
1163345,6035,PARTNERS TRUST FINL GRP INC
1163348,6331,ALLIED WORLD ASSURANCE CO AG
1163370,6020,NORTHRIM BANCORP INC
1163428,6035,WILLOW FINL BANCORP INC
1163461,3812,INTEGRATED DEFENSE TECH INC
1163560,4400,GRUPO TMM S.A.B
1163653,6211,NOMURA HOLDINGS INC
1163668,6020,SOUTH PLAINS FINANCIAL INC
1163698,4899,SOUNDBITE COMMUNICATIONS INC
1163739,1381,NABORS INDUSTRIES LTD
1163747,6020,AMERICAN BANK INC/PA
1163792,6726,WESTERN ASSET PREMIER BD FD
1163842,7373,ANTEON INTERNATIONAL CORP
1163848,3845,INTRALASE CORP
1163932,7372,ACTIVE NETWORK INC
1163943,3812,SIRF TECHNOLOGY HOLDINGS INC
1163958,7363,MEDICAL STAFFNG NTWRK HLDGS
1164554,6020,EUROBANCSHARES INC
1164727,1040,NEWMONT CORP
1164771,1000,NORTHERN DYNASTY MINERAL LTD
1164863,3050,ENPRO INDUSTRIES INC
1165002,6282,WESTWOOD HOLDINGS GROUP INC
1165216,6726,BLACKROCK STRATEGIC BOND TR
1165231,3576,PROCERA NETWORKS INC
1165383,6726,NUVEEN OH DIVID ADV MUN FD 3
1165532,4812,ATX COMMUNICATIONS INC
1165880,6331,MONTPELIER RE HOLDINGS
1165921,3663,LAW ENFORCEMENT ASSOCS CORP
1166003,4213,XPO LOGISTICS INC
1166036,1311,MARKWEST ENERGY PARTNERS LP
1166126,5311,OLD COPPER CO INC
1166141,4812,NTT DOCOMO INC
1166220,7370,LYRIS INC
1166258,6726,PIONEER HIGH INCOME TRUST
1166272,2836,GENETIC TECHNOLOGIES LTD
1166291,4512,PINNACLE AIRLINES CORP
1166362,6020,STURGIS BANCORP INC
1166380,3714,QUANTUM FUEL SYS TECH WORLDW
1166388,7370,VERINT SYSTEMS INC
1166389,2870,CHINA AGRITECH INC
1166463,7372,VISICU INC
1166572,6726,NUVEEN CT DIVID ADV MUN FD 2
1166663,4412,TSAKOS ENERGY NAVIGATION LTD
1166691,4841,COMCAST CORP
1166718,2020,WIMM BILL DANN FOODS
1166834,8090,
1166928,6020,WEST BANCORPORATION INC
1167178,3690,A123 SYSTEMS INC
1167294,3661,MERU NETWORKS INC
1167379,3851,ALCON INC
1167419,7372,RIOT BLOCKCHAIN INC
1167467,6726,BLACKROCK MUNICIPAL BOND TR
1167470,6726,BLACKROCK NY MUNICIPAL BOND
1167630,5700,RETAIL HOLDINGS NV
1167896,3825,NEXTEST SYSTEMS CORP
1168054,1311,CIMAREX ENERGY CO
1168061,2834,EON LABS INC
1168195,7373,SOURCEFIRE INC
1168197,8071,LIPOSCIENCE INC
1168213,5621,ARO LIQUIDATION INC
1168220,2834,ULURU INC
1168335,3845,ADVANCED MEDICAL OPTICS INC
1168397,4610,PACIFIC ENERGY PARTNERS  -LP
1168455,6020,PLUMAS BANCORP
1168478,7374,HEWITT ASSOCIATES INC
1168556,2834,TIENS BIOTECH GROUP USA INC
1168652,7374,HIRERIGHT INC
1168696,7830,REGAL ENTERTAINMENT GROUP
1168786,6726,AIM SELECT R E INCOME FUND
1169027,6726,BLACKROCK CA MUNICIPAL BOND
1169028,6726,BLACKROCK MUNI BOND INV TR
1169029,6726,BLACKROCK MD MUNICIPAL BOND
1169031,6726,BLACKROCK NJ MUNICIPAL BOND
1169034,6726,BLACKROCK VA MUNICIPAL BOND
1169237,4941,BIW LTD
1169238,6020,TEXAS UNITED BANCSHARES INC
1169245,2836,PHASEBIO PHARMACEUTIC
1169264,7373,SYNIVERSE HOLDINGS INC-OLD
1169358,8731,INVERESK RESEARCH GROUP INC
1169424,6020,PACIFIC STATE BANCORP/CA
1169445,7372,COMPUTER PROGRAMS & SYSTEMS
1169486,6331,TOKIO MARINE HOLDINGS INC
1169561,7370,COMMVAULT SYSTEMS INC
1169652,7370,CHANNELADVISOR CORP
1169715,5812,SODEXO
1169769,6035,MONARCH COMMUNITY BANCORP
1169770,6020,BANC OF CALIFORNIA INC
1169987,2835,HTG MOLECULAR DIAGNOSTICS
1169988,4899,BOINGO WIRELESS INC
1170010,5500,CARMAX INC
1170154,1311,GASTAR EXPLORATION INC-OLD
1170299,6726,PIMCO MUNICIPAL INCOME FD II
1170300,6726,PIMCO CALIF MUN INCOME FD II
1170311,6726,PIMCO NY MUN INCOME FUND II
1170534,3661,MITEL NETWORKS CORP
1170593,6153,PRIMUS GUARANTY LTD
1170605,6035,TIERONE CORP
1170650,5912,MEDCO HEALTH SOLUTIONS INC
1170833,6020,COMMUNITY VALLEY BANCORP/CA
1170858,4941,COMPANHIA DE SANEAMENTO
1170895,6726,COHEN & STEERS PREM INC RLTY
1170991,6798,DCT INDUSTRIAL TRUST INC
1171012,3679,UNI-PIXEL INC
1171014,5812,COSI INC
1171032,5661,BAKERS FOOTWEAR GROUP INC
1171155,4731,RADIANT LOGISTICS INC
1171159,2670,PACKAGING DYNAMICS CORP
1171218,6331,NORTH POINTE HOLDINGS CORP
1171298,3845,SOLTA MEDICAL INC
1171471,6726,CALAMOS CONV OPP AND INC FD
1171486,6795,NATURAL RESOURCE PARTNERS LP
1171500,6331,PLATINUM UNDERWRITERS HLDG
1171529,3674,TECHWELL INC
1171662,6324,TRIPLE-S MANAGEMENT CORP
1171759,5812,RED ROBIN GOURMET BURGERS
1171825,6020,CIT GROUP INC
1172052,6331,SAFETY INSURANCE GROUP INC
1172095,6035,ATLANTIC LIBERTY FINANCIAL
1172136,4991,U S GEOTHERMAL INC
1172168,6726,NUVEEN QUALITY PFD INCM FD
1172222,4512,HAWAIIAN HOLDINGS INC
1172243,8711,MTC TECHNOLOGIES INC
1172335,7381,ALLIED SECURITY INC-OLD
1172353,6020,CENTRAL JERSEY BANCORP
1172358,6792,DORCHESTER MINERALS  -LP
1172480,2834,SANTARUS INC
1172494,3674,AU OPTRONICS CORP
1172631,3674,SUNWORKS INC
1172678,6020,TEMECULA VALLEY BANCORP INC
1172724,1040,GOLD FIELDS LTD
1172852,7990,VCG HOLDING CORP
1173204,7822,CINEDIGM CORP
1173281,2836,NEUBASE THERAPEUTICS INC
1173293,3845,NOVADAQ TECHNOLOGIES INC
1173313,2836,
1173382,3690,CAE INC
1173420,1040,NOVAGOLD RESOURCES LTD
1173431,6211,TD AMERITRADE HOLDING CORP
1173489,6794,CEVA INC
1173495,4700,ORBITZ INC
1173514,3537,HYSTER-YALE MATERIALS HNDLNG
1173557,6726,LMP REAL ESTATE INCM FND INC
1173643,1040,TANZANIAN GOLD CORPORATION
1173657,2834,BARRIER THERAPEUTICS INC
1173752,3576,ARUBA NETWORKS INC
1173788,6726,HELIOS STRATEGIC MTG INCM FD
1173850,2253,QUALITY MILLS INC
1173911,4610,ENBRIDGE ENERGY MGMT LLC
1173924,1040,CLAUDE RESOURCES INC
1173942,6798,WINDROSE MEDICAL PPTYS TR
1174164,6726,FLAHERTY & CRUMRINE PFD SECS
1174169,4991,ALGONQUIN POWER & UTIL CORP
1174266,3663,ENVIVIO INC
1174527,4832,CITADEL BROADCASTING CORP
1174735,6162,ACCREDITED HOME LENDERS HLDG
1174820,6020,CENTER FINANCIAL CORP/CA
1174850,6020,NICOLET BANKSHARES INC
1174922,7990,WYNN RESORTS LTD
1174940,2836,ORAGENICS INC
1175108,7350,ROTECH HEALTHCARE INC
1175151,3841,CYTOSORBENTS CORP
1175167,6798,AMERICA FIRST APT INVESTORS
1175454,7389,FLEETCOR TECHNOLOGIES INC
1175483,7990,DRIVE SHACK INC
1175505,2836,FIVE PRIME THERAPEUTICS INC
1175535,6798,WHITESTONE REIT
1175580,1040,RANDGOLD RESOURCES LTD
1175609,3576,CAVIUM INC
1175636,3690,ELECTRO ENERGY INC
1175685,7372,BLADELOGIC INC
1175965,2834,CHEMGENEX PHARMACEUTICALS
1176194,6726,BLACKROCK MUNI INCOME TR II
1176196,6726,BLACKROCK CA MUN INCM TR II
1176197,6726,BLACKROCK NY MUN INCM TR II
1176199,6726,HANCOCK JOHN PFD INCOME FD
1176309,2836,ORAMED PHARMACEUTICALS INC
1176316,6020,ACCESS NATIONAL CORP
1176334,5172,MARTIN MIDSTREAM PARTNERS LP
1176373,6798,TIER REIT INC
1176433,6726,NUVEEN PFD SECURITIES INCM
1176948,6282,ARES MANAGEMENT CORP
1176983,7310,MAXWORLDWIDE INC
1176984,6726,EATON VANCE MUN BOND FD
1177161,6726,EATON VANCE CA MUN BOND FD
1177162,6726,EATON VANCE NY MUN BOND FD
1177212,6726,NUVEEN AZ DIV ADV MUN FD 3
1177214,6726,NUVEEN MD DIV ADV MUN FD 3
1177216,6726,NUVEEN NC DIV ADV MUN FD 3
1177218,6726,NUVEEN CT DIV ADV MUN FD 3
1177219,6726,NUVEEN GA QUAL MUN INCM FD
1177328,8711,BARAN GROUP LTD
1177394,5045,SYNNEX CORP
1177470,1311,SONDE RESOURCES CORP
1177609,5331,FIVE BELOW INC
1177648,2836,ENANTA PHARMACEUTICALS INC
1177702,4213,SAIA INC
1177845,3571,XPLORE TECHNOLOGIES CORP
1178056,7372,PALMSOURCE INC
1178104,3841,DEXTERA SURGICAL INC
1178253,2836,SCYNEXIS INC
1178336,3679,HOKU CORP
1178347,2836,YM BIOSCIENCES INC
1178409,6020,TIDELANDS BANCSHARES INC
1178551,6163,NIS GROUP CO LTD
1178552,2870,BODISEN BIOTECH INC
1178575,4400,K-SEA TRANSPORTATION  -LP
1178670,2836,ALNYLAM PHARMACEUTICALS INC
1178697,3663,SONIM TECHNOLOGIES INC
1178711,2834,PARATEK PHARMACEUTCLS INC
1178727,3663,
1178818,1311,STORM CAT ENERGY CORP
1178819,1040,ALAMOS GOLD INC -OLD
1178839,6726,NEUBERGER BERMAN MUNI FD
1178840,6726,NEUBERGER BERMAN CA INT MUN
1178841,6726,NEUBERGER BERMAN NY INT MUN
1178879,2836,AMICUS THERAPEUTICS INC
1178946,3663,DRAGONWAVE INC
1178970,6036,PROVIDENT FINANCIAL SVCS INC
1178983,6020,BANK OF THE NORTHWST PORTLND
1179060,4923,ENLINK MIDSTREAM PARTNERS LP
1179083,2835,PREMD INC
1179126,6726,DWS RREEF REAL ESTATE FUND
1179484,9995,COMDISCO HOLDING CO INC
1179755,6331,ENDURANCE SPECIALTY HOLDINGS
1179821,5944,BIRKS GROUP INC
1179929,6324,MOLINA HEALTHCARE INC
1180079,3576,SILVER SPRING NETWORKS INC
1180145,3841,CARDIOVASCULAR SYSTEMS INC
1180262,2834,HERBALIFE NUTRITION LTD
1181001,6020,ALLIANCE BANKSHARES CORP
1181024,6726,BLACKROCK NY MUN INC QLTY TR
1181026,6726,BLACKROCK MUN INC INVST QLTY
1181027,6726,BLACKROCK CA INS MUN INC TR
1181187,6726,BLACKROCK MUN INC QLTY TR
1181232,4213,SIRVA INC  -REDH
1181249,6726,BLACKROCK FLA MUN 2020 TERM
1181250,6726,BLACKROCK MUN 2020 TERM TR
1181504,6726,PIMCO CALIF MUN INC FD III
1181505,6726,PIMCO NY MUN INCOME FUND III
1181506,6726,PIMCO MUNICIPAL INCM FD III
1182129,2834,AUXILIUM PHARMA INC
1182325,7372,TANGOE INC
1182555,6020,BRIDGE STREET FINANCIAL INC
1182802,2800,ALTANA AG
1183186,6411,NATIONAL FINANCIAL PRTNRS CP
1183765,2836,MOLECULAR TEMPLATES
1183829,6726,FIRST AMERN MN MUN INC FD II
1183920,2835,DADE BEHRING HOLDINGS INC
1183941,7370,ACTIVIDENTITY CORP
1184702,6324,WELLCHOICE INC
1184818,6035,COMMERCIAL CAPITAL BANCORP
1185348,6153,PRA GROUP INC
1187520,6726,DENALI FUND INC
1187953,2836,
1188303,4911,TEXAS GENCO HOLDINGS INC
1189396,6020,SOMERSET HILLS BANCORP
1189712,2024,DREYER'S GRAND ICE CRM HLDGS
1189740,6726,HANCOCK JOHN PREF INCM FD II
1190723,3317,TENARIS SA
1190935,6726,PIMCO CORP & INCM OPPTY FUND
1191070,2836,
1191255,4813,CHINA TELECOM CORP LTD
1191256,6726,AEW REAL ESTATE INCOME FUND
1191679,1000,FNX MINING CO INC
1191694,7372,
1191857,2631,MOD-PAC CORP
1192305,8742,LECG CORP
1192448,3841,GLAUKOS CORP
1193558,6798,AMERICAN FINANCIAL REALTY TR
1194217,2890,COMPAC CORP
1195454,4813,WILTEL COMMUNICATIONS GROUP
1195614,3460,NI INDUSTRIES INC
1195734,5812,POTBELLY CORP
1195737,6726,NUVEEN AMT-FREE QU MUNI INCM
1195738,6726,NUVEEN CALIF AMT-FREE QTY
1195739,6726,NUVEEN NY AMT-FREE QL MUN
1195933,6331,INFINITY PROPERTY & CAS CORP
1196298,3841,NEPHROS INC
1196366,6726,NUVEEN MA AMT-FREE MUNI INCM
1196501,6411,HMS HOLDINGS CORP
1196867,6726,EATON VANCE MUN BOND FD II
1196869,6726,EATON VANCE CA MUN BD FD II
1196870,6726,EATON VANCE INS FL PLUS MUN
1196871,6726,EATON VANCE MA MUN BOND FD
1196872,6726,EATON VANCE MI MUN BOND FD
1196874,6726,EATON VANCE NJ MUN BOND FD
1196875,6726,EATON VANCE NY MUN BD FD II
1196876,6726,EATON VANCE OH MUN BOND FD
1196877,6726,EATON VANCE PA MUN BOND FD
1199004,6726,FEDERATED HERMES PREMIER MUN
1199025,6020,FRANKLIN BANCORP INC/MI
1200022,6159,INTEGRATED ALARM SVCS GROUP
1200375,2836,CODEXIS INC
1200446,6726,NUVEEN QUALITY PFD INCM FD 3
1200525,1000,NORTHERN ORION RESOURCES INC
1201663,3674,AUDIENCE INC
1201792,8200,AMERICAN PUBLIC EDUCATION
1202273,5940,GOLFSMITH INTL HOLDINGS INC
1202806,6726,FEDERATED PREM INTR MUN INC
1203464,1040,IAMGOLD CORP
1203554,1040,HERITAGE EXPLORATIONS LTD
1203748,3312,GERDAU AMERISTEEL CORP
1203900,8200,CHINA EDUCATION ALLIANCE INC
1203957,2834,BIONOVO INC
1204413,7370,POINTS INTERNATIONAL LTD
1204560,6798,MPG OFFICE TRUST INC
1205431,7372,SSA GLOBAL TECHNOLOGIES
1205727,4899,CBEYOND INC
1205922,2836,VACCINEX INC
1206264,2510,TEMPUR SEALY INTL INC
1207070,6036,FRANKLIN BANK CORP
1207074,7370,VIRTUSA CORP
1207179,4412,GOLAR LNG LTD
1208208,4899,DIGITALGLOBE INC
1208222,1000,WMC RESOURCES LTD
1208261,2836,IMMUNE PHARMACEUTICALS INC
1209028,6799,ARLINGTON ASSET INVESTMENT
1209821,1311,CROSSTEX ENERGY INC
1210123,6726,WELLS FARGO INCOME OPPOR FD
1210227,6020,BNC BANCORP
1210618,3620,SPI ENERGY CO LTD
1210677,7389,
1210697,1381,TODCO
1210708,7361,HUDSON GLOBAL INC
1210959,2834,MELDEX INTL PLC
1211351,5621,RTW RETAILWINDS INC
1211583,2836,FENNEC PHARMACEUTICALS INC
1211759,7370,CONNECTURE INC
1211805,7372,MY SIZE INC
1212235,3842,XTENT INC
1212458,7372,PROOFPOINT INC
1212545,6020,WESTERN ALLIANCE BANCORP
1213037,2836,CARDIFF ONCOLOGY INC
1213169,6726,BLACKROCK CR ALLOC INCM III
1213660,5122,BIMI INTERNATIONAL MEDCL INC
1213809,2836,DYADIC INTERNATIONAL INC
1214299,4813,TELKOM SA SOC LTD
1214816,6331,AXIS CAPITAL HOLDINGS LTD
1214935,6726,VIRTUS ALLIANZGI CONV FD
1215546,1400,OREZONE RESOURCES INC
1215664,6726,BLACKROCK CR ALLOC INC TR II
1215913,6726,HANCOCK JOHN PFD INCM FD III
1216199,3669,PEPPERBALL TECHNOLOGIES INC
1216559,2400,MASISA S.A.
1216583,6726,NUVEEN PFD INCM OPPTYS FD
1216596,3585,NORTEK INC
1217234,2835,CAREDX INC
1217688,3841,FOXHOLLOW TECHNOLOGIES INC
1218320,6552,WOODBRIDGE HOLDINGS CORP
1218683,7370,
1219120,6726,ADVENT CONVERTIBL AND INC FD
1219169,3663,OPTIUM CORP
1219210,3674,IKANOS COMMUNICATIONS INC
1219360,6726,PIMCO HIGH INCOME FUND
1219601,3411,CROWN HOLDINGS INC
1219641,5600,KUHLMAN CO INC
1219702,5171,LINK ENERGY LLC
1220483,6020,EAST PENN FINANCIAL CORP
1220754,4100,MODIVCARE INC
1221029,3241,CEMENTOS PACASMAYO SAA
1221327,6726,NEUBERGER BERMAN RLTY INC FD
1221715,1311,INTEROIL CORP
1222401,6726,BLACKROCK CORP HI YIELD FUND
1222497,4911,MAINE & MARITIMES CORP
1222719,6726,CALAMOS CONV & HIGH INCM FD
1222840,6798,RETAIL PPTYS OF AMERICA INC
1222915,6035,JEFFERSON BANCSHARES INC/TN
1222922,6726,EATON VANCE LTD DUR INCM FD
1223026,6726,PIONEER MUNICIPAL HIGH INCM
1223165,3663,SRX POST HOLDINGS INC
1223389,5731,CONN'S INC
1223786,5171,NUSTAR GP HOLDINGS LLC
1223862,7370,INFOBLOX INC
1224133,7389,MARCHEX INC
1224370,3674,MINDSPEED TECHNOLOGIES INC
1224450,6726,COHEN & STEERS REIT & PF&INM
1224480,5810,MITCHELLS & BUTLER PLC
1224608,6321,CNO FINANCIAL GROUP INC
1225874,6020,VSB BANCORP INC/NY
1226308,6794,DTS INC
1226616,2836,MEDICINOVA INC
1227025,3674,NEOPHOTONICS CORP
1227073,6726,WELLS FARGO MULTI-SEC INCOME
1227122,6726,HELIOS HIGH INCOME FUND INC
1227167,2030,CENTENNIAL SPECLTY FOODS CP
1227476,6726,NUVEEN CREDIT STRATEGIES
1227500,6020,EQUITY BANCSHARES INC
1227636,3845,NEURONETICS INC
1227654,1400,COMPASS MINERALS INTL INC
1227857,6726,VIRTUS ALLIANZGI CONVERTIBLE
1227862,6726,WESTERN ASST EMERG MRKT DEBT
1227930,3674,ENTROPIC COMMUNICATIONS INC
1228028,3272,RINKER GROUP LTD
1228454,6020,BCB BANCORP INC
1228509,6726,WESTERN ASST GLBL HI INCM FD
1228627,2834,REXAHN PHARMACEUTICALS INC
1228862,6798,CATELLUS DEVELOPMENT CORP
1229876,6726,BLACKROCK CR ALLOC INCM TR I
1230245,6211,PIPER SANDLER COS
1230276,7370,PANDORA MEDIA INC
1230355,3841,BAXANO SURGICAL INC
1230869,6799,ASA GOLD AND PRECIOUS METALS
1230992,1040,MAG SILVER CORP
1231160,6726,DWS RREEF REAL ESTATE FD II
1231346,1040,SEABRIDGE GOLD INC
1231457,2836,
1231868,3310,INTERNATIONAL STEEL GRP INC
1232229,3651,SYNTAX-BRILLIAN CORP
1232241,4888,JOURNAL COMMUNICATIONS INC
1232384,4922,TC ENERGY CORP
1232400,2834,VASO ACTIVE PHARMA INC
1232461,6726,FIRST TRUST/FOUR CORNERS SR
1232524,2834,JAZZ PHARMACEUTICALS PLC
1232582,6798,ASHFORD HOSPITALITY TRUST
1232860,6726,BLACKROCK MUNI INTERMED DUR
1232863,6726,BLACKROCK MUNI NY INT DUR FD
1233087,6726,FRANKLIN LTD DUR INCOME TR
1233426,5912,NATIONSHEALTH INC
1233681,6726,BLACKROCK LTD DURATN INC TR
1234006,6798,GLADSTONE COMMERCIAL CORP
1234383,6020,BANK HOLDINGS INC
1235007,2836,ENDOCYTE INC
1235010,2836,MOMENTA PHARMACEUTICALS INC
1235468,5961,LIQUIDITY SERVICES INC
1235511,6726,MANAGED DURATION INVT MUN FD
1235912,3841,
1236038,5961,REDENVELOPE INC
1236275,7370,SILVERSUN TECHNOLOGIES INC
1236309,6798,LUMINENT MORTGAGE CAPITAL
1236736,8051,GENESIS HEALTHCARE CORP
1236964,6036,KNBT BANCORP INC
1236997,7372,COUNTERPATH CORP
1237746,7370,ENDURANCE INTL GRP HLDGS INC
1237831,3841,GLOBUS MEDICAL INC
1237941,3714,HAYES LEMMERZ INTL INC
1238631,5912,CURATIVE HEALTH SERVICES INC
1239188,5051,GENERAL STEEL HOLDINGS INC
1239197,1000,REGALITO COPPER CORP
1239819,3827,LUNA INNOVATIONS INC
1241199,6159,CAPITALSOURCE INC
1243429,3312,ARCELORMITTAL
1243800,6036,RAINIER PACIFIC FINL GRP INC
1244183,6726,PIMCO INCOME STRATEGY FUND
1244937,7370,ENERNOC INC
1245104,2836,GLOBEIMMUNE INC
1245648,6726,FLAHERTY & CRUMRINE TOT RET
1246263,4610,MAGELLAN MIDSTREAM HLDGS LP
1251769,3841,APOLLO ENDOSURGERY INC
1252849,6798,COLUMBIA PROPERTY TRUST INC
1253176,3845,VAPOTHERM INC
1253317,6020,OLD LINE BANCSHARES INC
1253327,6726,EATON VANCE TAX ADVT DIV INC
1253689,2836,GLYCOMIMETICS INC
1253710,1311,CANO PETROLEUM INC
1253955,7373,COMPELLENT TECHNOLOGIES INC
1253986,6798,ARBOR REALTY TRUST INC
1254370,6726,WESTERN ASS INF-LKD INCM FND
1254419,7372,MEDASSETS INC
1254595,6798,FIRST POTOMAC REALTY TRUST
1254634,6726,ING CLARION RE INCOME FUND
1254699,5961,QVC INC
1255474,1311,WHITING PETROLEUM CORP
1255821,6726,NUVEEN DIVERSIFIED DIV INCM
1256536,6798,AMERICAN HOME MTG INVT CORP
1257640,2810,KRONOS WORLDWIDE INC
1257803,7373,TELVENT GIT SA
1258021,1311,JED OIL INC
1258602,6141,NELNET INC
1258623,6726,EATON VANCE SR FLTNG RTE TR
1258655,7370,MARKETWATCH INC
1258943,6726,PIONEER MUN HIGH INC ADV TR
1259045,2040,BIG HEART PET BRANDS
1259429,6797,OXFORD SQUARE CAPITAL CORP
1259515,3829,CONTROL4 CORP
1259550,7370,LOCAL CORP
1259648,9995,RENAISSANCE ACQUISITION CORP
1259708,6726,BLACKROCK FLTG RATE INCM STR
1259942,2834,BELLUS HEALTH INC
1260041,6726,HANCOCK JOHN TAX-ADV DIV INC
1260221,3728,TRANSDIGM GROUP INC
1260563,6726,VIRTUS ALLIANZGI DIVIDEND IN
1260625,3669,CHINA SECURITY & SURV TECH
1260729,6726,GABELLI DIVIDEND & INCOME TR
1260828,5171,CENTRAL ENERGY PARTNERS LP
1260968,6172,MARLIN BUSINESS SERVICES INC
1260990,2836,ONCTERNAL THERAPEUTICS INC
1260996,3790,AMERICAN DEFENSE SYSTEMS INC
1261166,6726,NEUBERGER BERMAN RE SEC FD
1261249,2834,AGILE THERAPEUTICS INC
1261333,7370,DOCUSIGN INC
1261482,1600,DISTRIBUTED ENERGY SYS CORP
1261654,8200,UNIVERSAL TECHNICAL INST
1261686,3825,NPTEST HOLDING CORP
1261734,2834,AEOLUS PHARMACEUTICALS INC
1261888,8200,CHINACAST EDUCATION CORP
1262001,6798,FALCON FINANCIAL INVT TRUST
1262039,7372,FORTINET INC
1262104,2834,MEI PHARMA INC
1262175,2834,TERCICA INC
1262200,8731,DAYSTAR TECHNOLOGIES INC
1262276,6020,COAST FINANCIAL HOLDINGS INC
1262279,6141,FIRST MARBLEHEAD CORP
1262415,6798,HIGHLAND HOSPITALITY CORP
1262823,2821,WESTLAKE CHEMICAL CORP
1262976,2750,CIMPRESS PLC
1263011,1000,EXCELLON RESOURCES INC
1263043,6020,SHINHAN FINANCIAL GROUP LTD
1263074,3743,PORTEC RAIL PRODUCTS INC
1263282,6162,WASHTENAW GROUP INC
1263288,4899,TOM ONLINE INC
1263756,5961,PROVIDE COMMERCE INC
1263762,6020,SELECT BANCORP INC
1263766,6035,SYNERGY FINANCIAL GROUP INC
1263994,6726,REAVES UTILITY INCOME FUND
1264089,1040,YAMANA GOLD INC
1264136,6020,WOORI FINANCIAL GROUP INC
1264242,6331,QUANTA CAPITAL HOLDINGS LTD
1264352,6726,FIRST TRUST/VALUE LINE
1264388,3571,ALPHASMART INC
1264587,2836,STEMLINE THERAPEUTICS INC
1264707,6153,ASSET ACCEPTANCE CAPITL CP
1264755,6036,NEWALLIANCE BANCSHARES INC
1264899,3826,BIOVERIS CORP
1265131,6199,HILLTOP HOLDINGS INC
1265316,6726,BLACKROCK EQUITY DIVIDEND TR
1265419,6726,COHEN & STEERS REIT UTL FD
1265572,5812,KONA GRILL INC
1265708,6726,NUVEEN TAX-ADV TOT RET ST FD
1265725,1400,HANSON PLC
1265888,4899,NEUSTAR INC
1266112,6798,GOVERNMENT PROPERTIES TRUST
1266585,6726,NUVEEN MUN HIGH INC OPP FD
1266719,3621,HARBIN ELECTRIC INC
1266806,3845,SECOND SIGHT MEDICAL PRODS
1267097,3714,TRW AUTOMOTIVE HOLDINGS CORP
1267130,5940,CABELAS INC
1267150,6726,PIONEER MUNI AND EQ INCM TR
1267201,6331,SEABRIGHT HOLDINGS INC
1267238,6351,ASSURANT INC
1267395,6331,ASPEN INSURANCE HOLDINGS LTD
1267565,2834,COLLEGIUM PHARMACEUTICAL INC
1267602,2834,ALIMERA SCIENCES INC
1267813,2836,MARINUS PHARMACEUTICALS INC
1267841,4813,EIRCOM PLC
1267890,6726,GUGGENHEIM ENHANCED EQTY FD
1267902,6726,WESTERN ASS INFL-LINKED OPPT
1267969,6020,FIRST NATL BANKSHRS FL INC
1268039,6798,ORIGEN FINANCIAL INC
1268236,2990,NEW GENERATION BIOFUELS
1268533,6726,TORTOISE ENERGY INFRASTR CP
1268659,2836,PROLOR BIOTECH INC
1268671,7374,TNS INC
1268884,6726,CBRE CLARION GLOBAL RE INCM
1268896,6311,CHINA LIFE INSURANCE (CHN)
1268904,7370,ETRIALS WORLDWIDE INC
1268984,2090,REDDY ICE HOLDINGS INC
1269021,2836,PORTOLA PHARMACEUTICALS INC
1269026,3842,SINTX TECHNOLOGIES INC
1269132,7372,SUMTOTAL SYSTEMS INC
1269143,6726,BLACKROCK FLT RTE INC STR II
1269238,4700,TRIP COM GROUP LTD
1269871,2844,PHYSICIANS FORMULA HOLDINGS
1270073,2836,INTERCEPT PHARMA INC
1270131,6726,LMP CAPITAL & INCOME FND INC
1270400,4841,VIRGIN MEDIA INC
1270436,6211,COHEN & COMPANY INC
1270484,3578,LIPMAN ELECTRONIC ENGR LTD
1270523,6726,EATON VANCE TX ADV GLBL DIV
1270532,7370,MNC MEDIA INVESTMENT LTD
1271024,7370,LINKEDIN CORP
1271057,2834,CHINA-BIOTICS INC
1271129,1400,FRONTEER GOLD INC
1271193,3350,SUPERIOR ESSEX INC
1271214,3842,INTERSECT ENT INC
1271554,1000,ENTREE RESOURCES LTD
1271625,6099,DFC GLOBAL CORP
1271831,6798,FIELDSTONE INVESTMENT CORP
1271940,7370,CHINA FIRE & SECURTY GRP INC
1272547,3674,FREESCALE SEMICONDUCTOR INC
1272550,8742,ROOT9B TECHNOLOGIES INC
1272597,8093,FOUNDATION HEALTHCARE INC
1272830,7370,VONAGE HOLDINGS CORP
1272842,3663,AIRGAIN INC
1272957,6331,BRISTOL WEST HOLDINGS INC
1273013,2836,PHARMACOPEIA INC
1273397,6331,PROCENTURY CORP
1273441,1311,GRAN TIERRA ENERGY INC
1273636,2836,APPLIED GENETIC TECHNOLOGIES
1273685,6798,NEW YORK MORTGAGE TRUST INC
1273801,6798,NORTHSTAR REALTY FINANCE CP
1273813,6351,ASSURED GUARANTY LTD
1273931,6099,MONEYGRAM INTERNATIONAL INC
1274057,2834,HOSPIRA INC
1274150,4911,COMMERCE ENERGY GROUP INC
1274173,6282,JANUS HENDERSON GROUP PLC
1274494,3674,FIRST SOLAR INC
1274563,3826,HELICOS BIOSCIENCES CORP
1274644,2836,OCERA THERAPEUTICS INC
1274737,2835,EXAGEN INC
1274792,2836,MERRIMACK PHARMACEUTICALS
1274913,2836,INHIBITEX INC
1275011,2836,VIREXX MEDICAL CORP
1275014,3674,ULTRA CLEAN HOLDINGS INC
1275101,6020,BANK OF THE JAMES FINANCIAL
1275158,5812,NOODLES & CO
1275166,1040,SILVERCREST MINES INC
1275168,6020,
1275187,3841,ANGIODYNAMICS INC
1275214,6726,CALAMOS STRAT TOTAL RETRN FD
1275229,1000,GENERAL MOLY INC
1275283,2111,REYNOLDS AMERICAN INC
1275477,6798,BIMINI CAPITAL MANAGEMENT
1275617,6726,COHEN & STEERS INFRASTR FD
1275712,3081,GSE HOLDING INC
1275791,7370,MEDIAMIND TECHNOLOGIES INC
1275816,3661,POWERDSINE LTD
1275873,6020,SOUTHWEST CMNTY BANCORP
1275902,6726,HELIOS STRATEGIC INCM FD INC
1276187,4922,ENERGY TRANSFER LP
1276189,1040,GOLDEN GOOSE RESOURCE
1276469,6726,MACQUARIE/FIRST TRUST GLOBAL
1276520,6311,GENWORTH FINANCIAL INC
1276533,6726,NUVEEN FLOATNG RATE INCME FD
1276591,3845,HANSEN MEDICAL INC
1276671,6020,ITAU CORPBANCA
1276827,1623,INFRASOURCE SERVICES
1276893,6726,NEUBERGER BERMAN DIV ADV FD
1277092,2011,ZHONGPIN INC
1277141,7370,BORDERFREE INC
1277250,4813,
1277350,6726,BLACKROCK STRATEGIC EQTY DIV
1277475,5940,GANDER MOUNTAIN CO
1277866,1044,ENDEAVOUR SILVER CORP
1277902,6020,MVB FINANCIAL CORP
1278021,6200,MARKETAXESS HOLDINGS INC
1278027,2000,B&G FOODS INC
1278038,6726,RMR HOSPITALITY REAL ESTATE
1278211,6726,LAZARD GLOBAL TOTAL RET INCM
1278308,7370,SHANDA INTERACTIVE-ADR
1278382,6798,GLOBAL SIGNAL INC
1278384,6513,NTS REALTY HOLDINGS LP
1278460,6726,ADVENT/CLAYMORE ENCD GRWTH
1278739,4813,TELEGLOBE INTL HOLDINGS LTD
1278752,6797,APOLLO INVESTMENT CORP
1278895,6726,BLACKROCK ENHANCED CAP & INC
1279014,6726,WELLS FARGO UTIL & HI INCOME
1279228,4922,ATLAS ENERGY INC
1279363,6324,WELLCARE HEALTH PLANS INC
1279410,6022,PLACER SIERRA BANCSHARES
1279493,6798,SAXON CAPITAL INC
1279495,1311,BAYTEX ENERGY CORP
1279529,5190,UAP HOLDING CORP
1279704,2836,CELLECTAR BIOSCIENCES INC
1279831,3663,GIGABEAM CORP
1279944,1040,LAKE SHORE GOLD CORP
1280058,7370,BLACKBAUD INC
1280191,7350,NES RENTALS HOLDINGS INC
1280226,6726,TS&W CLAYMORE TAX ADVNTG BL
1280263,3674,AMBARELLA INC
1280452,3674,MONOLITHIC POWER SYSTEMS INC
1280600,2836,ACCELERON PHARMA INC
1280776,2836,IMMUNIC INC
1280784,6797,HERCULES CAPITAL INC
1280936,6726,BLACKROCK DIVIDEND INCOME TR
1281696,2834,BMP SUNSTONE CORP
1281761,6020,REGIONS FINANCIAL CORP
1281774,7997,TOWN SPORTS INTL HOLDINGS
1281895,2836,ROCKET PHARMACEUTICALS INC
1281922,1311,TRIANGLE PETROLEUM CORP
1281926,6726,EATON VANCE TAX AD GLB DV OP
1281949,5010,ADESA INC
1282224,8700,DOLPHIN ENTERTAINMENT INC
1282266,4813,WINDSTREAM HOLDINGS INC
1282393,2834,BIOFORM MEDICAL INC
1282398,4953,WCA WASTE CORP
1282543,6331,AFFIRMATIVE INS HOLDINGS INC
1282552,6798,AAMES INVESTMENT CORP
1282582,6020,FIRST STATE FINANCIAL CP/FL
1282613,1311,AMERICAN EAGLE ENERGY CORP
1282631,3674,NETLIST INC
1282637,2860,NEWMARKET CORP
1282648,1311,BATTALION OIL CORP
1282850,6726,FIRST TRUST SR FLOAT RATE II
1282858,7200,COINMACH SERVICE CORP
1282957,6726,GABELLI GLOBAL UTIL &INCM TR
1282977,6282,GREENHILL & CO INC
1283073,7370,ANSWERS CORP
1283140,4610,HOLLY ENERGY PARTNERS LP
1283552,7200,JACKSON HEWITT TAX SERVICE
1283582,6035,FIRST CLOVER LEAF FINANCIAL
1283630,6798,AMERICAN CAMPUS COMMUNITIES
1283683,6798,HOMEBANC CORP
1283699,4812,T-MOBILE US INC
1283709,6500,THOMAS PROPERTIES GROUP
1283721,6726,WESTERN ASST INFLATN MGMT FD
1283843,1311,EMERALD OIL INC
1284151,6798,MORTGAGEIT HOLDINGS INC
1284506,6020,INTERMOUNTAIN CMNTY BANCORP
1284519,2834,LABOPHARM INC
1284529,2741,DEX MEDIA INC-OLD
1284807,2430,PLY GEM HOLDINGS INC
1284812,6282,COHEN & STEERS INC
1284823,3572,XYRATEX LTD
1284940,6726,FIRST TRUST ENERGY INCM & GR
1285043,2860,AVENTINE RENEWABLE ENERGY
1285137,7372,KONGZHONG CORP -ADR
1285224,6020,WILSHIRE BANCORP INC
1285233,2836,HEMOSOL CORP
1285550,3845,CLEARPOINT NEURO INC
1285650,6726,CALAMOS GLOBAL TOTAL RETURN
1285701,7370,MMRGLOBAL INC
1285735,7372,NINETOWNS INTERNET TECH -ADR
1285785,2870,MOSAIC CO
1285786,1040,EMX ROYALTY CORP
1285819,2836,OMEROS CORP
1285890,6726,VOYA GLB EQ DIV AND PREM OPP
1286043,6798,KITE REALTY GROUP TRUST
1286139,8111,
1286225,7370,REALPAGE INC
1286455,9995,MACLOS CAPITAL INC
1286597,1040,BANRO CORP
1286613,8200,LINCOLN EDUCATIONAL SERVICES
1286681,5812,DOMINO'S PIZZA INC
1286686,6141,COLLEGIATE FUNDING SERVICES
1286862,8200,EDUCATE INC
1286973,1000,AMERICAS GOLD & SILVER CORP
1287032,6797,PROSPECT CAPITAL CORP
1287098,8731,
1287151,3550,XERIUM TECHNOLOGIES INC
1287197,7385,CORADIAN CORP
1287213,3531,DOUGLAS DYNAMICS INC
1287258,7370,PLANETOUT INC
1287286,6798,NEW CENTURY FINANCIAL CORP
1287480,6726,BLACKROCK FLTING RATE INC TR
1287498,6726,EATON VANCE SHORT DRTN DIV
1287503,5961,ECOST.COM INC
1287668,7372,CHINA CGAME INC
1287750,6797,ARES CAPITAL CORP
1287808,8741,HILL INTERNATIONAL INC
1287865,6798,MEDICAL PROPERTIES TRUST
1287950,3674,SPREADTRUM COMMUNICATNS -ADR
1288359,4813,OTELCO INC
1288379,2834,NEW RIVER PHARMA INC
1288403,1311,W&T OFFSHORE INC
1288469,3674,MAXLINEAR INC
1288652,1311,ROCK ENERGY INC
1288741,5812,MCCORMICK & SCHMICKS SEAFOOD
1288750,1040,TIMBERLINE RESOURCES CORP
1288784,6020,SIGNATURE BANK/NY
1288795,6726,CLOUGH GBL DIV & INCOME FD
1288847,7370,FIVE9 INC
1288855,6020,OPTIMUMBANK HOLDINGS INC
1288946,1311,SOUTH TEXAS OIL CO
1288992,6726,EATON VANCE FLT RATE INCM TR
1289001,7389,PEOPLESUPPORT INC
1289169,6798,EAGLE HOSPITALITY PROP TR
1289213,6726,NUVEEN FLOATING RATE INCM OP
1289236,6798,BIOMED REALTY TRUST INC
1289308,3690,ENERSYS
1289340,3845,STEREOTAXIS INC
1289419,6200,MORNINGSTAR INC
1289434,7373,COGENT INC
1289460,5812,TEXAS ROADHOUSE INC
1289490,6798,EXTRA SPACE STORAGE INC
1289505,6141,QC HOLDINGS INC
1289550,3640,XENONICS HOLDINGS INC
1289592,6331,TOWER GROUP INTL LTD
1289636,3533,PROFIRE ENERGY INC
1289701,6020,MERCANTILE BANCORP INC/IL
1289814,3674,BCD SEMICONDUCTOR MFG  -ADR
1289848,8742,HURON CONSULTING GROUP INC
1289850,3841,NEUROMETRIX INC
1289863,8200,SMARTPROS LTD
1289868,6726,MADISON CVD CALL & EQ STRTGY
1289871,3577,MPC CORP
1289877,4412,SFL CORP LTD
1289945,4812,SPOK HOLDINGS INC
1290096,3825,EAGLE TEST SYSTEMS INC
1290109,3679,LG DISPLAY CO LTD
1290149,2836,SIERRA ONCOLOGY
1290476,6020,VILLAGE BANK AND TRUST FINL
1290677,2100,TURNING POINT BRANDS INC
1290900,3714,COMMERCIAL VEHICLE GROUP INC
1290903,4700,ELONG INC
1291334,6726,FIRST TR ENHANCED EQUITY
1291361,3845,SYNERON MEDICAL LTD
1291855,3663,SUPERCOM LTD
1292026,9995,ODIMO INC
1292055,3842,SYMMETRY MEDICAL INC
1292215,2015,GOLD KIST INC/DE
1292426,6211,GFI GROUP INC
1292470,8090,NIGHTHAWK RADIOLOGY HLDGS
1292519,3841,INVIVO THERAPEUTICS HLDGS CO
1292556,3990,POLYPORE INTERNATIONAL INC
1292653,4899,INTELIQUENT INC
1292731,5812,BUFFETS HOLDINGS INC
1292900,5070,INTERLINE BRANDS INC
1293135,1311,VERMILION ENERGY INC
1293153,6552,DESARROLLADORA HOMEX SA
1293200,6798,GMH COMMUNITIES TRUST
1293243,8731,PRA INTERNATIONAL
1293257,4812,HUTCHISON TELECOMMUNICATION
1293310,2836,HUMANIGEN INC
1293314,6020,SNB BANCSHARES INC/TX
1293593,2020,SYNUTRA INTERNATIONAL INC
1293613,6726,KAYNE ANDERSON MLP/MD INV CO
1293818,6200,OPGEN INC
1293971,2836,BLUEBIRD BIO INC
1294016,3576,RUCKUS WIRELESS INC
1294017,6798,JER INVESTORS TRUST INC
1294133,3845,INOGEN INC
1294178,6726,COHEN&STEERS WRLDWD RLTY INC
1294250,4400,RAND LOGISTICS INC
1294404,7370,FANG HOLDINGS LTD
1294435,7370,KU6 MEDIA CO LTD  -ADR
1294538,7011,GREAT WOLF RESORTS INC
1294662,1000,KIMBER RESOURCES INC
1294924,3674,INVENSENSE INC
1295172,6411,RISKMETRICS GROUP INC
1295230,6200,INTL SECURITIES EXCHNG HLDGS
1295334,6020,VALLEY BANCORP
1295401,6020,BANCORP INC
1295484,7361,51JOB INC  -ADR
1295557,2844,BARE ESCENTUALS INC
1295721,9995,ACE AVIATION HOLDINGS INC
1295810,6798,SUNSTONE HOTEL INVESTORS INC
1295947,2834,PRESTIGE CONSUMER HEALTHCARE
1295976,2621,CELLU TISSUE HOLDINGS INC
1296115,6726,DWS ENH COMMODITY STRATGY FD
1296205,3231,ZAGG INC
1296250,6726,PIMCO INCOME STRATEGY FD II
1296391,2836,TENGION INC
1296435,2621,NEENAH INC
1296445,4911,ORMAT TECHNOLOGIES INC
1296484,4412,TOP SHIPS INC
1296774,7370,THE9 LTD -ADR
1297024,3663,ORSUS XELENT TECHNOLOGIES
1297067,4922,COPANO ENERGY LLC
1297107,6020,
1297184,2834,AMPHASTAR PHARMACEUTICLS INC
1297336,7370,REACHLOCAL INC
1297341,6035,KENTUCKY FIRST FEDERAL BNCRP
1297401,7812,DREAMWORKS ANIMATION SKG INC
1297568,6331,SPECIALTY UNDERWRITERS
1297587,6798,GRAMERCY PROPERTY TRUST
1297627,3674,SAIFUN SEMICONDUCTORS LTD
1297633,7372,PORTALPLAYER INC
1297704,6797,OHA INVESTMENT CORP
1297720,1220,JAMES RIVER COAL CO
1297830,6200,CHINA FINANCE ONLINE CO LTD
1297846,6200,FCSTONE GROUP INC
1297968,3679,CAMBRIDGE DISPLAY TECH
1297989,7374,EXLSERVICE HOLDINGS INC
1297996,6798,DIGITAL REALTY TRUST INC
1298341,2890,NALCO HOLDING CO
1298521,2836,TRUBION PHARMACEUTICALS INC
1298663,7363,CLEARPOINT BUSINESS RESOURCS
1298675,6798,CUBESMART
1298699,6726,NUVEEN S&P 500 BUY-WRITE INC
1298946,6798,DIAMONDROCK HOSPITALITY CO
1298978,7370,MARKET LEADER INC
1299033,6282,CALAMOS ASSET MANAGEMENT INC
1299130,3826,PACIFIC BIOSCIENCES OF CALIF
1299139,3845,TEARLAB CORP
1299210,6311,KMG AMERICA CORP
1299393,6726,WESTERN ASST VAR RT STRAT FD
1299506,6726,S&P 500 GEARED FUND INC
1299509,7377,TECHVEND INC
1299688,6211,OPTIONSXPRESS HOLDINGS INC
1299704,6141,ADVANCE AMER CASH ADVANCE CT
1299709,6035,AXOS FINANCIAL INC
1299716,4400,US SHIPPING PARTNERS LP
1299901,6798,TRADE STREET RESIDENTIAL INC
1299939,6020,BANCORPSOUTH BANK
1299966,1311,BLACK RAVEN ENERGY INC
1299969,6500,COMSTOCK HOLDING COS INC
1299993,6726,RMR FIRE FUND
1300050,1044,GREAT PANTHER MINING LTD
1300128,3845,BIOTEL INC
1300317,6798,ECC CAPITAL CORP
1300391,6726,EATON VANCE ENHNCD EQ INC FD
1300482,4911,CPFL ENERGIA SA
1300514,7990,LAS VEGAS SANDS CORP
1300578,3670,INNOVATIVE CARD TECHNOLOGIES
1300699,2836,ATHENEX INC
1300734,2835,SHINECO INC
1301031,7370,DEMANDWARE INC
1301063,1220,ALPHA NATURAL RESOURCES INC
1301081,2836,PHARMASSET INC
1301106,6331,NATIONAL INTERSTATE CORP
1301138,6726,DEFINED STRATEGY FUND INC
1301206,3620,ECOTALITY INC
1301236,6798,SOTHERLY HOTELS INC
1301357,2834,PHARMAXIS LTD
1301501,2836,ACHAOGEN INC
1301611,8062,LIFEPOINT HEALTH INC
1301787,5031,BLUELINX HOLDINGS INC
1302028,3537,MANITEX INTERNATIONAL INC
1302176,6036,BENJAMIN FRANKLIN BANCORP
1302177,3990,POKERTEK INC
1302215,6282,HOULIHAN LOKEY INC
1302246,6726,HELIOS ADVANTAGE INCM FD INC
1302343,6798,EDUCATION REALTY TRUST INC
1302350,6211,JMP GROUP LLC
1302362,3312,MECHEL PAO
1302387,6020,
1302573,2836,ONCOMED PHARMACEUTICALS
1302624,6726,FIRST TR ABERDEEN GLBL OPP F
1302676,3663,LIFELINE SYSTEMS INC
1302707,4400,HORIZON LINES INC
1302868,6726,COHEN & STEERS DIV MAJORS FD
1303313,8082,LHC GROUP INC
1303330,6552,CHINA HOUSING & LAND DEV INC
1303523,2111,BRITISH AMER TOBACCO PLC
1303565,3317,TARPON INDUSTRIES INC
1303649,6726,BLACKROCK DIVRSIFD INC STRAT
1303652,7372,TABLEAU SOFTWARE INC
1303936,1000,CARDERO RESOURCE CORP
1303942,6020,BANKFINANCIAL CORP
1304069,1311,BOIS D ARC ENERGY INC
1304280,3350,NOVELIS INC
1304366,6020,COMMUNITY BANCORP/NV
1304421,4813,CONSOLIDATED COMM HLDGS INC
1304464,4922,CRESTWOOD MIDSTREAM PTNRS LP
1304492,4899,ANTERIX INC
1304623,6351,MANIFOLD CAPITAL CORP
1304740,6020,BRIDGE CAPITAL HOLDINGS
1304901,7381,TRI-S SECURITY CORP
1304994,6020,TD BANKNORTH INC
1305168,7389,ARC DOCUMENT SOLUTIONS INC
1305197,6726,FIDUCIARY/CLAYMR EGY INFR FD
1305253,2836,EIGER BIOPHARMACEUTICALS INC
1305294,7372,QLIK TECHNOLOGIES INC
1305323,8200,ZOVIO INC
1305409,2834,VALERA PHARMACEUTICALS INC
1305507,4400,ARLINGTON TANKERS LTD
1305591,2834,HELIX BIOPHARMA CORP
1305755,4813,CHINA NETCOM GROUP CORP
1305767,6726,PIONEER FLOATING RATE TR
1305773,3842,CONFORMIS INC
1306124,3825,
1306527,1311,HILAND PARTNERS LP
1306550,6726,BLACKROCK ENERGY AND RES TR
1306830,2860,CELANESE CORP
1306900,1040,EXETER RESOURCE CORP
1306965,2911,ROYAL DUTCH SHELL PLC
1307111,1000,PERU COPPER INC
1307155,6726,S&P 500 COVERED CALL FUND
1307579,3590,LIQTECH INTERNATIONAL INC
1307748,6798,INVENTRUST PROPERTIES CORP
1307752,7372,VIRTUALSCOPICS INC
1307954,2860,HUNTSMAN CORP
1308106,4412,TEEKAY LNG PARTNERS LP
1308161,4888,TWENTY-FIRST CENTURY FOX INC
1308208,4210,UNIVERSAL LOGISTICS HLDGS
1308335,6726,EATON VANCE ENHNCD EQ INC II
1308438,6726,RMR PREFERRED DIVIDEND FUND
1308547,6794,DOLBY LABORATORIES INC
1308606,6798,SPIRIT REALTY CAPITAL INC
1308648,1040,FIRST MAJESTIC SILVER CORP
1308658,6726,NUVEEN EQUITY PREMIUM OPP FD
1308858,4412,DRYSHIPS INC
1308927,6726,EATON VANCE TX-MGD BUY-WRITE
1309082,3621,CAMBER ENERGY INC
1309108,7389,WEX INC
1309402,2860,GREEN PLAINS INC
1309710,7370,ZVUE CORP
1309799,1311,HARVEST ENERGY TRUST
1310067,5311,SEARS HOLDINGS CORP
1310094,2836,ACCENTIA BIOPHARMACEUTICALS
1310114,7370,SERVICESOURCE INTL INC
1310313,6035,BROOKLYN FEDERAL BANCORP
1310445,6726,VIRTUS TOTAL RETURN FUND INC
1310663,3728,K&F INDUSTRIES HOLDINGS INC
1310709,6726,GUGGENHEIM ENHANCED EQY INCM
1310897,4899,PANAMSAT HOLDING CORP
1311230,2990,TERRAVIA HOLDINGS INC
1311241,3674,INTERMOLECULAR INC
1311369,4700,CHINA INFRASTRUCTURE INVST
1311370,6282,LAZARD LTD
1311396,3674,AVIZA TECHNOLOGY INC
1311482,6020,FLORIDA BANKS INC
1311486,1382,GLOBAL GEOPHYSICAL SVCS INC
1311538,2085,CASTLE BRANDS INC
1311596,2836,TOBIRA THERAPEUTICS INC
1311605,1040,KLONDEX MINES LTD
1311735,3825,ASTRO-MED INC  -OLD
1311877,6726,FIDUCIARY/CLAYMORE DYNMC EQ
1311926,7372,SOFTBRANDS INC
1311967,1040,CENTRAL SUN MINING INC
1312073,3578,VERIFONE SYSTEMS INC
1312109,6020,SILVERGATE CAPITAL CORP
1312206,4991,MMC ENERGY INC
1312547,2870,NEW ORIENTAL ENERGY & CHEM
1312928,7370,KAYAK SOFTWARE CORP
1313024,1311,VENOCO INC
1313259,6726,NUVEEN TAX-ADVANTGD FLTG RT
1313275,7370,BRIGHTCOVE INC
1313310,7372,GRAVITY CO LTD -ADR
1313510,6726,GAMCO GLOBAL GOLD NTRL RES
1313730,6020,ATLANTIC SOUTHERN FINL GRP
1313911,7372,RALLY SOFTWARE DEV CORP
1314026,2834,ASPREVA PHARMACEUTICALS CORP
1314052,2836,ANAVEX LIFE SCIENCES CORP
1314077,1311,BPI ENERGY HOLDINGS INC
1314102,2836,EYEPOINT PHARMACEUTICALS INC
1314104,6726,TORTOISE NORTH AMERN ENERGY
1314223,7370,AMBER ROAD INC
1314475,7370,SPARK NETWORKS INC
1314592,5400,TEAVANA HOLDINGS INC
1314655,3585,GOODMAN GLOBAL INC
1314727,3651,SONOS INC
1314755,2836,GENTIUM SPA  -ADR
1314772,3990,SUMMER INFANT INC
1314822,4899,NEW SKIES SATELLITES HLDGS
1314966,6726,BLACKROCK HEALTH SCIENCES TR
1315054,4899,WORLDSPACE INC
1315098,7370,
1315255,4899,GTT COMMUNICATIONS INC
1315257,2860,KOPPERS HOLDINGS INC
1315320,7370,INFOLOGIX INC
1315399,6020,PARKE BANCORP INC
1315657,6099,XOOM CORP
1315695,2800,ROCKWOOD HOLDINGS INC
1316016,3674,AQUANTIA CORP
1316175,2836,ANTHERA PHARMACEUTCLS INC
1316463,6726,CLOUGH GLOBAL EQUITY FUND
1316517,3790,KANDI TECHNOLOGIES GROUP
1316625,3571,SILICON GRAPHICS INTL CORP
1316644,3990,AEROGROW INTERNATIONAL INC
1316645,8011,AMERICAN CARESOURCE HLDGS
1316656,3510,DRESSER-RAND GROUP INC
1316710,6798,COLUMBIA EQUITY TRUST
1316835,2452,BUILDERS FIRSTSOURCE
1316898,5812,JAMBA INC
1316925,3845,IVIVI TECHNOLOGIES INC
1317080,6726,MADISON STRAT SECTOR PREM FD
1317362,3851,SHAMIR OPTICAL INDUSTRY LTD
1317405,3270,RMX HOLDINGS INC
1317577,1731,PIKE CORP
1317630,4911,ITC HOLDINGS CORP
1317685,3580,
1317872,3844,TOMOTHERAPY INC
1317945,3490,OMEGA FLEX INC
1318008,5651,ZUMIEZ INC
1318025,6726,PIMCO GLBL STOCKSPLUS & INCM
1318060,7370,AMERICAN MANAGEMENT SYSTEMS
1318084,5190,CORE MARK HOLDING CO INC
1318220,4953,WASTE CONNECTIONS INC
1318310,3841,EV3 INC
1318484,5651,CITI TRENDS INC
1318545,6141,WHITE RIVER CAPITAL INC
1318568,7990,EVERI HOLDINGS INC
1318605,3711,TESLA INC
1318641,2834,
1318885,4412,DIANA SHIPPING INC
1318906,6726,BLACKROCK ENHNCD EQTY YLD FD
1319009,1040,MIDWAY GOLD CORP
1319048,3312,CHAPARRAL STEEL CO
1319150,1000,PACIFIC BOOKER MINERALS INC
1319161,3652,WARNER MUSIC GROUP CORP
1319183,6726,FIRST TRUST MORTGAGE INCM FD
1319197,2836,COLEY PHARMACEUTICAL GROUP
1319229,4610,TRANSMONTAIGNE PARTNERS LP
1319327,6020,ENCORE BANCSHARES INC
1319332,6726,ALLIANZGI INTL & PREM STRAT
1319439,2834,ADAMS RESPIRATORY THERAPTCS
1319869,6726,TORTOISE ENERGY CAPITAL CORP
1319947,5661,DESIGNER BRANDS INC
1320092,6331,REPUBLIC COMPANIES GROUP
1320350,3845,LENSAR INC
1320375,6726,BLACKROCK ENHANCED GL DVD TR
1320414,8060,SELECT MEDICAL HOLDINGS CORP
1320461,3714,COOPER-STANDARD HOLDINGS INC
1320492,6726,NUVEEN EQUITY PREMIUM ADV FD
1320695,2050,TREEHOUSE FOODS INC
1320760,7370,TSS INC
1320854,3743,FREIGHTCAR AMERICA INC
1320934,1221,INTERNATIONAL COAL GROUP INC
1320947,2090,DIAMOND FOODS INC
1321268,6331,EASTERN INSURANCE HLDGS INC
1321544,2711,AMERICAN COMMUNITY NEWSPAPER
1321560,6799,PATRIOT CAPITAL FUNDING INC
1321646,2821,KRATON CORP
1321655,7370,PALANTIR TECHNOLOG INC
1321732,3841,PENUMBRA INC
1321741,6797,GLADSTONE INVESTMENT CORP/DE
1321746,6211,REFCO INC
1321834,2834,
1321847,1040,GOLD STANDARD VENTURES CORP
1321851,100,ORIGIN AGRITECH LTD
1322232,5961,COASTAL CONTACTS INC
1322422,1000,HUDBAY MINERALS INC
1322435,6726,EATON VANCE TX-MGD GLBL B-W
1322436,6726,EATON VANCE TX MNGD OPPTY FD
1322439,4412,EAGLE BULK SHIPPING INC
1322505,2836,ALBIREO PHARMA INC
1322554,7370,XACTLY CORP
1322587,4412,NEWLEAD HOLDINGS LTD
1322652,6726,KAYNE ANDERSON ENGY TTL RTN
1322705,3674,SPANSION INC
1322734,2834,ADVANCED LIFE SCIENCE HLDGS
1322866,1311,KODIAK OIL & GAS CORP
1322979,6726,SMALL CAP PREM & DIV INCM FD
1323033,6020,TENNESSEE COMMERCE BANCORP
1323115,3845,CARDIAC SCIENCE CORP
1323206,6726,LAZARD WORLD DIV & INC FUND
1323404,1040,WHEATON PRECIOUS METALS CORP
1323468,5171,GLOBAL PARTNERS LP
1323520,6726,FIRST TRUST STRATEGIC HIGH
1323531,2340,MAIDENFORM BRANDS INC
1323595,7000,CHANNEL AMERICA BROADCASTING
1323630,3651,DEI HOLDINGS INC
1323648,6020,COMMUNITY BANKERS TRUST CORP
1323653,3357,COLEMAN CABLE INC
1323715,1389,SUPERIOR WELL SERVICES INC
1323717,2835,BIOCIRCUITS CORP
1323785,6726,BLACKROCK ENHCD EQ YLD & PRM
1323838,3841,DXI CAPITAL CORP
1323854,2834,WARNER CHILCOTT PLC
1323885,3841,ATRICURE INC
1323974,5047,MWI VETERINARY SUPPLY
1324105,5961,BIDZ.COM INC
1324189,2670,ORCHIDS PAPER PRODUCTS
1324205,3845,ALSIUS CORP
1324245,7372,SOLERA HOLDINGS INC
1324272,5812,RUTHS HOSPITALITY GROUP INC
1324404,2870,CF INDUSTRIES HOLDINGS INC
1324410,6020,GUARANTY BANCORP
1324424,4700,EXPEDIA GROUP INC
1324479,4400,AMERICAN COMMERCIAL LINES
1324503,7370,IGATE COMPUTER SYSTEMS LTD
1324570,2300,VOLCOM INC
1324592,4922,ENTERPRISE GP HOLDINGS LP
1324754,6141,NATIONAL AUTO RECEIVABLES
1324759,4731,HONG YUAN HOLDING GROUP
1324772,7370,APIGEE CORP
1324915,4412,OMEGA NAVIGATION ENT INC
1324948,3562,RBC BEARINGS INC
1325098,4412,QUINTANA MARITIME LTD
1325118,5961,PARENT CO
1325159,4412,FREESEAS INC
1325228,6163,CLAYTON HOLDINGS INC
1325281,2631,KAPSTONE PAPER & PACKAGING
1325460,7373,ATS CORP
1325618,3841,IRADIMED CORP
1325670,6020,PRIMIS FINANCIAL CORP
1325702,3674,MAGNACHIP SEMICONDUCTOR CORP
1325879,2836,AVEO PHARMACEUTICALS INC
1325955,2911,ALON USA ENERGY INC
1325964,2821,LIGHTWAVE LOGIC INC
1326003,6797,BLACKROCK CAPITAL INVT CORP
1326059,3826,CHINA MEDICAL TECHNOLGS -ADR
1326089,1311,SUNDANCE ENERGY AUSTRALIA
1326110,2836,
1326123,1220,ENERGY METALS CORP
1326160,4931,DUKE ENERGY CORP
1326190,2836,ALTIMMUNE INC
1326200,4412,GENCO SHIPPING & TRADING
1326205,2834,INDIA GLOBALIZATION CAPITAL
1326380,5734,GAMESTOP CORP
1326390,6726,MACQUARIE GLBL INFRA TTL RTN
1326396,2860,KEYUAN PETROCHEMICALS INC
1326428,1311,ROAN RESOURCES INC
1326583,7370,WEBMD HEALTH CORP
1326652,7372,INDIEPUB ENTERTAINMENT INC
1326706,3845,NANOVIBRONIX INC
1326710,9995,SHANGHAI CENTURY ACQSTN CORP
1326732,2836,XENCOR INC
1326801,7370,FACEBOOK INC
1326973,3674,SMART MODULAR TECHNOLOGIES
1327012,9995,EQUITY MEDIA HOLDINGS CORP
1327098,5940,GOLF GALAXY INC
1327129,6726,SUNAMERICA FOCUSD ALPHA GWTH
1327273,3841,LYRA THERAPEUTICS INC
1327318,7370,TRUECAR INC
1327364,3490,SHENGKAI INNOVATIONS INC
1327467,2836,CELATOR PHARMACEUTICALS INC
1327471,3861,REALD INC
1327567,7370,PALO ALTO NETWORKS INC
1327603,6799,VESTIN REALTY MORTGAGE II
1327607,6020,FIRST WSTRN FINNCIL INC
1327688,4813,OOMA INC
1327811,7370,WORKDAY INC
1328015,7372,IMPRIVATA INC
1328143,2834,ADAMAS PHARMACEUTICALS INC
1328208,6531,GOLDEN GATE PARTNERS INC
1328300,6799,VESTIN REALTY MORTGAGE I INC
1328511,2834,WOODBROOK GRP HLD
1328571,4812,NTELOS HOLDINGS CORP
1328581,5031,BOISE CASCADE CO
1328650,1381,BRONCO DRILLING CO
1328792,3490,TECHPRECISION CORP
1328798,8711,AMEC FOSTER WHEELER PLC
1328919,4412,STEALTHGAS INC
1329099,7370,BAIDU INC
1329361,9995,ALPHA SECURITY GROUP CORP
1329365,7372,EFUTURE HOLDING INC
1329388,6726,FIRST TR STRATEGIC HIGH II
1329394,3674,SILICON MOTION TECH -ADR
1329606,5900,CLEAN ENERGY TECHNOLOGIES
1329799,6020,SQUARE 1 FINANCIAL INC
1329919,7372,VOCUS INC
1330017,7310,FOCUS MEDIA HOLDING LTD
1330039,6035,AMERICAN BANCORP NJ INC
1330421,7370,BAZAARVOICE INC
1330446,9995,COLD SPRING CAPITAL INC
1330849,1381,HERCULES OFFSHORE INC
1330969,6798,CV HOLDINGS INC
1331284,4412,DHT HOLDINGS INC
1331301,2090,BOULDER BRANDS INC
1331427,200,AGFEED INDUSTRIES INC
1331520,6020,HOME BANCSHARES INC
1331588,3674,PIXELPLUS CO LTD
1331745,7359,TAL INTERNATIONAL GROUP INC
1331875,6361,FIDELITY NATL FINL FNF GROUP
1331931,700,PET DRX CORP
1331945,9995,HARBOR ACQUISITION CORP
1331948,6726,ENHANCED S&P500 COVERED CALL
1332199,6036,LEGACY BANCORP INC
1332283,6726,BLACKROCK ENHNCD EQTY DIV TR
1332341,2860,US BIOENERGY CORP
1332349,8050,BROOKDALE SENIOR LIVING INC
1332551,6798,ACRES COMMERCIAL REALTY CORP
1332602,5812,CARIBOU COFFEE CO
1332626,6020,STATE NATIONAL BANCSHARS INC
1332896,6798,COGDELL SPENCER INC
1332943,6726,VOYA GLOBAL ADV AND PREM OPP
1333141,8090,FRESENIUS MEDICAL CARE AG&CO
1333170,3845,NXSTAGE MEDICAL INC
1333172,4412,NAVIOS MARITIME HOLDINGS INC
1333248,2836,CADENCE PHARMACEUTICALS INC
1333274,2611,MERCER INTL INC
1333291,2711,TRIPLE CROWN MEDIA INC
1333493,6411,EHEALTH INC
1333513,7370,DEALERTRACK TECHNOLOGIES INC
1333578,6798,NEWKIRK REALTY TRUST INC
1333763,2836,CHELSEA THERAPEUTICS INTL
1333822,3674,SEMILEDS CORP
1333835,3576,CASA SYSTEMS INC
1333849,1040,JAGUAR MINING INC
1333986,6311,EQUITABLE HOLDINGS INC
1334036,3021,CROCS INC
1334303,3826,ICX TECHNOLOGIES INC
1334325,3812,CODA OCTOPUS GROUP INC
1334388,1311,OBSIDIAN ENERGY LTD
1334478,7373,NCI INC
1334510,6726,GLOBAL INCOME & CURRENCY FD
1334872,6020,CAPE FEAR BANK CORP
1334933,1090,URANIUM ENERGY CORP
1334978,7310,CLEAR CHANNEL OUTDOOR HLDGS
1335102,2836,COUGAR BIOTECHNOLOGY INC
1335105,2836,LIXTE BIOTECHNOLOGY HOLDINGS
1335106,2834,CHINA SHENGHUO PHARM HLDGS
1335190,1311,BLUE RIDGE MOUNTAIN RESOURCE
1335258,7900,LIVE NATION ENTERTAINMENT
1335686,6798,REPUBLIC PROPERTY TRUST
1335730,6020,MIZUHO FINANCIAL GROUP INC
1335793,1311,CNX GAS CORP
1336047,4922,BOARDWALK PIPELINE PRTNRS-LP
1336050,6726,BLACKROCK ENHNCD GOVT FD INC
1336249,9995,NORTH AMERICAN INSURANCE LDS
1336467,4899,AMERICAN TELECOM SERVICES
1336545,2300,AMERICAN APPAREL INC
1336593,6726,EVERGREEN INT BALNCD INCM FD
1336644,4700,UNIVERSAL TRAVEL GROUP
1336706,6020,
1336777,6726,BLACKROCK WORLD INVESTMNT TR
1336917,2300,UNDER ARMOUR INC
1336920,7373,LEIDOS HOLDINGS INC
1337013,7350,INFUSYSTEM HOLDINGS INC
1337068,6036,MAGYAR BANCORP INC
1337117,4899,ITURAN LOCATION & CONTROL
1337298,2860,FUTUREFUEL CORP
1337553,2834,AERIE PHARMACEUTICALS INC
1337619,6282,ENVESTNET INC
1337634,7990,
1337675,3674,JAZZ TECHNOLOGIES INC
1337749,9995,MEDIA & ENTERTAINMENT HLDGS
1337885,5621,DELIAS INC
1337899,3944,FORTUNET INC
1337927,9995,SANTA MONICA MEDIA CORP
1338042,2836,AEGERION PHARMACEUTICALS INC
1338065,1311,DCP MIDSTREAM LP
1338095,2834,NEPHROGENEX INC
1338170,6726,SUNAMERICA FOCSD ALPHA LG-CP
1338401,4731,CLARK HOLDINGS INC
1338561,6726,NUVEEN S&P 500 DYN OVERWRITE
1338578,3290,CHINA GENGSHENG MINERALS INC
1338613,1311,REGENCY ENERGY PARTNERS LP
1338749,6798,POTLATCHDELTIC CORP
1338940,7370,PERION NETWORK LTD
1338949,9995,MAJESTIC CAPITAL LTD
1338977,6020,CAPITALSOUTH BANCORP
1339005,3841,
1339048,2911,WESTERN REFINING INC
1339455,2834,SOMAXON PHARMACEUTICALS INC
1339469,2836,CHIASMA INC
1339553,6324,HEALTHSPRING INC
1339605,5084,H&E EQUIPMENT SERVICES INC
1339688,1000,QUATERRA RESOURCES INC
1339729,4899,ORCHARD ENTERPRISES INC
1339947,4833,VIACOM INC
1339970,2836,ATYR PHARMA INC
1340041,1389,COMPLETE PRODUCTION SERVICES
1340127,7370,CARBONITE INC
1340243,2836,MORPHOSYS AG
1340282,1311,ROSETTA RESOURCES INC
1340354,6211,THOMAS WEISEL PARTNERS GRP
1340476,3290,DIRTT ENVIRONMENTL SOLUTIONS
1340652,2836,CHEMOCENTRYX INC
1340677,1044,SILVERCORP METALS INC
1340735,6726,EATON VANCE CREDIT OPPRTS FD
1340736,6726,EATON VANCE TX-MAN DIV EQ IN
1340744,2836,ALTUS PHARMACEUTICALS INC
1340752,2836,MOLECULAR INSIGHT PHARMACTLS
1340786,3714,FUEL SYSTEMS SOLUTIONS INC
1341088,3829,VIMICRO INTL CORP -ADR
1341141,6798,CATCHMARK TIMBER TRUST
1341170,4412,EUROSEAS LTD
1341235,2836,ALDEYRA THERAPEUTICS INC
1341317,6020,BRIDGEWATER BANCSHARES
1341318,6035,LAKE SHORE BANCORP INC
1341335,1040,FORTUNA SILVER MINES INC
1341439,7372,ORACLE CORP
1341470,7370,BANKS.COM INC
1341766,2086,CELSIUS HOLDINGS INC
1341769,6500,GRUBB & ELLIS REALTY ADVISRS
1342068,3674,ACTIONS SEMICNDCTR LTD -ADR
1342126,7011,MORGANS HOTEL GROUP CO
1342167,7372,WIDERTHAN CO LTD -ADS
1342287,7359,GENERAL FINANCE CORP/DE
1342338,3674,HIMAX TECHNOLOGIES INC
1342423,100,LIMONEIRA CO
1342575,3663,SCOPUS VIDEO NETWORKS LTD
1342803,3674,SUNTECH POWER HOLDINGS  -ADR
1342874,3312,TERNIUM SA -ADR
1342958,3651,DIGITAL ALLY INC
1342960,7373,DIVX INC
1343034,6020,TWO RIVER BANCORP
1343202,2860,VERASUN ENERGY CORP
1343304,2834,AVEDRO INC
1343602,6726,HELIOS MULTI-SECT HI INCM FD
1343719,1311,ENERGY XXI LTD
1343793,6726,BLACKROCK L-T MUNI ADV TRUST
1344154,4100,EMERGENCY MEDICAL SVCS CORP
1344376,5172,AEGEAN MARINE PETROLM NETWK
1344413,2834,ALEXZA PHARMACTCLS INC
1344596,3743,AMERICAN RAILCAR INDS INC
1344632,7372,LAWSON SOFTWARE INC
1344674,2836,NUCRYST PHARMACEUTICALS CORP
1344705,6798,CRYSTAL RIVER CAPITAL INC
1344708,9995,AMERICAN MOLD GUARD INC
1344907,7380,GLOBAL TRAFFIC NETWORK INC
1344980,1220,ALLIANCE HOLDINGS GP LP
1345016,7370,YELP INC
1345099,2836,MESOBLAST LTD
1345105,4512,COPA HOLDINGS SA
1345111,5812,TIM HORTONS INC
1345126,3600,COMPASS DIVERSIFIED HOLDINGS
1345564,1000,CORRIENTE RESOURCES INC
1345715,9995,STONELEIGH PARTNERS ACQSTN
1345801,6726,NUVEEN DIVERSIFIED COMMODITY
1345840,4899,HUGHES COMMUNICATIONS INC
1345968,5600,EDDIE BAUER HOLDINGS INC
1346610,6200,
1346830,2836,CARA THERAPEUTICS INC
1346980,1311,CHAPARRAL ENERGY INC
1347006,9995,HD PARTNERS ACQUISITION CORP
1347022,3711,POSITIVEID CORP
1347178,2836,VANDA PHARMACEUTICALS INC
1347242,2836,
1347426,6020,BANCO MACRO SA
1347452,3620,ANDALAY SOLAR INC
1347510,3663,CHINA GRENTECH CORP LTD -ADR
1347557,4581,GRUPO AEROPORTUARIO DEL PACI
1347613,2836,SYNERGY PHARMACEUTICALS INC
1347652,6798,CORENERGY INFRASTRUCTURE TR
1347815,6331,FLAGSTONE REINSURANCE HLD SA
1347858,2111,22ND CENTURY GROUP INC
1348036,7370,AVALARA INC
1348259,6331,VALIDUS HOLDINGS LTD
1348324,3842,LDR HOLDING CORP
1348334,7370,BARRACUDA NETWORKS INC
1348649,2836,COLUCID PHARMACEUTICALS INC
1348911,2836,KALVISTA PHARMACEUTICALS
1349108,4210,SMART MOVE INC
1349237,1311,CANETIC RESOURCES TRUST
1349426,2836,OMRIX BIOPHARMACEUTICALS
1349436,1311,SANDRIDGE ENERGY INC
1349437,4899,TOWERSTREAM CORP
1349454,7370,TRULIA INC
1349892,3730,TWIN VEE POWERCATS INC
1349929,2836,CANCER GENETICS INC
1350031,4813,EMBARQ CORP
1350072,6036,CMS BANCORP INC
1350102,3674,ASCENT SOLAR TECHNOLOGIES
1350381,7389,INNERWORKINGS INC
1350593,3490,MUELLER WATER PRODUCTS INC
1350620,3842,RESTORE MEDICAL INC
1350653,3842,ALPHATEC HOLDINGS INC
1350869,6726,CLOUGH GLOBAL OPPORTUNTS FND
1350886,9995,ENERGY INFRASTRUCTURE ACQSTN
1351051,8051,GENESIS HEALTHCARE INC
1351172,2836,LIMINAL BIOSCIENCES INC
1351197,2836,ARTES MEDICAL INC
1351285,7370,ROSETTA STONE INC
1351288,2836,GW PHARMACEUTICALS PLC
1351509,3845,NORTHSTAR NEUROSCIENCE INC
1351548,4512,FRONTIER AIRLINES HOLDINGS
1351636,7370,SHOTSPOTTER INC
1352010,7370,EPAM SYSTEMS INC
1352045,3580,BASIN WATER INC
1352302,9995,GEOMET INC
1352341,3559,VERIGY LTD
1352713,6331,AMERICAN OVERSEAS GROUP LTD
1353123,1000,AUGUSTA RESOURCE CORP
1353209,6531,LOOPNET INC
1353268,6035,LIBERTY BANCORP INC
1353283,7372,SPLUNK INC
1353487,2810,TARONIS TECHNOLOGIES
1353970,2821,CHINA XD PLASTICS CO LTD
1354217,3845,VOLCANO CORP
1354327,3442,PGT INNOVATIONS INC
1354513,9995,CTC MEDIA INC
1354835,6020,BOARDWALK BANCORP INC
1354866,3480,
1355007,6211,COWEN GROUP INC  -OLD
1355042,5010,CHINA AUTO LOGISTICS INC
1355096,5961,QURATE RETAIL INC
1355128,3572,OCZ TECHNOLOGY GROUP INC
1355444,3721,EMBRAER SA
1355754,7370,INSTRUCTURE INC
1355786,6035,CHICOPEE BANCORP INC
1355795,6331,DARWIN PROFESSIONAL UNDWRTS
1355823,6035,ROMA FINANCIAL CORP
1355839,7370,PALTALK INC
1355848,7812,GENIUS BRANDS INTL INC
1355855,6035,NEWPORT BANCORP INC
1356090,2836,PRECIGEN INC
1356093,7372,CREATIVE REALITIES INC
1356104,3674,MELLANOX TECHNOLOGIES LTD
1356115,6798,NEXPOINT STRATEGIC OPPT FUND
1356462,7373,YUCHENG TECHNOLOGIES LTD
1356564,3711,LEO MOTORS INC
1356570,7374,WNS (HOLDINGS) LTD -ADR
1356576,2834,SUPERNUS PHARMACEUTICALS INC
1356750,6726,FIRST TR TAX ADVANTAGED PFRD
1356857,2836,TRIUS THERAPEUTICS INC
1356949,5063,HOUSTON WIRE & CABLE CO
1357204,5812,DUNKIN' BRANDS GROUP INC
1357227,3851,FGX INTERNATIONAL HLDGS LTD
1357326,3576,RIVERBED TECHNOLOGY INC
1357371,1311,BREITBURN ENERGY PARTNERS LP
1357450,3823,HOLLYSYS AUTOMATION TECH LTD
1357459,2836,
1357525,7372,OMNITURE INC
1357615,7370,KBR INC
1357671,7370,CREATD INC
1357874,2836,PRECISION BIOSCIENCES
1357971,1623,ENERGY SERVICES OF AMERICA
1358071,1311,CONCHO RESOURCES INC
1358164,6351,SYNCORA HOLDINGS LTD
1358190,2621,IT TECH PACKAGING INC
1358356,6020,LIMESTONE BANCORP INC
1358403,2836,BELLICUM PHARMACEUTICALS INC
1358483,7370,EVERYDAY HEALTH INC
1358575,2834,CIPHER PHARMACEUTICALS INC
1358656,6726,MILLENNIUM INVT & ACQ CO INC
1358697,6020,STERLING BANKS INC
1358762,2836,REATA PHARMACEUTICALS INC
1359055,5172,BUCKEYE GP HOLDINGS LP
1359154,1311,PETROFLOW ENERGY LTD
1359555,6794,PENDRELL CORP
1359711,7372,MICRO FOCUS INTL PLC
1359816,6726,NUVEEN GLOBAL INCOME OPRTNTS
1359841,2300,HANESBRANDS INC
1359931,2836,PROTARA THERAPEUTICS INC
1360214,2834,HARROW HEALTH INC
1360530,5400,VITAMIN SHOPPE INC
1360537,6331,CASTLEPOINT HOLDINGS LTD
1360555,7373,STANLEY INC
1360565,7370,WHERE FOOD COMES FROM INC
1360604,6798,HEALTHCARE TRUST OF AMERICA
1360683,6020,TALMER BANCORP INC
1360886,2836,OSIRIS THERAPEUTICS INC
1360901,6200,EVERCORE INC
1360951,4011,FLORIDA EAST COAST INDS
1361103,8731,COMPLETE GENOMICS INC
1361113,7372,VARONIS SYSTEMS INC
1361248,2836,TETRALOGIC PHARMACEUTICALS
1361470,3576,MAVENIR SYSTEMS INC
1361538,1623,PRIMORIS SERVICES CORP
1361579,8090,VIRTUAL RADIOLOGIC CORP
1361658,6531,TRAVEL PLUS LEISURE CO
1361709,5500,SUSSER HOLDINGS CORP
1361872,2040,WESTWAY GROUP INC
1361916,5094,ASIA TIME CORP
1361937,1311,HARVEST OIL & GAS CORP
1361983,4899,ORBCOMM INC
1362004,8742,ICF INTERNATIONAL INC
1362120,1311,PINNACLE GAS RESOURCES INC
1362190,7370,AUDIOEYE INC
1362468,4512,ALLEGIANT TRAVEL CO
1362481,6726,ABERDEEN GBL DYNAMC DIV FUND
1362491,5051,METALS USA HOLDINGS CORP
1362599,6020,OMNI FINANCIAL SERVICES
1362614,3312,BARZEL INDUSTRIES INC
1362705,4610,EVOLVE TRANSITION INFRAST LP
1362718,2834,TIANYIN PHARMACEUTICAL CO
1362719,6020,SILVER STATE BANCORP
1362734,6795,INTERNATIONAL ROYALTY CORP
1362898,1090,AVALON ADVANCED MATERIALS
1362925,7374,PLANET PAYMENT INC
1362959,2835,ROSETTA GENOMICS LTD
1362988,7359,AIRCASTLE LTD
1363202,9995,DEKANIA CORP
1363381,1311,HILAND HOLDINGS GP LP
1363421,6726,NUVEEN GLOBAL EQUITY INCM FD
1363829,6331,ENSTAR GROUP LTD
1363851,7372,CATAMARAN CORP
1363890,6799,KAYNE ANDERSON ENERGY DEV CO
1364099,2810,INNOPHOS HOLDINGS INC
1364100,1389,CAL DIVE INTERNATIONAL INC
1364125,1000,WESTERN COPPER AND GOLD CORP
1364128,1044,ALEXCO RESOURCE CORP
1364250,6798,DOUGLAS EMMETT INC
1364479,7350,HERC HOLDINGS INC
1364541,1311,EAGLE ROCK ENERGY PARTNRS LP
1364644,1311,CHALLENGER ENERGY CORP
1364714,9995,OCEANAUT INC
1364728,6199,CENTRAL GOLDTRUST
1364856,6020,MONARCH FINANCIAL HLDGS INC
1364885,3728,SPIRIT AEROSYSTEMS HOLDINGS
1364954,7370,CHEGG INC
1364962,7372,IMPERVA INC
1365038,7370,LEAF GROUP LTD
1365101,2086,PRIMO WATER CORP -OLD
1365135,6099,WESTERN UNION CO
1365216,2834,SUCAMPO PHARMACEUTICALS INC
1365241,5961,EBAY GMARKET CO LTD  -ADR
1365555,6331,AMTRUST FINANCIAL SERVICES
1365742,5961,ACORN INTERNATIONAL INC -ADR
1365767,7372,ALLOT LTD
1365790,6282,GLG PARTNERS INC
1365916,2860,AMYRIS INC
1365997,6020,BANK OF THE CAROLINAS
1366246,7372,GLU MOBILE INC
1366340,7372,FINJAN HOLDINGS INC
1366367,6020,YADKIN FINANCIAL CORP
1366527,7370,CARBON BLACK INC
1366561,7370,SMARTSHEET INC
1366578,9995,NTR ACQUISITION CO
1366649,3576,DIALOGIC INC
1366684,7370,HOMEAWAY INC
1366751,9995,MBF HEALTHCARE ACQUISITION
1366868,4899,GLOBALSTAR INC
1366922,9995,CHINA HEALTHCARE ACQUISITION
1367064,1382,ARCHROCK PARTNERS LP
1367083,2834,SONOMA PHARMACEUTICALS INC
1367311,5171,DAKOTA PLAINS HOLDINGS INC
1367396,2741,SUPERMEDIA INC
1367644,2836,EMERGENT BIOSOLUTIONS INC
1367660,9995,GENEVA ACQUISITION CORP
1367705,7373,MEDECISION INC
1367859,6020,CITIZENS COMMUNITY BANCORP
1367880,9995,CHURCHILL VENTURES LTD
1367920,2836,CONCERT PHARMACEUTICLS INC
1368007,6200,NYSE EURONEXT
1368148,2836,ATHERSYS INC
1368265,5500,CLEAN ENERGY FUELS CORP
1368308,3690,HIGHPOWER INTERNATIONAL INC
1368358,3674,CSR PLC
1368365,7372,REMARK HOLDINGS INC
1368457,2844,ALBERTO-CULVER CO
1368458,5990,SALLY BEAUTY HOLDINGS INC
1368493,6726,MORGAN STANLEY CHINA A SH FD
1368514,2836,ADMA BIOLOGICS INC
1368519,1389,NORTH AMERICAN CONST GRP LTD
1368582,7372,ARCSIGHT INC
1368613,9995,APEX BIOVENTURES ACQ CORP
1368622,3721,AEROVIRONMENT INC
1368802,1381,ATLAS ENERGY RESOURCES LLC
1368879,9995,TAILWIND FINANCIAL INC
1368893,6726,BLACKROCK REAL ASSET EQTY TR
1368900,2711,GATEHOUSE MEDIA INC
1368993,2835,WAFERGEN BIO-SYSTEMS INC
1369085,1040,NEW PACIFIC METALS CORP
1369241,4412,DANAOS CORP
1369290,3845,MYOMO INC
1369377,3674,QIMONDA AG  -ADR
1369568,2836,CATALYST PHARMACEUTICALS INC
1369639,9995,GRANAHAN MCCOURT ACQSTN CORP
1369774,2670,SHINER INTERNATIONAL INC
1369786,2834,SAGENT PHARMACEUTICALS INC
1369817,6331,ONEBEACON INSURANCE GROUP
1369824,7359,GENESIS LEASE LTD -ADR
1369868,2836,CHINA BIOLOGIC PRODUCTS HLDG
1370053,2836,ANAPTYSBIO INC
1370291,6020,FIRST CALIF FINL GROUP INC
1370314,7372,DOUBLE-TAKE SOFTWARE INC
1370416,3714,WESTPORT FUEL SYSTEMS INC
1370431,3330,VEDANTA LTD
1370433,9995,TRANS-INDIA ACQUISITION CORP
1370450,8711,WILLDAN GROUP INC
1370618,9995,UNION STREET ACQUISITION CP
1370637,7370,ETSY INC
1370702,3674,QUANTENNA COMMUNICATIONS INC
1370755,6797,BLACKROCK TCP CAPITAL
1370880,7373,FIREEYE INC
1370946,3290,OWENS CORNING
1371011,4899,SWITCH & DATA FACILITIES CO
1371285,6399,TRUPANION INC
1371446,6211,FBR & CO
1371455,3312,CLAYMONT STEEL HOLDINGS INC
1371489,7374,INFORMATION SERVICES GROUP
1371541,3674,HANWHA Q CELLS CO LTD
1371781,7370,WORLD ENERGY SOLUTIONS INC
1371782,1311,MV OIL TRUST
1372000,5063,UNIVERSAL POWER GROUP INC
1372020,1600,GREAT LAKES DREDGE & DOCK CP
1372041,4899,PAETEC HOLDING CORP
1372117,6726,VOYA NATURAL RES EQ INCM FD
1372183,7310,
1372299,2836,OCUGEN INC
1372326,1389,SUPERIOR OFFSHORE INTL INC
1372375,7370,MILLENNIAL MEDIA INC
1372414,3576,AEROHIVE NETWORKS INC
1372514,2834,EYEGATE PHARMACEUTICALS INC
1372612,7370,BOX INC
1372664,3822,COMVERGE INC
1372791,6020,WSB FINANCIAL GROUP INC
1372807,6797,PORTMAN RIDGE FINANCE CORP
1372813,5122,ANIMAL HEALTH INTL INC
1372920,8200,NEW ORIENTAL ED & TECH
1373060,3845,MINDRAY MEDICAL INTL
1373079,6036,ALLIANCE BANCORP OF PA
1373525,6020,FIRST CAPITAL BANCORP INC/VA
1373561,6159,NEWSTAR FINANCIAL INC
1373641,6799,HIGHLAND DISTRESSED OPPORTUN
1373670,1531,GREEN BRICK PARTNERS INC
1373671,3572,ISILON SYSTEMS INC
1373707,2836,TETRAPHASE PHARMACEUTICALS
1373715,7372,SERVICENOW INC
1373835,4923,SPECTRA ENERGY CORP
1373980,3140,HEELYS INC
1373988,7350,ESSEX RENTAL CORP
1374128,3845,ENTELLUS MEDICAL INC
1374310,6200,CBOE GLOBAL MARKETS INC
1374328,2834,FITLIFE BRANDS INC
1374339,2836,
1374346,9995,TRANSFORMA ACQUISITION GROUP
1374535,3560,ALTRA INDUSTRIAL MOTION CORP
1374593,1040,STERLITE GOLD LTD
1374684,7370,MULESOFT INC
1374690,2836,
1374796,9995,ADVANCED TECHNOLOGY ACQ CORP
1374993,7372,NEXTWAVE WIRELESS INC
1375063,6794,SYNTHESIS ENERGY SYSTEMS INC
1375151,2834,ZOGENIX INC
1375200,2834,NUPATHE INC
1375205,1090,UR ENERGY INC
1375247,2834,OBAGI MEDICAL PRODUCTS INC
1375271,7372,ELOQUA INC
1375320,6036,HAMPDEN BANCORP INC
1375336,6035,OSAGE BANCSHARES INC
1375340,6726,COHEN & STEERS CL-END OPP FD
1375365,3570,SUPER MICRO COMPUTER INC
1375387,6726,DEUTSCHE HIGH INCM OPPOR FD
1375514,3674,MONTAGE TECHNOLOGY GROUP LTD
1375557,7372,GUIDANCE SOFTWARE INC
1375686,3443,THT HEAT TRANSFER TECH INC
1375796,7370,TELARIA INC
1375829,4841,RR MEDIA LTD
1375877,3674,CANADIAN SOLAR INC
1376139,2911,CVR ENERGY INC
1376321,7310,ZW DATA ACTION TECHNOLGY INC
1376339,2836,MIMEDX GROUP INC
1376556,2090,VAUGHAN FOODS INC
1376742,1600,CAVICO CORP
1376812,1220,PATRIOT COAL CORP
1376972,7011,HOMEINNS HOTEL GROUP
1377013,4841,TIME WARNER CABLE INC
1377085,1000,LUNDIN MINING CORP
1377121,2836,PROTAGONIST THERAPEUTICS INC
1377490,1311,PENN PACIFIC CORP
1377630,7310,NATIONAL CINEMEDIA INC
1377720,7372,CYBERDEFENDER CORP
1377757,1040,GALIANO GOLD INC
1377789,3663,AVIAT NETWORKS INC
1377902,7374,ETELECARE GLOBAL SOLUTION
1377936,6797,SARATOGA INVESTMENT CORP
1378140,3612,OCEAN POWER TECHNOLOGIES INC
1378239,4581,GRUPO AEROPORTUARIO DEL CENT
1378325,3845,
1378453,5500,TRAVELCENTERS OF AMERICA INC
1378564,7370,ZHAOPIN LTD  -ADR
1378590,7370,BRIDGELINE DIGITAL INC
1378624,2836,CELLULAR BIOMEDICINE GROUP
1378701,6726,GDL FUND
1378706,4991,AMERICAN DG ENERGY INC
1378718,5080,WESCO AIRCRAFT HOLDINGS INC
1378789,7359,AERCAP HOLDINGS NV
1378846,7310,INTERCLICK INC
1378946,6020,PEOPLE'S UNITED FINL INC
1378950,5961,CARPARTS COM INC
1378992,3080,BERRY GLOBAL GROUP INC
1379006,2836,NANOVIRICIDES INC
1379009,6512,GAZIT GLOBE
1379041,6331,EMPLOYERS HOLDINGS INC
1379246,5621,BODY CENTRAL CORP
1379378,4922,DUNCAN ENERGY PARTNERS LP
1379384,6726,BLACKROCK CR ALLOC INCM TR
1379400,6726,ABERDEEN TOTL DYNMC DIV FUND
1379438,6726,EATON VANCE TAX-MNGD GLBL DV
1379661,4922,TARGA RESOURCES PARTNERS LP
1379785,6797,BARINGS BDC INC
1379895,1311,DYNEGY INC
1380106,3826,
1380180,2836,ISOTIS SA
1380393,6282,FORTRESS INVESTMENT GRP LLC
1380509,6163,HFF INC
1380534,6726,FIRST TRUST STRAT HI INC III
1380712,6020,1ST PACIFIC BANCORP
1380846,6020,TRISTATE CAPITAL HLDGS INC
1380936,6726,GUGGENHEIM STRATEGIC OPP FD
1381074,7370,FUWEI FILMS HOLDINGS CO
1381117,9995,GSC ACQUISITION CO
1381197,6211,INTERACTIVE BROKERS GROUP
1381325,7373,BIGBAND NETWORKS INC
1381526,9995,COLUMBUS ACQUISITION CORP
1381531,2621,DOMTAR CORP
1381639,6020,MAYFLOWER BANCORP INC
1381640,7990,MELCO RESORTS & ENTERTAINMEN
1381668,6035,TFS FINANCIAL CORP
1382101,2836,SUTRO BIOPHARMA INC
1382158,3674,TRINA SOLAR LTD
1382219,7370,6D GLOBAL TECHNOLOGIES
1382230,6036,ESSA BANCORP INC
1382298,4412,TEEKAY OFFSHORE PARTNERS LP
1382574,7370,TRXADE HEALTH INC
1382696,3911,FUQI INTERNATIONAL INC
1382821,6531,REDFIN CORP
1382911,2834,OREXIGEN THERAPEUTICS INC
1383097,2300,NAKED BRAND GROUP INC
1383099,7370,ATRINSIC INC -OLD
1383154,7372,COPSYNC INC
1383183,8071,COMBIMATRIX CORP
1383312,7373,BROADRIDGE FINANCIAL SOLUTNS
1383395,3674,SEQUANS COMMUNICATIONS SA
1383414,6797,PENNANTPARK INVESTMENT CORP
1383441,6726,VIRTUS ALLIANZGI EQUITY & CO
1383571,3330,GLOBE SPECIALTY METALS INC
1383650,5171,CHENIERE ENERGY PARTNERS LP
1383701,2836,HISTOGEN INC
1383729,3572,FUSION-IO INC
1383871,7370,LIFELOCK INC
1383875,5812,LRI HOLDINGS INC
1384072,1311,GRIZZLY ENERGY LLC
1384101,2835,VERACYTE INC
1384195,1311,RING ENERGY INC
1384360,2834,SIMCERE PHARMACEUTICAL GROUP
1384710,6798,MONOGRAM RESIDENTIAL TRUST
1384820,1311,TERRAPET ENERGY CORP
1384905,7370,RINGCENTRAL INC
1385145,4812,CELLCOM ISRAEL LTD
1385157,3678,TE CONNECTIVITY LTD
1385187,3845,COVIDIEN PLC
1385228,9995,DNIB UNWIND INC
1385280,7830,CINEMARK HOLDINGS INC
1385292,7372,MONOTYPE IMAGING HOLDINGS
1385424,3674,LDK SOLAR CO LTD
1385508,2834,OPIANT PHARMACEUTICALS INC
1385544,3341,HORSEHEAD HOLDING CORP
1385598,3674,JA SOLAR HOLDINGS CO LTD
1385613,6331,GREENLIGHT CAPITAL RE LTD
1385617,6726,RMR ASIA REAL ESTATE FUND
1385632,6726,VOYA ASIA PAC HI DIV EQ INCM
1385763,6726,NUVEEN CORE EQUITY ALPHA FND
1385818,2836,AYTU BIOPHARMA INC
1385830,2836,NEUROGESX INC
1385849,1090,ENERGY FUELS INC
1385867,7370,COUPA SOFTWARE INC
1386067,6726,WELLS FARGO GBL DIV OPP FD
1386198,3674,MEMSIC INC
1386278,7389,GREEN DOT CORP
1386301,7389,RESEARCH SOLUTIONS INC
1386369,6726,BLACKROCK GLOBAL EQUITY INCM
1386570,2833,CHROMADEX CORP
1386607,3663,QIAO XING MOBILE COMM CO LTD
1386608,2834,TONGJITANG CHINESE MEDS -ADR
1386716,4412,STAR BULK CARRIERS CORP
1386787,9995,VICTORY ACQUISITION CORP
1386858,2836,HYPERION THERAPEUTICS INC
1386926,6799,KKR FINANCIAL HOLDINGS LLC
1386966,3841,CORTRONIC CORP
1387467,3674,ALPHA AND OMEGA SEMICONDUCTO
1387767,7372,STAR TECHNOLOGIES INC
1387976,8711,IMPELL CORP
1388126,6726,PIONEER DIVERSIFIED HGH INCM
1388133,3661,SHORETEL INC
1388141,6726,MORGN STAN EMER MKTS DOM DBT
1388195,5122,PHARMERICA CORP
1388319,2836,US STEM CELL INC
1388320,2836,ACTINIUM PHARMACEUTICALS INC
1388430,7359,CAI INTERNATIONAL INC
1388658,3845,IRHYTHM TECHNOLOGIES INC
1388775,2836,SIRTRIS PHARMACEUTICALS INC
1388855,3634,DEER CONSUMER PRODUCTS INC
1389002,7370,MARIN SOFTWARE INC
1389050,3533,ARCHROCK INC
1389072,3841,HEARTWARE INTERNATIONAL INC
1389170,4923,TARGA RESOURCES CORP
1389207,1520,GAFISA SA
1389305,7350,RSC HOLDINGS INC
1389476,7311,XINHUA SPORTS & ENTMT LTD
1389545,2834,NOVABAY PHARMACEUTICALS INC
1389611,6726,MLP & STRATEGIC EQUITY FUND
1389771,9995,INTER-ATLANTIC FINANCIAL INC
1390109,6726,NUVEEN DIVRSFD CURR OPP FUND
1390162,6020,HOWARD BANCORP INC
1390195,6726,ABERDEEN GBL PREMR PPTS FUND
1390312,6020,BANCORP OF NEW JERSEY INC
1390478,2836,SELLAS LIFE SCIENCES GROUP I
1390777,6020,BANK OF NEW YORK MELLON CORP
1390840,6726,DOW 30 ENHANCED PREM INCOME
1390844,3714,WABCO HOLDINGS INC
1391127,7370,LIMELIGHT NETWORKS INC
1391137,6020,BCSB BANCORP INC
1391390,2621,BOISE INC
1391437,6726,GABELLI EQUITY HLTHCR & WLLN
1391461,6726,ADVENT CLAYMORE CV SEC&IN II
1391636,7373,CYAN INC
1391672,3663,STARENT NETWORKS CORP
1391984,3572,DATA DOMAIN INC
1392091,5171,BLUEKNIGHT ENERGY PRTNRS LP
1392272,6020,
1392285,6324,FIRST CANADIAN AMER HLDG CP
1392326,4412,CAPITAL PRODUCT PARTNERS LP
1392380,2860,GEVO INC
1392522,3674,FREESCALE SEMICONDUCTOR LTD
1392562,6036,LOUISIANA BANCORP INC
1392600,3312,ESMARK INC
1392694,4812,SURGEPAYS INC
1392972,7370,PROS HOLDINGS INC
1393020,3841,INVUITY INC
1393052,7370,VEEVA SYSTEMS INC
1393066,2621,RESOLUTE FOREST PRODUCTS INC
1393299,6726,BLACKROCK ENHANCED INT DV TR
1393311,6798,PUBLIC STORAGE
1393434,2836,OCULAR THERAPEUTIX INC
1393584,7370,AMERICAN WELL CORP
1393612,6141,DISCOVER FINANCIAL SVCS
1393662,6726,INVESCO DYNAMIC CREDIT OPPTY
1393718,9995,SP ACQUISITION HOLDINGS INC
1393726,6331,TIPTREE INC
1393744,4955,ENERGYSOLUTIONS INC
1393818,6282,BLACKSTONE GROUP INC
1393883,7370,DHI GROUP INC
1394029,3674,YINGLI GREEN ENERGY HLDGS CO
1394056,3571,ONE STOP SYSTEMS INC
1394069,3990,YANKEE HOLDING CORP
1394074,4922,SPECTRA ENERGY PARTNERS LP
1394156,5812,DIVERSIFIED RESTAURANT HLDGS
1394159,4700,ORBITZ WORLDWIDE INC
1394186,1040,WESTERN GOLDFIELDS INC
1394220,3564,RINO INTERNATIONAL CORP
1394319,2836,TRACON PHARMACEUTICALS INC
1394832,3569,ATS AUTOMATION TOOLING SYS
1394954,3674,GT ADVANCED TECHNOLOGIES INC
1395057,6726,COHEN & STEERS GLBL INCM BD
1395064,2834,
1395213,4911,EMPRESA DISTRIBUIDORA Y COM
1395325,6726,EATON VANCE RISK-MNGD DIV EQ
1395593,4412,OCEANFREIGHT INC
1395627,6726,VOYA INTL HI DIV EQ INCM FD
1395848,3674,ADESTO TECHNOLOGIES CORP
1395937,2836,SYNDAX PHARMACEUTICALS INC
1395942,7389,KAR AUCTION SERVICES INC
1395943,4581,LIMCO-PIEDMONT INC
1395999,6726,DWS RREEF WORLD RL EST FUND
1396009,1400,VULCAN MATERIALS CO
1396016,2300,EXCEED CO LTD
1396033,5211,LUMBER LIQUIDATORS HLDGS INC
1396167,6726,DELAWARE ENHNCD GLBL DIV&INC
1396247,3674,CHINA SUNERGY CO LTD
1396277,6726,CALAMOS GLOBAL DYNAMIC INCM
1396278,7372,STARLIMS TECHNOLOGIES LTD
1396279,5731,HHGREGG INC
1396440,6797,MAIN STREET CAPITAL CORP
1396446,6798,CYS INVESTMENTS INC
1396502,6726,JOHN HANCOCK TAX-ADV GLBL FD
1396546,4812,VIRGIN MOBILE USA INC
1396814,2834,PACIRA BIOSCIENCES INC
1396838,7389,DOLAN CO
1397016,3827,OPTEX SYSTEMS HOLDINGS INC
1397047,6159,FLEXSHOPPER INC
1397051,3679,SIGNETICS CORP
1397173,6726,NUVEEN TAX-ADVNTGD DIV GRWTH
1397183,7372,IVEDA SOLUTIONS INC
1397187,2300,LULULEMON ATHLETICA INC
1397516,1311,REX ENERGY CORP
1397533,6035,ABINGTON BANCORP INC
1397702,3845,SILK ROAD MEDICAL INC
1397772,7320,NCO GROUP INC
1397807,6798,AMREIT INC
1397821,6282,DUFF & PHELPS CORP
1397867,4512,GLOBAL AVIATION HOLDINGS INC
1397911,6211,LPL FINANCIAL HOLDINGS INC
1398006,6020,OAK RIDGE FINANCIAL SERVICES
1398090,3841,POWER MEDICAL INTERVENTIONS
1398161,2836,TARGANTA THERAPEUTICS CORP
1398453,6552,XINYUAN REAL ESTATE CO -ADR
1398481,6726,ALLIANZGI GLBL EQ & CONV INC
1398551,2870,YONGYE INTERNATIONAL INC
1398632,9995,HIGHLANDS ACQUISITION CORP
1398659,7374,GENPACT LTD
1398664,1311,ENCORE ENERGY PARTNERS LP
1398733,2834,AQUESTIVE THERAPETC INC
1398797,7819,POINT.360
1398805,3690,BEAM GLOBAL
1398931,4991,RENEGY HOLDINGS INC
1398987,6531,REALOGY HOLDINGS CORP
1399067,7310,CHINA MEDIAEXPRESS HLDGS INC
1399186,6726,CORNERSTONE PROGRESIVE RT FD
1399233,1600,A-POWER ENERGY GENERATN SYS
1399249,6282,PZENA INVESTMENT MANAGEMENT
1399250,2836,TRANSITION THERAPEUTICS INC
1399315,6020,MARSHALL & ILSLEY CORP
1399520,5812,ONE GP HOSPITALITY (THE)
1399521,3357,LIHUA INTERNATIONAL INC
1399529,2836,DICERNA PHARMACEUTICALS INC
1399708,3841,NEOVASC INC
1399768,6099,METAVANTE TECHNOLOGIES INC
1399855,8200,NATIONAL AMERN UNIV HLDG INC
1399935,5621,FRANCESCAS HOLDINGS CORP
1400118,2836,
1400400,7372,DEMANDTEC INC
1400438,1090,LARGO RESOURCES LTD
1400810,6331,HCI GROUP INC
1400891,4832,IHEARTMEDIA INC
1400897,6726,CUSHING MLP & INFASTCR TR FD
1401040,2836,DIAMEDICA THERAPEUTICS INC
1401106,6200,MF GLOBAL HOLDINGS LTD
1401112,4412,PARAGON SHIPPING INC
1401257,3533,FORUM ENERGY TECH INC
1401395,2040,NEPTUNE WELLNESS SOLUTION IN
1401521,6331,UNITED INSURANCE HOLDINGS CO
1401564,6020,FIRST FINANCIAL NORTHWEST
1401573,6035,BEACON FEDERAL BANCORP INC
1401667,2836,PUMA BIOTECHNOLOGY INC
1401678,3571,VOLTAIRE LTD
1401680,7370,CORNERSTONE ONDEMAND INC
1401688,5961,VITACOST.COM INC
1401708,2835,NANOSTRING TECHNOLOGIES INC
1401914,2834,CERULEAN PHARMA INC
1401923,2834,MAP PHARMACEUTICALS INC
1402057,5045,CDW CORP
1402159,3674,CHIPPAC INC
1402175,9995,HICKS ACQUISITION CO I INC
1402225,9995,IDEATION ACQUISITION CORP
1402281,1311,ERIN ENERGY CORP
1402305,7372,SUCCESSFACTORS INC
1402328,2836,SUNSHINE BIOPHARMA INC
1402364,7997,ULTIMATE ESCAPES INC
1402388,2421,WEST FRSER TMBR CO LTD
1402436,7370,SS&C TECHNOLOGIES HLDGS INC
1402479,5912,
1402606,4813,B COMMUNICATIONS LTD
1402747,1000,DOMINION MINERALS CORP
1402829,1600,ORION GROUP HOLDINGS INC
1402902,5172,COSAN LTD
1403085,5960,JRJR33 INC
1403132,8731,WUXI PHARMATECH (CAYMAN)-ADR
1403161,6099,VISA INC
1403238,6726,BLACKROCK ECSLUTNS INVST TR
1403256,6282,SCULPTOR CAPITAL MANAGEMENT
1403275,6726,FIRST TRUST DIVIDND & INC FD
1403301,6726,RMR DIVIDEND CAPTURE FUND
1403385,6311,SYMETRA FINANCIAL CORP
1403431,4955,HERITAGE-CRYSTAL CLEAN INC
1403475,6020,BANK OF MARIN BANCORP
1403528,6282,OAKTREE CAPITAL GROUP LLC
1403568,5990,ULTA BEAUTY INC
1403708,2834,EVOKE PHARMA INC
1403794,3663,ZST DIGITAL NETWORKS INC
1403795,3651,NIVS INTELLIMEDIA TECHNOLOGY
1403849,7372,PERFECT WORLD CO LTD
1403853,1389,NUVERRA ENVIRONMENTAL SOLUTN
1404079,1311,SAMSON OIL & GAS LTD
1404123,8011,1LIFE HEALTHCARE INC
1404281,2836,ELEDON PHARMACEUTICALS INC
1404296,6035,ATLANTIC COAST FINANCIAL CP
1404306,6020,FIRST ADVANTAGE BANCORP
1404424,4833,MODERN TIMES GROUP MTG AB
1404592,1000,REVETT MINING CO INC
1404644,2836,NEOLEUKIN THERAPEUTICS INC
1404655,7370,HUBSPOT INC
1404675,4941,CASCAL N.V.
1404912,6311,KKR & CO INC
1404973,1311,ENERGY XXI GULF COAST INC
1405037,9995,UNITED REFINING ENERGY CORP
1405049,6035,UNITED FINANCIAL BANCRP -OLD
1405073,1311,APPROACH RESOURCES INC
1405082,9995,TRIPLECROWN ACQUISITION CORP
1405197,2836,TALECRIS BIOTHERAPEUTCS HLDG
1405277,7310,CONSTANT CONTACT INC
1405287,7374,STREAM GLOBAL SERVICES INC
1405419,4512,GULFSTREAM INTL GROUP INC
1405495,6794,INTERDIGITAL INC
1405503,7373,CHINA DIGITALTV HLDG CO -ADS
1405658,6531,E-HOUSE CHINA HOLDINGS  -ADR
1406081,6020,GUARANTY FINANCIAL GROUP INC
1406234,4911,BROOKFIELD INFRS PTRS LP
1406251,6020,WESTERN LIBERTY BANCORP
1406391,9995,ENTERPRISE ACQUISITION CORP
1406407,5171,STATIA TERMINALS GROUP NV
1406574,5065,SINOHUB INC
1406587,6552,FORESTAR GROUP INC
1406591,6726,FEDERATED ENHANCED TREAS FD
1406635,2090,GLG LIFE TECH CORP
1406666,3661,CALIX INC
1406982,9995,CAPITOL ACQUISITION CORP
1407007,1040,RIO ALTO MINING LTD
1407031,9995,GOLDEN POND HEALTHCARE INC
1407038,2835,BG MEDICINE INC
1407067,6020,FRANKLIN FINL NETWORK INC
1407185,1311,QUEST ENERGY PARTNERS LP
1407190,3572,VIOLIN MEMORY INC
1407268,5063,FORCEFIELD ENERGY INC
1407298,7359,FLY LEASING LTD  -ADR
1407313,8742,DIGITAS INC
1407437,6331,GEROVA FINANCIAL GROUP LTD
1407450,7372,CONVIO INC
1407463,1311,PIONEER SOUTHWEST ENERGY -LP
1407539,9995,LIBERTY ACQUISITION HOLDINGS
1407623,6798,RETAIL OPPORTUNITY INVTS CP
1407739,6798,DUPONT FABROS TECHNOLOGY INC
1407973,3843,
1408075,2650,GRAPHIC PACKAGING HOLDING CO
1408100,6510,KENNEDY-WILSON HOLDINGS INC
1408193,9995,TREMISIS ENERGY ACQ CORP II
1408198,6282,MSCI INC
1408276,7812,SEVEN ARTS ENTERTAINMENT INC
1408278,7370,SYNACOR INC
1408287,2842,ZEP INC
1408356,3620,SOLARCITY CORP
1408443,2834,MILESTONE PHARMACEUTICLS INC
1408501,3572,3PAR INC
1408534,6020,FIRST GUARANTY BANCSHARES
1408710,3670,FABRINET
1409012,2836,ABRAXIS BIOSCIENCE INC
1409134,4400,OSG AMERICA LP
1409171,5080,TITAN MACHINERY INC
1409269,3845,VENUS CONCEPT INC
1409375,3640,ORION ENERGY SYSTEMS INC
1409383,9995,GLOBAL BRANDS ACQUISITION CP
1409475,3679,FERROFLUIDICS CORP
1409493,6798,CHIMERA INVESTMENT CORP
1409775,6020,BBVA COMPASS BANCSHARES INC
1409916,8093,NOBILIS HEALTH CORP
1409970,6141,LENDINGCLUB CORP
1410056,1389,GREENHUNTER RESOURCES INC
1410064,2834,ARYX THERAPEUTICS INC
1410098,2834,CORMEDIX INC
1410172,3674,RUBICON TECHNOLOGY INC
1410240,3663,HUGHES TELEMATICS INC
1410384,7370,Q2 HOLDINGS INC
1410402,6552,CIRCLE ENTERTAINMENT INC
1410428,7990,XPRESSPA GROUP INC
1410471,8090,IPC HEALTHCARE INC
1410636,4941,AMERICAN WATER WORKS CO INC
1410637,7812,RHI ENTERTAINMENT INC
1410703,6036,DANVERS BANCORP INC
1410711,3341,ARMCO METALS HOLDINGS INC
1410838,4922,EL PASO PIPELINE PARTNERS LP
1410939,2836,IVERIC BIO INC
1410997,6798,AMERICAN REALTY CAPITAL TR
1411158,2836,ANACOR PHARMACEUTICALS INC
1411207,3714,ALLISON TRANSMISSION HLDGS
1411303,6020,CAPE BANCORP INC
1411342,6798,ELLINGTON FINANCIAL INC
1411419,8200,CHINAEDU CORP -ADR
1411488,7374,BLACKHAWK NETWORK HLDGS INC
1411574,8090,SURGICAL CARE AFFILIATES INC
1411579,7830,AMC ENTERTAINMENT HOLDINGS
1411583,4922,WILLIAMS PIPELINE PRTNRS -LP
1411685,2836,VISTAGEN THERAPEUTICS INC
1411688,5700,CONTAINER STORE GROUP
1411690,3841,BIONANO GENOMICS INC
1411825,8200,NOAH EDUCATION HOLDINGS -ADR
1411861,3841,MAKO SURGICAL CORP
1411906,2834,AMPIO PHARMACEUTICALS INC
1412043,7370,OPOWER INC
1412067,2836,CASCADIAN THERAPEUTICS INC
1412095,9997,SGOCO GROUP LTD
1412109,6035,SIMPLICITY BANCORP INC
1412203,9995,SPORTS PROPERTIES ACQ CORP
1412232,5040,VWR CORP
1412270,7370,CARE.COM INC
1412347,1220,WESTMORELAND RES PARTNERS LP
1412408,7370,PHREESIA INC
1412486,2834,COCRYSTAL PHARMA INC
1412494,7371,LONGTOP FINANCIAL TECH -ADR
1412558,8731,
1412665,6020,MIDWESTONE FINANCIAL GROUP
1412707,6020,LEVEL ONE BANCORP INC
1412914,6726,BLACKROCK DEFINED OPPORTY TR
1413159,7359,TEXTAINER GROUP HOLDINGS LTD
1413257,100,AGRIA CORP -ADS
1413329,2111,PHILIP MORRIS INTERNATIONAL
1413440,6035,HOME FEDERAL BANCORP INC
1413447,3674,NXP SEMICONDUCTORS NV
1413507,1311,SRC ENERGY INC
1413609,9995,ATLAS ACQUISITION HOLDINGS
1413745,7310,AIRNET TECHNOLOGY INC-ADS
1413837,6020,FIRST FOUNDATION INC
1413855,6411,FANHUA INC -ADS
1413898,2711,DALLASNEWS CORP
1414255,9995,SAPPHIRE INDUSTRIALS CORP
1414374,6020,PARAGON COMMERCIAL CORP
1414475,1311,WESTERN GAS PARTNERS LP
1414767,6211,
1414850,5912,CHINA NEPSTAR CHAIN DRUG-ADS
1414932,6797,OAKTREE SPECIALTY LENDING CP
1415016,7372,GIANT INTERACTIVE GROUP -ADR
1415020,1000,THOMPSON CREEK METALS CO INC
1415022,6035,WSB HOLDINGS INC
1415277,6020,1ST UNITED BANCORP INC
1415301,5812,DEL FRISCOS RESTURNT GRP INC
1415336,3845,ZELTIQ AESTHETICS INC
1415362,9995,OVERTURE ACQUISITION CORP
1415404,4899,ECHOSTAR CORP
1415581,9995,TRIAN ACQUISITION I CORP
1415624,7310,YUME INC
1415813,1311,AMERICAN RESOURCES MGMT CORP
1415841,7372,CDC SOFTWARE CORP  -ADR
1415911,7310,VISIONCHINA MEDIA INC
1415916,4412,GOLAR LNG PARTNERS LP
1415921,4412,NAVIOS MARITIME PARTNERS LP
1415998,7372,JAWZ INC
1416436,2834,BAUSCH & LOMB HLDGS  -REDH
1416569,9995,CHINA CABLECOM HOLDINGS LTD
1416792,2834,RELYPSA INC
1416995,9995,HICKS ACQUISITION CO II INC
1417370,6153,FINCERA INC
1417398,3530,HILLENBRAND INC
1417663,3845,SANUWAVE HEALTH INC
1417754,7990,LINIU TECHNOLOGY GROUP
1417802,6726,VOYA INFRASTR INDL AND MATLS
1417892,1623,RENESOLA LTD
1417926,3841,
1417961,7370,VANCEINFO TECHNOLOGIES -ADR
1418076,6797,SLR INVESTMENT CORP
1418091,7370,TWITTER INC
1418100,7372,AVAYA HLDGS CORP
1418121,6798,APPLE HOSPITALITY REIT INC
1418133,2834,BIOSTAR PHARMACEUTICALS INC
1418135,2080,KEURIG DR PEPPER INC
1418225,3533,WSP HOLDINGS LTD
1418255,9995,BPW ACQUISITION CORP
1418819,4899,IRIDIUM COMMUNICATIONS INC
1418862,2990,KIOR INC
1418919,2834,CPEX PHARMACEUTICALS INC
1419041,2836,
1419178,6282,ARTIO GLOBAL INVESTORS INC
1419242,4991,ATLANTIC POWER CORP
1419275,7374,
1419428,1381,VANTAGE DRILLING CO
1419465,4100,STUDENT TRANSPORTATION INC
1419521,6798,HATTERAS FINANCIAL CORP
1419536,6020,CAPITAL BANCORP INC
1419554,2836,
1419581,3714,FEDERAL-MOGUL HOLDINGS CORP
1419600,2834,FLEXION THERAPEUTICS INC
1419612,3674,SOLAREDGE TECHNOLOGIES INC
1419625,7370,APPTIO INC
1419723,2990,GUSHAN ENVIRONMNTL ENRGY-ADR
1419806,1090,RARE ELEMENT RESOURCES LTD
1419852,5712,MATTRESS FIRM HOLDING CORP
1419945,4412,TEEKAY TANKERS LTD
1419951,7370,
1420302,7370,LOGMEIN INC
1420413,9995,NORTH ASIA INVESTMENT CORP
1420520,3674,ATOMERA INC
1420525,6020,1ST CENTURY BANCSHARES INC
1420529,8200,ATA CREATIVITY GLOBAL -ADS
1420565,2836,AILERON THERAPEUTIC INC
1420720,2836,IBIO INC
1420783,4922,COLUMBIA PIPELINE PRTNRS LP
1420800,3842,COLFAX CORP
1420811,6159,ON DECK CAPITAL INC
1420850,7370,EXACTTARGET INC
1421100,2330,JENNA LANE INC
1421150,4412,BRITANNIA BULK HOLDINGS INC
1421182,2621,VERSO CORP
1421419,3845,AGA MEDICAL HOLDINGS INC
1421461,1400,INTREPID POTASH INC
1421517,3559,ENERGY RECOVERY INC
1421525,3640,CHINA INTELLIGENT LTG & ELCT
1421526,3621,CHINA ELECTRIC MOTOR INC
1421561,2650,CHINA SHENGDA PACKAGING GP
1421712,4412,INCOMED CORP
1421876,2836,GALAPAGOS NV
1422105,3334,NORANDA ALUMINUM HOLDING CP
1422109,1700,BLUE EARTH INC
1422142,2836,AERPIO PHARMACEUTICALS INC
1422143,2836,KURA ONCOLOGY INC
1422183,6797,FS KKR CAPITAL CORP
1422185,3711,TONGXIN INTERNATIONAL LTD
1422678,7350,MEDICAL MANAGEMENT INC
1422841,4941,AQUAVENTURE HOLDINGS LTD
1422862,3569,PMFG INC
1422892,4731,SINO-GLOBAL SHIPPING AMERICA
1422930,7370,PUBMATIC INC
1423221,3442,QUANEX BUILDING PRODUCTS
1423242,7310,CHINA CENTURY DRAGON MEDIA
1423542,3651,SKULLCANDY INC
1423689,6798,AGNC INVESTMENT CORP
1423774,7370,ZUORA INC
1423824,2836,ALDER BIOPHARMACEUTICALS INC
1423869,6020,PCB BANCORP
1423902,4922,WESTERN MIDSTRM PRTNRS LP
1424182,6798,BROADSTONE NET LEASE INC
1424657,4812,CUENTAS INC
1424755,7370,TRAVELPORT WORLDWIDE LTD
1424847,2111,LORILLARD INC
1424929,3751,FOX FACTORY HOLDING CP
1425205,2836,IOVANCE BIOTHERAPEUTICS INC
1425287,3711,WORKHORSE GROUP INC
1425292,2870,CVR PARTNERS LP
1425355,6153,
1425450,3842,ORTHOPEDIATRICS CORP
1425565,3690,REAL GOODS SOLAR INC
1425627,3829,
1425715,5093,GUANWEI RECYCLING CORP
1425923,6798,COLE REAL ESTATE INVESTMENTS
1426332,2836,NGM BIOPHARMACEUTICAL INC
1426800,2836,ASSEMBLY BIOSCIENCES INC
1426945,4731,ECHO GLOBAL LOGISTICS INC
1427553,5700,GUITAR CENTER INC
1427570,3845,OBALON THERAPEUTICS INC
1427925,2834,ACELRX PHARMACEUTICALS INC
1428156,8731,CELERA CORP
1428205,6798,ARMOUR RESIDENTIAL REIT INC
1428336,6324,HEALTHEQUITY INC
1428439,4841,ROKU INC
1428522,2836,RADIUS HEALTH INC
1428875,7340,TERMINIX GLOBAL HOLDINGS INC
1429260,2836,FORTRESS BIOTECH INC
1429360,3537,WOWJOINT HOLDINGS LTD
1429386,2836,PHASERX INC
1429494,2834,
1429560,2836,TREVENA INC
1429688,9995,FINTECH ACQUISITION CP II
1429764,3714,BLINK CHARGING CO
1429937,1040,B2GOLD CORP
1430124,3571,ALTOS COMPUTER SYS
1430162,5172,
1430306,2836,TONIX PHARMACEUTICALS HLDG
1430452,7372,PANSOFT COMPANY LIMITED
1430592,6282,FINANCIAL ENGINES INC
1430602,4833,SCRIPPS NETWORKS INTERACTIVE
1430723,6020,SERVISFIRST BANCSHARES INC
1430725,4400,GLOBAL SHIP LEASE INC
1431372,1311,GASTAR EXPLORATION INC
1431567,6020,OAK VALLEY BANCORP
1431695,7370,
1431852,1040,
1431897,2000,ANNIE'S INC
1431959,3679,
1432133,7370,
1432150,3674,GIGPEAK INC
1432196,1040,PERSHING GOLD CORP
1432732,3841,TRIVASCULAR TECHNOLOGIES INC
1433195,7370,APPFOLIO INC
1433270,1311,ANTERO RESOURCES CORP
1433607,3845,INSPIREMD INC
1433642,6282,HAMILTON LANE INC
1433660,3550,JOHN BEAN TECHNOLOGIES
1433714,7370,CASTLIGHT HEALTH INC
1434130,6726,MORGAN STAN FRONTIER EMG MKT
1434220,7011,7 DAYS GROUP HLDGS LTD  -ADR
1434265,2836,GENMAB AS
1434316,2836,FATE THERAPEUTICS INC
1434418,2836,CONSTELLATION PHARMCTCL
1434524,3823,CLEARSIGN TECHNOLOGIES CORP
1434569,7011,WRATHER CORP
1434588,8200,GRAND CANYON EDUCATION INC
1434589,3711,T3 MOTION INC
1434598,8734,CLINTRIALS RESEARCH INC
1434614,1040,SANDSTORM GOLD LTD
1434620,6532,ILG INC
1434621,6163,LENDINGTREE INC
1434647,2834,KEMPHARM INC
1434728,4941,GLOBAL WATER RESOURCES INC
1434729,5961,HSN INC
1434754,4412,SAFE BULKERS INC
1434842,1389,FORBES ENERGY SERVICES LTD
1434868,2834,ESPERION THERAPEUTICS INC
1435049,2836,
1435064,3829,CEMTREX INC
1435508,6020,FIRST SAVINGS FINANCIAL GP
1436040,7381,BRINKS HOME SECURITY HLDGS
1436126,8711,MISTRAS GROUP INC
1436208,2451,LEGACY HOUSING CORP
1436229,7370,
1436304,2836,KYTHERA BIOPHARMA INC
1436425,6035,HOME BANCORP INC
1436549,2990,METHES ENERGIES INTL LTD
1436612,9995,DJSP ENTERPRISES INC
1437071,6798,INVESCO MORTGAGE CAPITAL INC
1437106,7380,ASCENT CAPITAL GROUP INC
1437107,4841,DISCOVERY INC
1437226,7361,MASTECH DIGITAL INC
1437260,4412,NAVIOS MARITIME ACQUISITION
1437352,7370,EVERBRIDGE INC
1437402,2836,ARDELYX INC
1437424,3674,POET TECHNOLOGIES INC
1437491,7389,ECOARK HOLDINGS INC
1437557,1311,LILIS ENERGY INC
1437578,8351,BRIGHT HORIZONS FAMILY SOLTN
1437786,2836,IMMUNE DESIGN CORP
1437925,7990,
1437958,6020,COASTAL FINANCIAL CORP
1438133,3845,TANDEM DIABETES CARE INC
1438231,7370,DIGIMARC CORP
1438423,3674,EVERSPIN TECHNOLOGIES INC
1438472,6200,
1438533,2836,TRAVERE THERAPEUTICS INC
1438569,2836,
1438644,8200,CHINA DISTANCE EDUCATION-ADR
1438731,7374,ALJ REGIONAL HOLDINGS INC
1438893,6726,GAMCO NAT RES GOLD & INCM TR
1439095,5051,MRC GLOBAL INC
1439124,4911,ELETROBRAS-CENTR ELETR BRAS
1439199,7361,CTPARTNERS EXEC SEARCH INC
1439222,2836,AGIOS PHARMACEUTICALS
1439229,7311,CHINA MASS MEDIA CORP
1439288,3430,REXNORD CORP
1439404,7372,ZYNGA INC
1439725,8071,BIODESIX INC
1440024,4731,ROADRUNNER TRANS SYSTEMS INC
1440130,4941,UNITED UTILITIES GROUP PLC
1440292,6798,UNITED DEV FUNDING IV
1440972,1400,LITHIUM AMERICAS CORP
1441236,2631,CLEARWATER PAPER CORP
1441567,7374,MMODAL INC
1441683,7370,APPIAN CORP
1441693,2870,MARRONE BIO INNOVTIONS
1441816,7370,MONGODB INC
1441848,2836,FACET BIOTECH CORP
1441849,1220,CLOUD PEAK ENERGY INC
1442145,8742,VERISK ANALYTICS INC
1442215,1311,AZTEC ENERGY CORP/UT
1442222,7372,AUTHENTIDATE HOLDING -OLD
1442236,4950,QUEST RESOURCE HOLDING CORP
1442505,4899,CLEARWIRE CORP
1442596,7370,YOUKU TUDOU INC
1442620,3533,RECON TECHNOLOGY LTD
1442626,6798,BLUEROCK RESIDENTIAL GROWTH
1442741,6020,XENITH BANKSHARES INC-OLD
1442836,2836,MERSANA THRPEUTIC INC
1443062,4955,BIOMEDICAL TECHNOLOGY SOLTNS
1443387,6726,RMR REAL ESTATE INCM FD -OLD
1443575,6020,AVIDBANK HOLDINGS INC
1443646,7370,BOOZ ALLEN HAMILTON HLDG CP
1443669,3559,PROTO LABS INC
1443799,4412,GENER8 MARITIME INC
1443979,9995,CHINA NETWORKS INTL HOLDINGS
1444064,6200,MCCORMICK CAPITAL INC
1444192,2833,ACASTI PHARMA INC
1444307,2836,ONCOSEC MEDICAL INC
1444363,6200,GAIN CAPITAL HOLDINGS INC
1444380,3845,NEVRO CORP
1444397,6035,OCEAN SHORE HOLDING CO
1444406,2911,ECOPETROL SA
1444598,7374,EMDEON INC
1444677,5065,FUNTALK CHINA HOLDINGS LTD
1444706,9995,CROSSROADS CAPITAL INC
1444914,5331,UNIVERSAL INTL INC
1445283,2836,
1445305,7370,WORKIVA INC
1445499,2834,
1445930,6020,KB FINANCIAL GROUP
1446159,3841,PREDICTIVE ONCOLOGY INC
1446251,7363,ADECCO GROUP AG
1446847,2834,IRONWOOD PHARMACEUTICALS INC
1447028,2836,ARBUTUS BIOPHARMA CORP
1447051,6036,TERRITORIAL BANCORP INC
1447362,8071,CASTLE BIOSCIENCES INC
1447382,1381,OCEAN RIG UDW INC
1447599,3663,FITBIT INC
1447669,7370,TWILIO INC
1448056,7370,NEW RELIC INC
1448301,6036,ANCHOR BANCORP/WA
1448397,4412,SEANERGY MARITIME HLDGS CORP
1448431,7370,OPTIMIZERX CORP
1448893,6351,ESSENT GROUP LTD
1449278,7372,TUBEMOGUL INC
1449488,1382,CSI COMPRESSCO LP
1449579,3674,STATS CHIPPAC LTD
1449732,1623,WILLBROS GROUP INC
1449792,3612,PIONEER POWER SOLUTIONS INC
1449801,3312,CHINA GERUI ADV MATERIALS GP
1449877,2911,PETROBRAS ARGENTINA SA
1450307,5812,LINDAS DIVERSIFED HLDGS-CL A
1450445,6726,NUVEEN AMT-FREE MUNI VL FD
1450598,4899,INVITEL HOLDINGS AS  -ADR
1450704,5171,
1451505,1381,TRANSOCEAN LTD
1451809,3674,SITIME CORP
1451951,7370,FRIENDFINDER NETWORKS INC
1452217,2860,TPC GROUP INC
1452384,1381,SEAHAWK DRILLING INC
1452477,6798,RMR MORTGAGE TRUST
1452575,2020,MEAD JOHNSON NUTRITION CO
1452751,3572,NIMBLE STORAGE INC
1452857,9997,STEEL PARTNERS HOLDINGS LP
1452965,3841,
1453015,3690,BALLARD POWER SYSTEMS INC
1453593,3842,XTANT MEDICAL HOLDINGS INC
1453687,2836,SELECTA BIOSCIENCES INC
1453814,7370,MEDIDATA SOLUTIONS INC
1453820,6331,PENN MILLERS HOLDING CORP
1454021,6726,WESTERN ASSET MUN DEF OPP TR
1454189,2836,AUSPEX PHARMACEUTICALS INC
1454389,6162,STONEGATE MORTGAGE CORP
1454741,6726,EATON VANCE NATL MUN OPP TR
1454789,2836,CATABASIS PHARMACEUTICALS
1454938,7370,
1454978,6726,NUVEEN PA MUNICIPAL VALUE FD
1454979,6726,NUVEEN CA MUNICIPAL VL FD 2
1454980,6726,NUVEEN NJ MUNICIPAL VALUE FD
1454981,6726,NUVEEN NY MUNICIPAL VL FD 2
1455365,2834,
1455684,3510,TPI COMPOSITES INC
1455886,1040,PRIMERO MINING CORP
1456346,6795,FRANCO-NEVADA CORP
1456772,6798,OFFICE PROPERTIES INCOME TR
1457543,3841,CAREFUSION CORP
1457612,2836,GENOCEA BIOSCIENCES INC
1458412,6020,CROSSFIRST BANKSHARES INC
1458660,4412,STOLT NIELSEN LTD
1458696,7372,CHANGYOU.COM LTD
1458962,7370,MINDBODY INC
1459200,7370,ALARM.COM HOLDINGS INC
1459266,2834,ZS PHARMA INC
1459417,8200,2U INC
1459450,2836,MYREXIS INC
1459839,3842,SI-BONE INC
1460198,3841,KIPS BAY MEDICAL INC
1460329,8742,FLUENT INC
1460602,2836,ORGENESIS INC
1460702,2836,QUALIGEN THERAPEUTICS INC
1460801,7373,TRI-TECH HOLDING INC
1461119,8011,CRH MEDICAL CORP
1461640,6020,HOMETOWN BANKSHARES CORP
1461755,6020,ATLANTIC CAP BANCSHARES INC
1461993,2834,MELINTA THERAPEUTICS INC
1462056,7370,
1462120,6020,LIVE OAK BANCSHARES INC
1462223,7370,
1462418,6531,ALTISOURCE PORTFOLIO SOLTNS
1462586,6726,WESTERN ASSET INVST GR DF OP
1462633,7372,JIVE SOFTWARE INC
1462694,6020,CONNECTONE BANCORP INC -OLD
1463101,3674,ENPHASE ENERGY INC
1463172,7370,ZENDESK INC
1463258,2990,RENEWABLE ENERGY GROUP INC
1463361,2836,UNTY BIOTCHNLGY INC
1463398,2890,CHEMSPEC INTL LTD  -ADR
1463471,2990,MISSION NEWENERGY LTD
1463729,2836,RECEPTOS INC
1463833,2721,IDW MEDIA HOLDINGS INC
1463959,2834,DS HEALTHCARE GROUP INC
1463972,3827,VUZIX CORP
1464343,6141,ATLANTICUS HOLDINGS CORP
1464423,6798,PENNYMAC MORTGAGE INVEST TR
1464521,7370,
1464591,1311,GEOPARK LTD
1464790,6211,B. RILEY FINANCIAL INC
1464963,6797,FIRST EAGLE ALTERNATIVE CAPI
1465112,4841,DIRECTV
1465128,6798,STARWOOD PROPERTY TRUST INC
1465317,3580,DUOYUAN GLOBAL WATER  -ADR
1465740,6798,TWO HARBORS INVESTMENT CORP
1465885,6798,WESTERN ASSET MTG CAPITAL CP
1466026,6020,MIDLAND STATES BANCORP
1466085,6798,INDEPENDENCE REALTY TRUST
1466258,3585,TRANE TECHNOLOGIES PLC
1466292,6020,CORDIA BANCORP INC
1466301,2836,CLOVIS ONCOLOGY INC
1466538,6282,COWEN INC
1466593,4911,OTTER TAIL CORP
1466815,7370,CAMBIUM LEARNING GROUP INC
1467027,6798,CREXUS INVESTMENT CORP
1467154,2834,NOVAN INC
1467373,8742,ACCENTURE PLC
1467623,7370,DROPBOX INC
1467652,2834,NEOS THERAPEUTICS INC
1467760,6798,APOLLO COMMERCIAL RE FIN INC
1467761,3661,MINIM INC
1467808,8090,GLOBAL CORD BLOOD CORP
1467858,3711,GENERAL MOTORS CO
1467981,5812,SYBRA INC
1468079,1311,ADVANTAGE ENERGY LTD
1468091,4812,VEON LTD
1468174,7011,HYATT HOTELS CORP
1468327,7200,
1468328,8082,ADDUS HOMECARE CORP
1468492,3845,
1468516,7370,AOL INC
1468522,1600,
1468642,1040,AURA MINERALS INC
1468666,7372,SECUREWORKS CORP
1468748,2836,KODIAK SCIENCES INC
1468929,3842,
1468944,6552,CHINA METRO-RURAL HOLDINGS
1469134,6020,FIRST CMNTY FINL PARTNERS
1469367,3620,SUNRUN INC
1469372,4841,MSG NETWORKS INC
1469392,6726,NUVEEN ENHANCED MUNI VALUE
1469395,4911,PAMPA ENERGIA SA
1469433,7370,ANCESTRY.COM INC
1469443,100,ARCADIA BIOSCIENCES INC
1469510,1311,RESOLUTE ENERGY CORP
1469606,5171,ANDATEE CHINA MARINE FUEL
1470099,7370,MOBILEIRON INC
1470157,7372,SHANDA GAMES LTD  -ADR
1470205,6020,COUNTY BANCORP INC
1470215,8742,TOWERS WATSON & CO
1470579,1311,
1470683,5961,ANTELOPE ENTERPRISE HLDG LTD
1470699,8200,ARCHIPELAGO LEARNING INC
1470795,6035,OMNIAMERICAN BANCORP INC
1471038,7373,GLOBAL DEFNSE TCH & SYS INC
1471055,6020,BANCO SANTANDER BRASIL  -ADR
1471088,6035,OBA FINANCIAL SERVICES INC
1471261,1311,COBALT INTL ENERGY INC
1471265,6036,NORTHWEST BANCSHARES INC
1471420,6726,COLUMBIA SELIGMAN PRM TEC GR
1471458,5600,RUE21 INC
1471727,2040,BETTER CHOICE CO INC
1472012,2836,IMMUNOME INC
1472072,8060,CONCORD MEDICAL SVCS  -ADR
1472091,2836,PDS BIOTECHNOLOGY CORP
1472215,6726,NUVEEN MORTGAGE OPPRTNY TRM
1472326,1400,
1472341,6726,WESTERN ASST GBL CORP DFN OP
1472343,2835,SORRENTO TECH INC
1472353,8742,CHINA REAL ESTATE INFO  -ADR
1472619,1040,LONCOR GOLD INC
1472787,6361,FIRST AMERICAN FINANCIAL CP
1473061,1311,POSTROCK ENERGY CORP
1473078,6798,CHESAPEAKE LODGING TRUST
1473298,7990,STRATOSPHERE CORP
1473334,2510,NOVA LIFESTYLE INC
1473597,3674,STR HOLDINGS INC
1473844,6020,CBTX INC
1474042,4412,BALTIC TRADING LTD
1474098,6798,PEBBLEBROOK HOTEL TRUST
1474167,5122,COSMOS HOLDINGS INC
1474432,3572,PURE STORAGE INC
1474439,4899,TELENAV INC
1474464,6798,NEW YORK REIT INC
1474547,1090,TASMAN METALS LTD
1474558,9995,KAT EXPLORATION INC
1474627,5961,
1474735,3621,GENERAC HOLDINGS INC
1474777,6798,AMERICAN FARMLAND CO
1474835,2834,INTELLIPHARMACEUTICS INTL
1474903,7363,BGSF INC
1474952,2834,CHINA NUOKANG BIO-PHARMA-ADR
1475115,7370,EVENTBRITE INC
1475260,2911,CENOVUS ENERGY INC
1475274,7370,RETAILMENOT INC
1475348,6020,LUTHER BURBANK CORP
1475841,6020,NATIONAL BANK HLDGS CORP
1475922,6311,PRIMERICA INC
1476003,5122,AMERISOURCE CORP
1476034,6020,METROPOLITAN BANK HLDNG
1476045,6798,CHATHAM LODGING TRUST
1476150,6798,TERRENO REALTY CORP
1476170,3841,UNILIFE CORP
1476204,6798,
1476264,6020,WASHINGTONFIRST BANKSHARES
1476651,6020,FCB FINANCIAL HOLDINGS INC
1476719,5400,CRUMBS BAKE SHOP INC
1476721,6726,EUNITS 2 YR U S MKT PARTN TR
1476765,6797,GOLUB CAPITAL BDC INC
1476840,7370,
1476963,2836,HEAT BIOLOGICS INC
1477032,1400,PROSPECT GLOBAL RESOURCES
1477081,1311,KOLIBRI GLOBAL ENERGY INC
1477156,4991,CHINA HYDROELECTRIC CORP-ADR
1477200,7370,ROCKET FUEL INC
1477246,100,S&W SEED CO
1477294,3823,SENSATA TECHNOLOGES HLDG PLC
1477324,6531,IFM INVESTMENTS LTD
1477333,7370,CLOUDFLARE INC
1477425,7370,SENDGRID INC
1477449,8090,TELADOC HEALTH INC
1477598,2834,OMTHERA PHARMACEUTICALS
1477641,3674,DAQO NEW ENERGY CORP
1477720,7370,ASANA INC
1477815,5812,
1477845,2836,ANNOVIS BIO INC
1478069,2836,CONTRAFECT CORP
1478085,3089,GRAHAM PACKAGING CO INC
1478102,6726,WESTERN ASSET MORTGAGE OP FD
1478121,2836,PFENEX INC
1478242,8731,IQVIA HOLDINGS INC
1478320,2835,ADAPTIVE BIOTECH CORP
1478454,6020,EAGLE BANCORP MONTANA INC
1478484,5961,ZULILY INC
1478726,6035,CHARTER FINANCIAL CORP/MD
1478888,6726,NUVEEN TAXABLE MNCPL INC FD
1478950,6798,EXCEL TRUST INC
1479094,6798,STAG INDUSTRIAL INC
1479238,6726,NUVEEN MTG OPP TERM FD 2
1479290,2836,REVANCE THERAPEUTICS INC
1479419,2836,KALA PHARMECUTICAL INC
1479426,7373,DYNAVOX INC
1479615,2836,SILENCE THERAPEUTICS PLC
1479681,8060,
1479750,6020,CAPITAL BANK FINANCIAL CORP
1479920,4412,TBS INTERNATIONAL PLC
1480999,6726,EATON VANCE TAX-MG BUY-WT ST
1481055,4412,CRUDE CARRIERS CORP
1481241,4412,PERFORMANCE SHIPPPING INC
1481506,4922,PAA NATURAL GAS STORAGE LP
1481512,2836,RA PHARMACEUTICALS INC
1481513,3674,JINKOSOLAR HOLDING CO
1481582,5051,RYERSON HOLDING CORP
1481646,8090,ACCOLADE INC
1481792,2750,QUAD/GRAPHICS INC
1481832,6798,PREFERRED APARTMENT CMNTYS
1482080,2836,CELLULAR DYNAMICS INTL INC
1482512,6798,HUDSON PACIFIC PPTYS INC
1482541,3523,SURNA INC
1482981,2086,
1483096,1311,WILLIAMS PARTNERS LP
1483195,6035,ORITANI FINANCIAL CORP
1483405,1311,BELLATRIX EXPLORATION LTD
1483510,5600,EXPRESS INC
1483830,4922,NISKA GAS STORAGE PARTNERS
1483934,4412,SCORPIO TANKERS INC
1483994,7011,HUAZHU GROUP LTD
1484457,1000,ALDERON IRON ORE CORP
1484478,2834,FURIEX PHARMACEUTICALS INC
1484504,7373,GIGAMON INC
1484565,2836,SOLENO THERAPEUTICS INC
1484612,3845,OUTSET MEDICAL INC
1484769,7370,
1484778,5961,
1484949,6036,JACKSONVILLE BANCORP INC/MD
1485001,6036,ONEIDA FINANCIAL CORP
1485003,2836,SESEN BIO INC
1485176,6035,FOX CHASE BANCORP INC
1485469,3711,TOWER INTERNATIONAL INC
1485487,7310,CHARM COMMUNICATIONS INC
1485527,6020,COLONIAL FINANCIAL SVCS INC
1485538,3310,OSSEN INNOVATION CO LTD -ADR
1485922,6512,PRIME ACQUISITION CORP
1485933,7372,TRUNKBOW INTL HOLDINGS LTD
1485964,6035,PEOPLES FEDERAL BANCSHS INC
1486058,6035,FEDFIRST FINANCIAL CORP
1486159,1311,OASIS PETROLEUM INC
1486298,6726,BLACKSTONE/GSO SR FLT RT FD
1486299,200,BIQI INTL HLDGS CORP
1486800,6099,HIGHER ONE HOLDINGS INC
1486957,3559,BWX TECHNOLOGIES INC
1487052,6020,LEGACY TEX FINANCIAL GRP INC
1487101,7370,KEYW HOLDING CORP
1487197,2030,BARFRESH FOOD GROUP INC
1487198,8200,ASPEN GROUP INC
1487295,7372,CAMELOT INFO SYSTEMS INC-ADR
1487310,2835,BIOSITE INC
1487371,3845,GENMARK DIAGNOSTICS INC
1487428,6797,HORIZON TECHNOLOGY FINANCE
1487525,3845,MEAT-TECH 3D LTD
1487610,6726,NEUBERGER BERMAN H YLD ST FD
1487712,7359,AIR LEASE CORP
1487730,3690,SPECTRUM BRANDS HOLDINGS INC
1487782,6798,REVEN HOUSING REIT INC
1487839,7370,LUOKUNG TECHNOLOGY CORP
1487843,4400,YANGTZE RIV PORT & LGSTC LTD
1487906,7370,DIGILITI MONEY GROUP INC
1487918,6797,OFS CAPITAL CORP
1487952,3674,VISHAY PRECISION GROUP INC
1487986,4813,HAWAIIAN TELCOM HOLDCO INC
1487990,3674,AEROFLEX HOLDING CORP
1487999,7359,SEACUBE CONTAINER LEASING
1488039,2836,ATOSSA THERAPEUTICS INC
1488075,7370,INTRALINKS HOLDINGS INC
1488139,1600,AMERESCO INC
1488613,2836,FOUNDATION MEDICINE INC
1488775,6726,CLEARBRIDGE ENERGY MLP FUND
1488813,6020,CUSTOMERS BANCORP INC
1488917,3845,ELECTROMED INC
1489077,2834,TIBET PHARMACEUTICALS INC
1489096,3690,THERMON GROUP HOLDINGS INC
1489136,5171,SEMGROUP CORP
1489137,3390,MOLYCORP INC
1489147,3577,SMART TECHNOLOGIES INC
1489161,3845,IMRIS INC
1489393,2820,LYONDELLBASELL INDUSTRIES NV
1489784,2200,LIZHAN ENVIRONMENTAL CORP
1489895,7372,AUTONAVI HLDG LTD
1489979,5411,FRESH MARKET INC
1490013,6797,FULL CIRCLE CAPITAL CORP
1490161,2030,SOW GOOD INC
1490165,7350,ERICKSON INC
1490186,7812,WILDBRAIN LTD
1490281,5960,GROUPON INC
1490286,6726,TORTOISE MIDSTRM EN FUND INC
1490349,6797,PHENIXFIN CORP
1490366,2085,CHINA NEW BORUN CORP -ADR
1490412,7372,VELTI PLC
1490630,1220,RHINO RESOURCE PARTNERS LP
1490636,5600,G-ESTATE LIQUIDATION STORES
1490658,6141,CASH STORE FINANCIAL SVCS
1490660,7370,MARKETO INC
1490892,6798,CORESITE REALTY CORP
1490906,6035,CAPITOL FEDERAL FINL INC
1490930,7812,DIGITAL DOMAIN MEDIA GRP INC
1490978,7372,SCHRODINGER INC
1490983,6798,CAMPUS CREST COMMUNITIES INC
1491419,7370,LIVEXLIVE MEDIA
1491501,5051,TMS INTERNATIONAL CORP
1491576,2836,TESARO INC
1491778,7370,ANGIE'S LIST INC
1492165,6020,PREFERRED BANK LOS ANGELES
1492261,3824,ELSTER GROUP SE  -ADR
1492298,6798,SABRA HEALTH CARE REIT INC
1492422,2836,APELLIS PHARMACEUTICALS
1492426,2836,HORIZON THERAPEUTICS PUB LTD
1492633,8700,NIELSEN HOLDINGS PLC
1492658,3842,WRIGHT MEDICAL GROUP NV
1492674,2835,T2 BIOSYSTEMS INC
1492691,4213,KNIGHT-SWIFT TRPTN HLDGS INC
1492832,1311,EQUAL ENERGY LTD
1492915,6036,STANDARD AVB FINANCIAL CORP
1492966,8200,NORD ANGLIA EDUCATION INC
1493182,6035,SP BANCORP INC
1493225,6035,NORTHFIELD BANCORP INC
1493318,6211,
1493491,6036,HERITAGE FINANCIAL GP INC
1493523,6726,NUVEEN BUILD AMERICA BD OPP
1493552,6035,NAUGATUCK VALLEY FINANCIAL
1493566,2836,OTONOMY INC
1493594,3674,M/ACOM TECHNOLOGY SOLUTIONS
1493637,3674,RDA MICROELECTRONCS INC -ADR
1493639,7370,PACTERA TECHNOLOGY INTL
1493761,3577,TURTLE BEACH CORP
1494037,3577,SAFENET HOLDING CORP-REDH
1494259,7370,CARGURUS INC
1494319,5160,UNIVAR SOLUTIONS INC
1494448,6159,EMERGENT CAPITAL INC
1494530,6726,FIRST TRUST HIGH INCM LG/SHR
1494538,6797,CORPORATE CAPITAL TR INC
1494558,8200,AMBOW EDUCATION HLDGS
1494582,7310,BOSTON OMAHA CORP
1494650,2834,OPTINOSE INC
1494891,3845,SENSUS HEALTHCARE INC
1494904,6331,GLOBAL INDEMNITY GROUP LLC
1495153,4700,MAKEMYTRIP LTD
1495222,6199,OXFORD LANE CAPITAL CORP
1495231,7370,IZEA WORLDWIDE INC
1495240,6798,GLADSTONE LAND CORP
1495320,3100,VERA BRADLEY INC
1495479,5812,BRAVO BRIO RESTAURANT GP INC
1495569,3663,MOTOROLA MOBILITY HLDGS INC
1495660,3841,CHINA KANGHUI HOLDINGS -ADR
1495766,5411,TOPS MARKETS INC
1495825,6726,GUGGENHEIM TAXABLE MUN MNGD
1495925,6411,FORTEGRA FINANCIAL CORP
1495932,6531,EXP WORLD HOLDINGS INC
1496048,6798,BROOKFIELD PROPERTY REIT
1496099,6797,NEW MOUNTAIN FINANCE CORP
1496292,6726,VOYA EM MKTS HI INCM DIV EQ
1496323,2836,IGM BIOSCIENCES INC
1496371,4812,AZURE HEALTH TECHNOLOGY LTD
1496443,7389,PAYSIGN INC
1496623,6141,NETSPEND HOLDINGS INC
1496631,6020,FIRST NBC BANK HOLDING CO
1496671,2836,CALITHERA BIOSCIENCES INC
1496963,7370,
1497186,6726,WESTERN ASSET HIGH YLD DFND
1497253,2836,ORGANOVO HOLDINGS INC
1497270,1040,EXTORRE GOLD MINES LTD
1497275,6020,STATE BANK FINANCIAL CORP
1497350,5122,INVENTIV GROUP HLDGS -REDH
1497504,2834,PLX PHARMA INC
1497645,6798,SUMMIT HOTEL PROPERTIES INC
1497770,6162,WALKER & DUNLOP INC
1497862,6531,SYSWIN INC  -ADR
1498021,8090,EXAMWORKS GROUP INC
1498068,8090,AMERICAN RENAL ASSOCS HLDGS
1498233,3829,
1498301,5621,ASCENA RETAIL GROUP INC
1498382,2836,KINTARA THERAPEUTICS INC
1498403,2836,BIOLINE RX LTD
1498576,7370,CHINACACHE INTL HLDGS  -ADR
1498612,6726,COHEN & STEERS SL PFD & INC
1498710,4512,SPIRIT AIRLINES INC
1498720,6200,INTERACTIVE DATA HLDGS -REDH
1499422,6020,RBB BANCORP
1499453,6020,SPRT OF TXS BNCSR INC
1499470,2834,SHANGPHARMA CORP -ADR
1499494,7371,
1499505,2060,ADECOAGRO SA
1499506,100,LE GAGA HOLDINGS LTD  -ADR
1499543,6282,NOAH HOLDINGS LTD  -ADR
1499593,9995,AUSTRALIA ACQUISITION CORP
1499599,7370,TUDOU HOLDINGS LTD  -ADR
1499619,8200,XUEDA EDUCATION GROUP  -ADR
1499620,8200,TAL EDUCATION GROUP
1499673,5500,LENTUO INTERNATIONAL -ADR
1499686,6798,AVIV REIT INC
1499717,7363,STAFFING 360 SOLUTIONS INC
1499744,5961,E-COMMERCE CH DANGDANG -ADR
1499780,4412,GLOBUS MARITIME LTD
1499781,7370,BITAUTO HOLDINGS LTD  -ADR
1499807,3841,K2M GROUP HOLDINGS INC
1499832,4832,TOWNSQUARE MEDIA INC
1499849,100,BRASILAGRO CIA BRAS DE PROP
1499875,6798,AMERICAN REALTY CAP HLTHCR
1499912,6211,GLOBAL BROKERAGE INC
1499934,5812,COUNTRY STYLE COOK
1499961,3711,NET ELEMENT INC
1500096,6726,KAYNE ANDERSON MDSTRM/ENG FD
1500108,8200,GLB EDUCATION & TECH -ADR
1500198,3845,
1500213,6036,SI FINANCIAL GROUP INC
1500217,6798,AMERICAN ASSETS TRUST INC
1500252,7372,SKY-MOBI LTD  -ADR
1500308,7370,ISOFTSTONE HOLDINGS LTD -ADR
1500341,3411,BWAY INTERMEDIATE CO INC
1500375,6035,HOME FEDERAL BANCORP INC/LA
1500412,3674,
1500424,1311,HEMISPHERE ENERGY CORP
1500435,3861,GOPRO INC
1500689,3510,CHINA MING YANG WIND PWR-ADR
1500836,6035,WOLVERINE BANCORP INC
1500866,7370,INTERXION HOLDING NV
1500881,1090,ENCORE ENERGY CORP
1501078,6035,OCONEE FEDERAL FINANCIAL CP
1501103,6199,STONE HARBOR EMERGING MKT FD
1501134,8071,INVITAE CORP
1501176,2320,ZUOAN FASHION LTD  -ADR
1501364,6036,UNITED FINANCIAL BANCORP INC
1501570,6020,VERITEX HOLDINGS INC
1501585,3730,HUNTINGTON INGALLS IND INC
1501756,2836,ADVERUM BIOTECHNOLOGIES
1501775,7389,MECOX LANE LTD
1501796,2836,
1501919,7372,SSI INVESTMENTS II LTD
1501989,2836,CYTOMX THERAPEUTICS INC
1502012,1311,QR ENERGY LP
1502034,5400,GNC HOLDINGS INC
1502154,1040,ALIO GOLD INC
1502292,6331,CONIFER HOLDINGS INC
1502377,1040,CONTANGO ORE INC
1502505,1382,SINOTECH ENERGY LTD  -ADR
1502554,1531,BROOKFIELD RESIDENTIAL PPTYS
1502573,6726,APOLLO SENIOR FLOATING RT FD
1502711,6726,NUVEEN ENERGY MLP TOTAL RET
1502749,6035,EVERBANK FINANCIAL CORP
1502916,3634,SODASTREAM INTERNATIONAL LTD
1503274,3845,QUANTERIX CORP
1503290,6726,ABERDEEN INCM CRED STRA FUND
1503518,8090,21ST CENTURY ONCOLOGY HLDGS
1503584,4412,COSTAMARE INC
1503768,1040,
1503802,2836,KARYOPHARM THERAPEUTICS INC
1504008,6020,BANKUNITED INC
1504167,2834,TIMBER PHARMACEUTICALS INC
1504234,6726,BLACKSTONE/GSO LONG-SHORT FD
1504379,3281,CAESARSTONE LTD
1504461,5172,NGL ENERGY PARTNERS LP
1504545,6726,BRANDYWINEGBL GBL INCM OPP
1504619,6797,PENNANTPARK FLOATING RT CAP
1504678,2821,LOOP INDUSTRIES INC
1504747,5160,SWISHER HYGIENE INC
1504776,5990,
1504795,4412,BOX SHIPS INC
1504796,7822,BONA FILM GROUP LTD -ADR
1505065,3845,BRAINSWAY LTD
1505155,7370,UPLAND SOFTWARE INC
1505413,1311,VOC ENERGY TRUST
1505497,2836,BIORESTORATIVE THERAPIES INC
1505512,2836,REGULUS THERAPEUTICS INC
1505611,7370,DECISIONPOINT SYSTEMS INC
1505706,4512,
1505732,6020,BANKWELL FINANCIAL GROUP INC
1505823,6035,FRANKLIN FINANCIAL CORP/VA
1505952,7370,DOMO INC
1506184,2836,IMMUTEP LTD
1506251,2834,CITIUS PHARMACEUTICALS INC
1506289,6726,BLACKROCK RESOURCES & CMD ST
1506293,7370,PINTEREST INC
1506307,4923,KINDER MORGAN INC
1506401,6798,INFRAREIT INC
1506439,7370,SHARPSPRING INC
1506488,6726,CUSHING NEXTGEN INFRSTR INC
1506492,3845,NUWELLIS INC
1506756,3714,CHINA ZENIX AUTO INTL  -ADR
1506928,3841,AVINGER INC
1506932,1311,LONE PINE RESOURCES INC
1506983,3845,INTEGRITY APPLICATIONS INC
1507051,7372,TAOMEE HOLDINGS LTD -ADR
1507079,5211,FLOOR & DECOR HLDGS
1507154,9995,NAUTILUS MARINE ACQ CORP
1507277,6020,PARK STERLING CORP
1507319,4950,CHEM-NUCLEAR SYSTEMS INC
1507385,6798,VEREIT INC
1507605,7370,MARATHON DIGITAL HOLDNGS INC
1507615,4610,ANDEAVOR LOGISTICS LP
1507881,8060,USMD HOLDINGS INC
1507934,4833,STARZ
1507957,3674,IDEAL POWER INC
1507964,1040,CORVUS GOLD INC
1507986,6099,JETPAY CORP
1508171,6797,SLR SENIOR INVESTMENT CORP
1508475,7370,21VIANET GROUP INC
1508478,5812,ARCOS DORADOS HOLDINGS INC
1508655,6797,SIXTH STREET SPECIALTY LENDI
1508844,1040,PRETIUM RESOURCES INC
1508913,7372,360 SECURITY TECHNOLOGY INC
1509190,2836,ARATANA THERAPEUTICS
1509223,7370,RENREN INC
1509261,2836,REZOLUTE INC
1509432,6794,RPX CORP
1509470,6797,SURO CAPITAL CORP
1509589,1311,BONANZA CREEK ENERGY INC
1509646,7370,PHOENIX NEW MEDIA LTD  -ADR
1509745,2836,LEAP THERAPEUTICS INC
1509892,6799,GARRISON CAPITAL INC
1509986,7370,LINK MOTION INC -ADR
1509991,1311,KOSMOS ENERGY LTD
1510295,2911,MARATHON PETROLEUM CORP
1510326,7830,DIGITAL CINEMA DESTINATIONS
1510400,1040,TAHOE RESOURCES INC
1510487,2836,PRINCIPIA BIOPHARMA
1510580,2836,KITE PHARMA INC
1510593,7370,XUNLEI LTD  -ADS
1510599,6726,PIMCO DYNAMIC INCOME FUND
1511071,6035,POAGE BANKSHARES INC
1511198,6036,FIRST CONNECTICUT BANCORP
1511337,6798,RLJ LODGING TRUST
1511683,7370,JIAYUAN.COM INTL LTD
1511737,3663,UBIQUITI INC
1512074,3577,RMG NETWORKS HOLDING CORP
1512077,4899,GLOBAL EAGLE ENTERTAINMENT
1512138,2835,GREAT BASIN SCIENTIFIC INC
1512228,1090,NIOCORP DEVELOPMENTS LTD
1512499,4700,LINDBLAD EXPEDITIONS HLDGS
1512673,7374,SQUARE INC
1512717,2834,THERATECHNOLOGIES INC
1512762,2836,COHERUS BIOSCIENCES INC
1512920,6282,SPROTT INC
1512922,3842,PETVIVO HOLDINGS INC
1512931,6797,MONROE CAPITAL CORP
1513161,6162,HOME LOAN SERVICING SOLTNS
1513363,6797,FIDUS INVESTMENT CORP
1513525,2834,ADIAL PHARMACEUTICALS
1513761,4400,NORWEGIAN CRUISE LINE HLDGS
1513818,2836,ARAVIVE INC
1513845,7370,YANDEX N.V.
1513856,2836,NEUROTROPE INC
1513965,4922,AMERICAN MIDSTREAM PTNRS LP
1513970,6726,SALIENT MLP & ENERGY INFRAST
1513971,6035,STATE INVESTORS BANCORP INC
1514128,6321,UNIVERSAL AMERICAN CORP
1514131,6035,UNITED COMMUNITY BANCORP
1514183,2836,SILO PHARMA INC
1514226,4581,DELTA TUCKER HOLDINGS INC
1514242,9995,OLD PSG WIND-DOWN LTD
1514281,6798,AG MORTGAGE INVESTMENT TRUST
1514341,1090,QUEST RARE MINERALS LTD
1514416,7370,BANDWIDTH INC
1514490,6726,ROYCE GLOBAL VALUE TRUST INC
1514597,1040,FURY GOLD MINES LTD
1514705,3312,SUNCOKE ENERGY INC
1514732,1382,SAEXPLORATION HOLDINGS INC
1514743,6035,IF BANCORP INC
1514991,4833,AMC NETWORKS INC
1515003,3669,CPI INTERNATIONAL HLDG CORP
1515156,2890,ADVANCED EMISSIONS SOLUTIONS
1515324,6726,ARES DYNAMIC CREDIT ALLOC FD
1515671,6726,DUFF & PHELPS GLB UTL INC FD
1515673,2836,ULTRAGENYX PHARMACEUTICAL
1515794,6020,BANCO SANTANDER RIO SA
1515816,6798,PLYMOUTH INDL REIT INC
1515940,6726,KKR INCOME OPPORTUNITIES FD
1515980,6798,APOLLO RESIDENTIAL MTG INC
1516007,5171,OILTANKING PARTNERS LP
1516479,2834,INSYS THERAPEUTICS INC
1516513,7370,
1516551,2836,
1516899,4700,YATRA ONLINE INC
1516912,6020,ORIGIN BANCORP
1516973,6798,MTGE INVESTMENT CORP
1517006,1040,GATOS SILVER INC
1517022,2836,AKEBIA THERAPEUTICS INC
1517130,2090,PINGTAN MARINE ENTERPRISE
1517175,5140,CHEFS' WAREHOUSE INC
1517228,3663,COMMSCOPE HOLDING CO INC
1517302,6282,ARTISAN PARTNERS ASSET MGMT
1517342,1381,PACIFIC DRILLING SA
1517375,7370,SPROUT SOCIAL INC
1517396,3577,STRATASYS LTD
1517399,6020,GRUPO SUPERVIELLE
1517401,7990,PEAK RESORTS INC
1517413,7370,FASTLY INC
1517492,7510,EHI CAR SERVICES LTD -ADR
1517496,7370,BIT MINING LTD -ADR
1517518,6199,CLEARBRIDGE ENG MIDSTRM OPP
1517526,9995,BLUE WOLF MONGOLIA HLDGS CP
1517650,7372,INTERACTIVE INTELLIGENCE GRP
1517681,2836,PROPANC BIOPHARMA INC
1518222,7370,BANKRATE INC
1518419,3663,QUARTERHILL INC
1518461,3663,
1518587,3350,ALERIS CORP
1518621,6798,ORCHID ISLAND CAPITAL INC
1518715,6020,HOMESTREET INC
1518832,1311,WPX ENERGY INC
1518869,3561,STA-RITE INDUSTRIES
1519061,2821,TRINSEO SA
1519380,3663,VIEWTRAN GROUP INC
1519401,6141,REGIONAL MANAGEMENT CORP
1519449,6331,
1519469,1090,ANFIELD ENERGY INC
1519472,8711,
1519505,6726,MILLER/HOWARD HGH INCM EQ FD
1519632,1311,LRR ENERGY LP
1519751,3430,FORTUNE BRANDS HOME & SECUR
1519817,9995,HYDE PARK ACQUISITION CP II
1520006,1311,MATADOR RESOURCES CO
1520231,3531,CONTINENTAL CONVEYOR EQUIP
1520262,2836,ALKERMES PLC
1520300,6036,ASB BANCORP INC
1520358,2030,MAMAMANCINI'S HOLDINGS INC
1520504,4512,CONTROLADORA VUELA COMPANIA
1520566,6162,NATIONSTAR MORTGAGE HOLDINGS
1520697,8060,ACADIA HEALTHCARE CO INC
1520744,4899,LUMOS NETWORKS CORP
1521036,2835,LANTHEUS HOLDINGS INC
1521332,3714,APTIV PLC
1521404,6726,BARINGS GLBL SH DUR HI YLD F
1521951,6020,FIRST BUSINESS FINL SRV INC
1522327,6036,ENTEGRA FINANCIAL CORP
1522420,6035,BSB BANCORP INC
1522540,7389,
1522602,2836,COHBAR INC
1522690,6799,GWG HOLDINGS INC
1522727,1389,USA COMPRESSION PRTNRS LP
1522807,6726,BROOKFIELD GBL LSTD INFR INC
1522860,3841,ACUTUS MEDICAL INC
1523404,4610,JP ENERGY PARTNERS LP
1523836,5961,LIGHTINTHEBOX HLDG  -ADR
1524025,5600,TILLY'S INC
1524190,8071,IKANG HEALTHCARE GROUP -ADR
1524223,6282,MANNING & NAPIER INC
1524358,7011,MARRIOTT VACATIONS WORLDWIDE
1524471,3812,EXELIS INC
1524472,3561,XYLEM INC
1524566,6282,
1524741,1400,U S SILICA HOLDINGS INC
1524931,5812,CHUY'S HOLDINGS INC
1525201,6722,DOUBLELINE OPPORTUNISTIC FD
1525221,4522,BRISTOW GROUP INC
1525287,5171,SPRAGUE RESOURCES LP
1525494,7370,58.COM INC  -ADR
1525759,6797,FS KKR CAPITAL CORP II
1525769,7990,DAVE & BUSTER'S ENTMT INC
1525773,4899,INTELSAT SA
1525998,2870,RENTECH NITROGEN PARTNERS LP
1526104,6726,GUGGENHEIM EQ WGHT ENHD INCM
1526113,6798,GLOBAL NET LEASE INC
1526119,2836,VERASTEM INC
1526125,7370,GDS HOLDINGS LIMITED
1526160,7372,FLEETMATICS GROUP PLC
1526243,1040,PERPETUA RESOURCES CORP
1526329,6726,TORTOISE PIPELINE & ENRGY FD
1526520,7370,TRIPADVISOR INC
1526796,5812,IGNITE RESTAURANT GROUP INC
1526952,6020,WELLESLEY BANCORP INC
1527096,8731,
1527166,6282,CARLYLE GROUP INC
1527349,9995,CHART ACQUISITION CORP
1527352,3845,
1527469,6311,ATHENE HOLDING LTD
1527508,2650,PACTIV EVERGREEN INC
1527541,6798,WHEELER REAL ESTATE INVT TR
1527590,6798,READY CAPITAL CORP
1527599,2836,SYNLOGIC INC
1527613,2085,NUZEE INC
1527622,5171,ROSE ROCK MIDSTREAM LP
1527635,7370,ACQUITY GROUP LTD  -ADR
1527636,7370,AUTOHOME INC
1527702,4813,
1527709,1311,MID-CON ENERGY PARTNERS -LP
1527728,2836,ENOCHIAN BIOSCIENCES INC
1527753,2835,PERSONALIS INC
1527762,7370,MERCURITY FNTCH HLD INC -ADR
1527890,7372,NDS GROUP HLDGS LTD
1528115,2836,ANNEXON INC
1528129,1311,LAREDO PETROLEUM INC
1528287,3841,
1528356,4931,GENIE ENERGY LTD
1528393,1311,ZAZA ENERGY CORP
1528396,7372,GUIDEWIRE SOFTWARE INC
1528437,6726,BLACKROCK MUNI 30 TARG TERM
1528557,3845,CORINDUS VASCULAR ROBOTICS
1528558,6798,ROUSE PROPERTIES INC
1528610,6020,POLONIA BANCORP INC
1528752,7372,CHINA MOBILE GAMES  -ADR
1528837,1311,SANCHEZ ENERGY CORP
1528843,6036,CHEVIOT FINANCIAL CORP
1528849,5712,RH
1528903,7372,AVG TECHNOLOGIES NV
1528930,5399,FRANCHISE GROUP INC
1529113,3721,INPIXON
1529192,5961,VIPSHOP HOLDINGS LTD
1529274,7370,
1529377,6798,ARES COMMERCIAL REAL ESTATE
1529463,1389,FTS INTERNATIONAL INC
1529628,1400,SMART SAND INC
1529864,6141,ENOVA INTERNATIONAL INC
1529979,6200,FX ALLIANCE INC
1530238,7370,JOYY INC -ADR
1530249,6036,FS BANCORP INC
1530721,2300,CAPRI HOLDINGS LTD
1530766,3845,BIOSIG TECHNOLOGIES INC
1530804,2810,TRONOX HOLDINGS PLC
1530950,2015,POST HOLDINGS INC
1530979,2844,
1531031,6020,ESQUIRE FINCL HOLD INC
1531048,3841,INARI MEDICAL INC
1531152,5399,BJS WHSL CLUB HLDGS INC
1531177,3841,
1531978,3842,
1532063,5912,EXPRESS SCRIPTS HOLDING CO
1532079,2834,CYNAPSUS THERAPEUTICS INC
1532147,4512,PEOPLE EXPRESS AIRLINES INC
1532286,1389,NINE ENERGY SERVICE INC
1532346,2836,ATRECA INC
1532390,2086,ALKALINE WATER COMPANY INC
1532543,3910,EVERYWARE GLOBAL INC
1532619,6798,POWER REIT
1532700,9995,BGS ACQUISITION CORP
1532750,1311,TITAN ENERGY LLC
1532930,1389,SEVENTY SEVEN ENERGY INC
1532961,8711,NV5 GLOBAL INC
1533040,2836,PHIO PHARMACEUTICALS CORP
1533232,4911,BROOKFIELD RENEWABLE PRTS LP
1533454,2911,NORTHERN TIER ENERGY LP
1533526,3350,GLOBAL BRASS & COPPER HLDGS
1533615,6798,GLOBAL MEDICAL REIT
1533743,2834,PROCESSA PHARMACEUTICALS INC
1533924,1311,AMPLIFY ENERGY CORP
1533932,7374,WORLDPAY INC
1533998,8000,DARIOHEALTH CORP
1534120,2834,CERECOR INC
1534126,4412,GASLOG LTD
1534133,2834,GRAYBUG VISION INC
1534154,7372,
1534248,2836,
1534254,6797,
1534287,2860,BIOAMBER INC
1534293,6726,SALIENT MIDSTREAM & MLP FUND
1534504,2911,PBF ENERGY INC
1534525,2836,XENETIC BIOSCIENCES PLC
1534675,3442,TECNOGLASS INC
1534701,2911,PHILLIPS 66
1534708,6162,EASTSIDE DISTILLING INC
1534880,6199,PRUDENTIAL SHORT DURATION HY
1534969,2835,
1534992,5812,FIESTA RESTAURANT GROUP INC
1535031,3100,TUMI HOLDINGS INC
1535379,7370,CLOUDERA INC
1535527,7370,CROWDSTRIKE HOLDINGS INC
1535778,6797,
1535929,6311,VOYA FINANCIAL INC
1535955,2834,LIPOCINE INC
1536035,5411,ROUNDY'S INC
1536196,2836,CAN FITE BIOPHARMA
1537028,1381,INDEPENDENCE CONTRACT DRLLNG
1537054,4899,GOGO INC
1537063,6798,BROOKFIELD CDA OFFICE PPTYS
1537137,1400,
1537435,3585,TECOGEN INC
1537667,6798,SELECT INCOME REIT
1537917,2836,TYME TECHNOLOGIES INC
1537951,5051,EDGEN GROUP INC
1538210,2836,
1538217,7370,SRAX INC
1538263,6020,HOMETRUST BANCSHARES INC
1538375,7370,LUXOFT HOLDING INC
1538379,7310,
1538716,6141,OPORTUN FINANCIAL CORP
1538789,5172,JUST ENERGY GROUP INC
1538822,1311,PACIFIC COAST OIL TRUST
1538847,1040,GOLDMINING INC
1538849,5172,CROSSAMERICA PARTNERS LP
1538927,2836,FORMA THERA HOLDIN INC
1538990,6798,STORE CAPITAL CORP
1539029,2834,CLEARSIDE BIOMEDICAL INC
1539042,8711,CBD ENERGY LTD
1539638,6036,TRIUMPH BANCORP INC
1539838,1311,DIAMONDBACK ENERGY INC
1539894,6331,ATLAS FINANCIAL HOLDINGS INC
1540013,8090,QUIPT HOME MEDICAL CORP
1540145,2834,XSTELOS HOLDINGS INC
1540159,2836,EDESA BIOTECH INC
1540184,7370,MEDALLIA INC
1540400,7370,E2OPEN INC
1540684,1400,BRAZIL MINERALS INC
1540729,1220,FORESIGHT ENERGY LP
1540947,4922,EQT MIDSTREAM PARTNERS LP
1541119,6020,SOUND FINANCIAL BANCORP INC
1541133,6726,EUNITS 2 YR U S MKT PARTN II
1541157,2836,AKARI THERAPEUTICS PLC -ADR
1541401,6798,EMPIRE STATE REALTY TR INC
1542028,1040,DOLLY VARDEN SILVER CORP
1542299,6035,GEORGETOWN BANCORP INC
1543151,4100,UBER TECHNOLOGIES INC
1543268,7370,BIT BROTHER LTD
1543418,1000,TRILOGY METALS INC
1543643,6020,CU BANCORP/CA
1543916,7370,
1544116,2834,DURATA THERAPEUTICS INC
1544175,3560,EDWARDS GROUP LTD  -ADR
1544206,6797,TCG BDC INC
1544227,2836,
1544229,8711,ENGILITY HOLDINGS INC
1544522,7370,
1544856,5411,CENCOSUD SA
1545158,2000,KRAFT FOODS GROUP INC
1545391,3640,TCP INTL HOLDINGS LTD
1545654,6798,ALEXANDER & BALDWIN INC
1545772,6512,BROOKFIELD PROPERTY PRTRS LP
1545851,1311,CRESCENT POINT ENERGY CORP
1546066,4610,PEMBINA PIPELINE CORP
1546296,7361,PROFESSIONAL DIVERSITY NETWK
1546381,7822,RLJ ENTERTAINMENT INC
1546383,5000,KBS FASHION GROUP LTD
1546417,5812,BLOOMIN' BRANDS INC
1546429,6726,BLACKSTONE/GSO STRATEGIC CRD
1546640,7380,ADT CORP
1547063,2860,TAMINCO CORP
1547158,6199,TORTOISE ENERGY INDEPENDENCE
1547459,5400,NATURAL GROCERS VITAMIN CTGE
1547546,6798,LUMENT FINANCE TRUST INC
1547635,6020,MADISON COUNTY FINANCIAL INC
1547638,4922,SOUTHCROSS ENERGY PRTNRS LP
1547903,6351,NMI HOLDINGS INC
1548187,3845,SOLITON INC
1548281,9995,COLLABRIUM JAPAN ACQ CP
1548309,5700,SEARS HOMETOWN & OUTLET STR
1548621,5812,NPC RESTAURANT HOLDINGS LLC
1548981,6798,AMERICAN RESIDENTIAL PPTYS
1549084,3845,EKSO BIONICS HOLDINGS INC
1549107,7900,MANCHESTER UNITED PLC
1549276,6035,LAPORTE BANCORP INC
1549346,7370,SHUTTERSTOCK INC
1549595,2836,NURIX THERAPEUTICS INC
1549756,1311,LINNCO LLC
1549802,5961,JD.COM INC
1549848,1400,HI-CRUSH INC
1549872,7370,XURA INC
1549966,6282,SILVERCREST ASSET MGT
1550603,6020,MALVERN BANCORP INC
1550695,7320,PERFORMANT FINANCIAL CORP
1550910,5311,SEARS CANADA INC
1550913,6798,
1550935,7370,FRONTEO INC
1551060,7370,QUNAR CAYMAN ISLANDS  -ADR
1551152,2836,ABBVIE INC
1551306,8090,PROGYNY INC
1551693,3842,SIENTRA INC
1551739,6035,HAMILTON BANCORP INC/MD
1551901,6797,STELLUS CAPITAL INVESTMENT
1551986,2836,9 METERS BIOPHARMA INC
1552000,4610,MPLX LP
1552033,7323,TRANSUNION
1552198,6797,WHITEHORSE FINANCE INC
1552275,5172,SUNOCO LP
1552448,2040,AMIRA NATURE FOODS LTD
1552451,2836,MYOKARDIA INC
1552670,7373,TAOPING INC
1552797,5171,DELEK LOGISTICS PARTNERS LP
1552800,5700,TILE SHOP HOLDINGS INC
1553023,6798,CYRUSONE INC
1553079,6798,EMPIRE STATE REALTY OP LP
1553326,6035,WESTBURY BANCORP INC
1553467,1381,SEADRILL PARTNERS LLC
1553588,7900,SFX ENTERTAINMENT INC
1553643,2834,RELMADA THERAPEUTICS INC
1553846,2836,REDHILL BIOPHARMA LTD
1554697,6726,PGIM GLOBAL HI YIELD FND INC
1554818,7370,
1554859,3845,SEMLER SCIENTIFIC INC
1554875,7370,TINTRI INC
1555039,6798,FRONT YARD RESIDENTIAL CORP
1555074,6162,ALTISOURCE ASSET MGMT CORP
1555177,1400,EMERGE ENERGY SERVICES LP
1555218,6798,ARCHSTONE INC-REDH
1555279,3826,908 DEVICES INC
1555280,2834,ZOETIS INC
1555365,2020,WHITEWAVE FOODS CO
1555492,5411,FAIRWAY GROUP HOLDINGS
1555538,3312,SUNCOKE ENERGY PARTNERS LP
1556263,2836,SYROS PHARMACEUTICALS INC
1556266,5051,TD HOLDINGS INC
1556336,6726,FIRST TR MLP & ENRGY INCM FD
1556364,6798,OWENS REALTY MORTGAGE INC
1556593,6798,NEW RESIDENTIAL INV CP
1556727,6020,FIRST NORTHWEST BANCRP
1556739,2741,THRYV HOLDINGS INC
1556766,2911,ALON USA PARTNERS LP
1556884,7372,KOFAX LTD
1557127,7370,
1557142,2836,KADMON HOLDINGS INC
1557255,6798,SILVER BAY REALTY TRUST CORP
1557421,2836,IGNYTA INC
1557523,6726,PRINCIPAL REAL EST INCME FD
1557746,2834,ACLARIS THERAPEUTICS INC
1557798,4731,TIANCI INTERNATIONAL INC
1557860,7370,GLOBANT SA
1557883,2836,DERMIRA INC
1557915,6726,NUVEEN INTER DURATION MUNI
1558569,7372,
1558583,3711,ARCIMOTO INC
1558633,2086,COCA-COLA HBC AG
1558785,2911,CVR REFINING LP
1558924,7372,
1559053,2836,PROTHENA CORP PLC
1559149,2834,PAR PHARMACEUTCL HLDGS -REDH
1559432,1311,
1559720,7000,AIRBNB INC
1559865,7374,EVERTEC INC
1559909,6797,HARVEST CAPITAL CREDIT CORP
1559991,6726,FLAHERTY & CRUMRINE DYNM PFD
1560186,1381,NORTH ATLANTIC DRILLING LTD
1560241,2836,G1 THERAPEUTICS INC
1560258,3845,ELECTROCORE INC
1560293,3842,
1560327,7372,RAPID7 INC
1560443,1311,NEW SOURCE ENERGY PRTRS LP
1560672,6798,ELLINGTON RESIDENTIAL MTG
1560968,3100,SAMSONITE INTERNATIONAL SA
1561387,6411,BENEFYTT TECHNOLOGIES INC
1561550,7370,DATADOG INC
1561566,7389,QIWI PLC
1561627,3550,EXONE CO
1561660,4991,PATTERN ENERGY GROUP INC
1561680,1531,TRI POINTE HOMES INC
1561743,2836,KINDRED BIOSCIENCES INC
1561861,4512,
1561894,6798,HANNON ARMSTRONG SUST INFR
1561921,3841,TELA BIO INC
1562039,5500,CST BRANDS INC
1562088,8200,
1562214,6282,ZAIS GROUP HLDGS INC
1562401,6798,AMERICAN HOMES 4 RENT
1562463,6020,FIRST INTERNET BANCORP
1562476,1531,TAYLOR MORRISON HOME CORP
1562528,6798,
1562594,7372,LIQUID HOLDINGS GROUP INC
1562733,2834,SYNERGY CHC CORP
1562767,5961,NETSHOES CAYMAN LTD
1562961,3443,BROOKS & PERKINS INC
1563190,6531,
1563407,5411,SMART & FINAL STORES INC
1563411,3350,CONSTELLIUM SE
1563568,3711,
1563577,2836,GALERA THERAPEUTICS INC
1563665,2836,BIOSTAGE INC
1563699,7370,COVISINT CORP
1563855,2836,SOPHIRIS BIO INC
1563880,2834,TREVI THERAPEUTICS INC
1564180,4400,KNOT OFFSHORE PRTNRS LP
1564406,8000,OAK STREET HEALTH INC
1564408,7370,SNAP INC
1564538,6798,GRANITE REAL ESTATE INVEST
1564584,6726,NUVEEN INTERMED DUR QUAL MUN
1564618,6020,INDEPENDENT BK GRP INC
1564708,2711,NEWS CORP
1564709,2084,TRUETT-HURST INC
1564822,2030,PINNACLE FOODS INC
1564824,2836,ALLAKOS INC
1564902,7996,SEAWORLD ENTERTAINMENT INC
1565025,2082,AMBEV SA
1565228,3663,VISLINK TECHNOLOGIES INC
1565337,7372,TEXTURA CORP
1565381,6726,BNY MELLON MUN BD INFRASTRUC
1565687,7370,
1566044,2834,VYNE THERAPEUTICS INC
1566373,2836,
1566388,6726,DOUBLELINE INCOME SOLTNS FD
1566469,7370,NANTHEALTH INC
1566610,7370,VERB TECHNOLOGY CO INC
1566826,3845,NXT-ID INC
1566844,3845,MAZOR ROBOTICS LTD
1566897,7011,DIAMOND RESORTS INTL
1567094,3523,CNH INDUSTRIAL NV
1567264,2836,
1567345,4833,HEMISPHERE MEDIA GROUP INC
1567476,7510,THRIFTY RENT-A-CAR SYSTEM
1567514,2836,INTRA-CELLULAR THERAPIES INC
1567529,2836,KAMADA LTD
1567569,6726,FIRST TRUST INT DUR PFD INCM
1567683,4911,CLEARWAY ENERGY INC
1567892,2834,MALLINCKRODT PLC
1567900,1000,BLACKBOXSTOCKS INC
1567925,6798,
1568100,7370,PAGERDUTY INC
1568162,6798,AMERICAN FINANCE TRUST INC
1568292,6726,DELAWARE IVY HG INM OPP FUND
1568319,6512,VOLTARI CORP
1568639,4922,CONTOUR ENERGY CO
1568651,6321,
1568832,6282,RCS CAPITAL CORP
1569134,4922,TALLGRASS ENERGY PRT LP
1569187,6798,ARMADA HOFFLER PROPERTIES
1569329,2834,YOUNGEVITY INTERNATIONAL INC
1569345,7370,
1569391,6211,KCG HOLDINGS INC
1569650,6020,BANK OZK
1569994,6035,WATERSTONE FINANCIAL INC
1570318,6726,CLEARBRIDGE AMERN ENERGY MLP
1570562,2834,EVOLUS INC
1570585,4841,LIBERTY GLOBAL PLC
1570827,6282,VICTORY CPTL HLDGS INC
1571088,9995,MERGEWORTHRX CORP
1571123,7373,SCIENCE APPLICATIONS INTL CP
1571283,6798,REXFORD INDUS REALTY
1571329,6797,LOGAN RIDGE FINANCE CORP
1571498,2836,EPIZYME INC
1571508,4899,SUREWEST COMMUNICATIONS
1571776,6798,CHERRY HILL MTG INVST
1571934,2836,
1571949,6200,INTERCONTINENTAL EXCHANGE
1571996,3571,DELL TECHNOLOGIES INC
1572280,6726,ARES MULTI-STRATEGY CR FUND
1572334,6020,VIRGINIA NATIONAL BANKSHARES
1572552,2836,ASTERIAS BIOTHERAPEUTICS INC
1572616,3845,
1572621,1600,AENZA S.A.A
1572684,1531,UCP INC
1572694,6797,GOLDMAN SACHS BDC INC
1572910,4610,PHILLIPS 66 PARTNERS LP
1573097,5000,HD SUPPLY HOLDINGS INC
1573166,1311,JONES ENERGY INC
1573221,7370,REALREAL INC (THE)
1573312,6726,NUVEEN FLEXIBLE INVT INCM FD
1573516,5500,MURPHY USA INC
1573698,6726,EATON VANCE FLTG-RT INCM PL
1574085,6798,BRAEMAR HOTELS & RESORTS INC
1574094,2836,
1574111,2836,PROSENSA HOLDING NV
1574135,7370,PIVOTAL SOFTWARE INC
1574197,6552,FIVE POINT HOLDINGS LLC
1574232,2834,ADDEX THERAPEUTICS LTD
1574235,2836,PULMATRIX INC
1574460,4812,STRAIGHT PATH COMMUNICATIONS
1574532,1531,WCI COMMUNITIES INC
1574540,6798,PHYSICIANS REALTY TR
1574565,2836,EVOGENE LTD
1574596,1531,NEW HOME CO INC
1574648,1311,ATHLON ENERGY INC
1574774,8090,BIOTELEMETRY INC
1574815,5211,BMC STOCK HOLDINGS INC
1574963,5171,WORLD POINT TERMINALS LP
1575051,1400,CINER RESOURCES LP
1575189,7370,MATCH GROUP INC -OLD
1575360,5961,GUE LIQ COS INC
1575434,6311,VERICITY INC
1575515,5411,SPROUTS FARMERS MARKET
1575571,4833,LIN MEDIA LLC
1575599,4922,AZURE MIDSTREAM PARTNERS LP
1575721,1000,ATLAS CONS MINING & DEV CORP
1575793,3690,ENERGOUS CORP
1575828,1389,FRANK'S INTL NV
1575879,6799,CAESARS ACQUISITION CO
1575965,6798,GAMING & LEISURE PPTYS
1575988,9995,SILVER EAGLE ACQUISITION CP
1576018,6331,SIRIUSPOINT LTD
1576044,4922,QEP MIDSTREAM PARTNERS LP
1576169,7370,BENEFITFOCUS INC
1576263,2836,MIRATI THERAPEUTICS INC
1576280,2835,GUARDANT HEALTH INC
1576340,6726,CENTER COAST MLP & INFRAS FD
1576427,7311,CRITEO SA
1576789,7370,WIX.COM LTD
1576873,1000,
1576885,2836,
1576914,7370,MIX TELEMATICS LTD
1576940,1531,CENTURY COMMUNITIES INC
1576942,5961,STITCH FIX INC
1577095,7997,CLUBCORP HOLDINGS INC
1577368,6798,QTS REALTY TRUST INC
1577437,4412,ARDMORE SHIPPING CORP
1577445,3845,
1577526,7370,C3.AI INC
1577552,5961,ALIBABA GROUP HLDG
1577670,6798,LADDER CAPITAL CORP
1577785,2911,PETROLOGISTICS LP
1577791,6153,OAKTREE STRATEGIC INCOME CP
1577916,8742,PREMIER INC
1578318,8090,ENVISION HEALTHCARE HLDGS
1578348,6797,INVESTCORP CRDT MNGMT BDC
1578453,4412,DYNAGAS LNG PARTNERS LP
1578526,2090,MOWI ASA
1578620,6797,ALCENTRA CAPITAL CORP
1578685,4922,MIDCOAST ENERGY PARTNERS LP
1578732,6531,MARCUS & MILLICHAP INC
1578735,6331,NATIONAL GENERAL HOLDINGS CP
1578776,6036,PRUDENTIAL BANCORP INC
1578809,2833,ENZYMOTEC LTD
1578845,2834,ALLERGAN PLC
1578932,2860,OCI PARTNERS LP
1578987,6799,STONECASTLE FINANCIAL CORP
1579091,5960,
1579157,2300,VINCE HOLDING CORP
1579214,7389,EMERALD HOLDING INC
1579241,3420,ALLEGION PLC
1579252,3990,JASON INDUSTRIES INC
1579298,5600,BURLINGTON STORES INC
1579428,2836,AXSOME THERAPEUTICS INC
1579471,6798,STARWOOD WAYPOINT HOMES
1579684,2711,GANNETT CO INC
1579695,2836,BIOTIE THERAPIES CORP
1579733,2015,VITAL FARMS INC
1579762,6726,GOLDMAN SACHS MLP INCM OPPS
1579823,2834,NEWAGE INC
1579877,6798,OUTFRONT MEDIA INC
1579878,7372,
1579910,3674,RESONANT INC
1580063,2836,PROGENITY INC
1580149,2836,
1580156,2731,HOUGHTON MIFFLIN HARCOURT CO
1580185,6153,J.G. WENTWORTH CO
1580345,6797,TRIPLEPOINT VENTURE GWTH BDC
1580560,7389,
1580608,6141,SANTANDER CONSUMER USA HLDGS
1580670,1531,LGI HOMES INC
1580732,7372,KING DIGITAL ENTERTAINMENT
1580808,7372,A10 NETWORKS INC
1580864,6141,VROOM INC
1580905,1700,INSTALLED BLDG PRODUCTS INC
1581068,6798,BRIXMOR PROPERTY GROUP INC
1581091,6531,RE/MAX HOLDINGS INC
1581164,7011,EXTENDED STAY AMERICA INC
1581178,2836,
1581280,2836,TWIST BIOSCIENCE CORP
1581607,9995,ROI ACQUISITION CORP II
1581720,2836,LOXO ONCOLOGY INC
1581760,7372,
1581804,4412,NAVIGATOR HOLDINGS LTD
1581889,9995,QUARTET MERGER CORP
1581908,5172,WESTERN REFINING LGS LP
1581934,6797,AMERICAN CAPITAL SR FLTG LTD
1581987,2836,TIGENIX NV
1581990,5171,PLAINS GP HOLDINGS LP
1582054,8090,MILLENNIUM HEALTHCARE INC
1582086,6331,BLUE CAP REINSURANCE
1582313,2836,XENON PHARMACEUTICALS INC
1582554,2836,MATINAS BIOPHARMA HLDGS INC
1582568,4610,PBF LOGISTICS LP
1582581,3555,VOXELJET AG
1582616,2430,NORCRAFT COMPANIES INC
1582817,6726,NUVEEN ALL CAP ENERGY MLP OP
1582961,7370,
1582966,4924,CHENIERE ENERGY PTNRS LP LLC
1582982,7370,CARECLOUD INC
1583001,6726,FIRST EAGLE SENIOR LOAN FUND
1583103,4610,VALERO ENERGY PARTNERS LP
1583107,2834,THERAVANCE BIOPHARMA INC
1583648,2836,PIERIS PHARMACEUTICALS INC
1583708,7372,
1583744,5171,ARC LOGISTICS PARTNERS LP
1583771,2836,HEPION PHARMACEUTICALS INC
1584133,7372,SUNGY MOBILE LTD  -ADR
1584207,6141,ONEMAIN HOLDINGS INC
1584361,2836,SPHERIX INC  -OLD
1584371,3845,
1584425,6513,TRICON RESIDENTIAL INC
1584509,5812,ARAMARK
1584547,3713,
1584549,100,VILLAGE FARMS INTL INC
1584751,2835,
1584754,3679,AKOUSTIS TECHNOLOGIES INC
1584831,6331,OXBRIDGE RE HOLDINGS LTD
1584952,1311,EP ENERGY CORP
1585023,6035,COASTWAY BANCORP INC
1585064,6311,FIDELITY & GUARANTY LIFE
1585364,2834,PERRIGO CO PLC
1585389,6798,
1585521,7370,ZOOM VIDEO COMUNICATIONS INC
1585583,5812,DEL TACO RESTAURANTS INC
1585608,2834,JAGUAR HEALTH INC
1585689,7011,HILTON WORLDWIDE HOLDINGS
1585790,4953,ADVANCED DISPOSAL SERVICES
1585854,3674,SUNEDISON SEMICONDUCTOR LTD
1585855,6726,GABELLI GBL SM & MID CAP VAL
1586049,2835,OXFORD IMMUNOTEC GLOBAL PLC
1586105,2834,ZYLA LIFE SCIENCES
1586300,4522,CHC GROUP LTD
1586368,5500,
1587221,2834,ZOSANO PHARMA CORP
1587246,1389,CYPRESS ENERGY PARTNERS LP
1587264,7359,SCORPIO BULKERS
1587523,3670,KNOWLES CORP
1587732,4924,ONE GAS INC
1587755,7990,INTRAWEST RESORTS HLDGS INC
1587987,6020,NEWTEK BUSINESS SERVICES CP
1588084,2860,TANTECH HOLDINGS LTD
1588216,1311,RSP PERMIAN INC
1588238,1311,RICE ENERGY INC
1588823,4213,TFI INTERNATIONAL INC
1588869,9995,CAMBRIDGE CAPITAL ACQ CORP
1588972,2834,RECRO PHARMA INC
1588978,3841,
1589061,6512,GYRODYNE LLC
1589094,7370,RIGHTSIDE GROUP LTD
1589149,4950,
1589420,6726,FIRST TR NEW OPP MLP &ENERGY
1589526,3713,BLUE BIRD CORP
1590364,7359,FORTRESS TRANS INFRASTR INVS
1590383,3590,BIOHITECH GLOBAL INC
1590418,3829,FOCUS UNIVERSAL INC
1590560,2836,UNIQURE NV
1590584,7011,CIVEO CORP
1590714,2890,ELEMENT SOLUTIONS INC
1590715,1220,AMERICAN RES CORP
1590717,6798,CARETRUST REIT INC
1590750,2836,VIRIDIAN THERAPEUTICS INC
1590799,6020,RIVERVIEW FINANCIAL CORP
1590877,2836,REGENXBIO INC
1590895,7990,CAESARS ENTERTAINMENT INC
1590955,7370,PAYCOM SOFTWARE INC
1590976,3730,MALIBU BOATS INC
1591096,3841,PRESBIA PLC
1591517,2721,TIME INC
1591587,7370,ASSETMARK FIN HOLDINGS INC
1591588,5051,A-MARK PRECIOUS METALS INC
1591670,6798,FARMLAND PARTNERS INC
1591698,7370,PAYLOCITY HOLDING CORP
1591763,4922,ENABLE MIDSTREAM PARTNERS LP
1591877,7372,SIZMEK INC
1591890,3861,FG FINANCIAL GROUP INC
1591956,7372,SPHERE 3D CORP
1592000,4922,ENLINK MIDSTREAM LLC
1592016,2870,AGROFRESH SOLUTIONS INC
1592057,2400,ENVIVA PARTNERS LP
1592058,2670,PARTY CITY HOLDCO INC
1592288,2836,DIMENSION THERAPEUTICS INC
1592329,6035,CLIFTON BANCORP INC
1592379,5812,PAPA MURPHY'S HOLDINGS INC
1592386,6211,VIRTU FINANCIAL INC
1592480,3270,CONTINENTAL BUILDING PRODS
1592560,8200,TARENA INTL INC  -ADR
1593034,2834,ENDO INTERNATIONAL PLC
1593195,2711,TRIBUNE PUBLISHING CO
1593222,6798,CITY OFFICE REIT INC
1593275,6331,
1593538,6111,NAVIENT CORP
1593548,3990,PLAYAGS INC
1593899,2834,ATEA PHARMACEUTICALS INC
1593936,5945,MICHAELS COS INC
1593984,2836,MEDIWOUND LTD
1594012,6020,INVESTORS BANCORP INC
1594109,7370,GRUBHUB INC
1594124,4991,SKY SOLAR HLDGS LTD -ADR
1594337,2834,CORIUM INTERNATIONAL INC
1594466,1311,PARSLEY ENERGY INC
1594555,6036,HV BANCORP INC
1594590,1381,PARAGON OFFSHORE PLC
1594686,6798,WASHINGTON PRIME GROUP INC
1594805,7370,SHOPIFY INC
1594864,2836,JUNO THERAPEUTICS INC
1594879,5812,ZOE'S KITCHEN INC
1595097,2836,CORBUS PHARMACEUTICALS HLDGS
1595248,2836,GENPREX INC
1595262,8700,IMS HEALTH HOLDINGS INC
1595353,2836,GALMED PHARMACEUTICALS LTD
1595527,6512,
1595585,2834,TRICIDA INC
1595761,7370,WEIBO CORP
1595893,2836,TURNING POINT THERAPE INC
1595974,7310,MAGNITE INC
1596532,3576,ARISTA NETWORKS INC
1596783,2834,CATALENT INC
1596812,2836,ENLIVEX THERAPEUTICS LTD
1596856,6531,LEJU HOLDINGS LTD  -ADR
1596946,2835,QUOTIENT LTD
1596961,5500,RUMBLEON INC
1596964,8200,HAILIANG EDUCATION GRP -ADR
1596967,6282,MOELIS & CO
1596993,4412,DORIAN LPG LTD
1597033,7370,SABRE CORP
1597095,4700,TUNIU CORP  -ADR
1597131,1311,GLORI ENERGY INC
1597264,2836,BLUEPRINT MEDICINES CORP
1597313,3845,VIEWRAY INC
1597426,3841,LOMBARD MEDICAL TECH PLC
1597503,6211,NORTHSTAR ASSET MGMT GRP INC
1597553,2836,SAGE THERAPEUTICS INC
1597659,4400,HERMITAGE OFFSHORE SERVICES
1597672,2820,RAYONIER ADVANCED MATERIALS
1597680,5961,JUMEI INTL HOLDING LTD  -ADR
1597835,7372,CHEETAH MOBILE INC  -ADR
1597846,8741,GREENPRO CAPITAL CORP
1598014,7370,IHS MARKIT LTD
1598110,7372,CYBERARK SOFTWARE LTD
1598428,3312,TIMKENSTEEL CORP
1598599,2836,INNATE PHARMA SA
1598646,2836,MINERVA NEUROSCIENCES INC
1598655,4412,GASLOG PARTNERS LP
1598665,6331,HERITAGE INSURANCE HOLDINGS
1598674,2510,CASPER SLEEP INC
1598696,2834,NEURODERM LTD
1598968,1311,ANTERO MIDSTREAM PARTNERS LP
1598981,3690,
1599222,1311,MEMORIAL RESOURCE DEV CORP
1599298,2836,SUMMIT THERAPEUTICS PLC
1599407,5712,
1599489,5110,VERITIV CORP
1599617,5084,NOW INC
1599891,6035,SUNSHINE BANCORP INC
1599901,2836,AVIDITY BIOSCIENCE INC
1599947,4911,TERRAFORM POWER INC
1600033,2844,E.L.F. BEAUTY INC
1600125,6036,MERIDIAN BANCORP INC (MD)
1600132,2836,BELLEROPHON THERAPEUTICS INC
1600222,8200,
1600422,3533,SUPERIOR DRILLING PRODUCTS
1600438,5030,GMS INC
1600470,1311,MONTAGE RESOURCES CORP
1600527,7372,IDREAMSKY TECHNOLOGY  -ADR
1600620,2836,AURINIA PHARMACEUTICALS INC
1600626,6798,
1600641,5961,
1600847,2836,GAMIDA CELL LTD
1600890,6020,MELROSE BANCORP INC
1600983,7380,
1601046,3825,KEYSIGHT TECHNOLOGIES INC
1601072,4991,ATLANTICA SUSTAINABLE INFRA
1601485,2836,
1601545,6036,BLUE HILLS BANCORP INC
1601548,8744,VECTRUS INC
1601669,6331,WATFORD HOLDINGS LTD
1601712,6141,SYNCHRONY FINANCIAL
1601830,2836,
1601936,2836,ALTAMIRA THERAPEUTICS LTD
1602078,3845,NEMAURA MEDICAL INC
1602367,8011,ADEPTUS HEALTH INC
1602658,6020,INVESTAR HOLDING CORP
1602842,6141,MOGO INC
1603015,7370,
1603016,4412,HOEGH LNG PARTNERS LP
1603145,4911,NEXTERA ENERGY PARTNERS LP
1603207,2836,VASCULAR BIOGENICS LTD
1603286,4922,DOMINION ENRG MIDSTRM PRT LP
1603429,2834,PARNELL PHARMACEUTICAL HLDGS
1603454,2835,CELCUITY INC
1603652,7370,
1603756,3845,AXONICS INC
1603923,1381,WEATHERFORD INTL PLC
1603969,9995,GARNERO GROUP ACQUISITION CO
1603978,2836,AQUABOUNTY TECHNOLOGIES INC
1603993,5140,NISUN INT ENT DEV GRP CO LTD
1604028,3080,ADVANCED DRAINAGE SYSTEMS
1604191,2836,AZURRX BIOPHARMA INC
1604416,5160,NEXEO SOLUTIONS INC
1604464,2836,ATARA BIOTHERAPEUTICS INC
1604477,2836,SQZ BIOTECHNOLOGIES CO
1604481,4412,EURONAV
1604522,6726,TEKLA HEALTHCARE OPPTYS FUND
1604643,3580,EVOQUA WATER TECH
1604665,2860,WESTLAKE CHEMICAL PRTNRS LP
1604738,6282,ASHFORD INC
1604778,3674,QORVO INC
1604821,8071,NATERA INC
1604868,5200,GROWGENERATION CORP
1604929,7370,MOL GLOBAL INC  -ADR
1604950,2836,SCPHARMACEUTICALS INC
1605301,6020,CB FINANCIAL SERVICES INC
1605484,3711,
1605607,6798,PARAMOUNT GROUP INC
1605725,5171,VTTI ENERGY PARTNRS LP
1605888,7363,
1605975,4813,TDC A/S
1606012,2836,MACROCURE LTD
1606163,1700,LIMBACH HOLDINGS INC
1606180,8060,AAC HOLDINGS INC
1606268,4931,VIA RENEWABLES INC
1606363,6020,GREEN BANCORP INC
1606366,5812,EL POLLO LOCO HOLDINGS INC
1606440,6020,RELIANT BANCORP INC
1606457,7374,ATENTO SA
1606498,3842,AVANOS MEDICAL INC
1606698,9997,
1606745,7370,LIBERTY TRIPADVISOR HOLDINGS
1606757,3674,KIMBALL ELECTRONICS INC
1606909,4412,PANGAEA LOGISTICS SOLUTIONS
1607245,2836,OASMIA PHARMACEUTICAL AB
1607250,1381,TRANSOCEAN PARTNERS LLC
1607310,7372,MOBILEYE NV
1607678,2836,VIKING THERAPEUTICS INC
1607716,3620,VIVINT SOLAR INC
1607741,3270,YULONG ECO-MATERIALS LTD
1607939,7370,
1607962,3842,REWALK ROBOTICS LTD
1607997,6726,NUVEEN MINNESOTA QUAL MUN
1608109,3669,TYCO INTERNATIONAL PLC
1608249,4899,ZAYO GROUP HOLDINGS INC
1608269,9995,SINO MERCURY ACQUISITION CP
1608298,9995,TERRAPIN 3 ACQUISITION CORP
1608390,2836,AFFIMED NV
1608638,8082,CIVITAS SOLUTIONS INC
1608741,6726,NUVEEN NASDAQ 100 DYN OVRWRT
1608742,6726,NUVEEN DOW 30SM DYN OVRWRITE
1609065,6020,PATHFINDER BANCORP INC
1609132,6020,C1 FINANCIAL INC
1609151,7370,
1609253,1311,CALIFORNIA RESOURCES CORP
1609351,2836,SPARK THERAPEUTICS INC
1609550,3845,INSPIRE MEDICAL SYSTEM
1609653,5961,CNOVA NV
1609702,7370,CDK GLOBAL INC
1609711,7370,GODADDY INC
1609727,2836,SYNTHORX INC
1609804,2890,ORION ENGINEERED CARBONS SA
1609809,2836,SERES THERAPEUTICS INC
1609951,6020,NATIONAL COMMERCE CORP
1609989,2040,BLUE BUFFALO PET PRODUCTS
1610092,5912,DIPLOMAT PHARMACY INC
1610114,6798,NEW SENIOR INVESTMENT GROUP
1610128,7359,AVOLON HOLDINGS LTD
1610250,5661,BOOT BARN HOLDINGS INC
1610418,4922,CNX MIDSTREAM PARTNERS LP
1610466,4610,SHELL MIDSTREAM PARTNERS LP
1610520,6282,UBS GROUP AG
1610532,7372,HORTONWORKS INC
1610590,3845,CHECK-CAP LTD
1610601,7370,HELLO GROUP INC -ADR
1610618,2836,CIDARA THERAPEUTICS INC
1610682,4610,USD PARTNERS LP
1610793,6331,STATE NATIONAL COS INC
1610820,2836,BRIACELL THERAPEUTICS CORP
1610853,3845,HELIUS MEDICAL TECHNOLOGIES
1610950,8731,SYNEOS HEALTH INC
1611005,4991,KENON HOLDINGS LTD
1611052,7370,
1611110,6282,MEDLEY MANAGEMENT INC
1611115,8000,
1611231,7370,MAXPOINT INTERACTIVE INC
1611547,6798,URBAN EDGE PROPERTIES
1611647,2040,FRESHPET INC
1611746,2836,THERAPIX BIOSCIENCES LTD
1611747,2836,BIONDVAX PHARMACEUTICALS
1611787,2836,ADVANCED ACCELERATR APP -ADR
1611820,7370,LINE CORP
1611842,2834,POLYPID LTD
1611852,6159,ROAN HOLDINGS GROUP CO LTD
1611983,4812,LIBERTY BROADBAND CORP
1611988,9995,FIFTH STREET ASSET MGMT INC
1612042,2836,ASCENDIS PHARMA AS
1612630,6794,JOINT CORP (THE)
1612720,4923,NEXTDECADE CORP
1612940,2836,PROQR THERAPEUTICS NV
1613011,7370,CODE REBEL CORP
1613103,3845,MEDTRONIC PLC
1613665,6020,GREAT WESTERN BANCORP INC
1613780,2836,DBV TECHNOLOGIES
1613859,8731,PRA HEALTH SCIENCES INC
1614067,2836,ARIDIS PHARMACEUTICALS
1614178,7370,YEXT INC
1614184,6020,CADENCE BANCORPORATION
1614436,4512,VIRGIN AMERICA INC
1614675,8731,PHARMANET DEVELOPMENT GROUP
1614744,2834,PURPLE BIOTECH LTD
1614806,6798,GREAT AJAX CORP
1614818,7374,CARDCONNECT CORP
1615055,8731,
1615063,7812,INSPIRED ENTERTAINMENT
1615153,5010,FENIX PARTS INC
1615165,7370,VERITONE INC
1615219,2836,SALARIUS PHARMACEUTICALS INC
1615346,6519,LANDMARK INFRAST PRTNS LP
1615418,6035,BENEFICIAL BANCORP INC
1615817,1389,C&J ENERGY SERVICES INC
1615892,9995,AXAR ACQUISITION CORP
1615903,6020,INTERCORP FINANCIAL SVCS INC
1615905,6726,NUVEEN GLOBAL HIGH INCOME FD
1616000,6798,XENIA HOTELS & RESORTS INC
1616101,3841,SYMMETRY SURGICAL INC
1616212,2836,TRILLIUM THERAPEUTICS INC
1616262,2060,ROCKY MOUNTAIN CHOC FACT INC
1616291,6282,JUPAI HOLDINGS LTD -ADR
1616297,6020,AVENUE FINANCIAL HOLDINGS
1616314,6798,MEDEQUITIES REALTY TRUST INC
1616318,3480,VISTA OUTDOOR INC
1616533,3674,SMART GLOBAL HOLDINGS INC
1616543,3845,SENSEONICS HLDGS INC
1616707,5961,WAYFAIR INC
1616741,4213,PATRIOT TRANSPORTATION HLDG
1616817,3714,METALDYNE PERFORMANCE GROUP
1616862,2851,AXALTA COATING SYSTEMS LTD
1617049,4412,NAVIOS MARITIME MIDSTR PN LP
1617227,5812,J. ALEXANDER'S HOLDINGS INC
1617242,6036,KEARNY FINANCIAL CORP
1617406,6798,PARK HOTELS & RESORTS
1617553,7370,
1617640,7370,ZILLOW GROUP INC
1617667,7350,NEFF CORP
1617669,3714,UNIQUE FABRICATING INC
1617798,4922,PENNTEX MIDSTREAM PRTNRS LP
1617867,3841,
1617898,5080,KLX INC
1617977,5812,HABIT RESTAURANTS INC (THE)
1618500,7311,MEDIGUS
1618561,2836,NEXVET BIOPHARMA PLC
1618563,6798,NATIONAL STORAGE AFFILIATES
1618673,5140,PERFORMANCE FOOD GROUP CO
1618732,7370,NUTANIX INC
1618756,5812,RESTAURANT BRANDS INTL INC
1618835,2834,EVOFEM BIOSCIENCES INC
1618865,4812,TELE2 AB
1618921,5912,WALGREENS BOOTS ALLIANCE INC
1619087,2834,STEADYMED LTD
1619250,3841,VALERITAS HOLDINGS INC
1619489,4813,TELIA COMPANY AB
1619544,7370,9F INC -ADR
1619551,9995,ORIGO ACQUISITION CORP
1619762,7990,INTL GAME TECHNOLOGY PLC
1619856,2836,
1619917,6411,PATRIOT NATIONAL INC
1619954,7370,INOVALON HOLDINGS INC
1620179,7374,EXELA TECHNOLOGIES INC
1620393,6798,NEXPOINT RESIDENTIAL TR INC
1620459,6331,JAMES RIVER GROUP HLDGS LTD
1620463,2834,ATHIRA PHARMA INC
1620533,5812,SHAKE SHACK INC
1620546,2836,BAXALTA INC
1620664,7374,CHINA CUSTOMER RELATNS  CTRS
1620702,4991,TERRAFORM GLOBAL INC
1620737,2834,ORGANIGRAM HOLDINGS INC
1620928,1311,RICE MIDSTREAM PARTNERS LP
1621221,2834,ARTELO BIOSCIENCES INC
1621227,2836,ADAPTIMMUNE THERAPEUTICS
1621434,1311,BLACK STONE MINERALS LP
1621443,2834,ZYNERBA PHARMACEUTICALS INC
1621563,1400,SUMMIT MATERIALS INC
1621672,7370,SUPER LEAGUE GAMING INC
1621832,4953,AQUA METALS INC
1622175,9995,BARINGTON/HILCO ACQ CORP
1622194,6798,EASTERLY GOVERNMENT PPTYS
1622229,2836,
1622345,3621,POLAR POWER INC
1622353,6798,JERNIGAN CAPITAL INC
1622536,4911,TALEN ENERGY CORP
1622577,9995,AROWANA INC
1622893,2711,JOURNAL MEDIA GROUP INC
1623526,2836,STOKE THERAPEUTICS INC
1623595,1311,ATLAS ENERGY GROUP LLC
1623715,2836,
1623919,3845,ENDOCHOICE HOLDINGS INC
1623925,4922,ANTERO MIDSTREAM CORP
1624322,6020,BUSINESS FIRST BANCSHS INC
1624326,3841,PAVMED INC
1624512,3861,BOXLIGHT CORP
1624658,2836,ALLENA PHARMACEUTICALS
1624794,3559,CSW INDUSTRIALS INC
1625101,3845,PULSE BIOSCIENCES INC
1625278,7370,
1625297,2834,
1625414,5961,BAOZUN INC
1625641,7370,
1625791,3555,KORNIT DIGITAL LTD
1626115,6200,PJT PARTNERS INC
1626199,2836,ALPINE IMMUNE SCIENCES INC
1626450,7370,BIGCOMMERCE HOLDIN INC
1626853,7372,MAJESCO
1626878,2836,XBIOTECH INC
1626971,2836,CORVUS PHARMACEUTICALS INC
1627014,7370,BLACK KNIGHT INC
1627223,2860,CHEMOURS CO
1627272,1040,OSISKO GOLD ROYALTIES
1627281,2836,CELLECTIS SA
1627282,6282,
1627475,7361,UPWORK INC
1627487,5812,FOGO DE CHAO INC
1627606,5400,DAVIDSTEA INC
1627857,7370,SAILPOINT TECHNO HLDG
1628063,6512,SERITAGE GROWTH PROPERTIES
1628171,2836,REVOLUTION MEDICINES INC
1628369,6531,CUSHMAN & WAKEFIELD
1628738,2836,AUDENTES THERAPEUTICS INC
1628808,3845,
1628908,7372,EVOLENT HEALTH INC
1628945,3841,
1629019,6020,MERCHANTS BANCORP
1629137,2836,GLOBAL BLOOD THERAPEUTICS
1629210,1040,PARAMOUNT GOLD NEVADA CORP
1629220,4841,VIDEOCON D2H LTD  -ADR
1629261,2086,LONG BLOCKCHAIN CORP
1629995,4922,COLUMBIA PIPELINE GROUP INC
1630113,3845,
1630132,5812,BOJANGLES' INC
1630212,6512,AVALON GLOBOCARE CORP
1630472,6798,TPG RE FINANCE TRT INC
1630627,3842,
1630805,3510,BABCOCK & WILCOX ENTERPRISES
1630856,6020,PROFESSIONAL HOLDING CORP
1630940,9995,ATLANTIC ALLIANCE PARTNERSHP
1631282,7372,DATASEA INC
1631569,6798,COMMUNITY HEALTHCARE TRUST
1631574,2836,WAVE LIFE SCIENCES LTD
1631596,6798,KKR REAL ESTATE FIN TR INC
1631650,2836,AIMMUNE THERAPEUTICS INC
1631761,6141,YIREN DIGITAL LTD -ADR
1631825,7370,PRESIDIO INC
1632127,4841,CABLE ONE INC
1632790,3690,ENERGIZER HOLDINGS INC
1632933,4922,EQT GP HOLDINGS LP
1632970,6798,
1633070,2836,AXCELLA HEALTH INC
1633142,7372,PRESS GANEY HOLDINGS INC
1633336,6797,CRESCENT CAPITAL BDC INC
1633438,4911,AZURE POWER GLOBAL LTD
1633441,5961,SECOO HOLDING LTD -ADS
1633651,4922,TALLGRASS ENERGY GROUP LP
1633917,7389,PAYPAL HOLDINGS INC
1633931,1700,TOPBUILD CORP
1633932,2836,ESSA PHARMA INC
1633978,3661,LUMENTUM HOLDINGS INC
1634038,6331,PROSIGHT GLOBAL INC
1634117,5940,BARNES & NOBLE EDUCATION INC
1634379,2834,METACRINE INC
1634432,2836,STRONGBRIDGE BIOPHARMA PLC
1634447,1700,ISUN INC
1634997,4911,AVANGRID INC
1635077,7372,
1635088,2836,
1635235,1311,GMX RESOURCES INC
1635261,6035,MSB FINANCIAL CORP
1635282,7370,RIMINI STREET INC
1635327,7990,STARS GROUP INC
1635581,4991,8POINT3 ENERGY PARTNERS LP
1635626,6035,EQUITABLE FINANCIAL CORP
1635650,4610,GREEN PLAINS PARTNERS LP
1635718,2711,GANNETT CO INC -OLD
1635881,1389,EXTERRAN CORP
1635984,6311,NATIONAL WESTERN LIFE GROUP
1636050,2836,SIO GENE THERAPIES INC
1636222,5812,WINGSTOP INC
1636282,2836,AEGLEA BIOTHERAPEUTICS INC
1636286,6020,ALTABANCORP
1636422,7370,HEALTH CATALYST INC
1636519,7900,MADISON SQUARE GARDEN SPORTS
1636639,6331,
1636651,2836,OVID THRPUTCS INC
1637147,3571,
1637207,7997,PLANET FITNESS INC
1637459,2030,KRAFT HEINZ CO
1637558,1220,CONSOL COAL RESOURCES LP
1637655,3714,HORIZON GLOBAL CORP
1637715,2836,
1637736,3711,ELECTRAMECCANICA VEHS CORP
1637761,3842,SEASPINE HOLDINGS CORP
1637810,6531,FIRSTSERVICE CORP
1637873,5010,
1637890,2836,CELYAD ONCOLOGY SA
1637913,3559,MILACRON HOLDINGS CORP
1637921,3089,FULING GLOBAL INC
1638097,2836,ENTERA BIO LTD
1638287,2836,NEUROBO PHARMACEUTICALS INC
1638290,3730,MASTERCRAFT BOAT HLDNGS IN
1638381,2834,INTEC PHARMA LTD
1638826,7370,
1638833,8090,SURGERY PARTNERS INC
1639225,3845,LIVONGO HEALTH INC
1639300,5331,OLLIE'S BARGAIN OUTLET HLDGS
1639438,5812,
1639669,9995,ELECTRUM SPECIAL ACQUISITION
1639691,3845,LIVANOVA PLC
1639723,7372,
1639825,7370,PELOTON INTERACTIVE INC
1639877,3330,FERROGLOBE PLC
1639920,7370,SPOTIFY TECHNOLOGY SA
1639947,6798,CARE CAPITAL PPTYS INC
1640043,4412,PYXIS TANKERS INC
1640147,7370,SNOWFLAKE INC
1640251,6159,WINS FINANCE HOLDINGS INC
1640266,2836,VOYAGER THERAPEUTICS INC
1640313,2090,AMPLIFY SNACK BRANDS
1640384,7370,LM FUNDING AMERICA INC
1640428,7370,EVERQUOTE INC
1640455,2836,JOUNCE THERAPEUTICS INC
1641129,7370,LOOKSMART GROUP INC
1641197,9995,EASTERLY ACQUISITION CORP
1641281,2836,
1641398,8742,CODE CHAIN NEW CONTINENT LTD
1641489,2836,VTV THERAPEUTICS INC
1641614,3572,CPI CARD GROUP INC
1641631,3845,BEYOND AIR INC
1641640,2836,NABRIVA THERAPEUTICS PLC
1641991,3561,SPX FLOW INC
1642122,6200,ASSOCIATED CAPITAL GROUP INC
1642271,2834,ADVANZ PHARMA CORP LTD
1642375,2834,GUARDION HEALTH SCIENCS INC
1642380,2836,ONCOCYTE CORP
1642453,4213,HENNESSY CAPITL ACQ CORP II
1642545,3845,SHOCKWAVE MEDICAL INC
1642896,7370,
1643269,7370,SUMO LOGIC INC
1643303,3559,NANO DIMENSION LTD
1643615,8734,MONTROSE ENV GROUP INC
1643848,2834,PATHEON NV
1643858,7370,BLUE COAT SYSTEMS INC
1643918,2836,MIDATECH PHARMA PLC
1643953,2510,PURPLE INNOVATION INC
1643988,7830,
1644147,5311,NEIMAN MARCUS GROUP INC
1644378,8741,RMR GROUP INC
1644406,2050,HOSTESS BRANDS INC
1644440,2860,GCP APPLIED TECHNOLOGIES INC
1644509,9995,PACE HOLDINGS CORP
1644675,7370,MIMECAST LTD
1644903,2834,CBDMD INC
1644963,2834,AVENUE THERAPEUTICS INC
1645070,7389,
1645113,3845,NOVOCURE LTD
1645460,2836,CUE BIOPHARMA
1645469,2836,MONOPAR THERAPEUTICS INC
1645494,3663,ARRIS INTERNATIONAL PLC
1645569,2834,
1645590,3571,HEWLETT PACKARD ENTERPRISE
1645666,2836,KEZAR LIFE SCIENCES
1645676,1311,FREEPORT MCMRN OIL&GAS -REDH
1645842,3679,
1645873,6798,
1645926,2670,MULTI PACKAGING SOLUTNS INTL
1646188,3720,
1646228,5700,AT HOME GROUP INC
1646383,7370,CSRA INC
1646587,6798,NORTHSTAR REALTY EUROPE CORP
1646972,5411,ALBERTSONS COS INC
1647088,6512,WILLSCOT MOBILE MINI HOLDING
1647320,2836,CLEMENTIA PHARMACEUTICALS
1647338,7370,GRIDSUM HOLDING INC  -ADR
1647509,6798,FOREST CITY REALTY TRUST INC
1647513,4610,NOBLE MIDSTREAM PARTNERS LP
1647639,6141,UPSTART HOLDINGS INC
1647933,6726,NUVEEN HI INCM NOV 2021 TARG
1648087,2540,
1648257,2834,HUTCHMED (CHINA) LTD
1648416,3711,FERRARI NV
1648428,6794,SEQUENTIAL BRANDS GROUP INC
1648893,3845,NUVECTRA CORP
1648960,7372,
1649009,3663,
1649094,2836,VAXCYTE INC
1649096,6798,CLIPPER REALTY INC
1649313,4400,
1649709,6282,CIFC LLC
1649739,6020,
1649744,5961,DULUTH HOLDINGS INC
1649749,6020,FB FINANCIAL CORP
1649752,1000,
1649904,2836,RHYTHM PHARMACEUTICLS
1649989,2836,OUTLOOK THERAPEUTICS INC
1650101,4210,ADDENTAX GROUP CORP
1650107,2086,COCA-COLA EUROPACIFIC PARTNE
1650132,6798,FOUR CORNERS PROPERTY TR INC
1650164,7389,
1650372,7370,ATLASSIAN CORP PLC
1650445,8062,QUORUM HEALTH CORP
1650575,7373,BORQS TECHNOLOGIES INC
1650648,2836,4D MOLECULAR THER INC
1650664,2836,EDITAS MEDICINE INC
1650696,2000,LAIRD SUPERFOOD INC
1650729,5080,SITEONE LANDSCAPE SUPPLY INC
1650962,3580,WELBILT INC
1651052,6282,FOCUS FINANCL PRTNR INC
1651094,6141,ELEVATE CREDIT INC
1651235,3663,ACACIA COMMUNICATIONS INC
1651308,2836,BEIGENE LTD
1651311,2836,MERUS NV
1651347,2836,ACELITY HOLDINGS INC -REDH
1651407,2836,CHECKPOINT THERAPEUTICS INC
1651431,2836,CHECKMATE PHARMACE INC
1651561,7370,TABULA RASA HEALTHCARE INC
1651562,8200,
1651625,2836,AC IMMUNE SA
1651717,2030,NOMAD FOODS LTD
1651721,6798,
1651944,2835,DERMTECH INC
1652044,7370,ALPHABET INC
1652106,6035,PB BANCORP INC
1652130,2836,INTELLIA THERAPEUTICS INC
1652133,4610,OASIS MIDSTREAM PARTNR
1652362,1600,INFRASTRUCTR & ENRGY ALT INC
1652499,2834,CANNTRUST HLDGS INC
1652535,3559,ICHOR HOLDINGS LTD
1652724,3845,
1652866,7370,ABILITY INC
1652923,2836,AVEXIS INC
1652935,2836,
1653087,2836,ALECTOR INC
1653242,6020,BANK OF NT BUTTERFIELD & SON
1653247,7370,WAITR HOLDINGS INC
1653384,6797,
1653477,2860,INGEVITY CORP
1653482,7370,
1653558,7374,PRIORITY TECHNLGY HLDNGS INC
1653653,7990,RED ROCK RESORTS INC
1653909,3021,
1654126,4412,
1654151,2836,DECIPHERA PHRMCTAL INC
1654595,6798,MEDALIST DIVRSFD REIT
1654795,9997,BROOKFIELD BUSINESS PRTNR LP
1655020,1311,EXTRACTION OIL & GAS INC
1655050,6797,BAIN CAP SPECIALTY FIN INC
1655075,3089,ARMSTRONG FLOORING INC
1655099,6726,BROOKFIELD REAL ASTS INCM FD
1655210,2030,BEYOND MEAT INC
1655759,2836,ARVINAS INC
1655888,6797,OWL ROCK CAP CORP
1655891,4412,TORM PLC
1655923,2836,
1656081,7373,ENDAVA PLC -ADR
1656239,7990,PINNACLE ENTERTAINMENT INC
1656328,2836,SIENNA BIOPHARMACEUTICL
1656472,2834,CRONOS GROUP INC
1656536,2836,
1656634,2836,GRITSTONE BIO INC
1656936,6798,MGM GROWTH PROPERTIES LLC
1657197,7389,COTIVITI HOLDINGS INC
1657312,2834,VERONA PHARMA PLC
1657573,5961,
1657788,1311,KIMBELL ROYALTY PARTNERS LP
1657853,7510,HERTZ GLOBAL HOLDINGS INC
1658247,2834,CRINETICS PHARMCTCL INC
1658551,2834,
1658566,1311,CENTENNIAL RES DVLPMNT INC
1659122,1311,ROSEHILL RESOURCES INC
1659166,3829,FORTIVE CORP
1659228,6200,BATS GLOBAL MARKETS INC
1659323,2836,ITERUM THERAPEUTICS
1659352,2836,CODIAK BIOSCIENCES IN
1659494,8200,CHINA ONLINE EDUCATN GP -ADR
1659520,1040,SILVERCREST METALS INC
1659617,2836,MOLECULIN BIOTECH INC
1659939,4911,ENEL CHILE SA
1660046,2836,IMMURON LTD
1660078,4911,ENDESA AMERICAS SA
1660134,7370,OKTA INC
1660280,7370,TENABLE HOLDINGS INC
1660334,2834,VERRICA PHARMACEUTICAL
1660484,2836,INNOCOLL HOLDINGS PLC
1660690,2860,VERSUM MATERIALS INC
1660719,2834,ARALEZ PHARMACEUTICALS INC
1660734,7359,TRITON INTERNATIONAL LTD
1661053,3841,HANCOCK JAFFE LAB
1661059,2836,NEXTCURE INC
1661125,6200,YINTECH INVST HLDGS LTD -ADR
1661181,2836,ORGANOGENESIS HOLDINGS INC
1661215,2040,GRUMA SAB DE CV
1661290,7990,MTR GAMING GROUP INC
1661460,2836,POSEIDA THERAPEUTICS
1661920,1311,LONESTAR RESOURCES US INC
1661998,2836,HOMOLOGY MEDICINES INC
1662244,2836,
1662253,9995,TIBERIUS ACQU CORP
1662524,2836,AKCEA THERAPEUTICS INC
1662574,7812,
1662579,2836,C4 THERAPEUTICS INC
1662684,3670,KULR TECHNOLOGY GROUP
1662774,2836,CORTEXYME INC
1662991,7389,
1664106,2834,LOGICBIO THERAPEUTICS INC
1664703,3621,BLOOM ENERGY CORP
1664710,2834,KEROS THERAPEUTICS INC
1664998,7370,
1665300,7370,PHUNWARE INC
1665562,6510,EVOQ PROPERTIES INC
1665658,7370,COMMERCEHUB INC
1665918,5140,US FOODS HOLDING CORP
1665988,3845,
1666071,7311,CARDLYTICS INC
1666134,7370,BLACKLINE INC
1666138,3640,ATKORE INC
1666175,4911,FORTIS INC
1666291,6798,
1666700,2820,DUPONT DE NEMOURS INC
1667011,7372,
1667161,6036,RANDOLPH BANCORP INC
1667280,3220,VITRO SAB DE CV
1667313,7372,ZEDGE INC
1667415,3663,CHINA TECHFAITH WIRELESS-ADR
1667633,2836,FORTY SEVEN INC
1667939,6036,FSB BANCORP INC
1667944,6035,WCF BANCORP INC
1667966,2835,SPECTRAL MEDICAL INC
1668010,5961,
1668105,7370,TALEND SA  -ADR
1668243,2836,UROGEN PHARMA LTD
1668340,6035,BANCORP 34 INC
1668370,3420,TOUGHBUILT INDUSTRIES
1668397,8731,MEDPACE HOLDINGS INC
1668673,2834,PETIQ INC
1668717,2082,ANHEUSER-BUSCH INBEV
1669162,6331,KINSALE CAPITAL GROUP INC
1669600,4700,LIBERTY EXPEDIA HOLDINGS INC
1669779,5500,CAMPING WORLD HOLDINGS INC
1669792,2000,ADVANCEPIERRE FOODS HOLDINGS
1669811,7370,DONNELLEY FINANCIAL SOLTNS
1669812,2750,LSC COMMUNICATIONS INC
1670061,1000,ALMONTY INDUSTRIES INC
1670076,4512,
1670349,1389,US WELL SERVICES INC
1670541,2531,ADIENT PLC
1670592,3949,YETI HOLDINGS INC
1671013,7389,CARDTRONICS PLC
1671284,6324,
1671502,2834,CELLECT BIOTECHNOLOGY LTD
1671584,2836,APTEVO THERAPEUTICS INC
1671818,2836,ONCORUS INC
1671854,9995,SABAN CAPITAL ACQUISITION CP
1671858,2836,SILVERBACK THERAPE INC
1671927,2836,
1671933,7370,TRADE DESK INC
1672013,3949,ACUSHNET HOLDINGS CORP
1672326,1311,YUMA ENERGY INC
1672619,2834,IMARA INC
1672688,2836,
1672909,7990,CANTERBURY PARK HOLDING CORP
1673358,5812,YUM CHINA HOLDINGS INC
1673481,7990,TRIDENT ACQUISTNS CORP
1673743,7370,
1673772,2836,RAPT THERAPEUTICS INC
1673985,2820,ADVANSIX INC
1674101,3679,VERTIV HOLDINGS CO
1674168,6532,HILTON GRAND VACATIONS
1674227,7370,SCWORX CORP
1674335,2430,JELD-WEN HOLDING INC
1674365,2836,APTINYX INC
1674416,2836,CRISPR THERAPEUTICS AG
1674440,3949,
1674632,3841,
1674657,2836,MOTIF BIO PLC
1674745,1531,TRI POINTE HOMES INC  -OLD
1674862,2820,ASHLAND GLOBAL HOLDINGS INC
1674910,5500,VALVOLINE INC
1674930,8071,FULGENT GENETICS INC
1674988,2836,ZEALAND PHARMA AS
1675033,6797,GREAT ELM CAPITAL CORP
1675149,3334,ALCOA CORP
1675192,6020,OTTAWA BANCORP INC
1675634,7361,SHIFTPIXY INC
1675644,6020,FVCBANKCORP INC
1675820,7370,TIVO CORP
1676047,2834,NUTRIBAND INC
1676163,3841,
1676238,7370,
1676479,6020,CAPSTAR FINANCIAL HLDGS INC
1676667,6020,CAROLINA TRUST BANCSHARES
1676725,2836,IDEAYA BIOSCIENCES INC
1677077,2836,
1677203,6798,QUALITY CARE PROPERTIES INC
1677235,2836,3SBIO INC
1677250,4513,ZTO EXPRESS CAYMAN INC
1677576,6798,INNOVATIVE INDUSTRIAL PPTYS
1677703,7374,CONDUENT INC
1677761,6798,PARKWAY INC
1677940,2836,BEYONDSPRING INC
1678022,3560,NEWATER TECHNOLOGY INC
1678463,3272,FORTERRA INC
1678531,8011,ENVISION HEALTHCARE CORP
1678660,2836,PRELUDE THERAPEUTICS INC
1679033,6726,NUVEEN PFD INCM 2022 TERM FD
1679049,4412,INTERNATIONAL SEAWAYS INC
1679063,7812,CHICKEN SOUP FOR SOUL ENTNT
1679082,2834,MYOVANT SCIENCES LTD
1679268,1389,MAMMOTH ENERGY SERVICES INC
1679273,2030,LAMB WESTON HOLDINGS INC
1679363,2836,MORPHIC HOLDING INC
1679628,2834,
1679688,6282,DIGITALBRIDGE GROUP INC
1679788,6200,
1679826,7370,PING IDENTITY HOLDING CORP
1680048,2836,MUSTANG BIO INC
1680056,1040,
1680062,3559,ACM RESEARCH INC
1680247,1389,PROPETRO HOLDING CORP
1680367,2836,SHATTUCK LABS INC
1680378,2870,SENESTECH INC
1680379,6035,STERLING BANCORP INC
1680581,2836,FULCRUM THERAPEUTICS INC
1680653,2836,
1680873,5140,HF FOODS GROUP INC
1681087,2836,AVROBIO INC
1681206,6331,NI HOLDINGS INC
1681348,3621,VIVOPOWER INTERNATIONAL PLC
1681459,1389,TECHNIPFMC PLC
1681622,3844,VAREX IMAGING CORP
1681682,3845,ENDRA LIFE SCIENCES INC
1681689,2836,BIOVERATIV INC
1681714,1311,WILDHORSE RES DVLPT
1681903,6331,ICC HOLDING INC
1681941,5411,IFRESH INC
1682149,3674,SUMMIT WIRELESS TECH INC
1682220,6798,SACHEM CAPITAL CORP
1682241,6799,DRAGON VICTORY INTL LTD
1682325,7370,GTY TECHNOLOGY HOLDINGS
1682467,3580,WELBILT CORP
1682639,2836,EYENOVIA INC
1682745,7374,VERRA MOBILITY CORP
1682852,2836,MODERNA INC
1683541,2834,AURORA CANNABIS INC
1683553,2836,SPRUCE BIOSCIENCES INC
1683606,7370,CARS.COM INC
1683695,6099,INTERNATIONAL MONEY EXPR INC
1683825,7370,TRIVAGO N.V. -ADR
1684144,3845,ZOMEDICA CORP
1684425,6512,TDH HOLDINGS INC
1684693,2834,SOL GEL TECHNOLOGS LTD
1685040,6311,BRIGHTHOUSE FINANL INC
1685071,2834,DOVA PHARMACEUTICAL INC
1685316,2836,OBSEVA SA
1685428,3845,
1685715,1311,JAGGED PEAK ENERGY INC
1686850,3845,MOTUS GI HOLDINGS INC
1686954,1000,GUNGNIR RESOURCES INC
1687081,6722,FIRST TRUST SR FLTG RT 2022
1687187,1220,RAMACO RESOURCES INC
1687221,3713,REV GROUP INC
1687229,6798,INVITATION HOMES INC
1687277,3560,RETO ECO SOLUTIONS INC
1687451,3312,ZK INTERNATIONAL GROUP
1687542,4731,HUDSON CAPITAL INC
1687932,5621,J JILL INC
1688476,1389,NEXTIER OILFIELD SOLUTNS INC
1688568,7370,DXC TECHNOLOGY CO
1688757,3842,ESTABLISHMNT LBS HLDNG
1688941,5031,FOUNDATION BLDG MRL INC
1689375,2836,
1689437,3695,KOMAG INC
1689548,2836,PRAXIS PRECIS MEDI INC
1689657,2836,BERKELEY LIGHTS INC
1689662,3411,ARDAGH GROUP SA
1689731,6020,
1689796,6798,JBG SMITH PPTYS
1689813,2834,BIOHAVEN PHRMCUTCL HLD
1689923,7370,ALTERYX INC
1690080,2834,
1690334,4412,SEACOR MARINE HLDGS INC
1690511,2300,CANADA GOOSE HLDG
1690585,2836,MAGENTA THRPUTCS INC
1690639,6020,VERSABANK
1690680,6531,NEWMARK GROUP INC
1690769,1311,ALTA MESA RESOURCES INC
1690820,5500,CARVANA CO
1690881,3531,ASV HOLDINGS INC
1690947,2834,HEXO CORP
1691077,7370,EVMO INC
1691082,2834,
1691221,3714,
1691303,1220,WARRIOR MET COAL INC
1691337,6020,PCSB FINANCIAL CORP
1691421,6331,LEMONADE INC
1691433,6722,BLACKROCK 2022 GLB IM OY TST
1691445,6141,FINVOLUTION GROUP -ADR
1691493,6020,
1691936,2013,
1692063,4210,SCHNEIDER NATIONAL INC
1692115,4923,SOUTHWEST GAS HOLDINGS INC
1692376,6162,VELOCITY FINANCIAL INC
1692412,7011,PLAYA HOTELS & RESORTS N.V
1692415,2835,CO-DIAGNOSTIC INC
1692427,3533,NCS MULTISTAGE HLDG INC
1692705,6141,QUDIAN INC
1692787,4922,ALTUS MIDSTREAM COMPANY
1692819,4911,VISTRA CORP
1692830,2834,SATSUMA PHARMACEUTICALS INC
1693011,2836,INOZYME PHARMA INC
1693256,1389,SELECT ENERGY SERVICES INC
1693415,2836,TRANSLATE BIO INC
1693577,6020,MAINSTREET BANCSHARES INC
1693664,2836,ARMO BIOSCIENCES INC
1693853,1311,
1694028,1389,LIBERTY OILFIELD SVS
1694187,2836,NEON THERAPEUTICS INC
1694426,2911,DELEK US HOLDINGS INC
1694617,1311,ROYALE ENERGY INC
1694665,2836,EVELO BIOSCIENCES INC
1695295,3524,HYDROFARM HLDNG GP INC
1695357,2836,PROVENTION BIO INC
1696355,8200,BRIGHT SCHOLAR EDU-ADR
1696396,2836,STEALTH BIOTHERA -ADR
1696558,2300,JERASH HOLDINGS (US)
1696804,2836,XTL BIOPHARMACEUTICALS
1697463,6020,OPUS BANK
1697500,3533,SOLARIS OILFIELD IF INC
1697532,2836,APPLIED THERAPEUTICS INC
1697805,2834,XYNOMIC PHARMACEU HLDNGS INC
1697818,7370,ICLICK INTRC ASIA -ADR
1697851,7370,REKOR SYSTEMS INC
1697862,2836,ARGEN-X SE
1698113,5961,
1698209,9995,VANTAGE ENERGY ACQ CORP
1698287,6020,BANCO SANTANDER MEXICO -ADR
1698514,1389,NATIONAL ENERGY SERVICES REU
1698530,2836,EXICURE INC
1698535,1090,NEXGEN ENERGY LTD
1698990,1311,MAGNOLIA OIL & GAS CORP
1698991,7990,ACCEL ENTERTAINMENT INC
1699018,6036,EAGLE FINANCIAL BANCORP
1699031,2835,
1699039,1389,RANGER ENERGY SERVICES
1699136,3533,CACTUS INC
1699150,3560,INGERSOLL RAND INC
1699350,3842,
1699382,2836,PMV PHARMACEUTICALS INC
1699683,6159,LONGFIN CORP
1699838,7372,
1699880,1000,
1701040,7370,CISION LTD
1701051,4813,WIDEOPENWEST INC
1701108,2836,SPERO THERAPEUTICS INC
1701114,5961,BLUE APRON HOLDNG INC
1701167,6726,EATON VANCE FLTNG RATE 2022
1701261,5140,FARMMI INC
1701478,2836,
1701541,2836,BLACK DIAMOND THERAPEUTICS
1701605,1389,BAKER HUGHES CO
1701732,7372,ALTAIR ENGINEERING INC
1701756,100,MUSCLE MAKER INC
1701758,2510,LOVESAC CO (THE)
1701809,6722,VIRTUS ALLIANZGI CONV INC FD
1701963,7372,VERSUS SYSTEMS INC
1702123,2836,CARDIOL THERAPEUTICS INC
1702744,2060,SIMPLY GOOD FOODS COMPANY
1702750,6020,BYLINE BANCORP INC
1702780,4841,ALTICE USA INC
1702924,3690,WRAP TECHNOLOGIES
1703038,4955,NRC GROUP HOLDINGS CORP
1703056,7380,ADT INC
1703057,2836,ABCELLERA BIOLOGICS INC
1703079,6726,XAI OCTAGON FLOATNG RATE ALT
1703141,4700,DESPEGAR COM CORP
1703399,5961,SEA LTD - ADR
1703497,7990,YOGAWORKS INC
1703644,6798,GRANITE POINT MORTGE TRS INC
1703647,2836,FREQUENCY THERAPEUTICS INC
1703956,1700,CONCRETE PUMPING HOLDINGS
1704235,1389,QUINTANA ENERGY SVC INC
1704287,3841,
1704292,2836,ZAI LAB LTD
1704596,7374,EVO PAYMENTS INC
1704711,3942,FUNKO INC
1704715,1220,ALPHA METALLURGICAL RESOURCE
1704720,5812,CANNAE HOLDINGS INC
1704760,7370,AMERICAN VIRTUAL CL TECH INC
1704799,5411,TOM THUMB FOOD & DRUGS INC
1704899,5411,LUCKY STORES INC
1704952,5411,SHAWS SUPERMARKETS INC
1705012,5812,FAT BRANDS INC
1705110,7370,ANGI INC
1705259,1000,SIERRA METALS INC
1705260,5411,JEWEL COS INC
1705338,7370,SPARK NETWORKS SE
1705402,3577,AGM GROUP HLD INC
1705682,2810,VENATOR MATERIALS PLC
1705696,6798,VICI PROPERTIES INC
1705843,2836,CALYXT INC
1705873,1311,BERRY CORP
1706089,3661,NORTH HILLS SIGNAL PROCESSNG
1706431,2836,VIR BIOTECHNOLOGY INC
1706524,3523,
1706946,4700,VIRGIN GALACTIC HOLDINGS INC
1707092,3714,DELPHI TECHNOLOGIES PLC
1707178,6798,COREPOINT LODGING INC
1707210,4412,NAVIOS MARITIME CONTAINERS
1707303,3990,DOGNESS (INTL) CORP
1707502,2836,SOLID BIOSCIENCES INC
1707753,7372,ELASTIC NV
1707910,5812,
1707919,3711,
1707925,2810,LINDE PLC
1708035,2810,ECOVYST INC
1708055,7373,RIBBON COMMUNICATIONS INC
1708176,7900,
1708259,6141,LEXINFINTECH HLDG -ADR
1708301,4610,BP MIDSTREAM PARTNERS
1708331,2834,
1708341,7900,ALLIED ESPORTS ENT INC
1708405,6798,TREMONT MORTGAGE TRUST
1708410,7900,SIMPLICITY ESPRTS AND GAM
1708441,8200,RYB EDUCATION INC
1708493,2836,HARPOON THERAPEUTICS
1708527,2836,AZIYO BIOLOGICS INC
1708599,2836,AGEX THERAPEUTICS
1708688,2836,INFLARX NV
1709048,3674,
1709164,3630,HAMILTON BEACH BND HDNG
1709401,2836,RUBIUS THERAPEUTICS INC
1709442,6021,
1709505,4213,BEST INC ADS
1709563,1520,SSLJ.COM LTD
1709626,2836,NUCANA PLC -ADS
1709628,7370,
1709682,7359,CUSTOM TRUCK ONE SOURCE INC
1709768,9995,SENTINEL ENERGY SERV
1709819,8200,FOUR SEASONS EDN -ADR
1709941,2834,
1710072,2834,
1710155,5990,NATIONAL VISION HLDGS INC
1710340,2834,ETON PHARMACEUTICALS
1710350,7370,BIT DIGITAL INC
1710366,1220,CONSOL ENERGY INC
1710482,6020,
1710583,7370,SWITCH INC
1711012,6159,SENMIAO TECHNOLOGY
1711269,4931,EVERGY INC
1711279,2836,KRYSTAL BIOTECH INC
1711291,6141,CURO GROUP HLDGS CORP
1711375,3241,LOMA NEGRA C.I.A.S.A.
1711570,1090,
1711675,2836,NIGHTSTAR THRPUTC -ADS
1711754,2836,INMUNE BIO INC
1711786,2836,HOTH THERAPEUTICS INC
1711933,3826,
1712178,5500,RISE EDN CYN LTD -ADS
1712184,4813,LIBERTY LATIN AMERICA LTD
1712189,6510,TARGET HOSPITALITY CORP
1712463,2670,RANPAK HOLDINGS CORP
1712762,2835,
1712786,2836,
1712807,7374,PAGSEGURO DIGITAL LTD
1712923,7370,GREENSKY INC
1713210,5122,AGAPE ATP CORP
1713334,7990,STUDIO CTY INT HDGS LTD-ADR
1713443,1040,KIRKLAND LAKE GOLD LTD
1713445,7370,
1713539,5500,
1713683,7370,ZSCALER INC
1713748,1040,
1713832,7370,HYRECAR INC
1713863,2836,RAFAEL HOLDINGS INC
1713923,7370,JIANPU TECH -ADR
1713930,1000,NEXA RESOURCES SA
1713947,7370,SOGOU INC
1713952,7380,VIVINT SMART HOME INC
1714174,6159,
1714368,5990,HUDSON LTD
1714562,7370,
1714798,2836,PREVAIL THERAPEUTICS INC
1714899,2836,DENALI THERAPEUTCS INC
1715497,1381,BORR DRILLING LTD
1715768,3674,
1715773,6020,BANK OF IRELAND GROUP PLC
1715850,3089,BUCKHORN INC DEL
1715925,2836,IMMUNOPRECISE ANTIBODIES LTD
1716128,7500,LUCOR INC  -CL A
1716166,3841,VIVOS THERAPEUTICS INC
1716338,7370,PINTEC TCHN HLDN -ADR
1716583,3713,
1716621,3845,RA MEDICAL SYSTEMS INC
1716697,6020,FIRST CHOICE BANCORP
1716726,7370,RTCORE INC
1716770,8200,WAH FU EDUCATION GROUP LTD
1716947,2836,
1717115,8071,
1717161,4931,CENTRAL PUERTO SA
1717307,6798,INDSTRL LGST PRPT TRST
1717393,4581,CORPORACION AMER ARPRT
1717452,9995,ODONATE THERAPEUTICS
1717547,6798,BRIGHTSPIRE CAPITAL INC
1717556,7370,VINCO VENTURES INC
1717557,2800,BASF SE
1717961,9995,REGALWOOD GLBL ENRGY
1718108,2836,SURFACE ONCOLOGY INC
1718224,5812,
1718227,1600,CONSTRUCTION PRTNR INC
1718405,1040,HYCROFT MINING HOLDING CORP
1718500,3651,
1718512,3560,GATES INDUSTRIAL CORP PLC
1718852,2836,
1718903,2836,REALM THERAPEUTICS PLC
1718939,7372,
1719395,3842,EARGO INC
1719406,2834,
1719489,7370,KALEYRA INC
1719714,2836,MEREO BIOPHARMA GROUP PLC
1719893,9995,MTECH ACQUISITION CORP
1720025,9995,ALLEGRO MERGER CORP
1720116,7370,RED VIOLET INC
1720161,4412,CASTOR MARITIME INC
1720201,7830,IPIC ENTERTAINMENT INC
1720353,9995,NEBULA ACQUISITON CORP
1720420,7370,IBEX LTD
1720424,7370,HIVE BLOCKCHAIN TECHNLGS LTD
1720446,3679,ZEPP HEALTH CORP -ADS
1720580,2836,RESTORBIO INC
1720592,7389,REPAY HOLDINGS CORP
1720635,3440,NVENT ELECTRIC PLC
1720671,7370,
1720725,2836,OYSTER POINT PHARM INC
1720821,8700,PAE INC
1720893,2836,BIOXCEL THERAPEUTICS
1720990,3711,FISKER INC
1721181,7370,HEADHUNTER GROUP PLC -ADR
1721386,1520,
1721484,2836,
1721741,5500,LAZYDAYS HOLDINGS INC
1721947,7370,JAMF HOLDING CORP
1722010,6020,OP BANCORP
1722271,2836,AKOUOS INC
1722380,8200,ONESMRT IN ED GR -ADS
1722438,6361,
1722482,3826,AVANTOR INC
1722606,1000,METALLA RYLTY STRMNG LTD
1722608,7370,IQIYI INC -ADR
1722684,7011,WYNDHAM HOTELS & RESRTS
1722890,2836,TAIWAN LIPOSOME CO LTD
1722926,2836,ASLAN PHARMACEUTIC
1722964,2836,Y MABS THERAPEUTICS INC
1722992,6798,SPIRIT MTA REIT
1723069,2836,TIZIANA LIFE SCIENCES PLC
1723089,3533,CHAMPIONX CORP
1723128,2834,AMNEAL PHARMACEUTICALS INC
1723464,2834,
1723580,5812,BURGERFI INTERNATIONAL INC
1723596,6035,COLUMBIA FINANCIAL INC
1723648,7370,
1723690,7370,BILIBILI INC
1723866,7389,SELECT INTERIOR CONCEPTS INC
1723935,8200,SUNLANDS TECH GRP -ADS
1723980,2834,CHNA SXT PHRMCUTCL INC
1724009,1311,PERMROCK ROYALTY TRUST
1724344,2836,ENTASIS THRPTCS HLDNG
1724521,2836,ARCUS BIOSCIENCES INC
1724542,7370,CLPS INC
1724570,7370,DATTO HOLDING CORP
1724670,7370,PERSPECTA INC
1724755,7011,GREENTREE HPTY GP -ADS
1724965,1311,TALOS ENERGY INC
1724979,2834,
1725033,7370,X FINANCIAL -ADR
1725123,7370,CANGO INC
1725134,7310,
1725160,2836,ZENTALIS PHARMACEUTICALS INC
1725255,5047,ADAPTHEALTH CORP
1725293,4412,GRINDROD SHIPPING
1725332,7372,
1725430,3845,GBS INC
1725526,1311,HIGHPOINT RESOURCES CORP
1725579,7370,PLURALSIGHT INC
1725872,7370,
1725964,2870,NUTRIEN LTD
1725969,4210,POSTNL NV
1726126,1311,EPSILON ENERGY LTD
1726173,5812,BIGLARI HOLDINGS INC
1726189,8200,PUXIN LTD -ADS
1726293,9995,PURE ACQUISITION CORP
1726445,8731,SEER INC
1726685,1040,ARIZONA GOLD CORP
1726711,2834,ADITXT INC
1726978,6411,GOOSEHEAD INSURANCE
1727196,2836,SCHOLAR ROCK HOLDNG CRP
1727263,7600,FRONTDOOR INC
1728041,9995,CF FINANCE ACQ
1728117,2836,GOSSAMER BIO INC
1728190,7370,HUYA INC -ADS
1728205,1400,PIEDMONT LITHIUM INC
1728328,2834,INMED PHARMACEUTICALS INC
1728688,7374,I3 VERTICALS INC
1728918,6020,AIB GROUP PLC
1728951,6798,ESSENTIAL PPT RLTY TST
1729089,6282,PUHUI WLTH INV MNGT CO
1729149,8090,VIEMED HEALTHCARE
1729173,7370,UXIN LTD -ADR
1729214,2834,
1729244,2834,BIOFRONTERA AG
1729427,2834,CNS PHARMACEUTICALS INC
1729750,7370,KUBIENT INC
1729756,9995,FINTECH ACQ CORP III
1729944,2836,IMAC HOLDINGS INC
1730168,3674,BROADCOM INC
1730346,4950,CHARAH SOLUTIONS
1730430,2836,KINIKSA PHRMCETCLS LTD
1730463,2836,AUTOLUS THERAPEUTICS -ADR
1730773,2090,
1730984,6020,BAYCOM CORP
1731176,9995,TOTTENHAM ACQUSITN LTD
1731289,3711,NIKOLA CORP
1731348,2834,TILRAY INC
1731388,4412,EURODRY LTD
1731727,5500,LMP AUTOMOTIVE HOLDINGS INC
1731831,2836,EIDOS THERAPEUTICS INC
1732845,2650,WESTROCK CO
1733186,3714,VEONEER INC
1733257,2836,
1733294,2836,GENERATION BIO CO
1733298,7370,QUTOUTIAO INC -ADR
1733413,2834,TFF PHARMACEUTICALS INC
1733868,6162,CNFINANCE HLDGS LTD -ADR
1733998,4924,NORTHWEST NATURAL HLDNG CO
1734005,2836,APTORUM GROUP LTD
1734107,7372,SOHU COM LTD
1734262,7372,COOTEK CAYMAN I -ADR
1734342,6020,AMERANT BANCORP INC
1734517,2836,VIELA BIO INC
1734520,7370,ALITHYA GROUP INC
1734713,700,BRIGHTVIEW HOLDINGS
1734722,7372,
1734750,3845,
1734768,2836,IMV INC
1734875,6035,MID-SOUTHERN BANCORP INC
1734902,7370,WEIDAI LTD -ADR
1735041,3569,
1735184,6798,RETAIL VALUE INC
1735556,7370,CHINA XIANGTAI FOOD CO LTD
1735707,3714,GARRETT MOTION INC
1735803,8082,
1735828,1311,LEGACY RESERVES INC
1735858,9995,FAR POINT ACQ CORP
1735948,8093,
1736035,6797,
1736243,2836,
1736297,3674,
1736541,3711,NIO INC -ADR
1736730,2836,
1736874,9995,HL ACQUISITION CORP
1736946,3669,ARLO TECHNOLOGIES INC
1737287,2836,ALLOGENE THERAPEUTICS
1737339,7370,AURORA MOBILE -ADR
1737422,8062,NEW FRONTIER HEALTH CORP
1737450,7370,OPERA LTD -ADR
1737523,5160,
1737706,1381,SEADRILL LTD
1737806,5960,PINDUODUO INC -ADR
1737924,6797,
1737927,2833,CANOPY GROWTH CORP
1737953,2836,REPLIMUNE GROUP INC
1737995,3841,
1738021,2836,
1738177,3663,CAMBIUM NETWORKS CORP
1738699,3674,WISEKEY INTERNATIONAL HOLD
1738758,7822,GLORY STAR NEW MD GP HLD LTD
1738827,1389,KLX ENERGY SERVS HLDNG
1738906,5961,111 INC -ADR
1739104,2834,ELANCO ANIMAL HLTH INC
1739174,2836,BIOMX INC
1739410,2836,
1739426,2834,OSMOTICA PHARMACEUTIC
1739445,3440,ARCOSA INC
1739566,2090,
1739614,2836,INHIBRX INC
1739936,7370,MOMENTIVE GLOBAL INC
1739940,6324,CIGNA CORP
1739942,7370,SOLARWINDS CORP
1740279,2836,
1740332,5065,RESIDEO TECHNOLOGIES
1740547,2836,UROVANT SCIENCES LTD
1740594,8200,ARCO PLATFORM LTD
1740915,7370,FARFETCH LTD
1741231,2090,
1741530,6141,360 DIGITECH INC -ADR
1741534,6531,MDJM LTD
1741830,2836,KRONOS BIO INC
1742056,8200,LAIX INC - ADR
1742089,6035,CBM BANCORP INC
1742341,7370,
1742518,6211,MMTEC INC
1742692,3845,INMODE LTD
1742770,3630,VIOMI TECHNOLOGY -ADR
1742927,2834,
1743102,6159,JIAYIN GROUP INC
1743340,7389,TUANCHE CO LTD -ADR
1743344,3567,PYROGENESIS CANADA INC
1743725,7370,GRID DYNAMICS HOLDGS INC
1743745,5099,GREENLANE HOLDINGS INC
1743759,3570,CORSAIR GAMING INC
1743858,9995,LONGEVITY ACQUISITION
1743881,2836,BRIDGEBIO PHARMA INC
1743886,6311,FEDERAL LIFE GROUP IN
1743905,3669,
1743907,4512,
1743971,5961,MOGU INC -ADR
1744489,4888,DISNEY (WALT) CO
1744494,3690,
1744659,2836,AKERO THERAPEUTICS INC
1744676,7370,TENCENT MUSIC ENNT GRP -ADR
1744781,3751,NIU TECHNOLOGIES -ADR
1744894,6331,SIRIUS INTL INSURANCE LTD
1744895,9995,CHURCHILL CAPITAL CORP
1745020,2834,
1745041,5500,IAA INC
1745114,2836,
1745201,4400,
1745317,3812,
1745431,6099,STONECO LTD
1745797,1311,BRIGHAM MINERALS INC
1745916,6162,PENNYMAC FINANCIAL SERVICES
1745999,2836,BEAM THERAPEUTICS INC
1746037,9995,ARYA SCIENCES ACQ CORP
1746109,6020,BANK FIRST CORP
1746129,6020,BANK7 CORP
1746466,2836,EQUILLIUM INC
1746468,9995,EDTECHX HOLDINGS ACQU
1746473,2834,PLIANT THERAPEUTICS IN
1746618,5961,REVOLVE GROUP INC
1746967,6726,RIVERNORTH OPPO MUN FD
1747009,4922,EQUITRANS MID CORP
1747068,6020,METROCITY BANKSHARES INC
1747079,7990,BALLYS CORP
1747172,6797,
1747661,7370,
1747748,7370,
1748137,3690,
1748252,9995,DD3 ACQUISITION CORP
1748621,9995,ALBERTON ACQUISITION
1748679,5812,PEPPER FOOD SERVICE CO LTD
1748773,4922,RATTLER MDSTRM PRTNRS LP
1748790,2670,AMCOR PLC
1748797,3790,BRP INC
1748824,6282,BRIGHTSPHERE INVEST GRP INC
1748907,2836,ORCHARD THRPUTCS PLC -ADR
1749211,4522,
1749704,7350,AGILITI INC
1749723,4924,NEW FORTRESS ENERGY INC
1749797,7370,CHINA INDEX HLD LTD -ADR
1750019,2836,TCR2 THERAPEUTICS INC
1750106,6552,ALSET EHOME INTL INC
1750149,2836,INHIBIKASE THERAPE INC
1750153,3711,
1750264,6411,PUYI INC -ADR
1750284,2836,OLEMA PHARMACEUTICALS INC
1750593,7370,FANGDD NET GP LTD -ADS
1750735,6020,MERIDIAN CORP
1751008,7372,
1751017,3845,ITAMAR MEDICAL LTD
1751143,8700,ATLAS TECHNICAL CONSULTANTS
1751299,2836,KALEIDO BIOSCIENCES INC
1751783,6036,RHINEBECK BANCORP INC
1751788,2821,DOW INC
1751876,7310,HAPPINESS BIOTECH GRP LTD
1752036,6020,
1752039,6331,POSITIVE PHYSICIANS HLDGS
1752108,5961,
1752828,2836,GX ACQUISITION CORP
1752836,5912,COVETRUS INC
1753162,6531,FATHOM HOLDINGS INC
1753268,5961,RUHNN HOLDING LTD -ADR
1753368,3663,SANGOMA TECHNOLOGIES CORP
1753539,7370,OSPREY TECH ACQ CORP
1753648,9995,8I ENTPRIS ACQ CORP
1753673,7370,
1753706,2090,WHOLE EARTH BRANDS INC
1753886,6531,STONEMOR INC
1754068,2836,ALLOVIR INC
1754170,5080,AERSALE CORP
1754226,6020,ORANGE COUNTY BANCORP INC
1754301,4833,FOX CORP
1754323,7372,POWERBRIDGE TECHNOLOG CO LTD
1754581,6211,FUTU HOLDINGS LTD -ADR
1754820,3555,
1754824,9995,SCHULTZE SPECIAL PURP
1755058,8742,ATIF HOLDINGS LTD
1755237,2836,CYCLERION THERAPEUTICS
1755672,100,CORTEVA INC
1755953,7370,AKERNA CORP
1756180,1600,
1756262,3845,TRANSMEDICS GROUP INC
1756497,7372,CHANGE HEALTHCARE INC
1756594,2836,INVENTIVA SA
1756607,1040,EQUINOX GOLD CORP
1756655,8062,
1756699,6211,UP FINTECH HOLDIN -ADR
1756701,6020,
1756708,5961,JUMIA TECHNOLOGIE -ADR
1757064,2836,GENFIT SA
1757073,3843,ENVISTA HOLDINGS CORP
1757097,8071,CENTOGENE NV
1757143,8090,AESTHETIC MD INT -ADS
1757399,7372,TUFIN SOFTWARE TECHNOLOGIES
1757499,2834,
1757715,3634,ATERIAN INC
1757840,1311,INDONESIA ENERGY CORP LTD
1757898,3841,STERIS PLC
1757932,3690,
1758009,3570,
1758021,5110,
1758057,3714,GORES METROPOULOS INC
1758488,7200,ONESPAWORLD HOLDINGS LTD
1758530,7370,SO-YOUNG INTERNATIONAL INC
1758730,7370,TRADEWEB MARKETS INC
1758736,5961,MOLECULAR DATA INC -ADS
1758766,7389,STAR PEAK ENE TRA CORP
1759008,5500,
1759136,7372,BLUE HAT INTRCTIVE ENT TECH
1759138,2836,CABALETTA BIO INC
1759186,2836,
1759425,2836,MIRUM PHARMACEUTICALS INC
1759509,4100,LYFT INC
1759546,3711,
1759614,5961,YUNJI INC -ADR
1759631,3711,
1759655,8011,
1759774,6798,POSTAL REALTY TRUST INC
1759783,3721,EHANG HOLDINGS LTD -ADS
1759824,5080,ALTA EQUIPMENT GROUP INC
1760173,3842,SURGALIGN HOLDINGS INC
1760233,7370,
1760542,2836,HOOKIPA PHARMA INC
1760689,3690,
1760717,7372,SCIPLAY CORP
1760764,8071,
1760854,2836,NANOBIOTIX SA
1760903,2844,JUPITER WELLNESS INC
1760965,2300,KONTOOR BRANDS INC
1761312,6331,PALOMAR HOLDINGS INC
1761612,2836,BICYCLE THERAPEUTICS PLC
1761696,1623,
1761918,2836,
1761940,4412,DIAMOND S SHIPPING INC
1762239,5190,
1762301,7363,FIVERR INTERNATIONAL LTD
1762303,2836,
1762322,5961,
1762417,7370,DOUYU INTL HLDINGS LTD -ADR
1762418,2836,
1762424,2731,BOOK-OF-THE-MONTH CLUB INC
1762459,2890,
1762506,1311,VISTA OIL & GAS CO
1763197,5961,ECMOHO LTD -ADS
1763731,9995,REPLAY ACQUISITION CORP
1763950,2836,LANTERN PHARMA INC
1764013,2836,IMMUNOVANT INC
1764046,7370,CLARIVATE PLC
1764301,9995,SC HEALTH CORP
1764711,9995,PROFICIENT ALPHA ACQ CORP
1764757,4100,
1764791,2836,ORPHAZYME A/S
1764925,7370,SLACK TECHNOLOGIES INC
1764974,2836,
1765159,7389,NUVEI CORP
1765850,6282,
1766140,2836,
1766363,7900,
1766368,3460,MAYVILLE ENGNERING CMPNY INC
1766400,8050,PENNANT GROUP INC (THE)
1766478,6798,
1766502,5961,CHEWY INC
1766600,2834,SUNDIAL GROWERS INC
1767042,1389,
1767043,9995,MODERN MEDIA ACQ CORP
1767258,3714,XPEL INC
1767582,5961,LUCKIN COFFEE INC -ADR
1767837,6020,RICHMOND MUTUAL BANCO INC
1768012,7990,
1768224,2836,ARCTURUS THERAPETCS HOLD INC
1768259,8200,GAOTU TECHEDU INC -ADR
1768267,7372,CERENCE INC
1768446,2836,
1768910,9995,GREENCITY ACQUISIT COR
1768946,2836,
1769116,3679,
1769318,9995,
1769484,2870,BIOCERES CROP SOLUTIONS CORP
1769617,6036,HARBORONE BANCORP INC
1769624,6282,AGBA ACQUISITION LTD
1769628,7370,
1769663,6036,PIONEER BANCORP INC
1769697,1400,
1769731,6200,AMTD INTERNATIONAL INC
1769759,3842,
1769768,7600,
1769804,7374,
1770069,2836,
1770088,7370,WIMI HOLOGRAM CLOUD INC -ADS
1770121,2836,
1770141,8090,
1770236,3861,
1770251,9995,ORISUN ACQUSITION CORP
1770450,3577,XEROX HOLDINGS CORP
1770501,5812,
1770787,2835,10X GENOMICS INC
1770883,7370,LINX SA
1771007,8200,AFYA LTD
1771279,7900,WANDA SPRT GP CO -ADR
1771515,5411,GROCERY OUTLET HLDNG CORP
1771885,2834,
1771908,9995,HAYMAKER ACQ CORP II
1771910,2836,ADC THERAPEUTICS SA
1771917,2836,KARUNA THERPEUTICS INC
1771928,9995,FELLAZO INC
1772016,2000,BELLRING BRANDS INC
1772028,2836,SCOPUS BIOPHARMA INC
1772177,5812,KURA SUSHI USA INC
1772253,4412,FLEX LNG LTD
1772695,4991,SUNNOVA ENRGY INTL INC
1772720,4911,
1772921,5500,ONEWATER MARINE INC
1773086,9995,YUNHONG INTERNATIONAL
1773087,9995,TUSCAN HLDINGS CORP II
1773250,1040,
1773383,7370,DYNATRACE INC
1773427,2836,SPRINGWORKS THERAPEUTICS INC
1773751,2834,
1774155,7370,
1774170,7370,POWERFLEET INC
1774675,8200,SKILLSOFT CORP
1774857,2834,
1774983,5171,BROOGE ENERGY LTD
1775085,8200,CHINA LIB EDU HOLD LTD
1775194,2834,
1775625,3843,SMILEDIRECTCLUB INC
1775734,6200,
1775898,4899,UCLOUDLINK GR INC -ADR
1776067,5960,ORIENTAL CULT HOLD LTD
1776111,2834,
1776197,8071,AKUMIN INC
1776661,8742,ADVANTAGE SOLUTION-REDH
1776903,9995,NETFIN ACQUSITION CORP
1776909,7374,
1776967,2844,NATURA &CO HOLDING SA
1776985,2836,BIONTECH SE
1777319,7373,
1777393,7500,
1777765,7370,VIQ SOLUTIONS INC
1777835,6211,
1777921,7370,
1777946,7372,LGL SYSTEMS ACQUISITON
1778016,2836,I-MAB -ADS
1778114,6726,VIRTUS ALLIANZGI ARTL INT FD
1778982,6411,HUIZE HOLDING LTD -ADR
1779020,2821,
1779128,4522,
1779372,3845,
1779474,7370,SILVER SPIKE ACQ CORP
1779476,7370,36KR HOLDINGS INC -ADS
1779578,2834,
1780097,2836,BAUDAX BIO INC
1780201,5961,
1780232,4950,GFL ENVIRONMENTAL INC
1780262,9995,NEWBORN ACQUISITION CORP
1780312,4899,
1780531,7370,ONECONNECT FIN TECH -ADS
1780652,3674,CANAAN INC
1780731,3620,
1780785,2810,
1781115,9995,ALUSSA ENERGY ACQ CORP
1781162,3670,
1781174,2834,
1781193,7389,QUHUO LTD -ADR
1781335,3530,OTIS WORLDWIDE CORP
1781397,8200,
1781446,3679,
1781730,6020,
1781753,8200,YOUDAO INC -ADS
1781755,6411,BRP GROUP INC
1781983,2836,APREA THERAPEUTICS INC
1782037,4210,MINGZHU LOG HOLD LTD
1782107,2836,
1782170,7389,
1782223,2836,
1782303,2836,
1782309,8200,SKILLFUL CRAFT ED TECH
1782430,6798,
1782524,6797,
1782594,2836,GENETRON HOLD LTD -ADS
1782627,2084,
1782754,2430,AZEK COMPANY INC (THE)
1782941,6411,
1782999,2836,PURETECH HEALTH PLC
1783032,2836,
1783180,3585,CARRIER GLOBAL CORP
1783183,2834,PHATHOM PHARMA INC
1783317,7372,MCAFEE CORP
1783328,2836,
1783398,6162,
1783400,4955,US ECOLOGY INC
1783407,7370,LIZHI INC -ADS
1783879,6211,
1784254,4832,MEDIACO HOLDING INC
1784535,6331,
1784567,1531,HARBOR CUSTOM DEV INC
1784570,3721,
1784797,6798,BROADMARK REALTY CAPITAL INC
1784851,2750,GALILEO ACQ CORP
1784970,7370,
1785041,9995,CHP MERGER CORP
1785056,3949,
1785154,6513,PHOENIX TREE HOLD -ADS
1785173,2836,89BIO INC
1785279,2836,
1785345,2834,
1785424,6141,
1785530,2836,
1785566,8200,ZHONGCHAO INC
1785592,7370,MERIDA MERGER CORP I
1785680,6282,
1786108,6797,
1786117,6798,ALPINE INCOME PROPERTY TRUST
1786182,8200,
1786205,2836,
1786248,6798,NEXPOINT REAL EST FIN
1786255,2836,
1786286,3829,
1786352,7370,BILL.COM HOLDINGS INC
1786431,2673,REYNOLDS CONSUMER PRODUCTS
1786471,3711,
1786511,2836,ANPAC BIO-MEDICAL SCI -ADS
1786842,3829,VONTIER CORP
1786909,1090,SIBANYE-STILLWATER LIMITED
1787005,6035,
1787134,7812,SCORE MEDIA AND GAMING INC
1787297,2836,PASSAGE BIO INC
1787306,2834,ARCUTIS BIOTHERAPEUTICS INC
1787384,6035,
1787400,2836,NKARTA INC
1787414,6036,BOGOTA FINANCIAL CORP
1787425,6211,XP INC
1787518,7372,BRILLIANT ACQUISITION
1787640,7370,
1787740,3845,
1787791,9995,JUNIPER INDUSTRIAL HLD
1787803,2844,WUNONG NET TEC COM LTD
1788016,6411,Q&K INTL GROUP LTD -ADS
1788028,2836,AMPLITUDE HEALTH ACQ
1788060,3760,
1788230,2085,
1788257,5961,BETTERWARE DE MXCO SAB DE CV
1788348,4932,BROOKFIELD INFRASTRCTR
1788717,7990,
1788841,7370,
1788882,6331,ROOT INC
1788999,7372,
1789029,3829,INTERPRIVATE ACQUISITION CRP
1789192,2870,
1789299,3663,
1789760,9995,CIIG MERGER CORP
1789769,2836,
1789832,1311,HESS MIDSTREAM LP
1789940,5812,
1789972,2836,
1790169,5122,
1790340,2836,
1790515,6200,
1790625,7371,LIV CAPITAL ACQ CORP
1790665,2833,GREENROSE ACQUISITION CORP
1790982,3350,ARCONIC CORP
1791091,7370,
1791145,6020,
1791278,7370,BLUECITY HOLDI LI -ADR
1791703,1000,TITAN MINING CORP
1791706,3711,LI AUTO INC
1791725,3317,
1791863,4911,BROOKFIELD RENEWABLE CORP
1792030,2834,
1792044,2834,VIATRIS INC
1792267,2835,BURNING RO BI LIM -ADR
1792580,1311,OVINTIV INC
1792581,2836,KIROMIC BIOPHARMA INC
1792627,5961,
1792781,5961,
1792789,7370,DOORDASH INC
1792829,8200,VASTA PLATFORM LTD
1792849,1311,
1793229,7372,
1793294,8731,PPD INC
1793659,7990,
1793663,7370,
1793855,6726,ABERDEEN ST GBL INF INCM FND
1793862,5960,DADA NEXUS LTD -ADR
1793895,4950,
1794338,6331,
1794350,7370,YALLA GROUP LTD -ADR
1794515,7370,ZOOMINFO TECHNO INC
1794546,3842,
1794621,3812,CITIC CAPITAL ACQ CORP
1794669,7389,SHIFT4 PAYMENTS INC
1794717,9995,SCVX CORP
1794776,6797,
1794783,6411,SELECTQUOTE INC
1794846,7359,ATLAS CORP
1794905,7370,
1795091,2836,
1795250,4841,MADISON SQUARE GARD ENT
1795251,8011,NANO X IMAGING LTD
1795579,2834,
1795586,6099,
1795589,7370,KINGSOFT CLOUD HO -ADR
1795815,6020,SOUTHERN CALIF BANCORP
1796022,6282,STEPSTONE GROUP INC
1796073,1000,
1796129,2836,
1796209,1700,API GROUP CORP
1796280,2836,ORIC PHARMACEUTICALS
1796303,9995,ROTH CH ACQUISITION I
1796335,6331,ALLIANZ SE
1796514,7370,
1796898,3674,MAXEON SOLAR TECHNOLOGIE LTD
1796911,7372,HRSOFT INC
1797099,9995,PTK ACQUISITION CORP
1797768,2836,KINNATE BIOPHARMA INC
1798100,6798,NETSTREIT CORP
1798270,8090,ASSURE HOLDINGS CORP
1798562,1000,SUSTAINABLE OPP ACQ
1798749,2836,
1799011,3845,
1799191,8011,DFP HEALTHCARE ACQUISITIONS
1799207,8062,
1799208,7323,DUN & BRADSTREET HOLDNGS INC
1799290,6200,EBANG INTERL HOLDS INC
1799332,7370,
1799448,2836,ALIGOS THERAPEUTICS INC
1799567,7372,
1799611,9995,COLLECTIVE GROWTH CORP
1799788,2836,GREENWICH LIFESCIE INC
1799850,2836,CHARDAN HEALTHCR ACQ 2
1799983,7374,
1800227,7370,IAC/INTERACTIVECORP
1800315,2836,GALECTO INC
1800347,7370,E2OPEN PARENT HOLDINGS INC
1800392,7371,
1800637,3523,
1800667,7372,JFROG LTD
1800682,8062,
1801075,6311,AMERICAN NATIONAL GROUP INC
1801169,6531,OPENDOOR TECHNOLOGIES INC
1801170,6324,
1801198,2836,LEGEND BIOTEC COR -ADR
1801368,1090,MP MATERIALS CORP
1801602,7370,
1801661,7370,SKILLZ INC
1801754,6331,TREAN INSURANCE GR INC
1801777,2836,APPLIED MOLEC TRAN INC
1801834,2834,PAINREFORM LTD
1802156,7990,
1802255,8000,
1802450,8090,LIONHEART ACQU CORP II
1802457,2821,
1802665,2834,HARMONY BIOSC HOLD INC
1802749,3711,
1802768,2834,ROYALTY PHARMA PLC
1802883,7370,AGORA INC -ADR
1802974,5140,MISSION PRODUCE INC
1803112,8742,
1803407,3679,
1803599,7374,CONCENTRIX CORP -SPN
1803696,7372,
1803737,8082,
1803901,8090,
1803914,2300,MOUNTAIN CREST AC CORP
1804176,3845,
1804469,7381,
1804583,7370,
1804591,8071,
1804745,7500,
1805012,8200,VITRU LTD
1805077,3690,
1805087,2836,CAPSTAR SPECI PUR ACQU
1805284,6162,ROCKET COS INC
1805385,3812,NEWHOLD INVESTMENT COR
1805387,2836,
1805521,3711,
1805526,6163,
1805594,5961,
1805651,7370,
1805833,7370,TREBIA ACQUISTION CORP
1805890,2836,FUSION PHARMACEUTI INC
1806201,7323,OPEN LENDING CORP
1806310,2836,TAYSHA GENE THERPS INC
1806347,2090,
1806524,6200,
1806837,7370,VERTEX INC
1806904,3690,
1806952,2836,
1807046,6510,
1807120,2836,
1807166,7372,AMESITE INC
1807192,7374,CHINDATA GROUP HOLD LTD -ADR
1807389,7389,
1807594,9995,MALACCA STRAITS ACQ CO LTD
1807707,100,NOVUS CAPITAL CORPORAT
1807794,3674,
1807846,6141,FUSION ACQUISITION COR
1807887,3540,
1807901,2836,PANDION THERPUTC INC
1807983,2836,MEDICENNA THERAPEUTICS CORP
1808110,2090,
1808158,2836,REPARE THERAPEUTIC INC
1808220,6411,GOHEALTH INC
1808377,3851,
1808665,2834,
1808805,8731,
1808834,6141,PROG HOLDINGS INC
1808865,2836,ITEOS THERAPEUTICS INC
1808898,2836,BENITEC BIOPHARMA LTD
1808997,3949,AMERICAN OUTDOOR BRANDS -SPN
1809104,7374,
1809122,2836,CUREVAC NV
1809158,7900,
1809196,2836,
1809519,7370,GOODRX HLDGS INC
1809587,6531,KE HOLDINGS INC -ADR
1809616,2834,
1809691,7011,
1809750,100,
1809987,3829,GS ACQUI HOLDI CORP II
1810019,7370,RACKSPACE TECHNOLO INC
1810031,2836,FREELINE THER PLC -ADR
1810140,5961,1847 GOEDEKER INC
1810182,2836,ALX ONCOLOGY HOLDI INC
1810467,7320,
1810546,6020,EASTERN BANKSHARES INC
1810560,2836,
1810739,4813,
1810806,7372,UNITY SOFTWARE INC
1810997,3711,XPENG INC
1811063,2834,
1811074,6792,TEXAS PACIFIC LAND CORP
1811109,3640,APPLIED UV INC
1811115,7372,RENALYTIX PLC
1811210,3711,
1811216,7310,
1811414,3690,QUANTUMSCAPE CORP
1811623,2834,
1811764,2834,
1811856,3211,
1811882,9995,PERSHING SQ TN HOL LTD
1811935,5961,
1811999,7370,
1812173,3845,D8 HOLDINGS CORP
1812234,9995,CHURCHILL CAPITAL CORP V
1812360,8000,
1812364,2836,RELAY THERAPEUTICS INC
1812447,2911,
1812477,7374,
1812727,6411,
1813658,3672,ACE CONVERGENCE ACQ CORP
1813756,6512,BOWX ACQUISITION CORP
1813783,3730,VISION MARINE TECH INC
1813814,2834,
1813914,8011,
1814067,8200,LIXIANG EDUCATIO CO LTD -ADR
1814114,3845,HEALTH SCIE ACQ CORP 2
1814140,2836,
1814215,3540,
1814287,6411,EAST RESOURCES ACQUI CO
1814329,3760,
1814423,7372,IHUMAN INC -ADR
1814728,9995,E MERGE TECHN ACQ CORP
1814824,9995,KISMET ACQUIS ONE CORP
1814963,3420,
1815021,5961,BOQII HOLDING LTD -ADR
1815184,9995,REDBALL ACQUISITI CORP
1815436,7372,
1815442,2836,KYMERA THERAPEUTIC INC
1815526,9995,BURGUNDY TECH ACQ CORP
1815566,7311,
1815620,2836,OPTHEA LTD
1815776,2834,
1815779,4412,
1815846,5331,MINISO GR HOL LTD -ADR
1815849,8000,
1815903,2834,
1815974,2834,
1816007,6141,LUFAX HOLDING LTD -ADR
1816017,8731,
1816048,9995,SOFTWARE ACQUIS GROUP INC II
1816090,9995,FTAC OLYMPUS ACQU CORP
1816101,9995,DMY TECHNOLOGY INC II
1816172,5500,
1816176,9995,GO ACQUISITION CORP
1816233,7370,
1816319,7841,
1816431,3826,
1816581,3829,
1816590,2836,COMPASS PATHWAYS PLC -ADR
1816613,3555,
1816708,3827,
1816723,3620,
1816736,2836,
1816815,2800,
1816816,9995,GORES HOLDINGS V INC
1817004,5900,
1817071,9995,HORIZON ACQUISITION CORP
1817229,2836,
1817232,2810,
1817241,2836,
1817358,5940,ACADEMY SPO AND OU INC
1817511,7370,
1817713,2836,
1817740,1040,
1817760,3674,
1817944,2836,
1818089,9995,BLUESCAPE OPP ACQ CORP
1818093,3841,
1818201,7370,
1818274,3579,
1818331,8071,
1818355,9995,FOLEY TRASIMENE ACQU CORP II
1818382,2836,
1818383,7370,MEDIAALPHA INC
1818502,6141,
1818644,3829,
1818794,2836,DYNE THERAPEUTICS INC
1818838,2836,
1818844,2836,VIRIOS THERAPEUTIC INC -REDH
1818873,9995,SOCIAL CAPITAL HEDOSOPHIA
1818874,6141,
1818876,9995,SOCIAL CAPI HED HOLD CORP IV
1819035,6331,
1819113,8731,
1819133,2836,BCTG ACQUISITION CORP
1819142,3690,
1819253,8090,
1819263,9995,MONTES ARCHIMEDES ACQ CORP
1819313,9995,TWC TECH HOLDI II CORP
1819394,7370,
1819395,7000,
1819399,9995,TPG PACE BENE FIN CORP
1819404,8200,TPG PACE TECH OPP CORP
1819411,2836,
1819438,3690,
1819493,3713,NEXTGEN ACQUISITI CORP
1819516,4522,
1819574,5961,
1819576,2834,LIQUIDIA CORP
1819580,2844,YATSEN HOLDING LTD -ADR
1819584,3620,
1819608,9995,AVANTI ACQUISITION CORP
1819615,2833,
1819704,7200,
1819790,2834,TARSUS PHARMACEUTI INC
1819794,5172,
1819796,6200,
1819810,3760,
1819848,4522,
1819876,7370,
1819881,7374,
1819928,7372,
1819974,3674,
1819989,7372,
1819994,3760,
1820144,7370,
1820190,2834,
1820201,7841,
1820302,6200,
1820566,4700,
1820630,3711,
1820721,3829,ARRAY TECHNOLOGIES INC
1820872,4700,APOLLO STRAT GROWT CAP
1820875,7370,
1820877,6798,APARTMENT INCM REIT CRP -SPN
1820953,6141,
1821159,5500,
1821160,6162,
1821175,7372,
1821297,6020,TOUCHSTONE BANKSHARES INC
1821323,2836,SIGILON THERAPTICS INC
1821349,7372,NEOGAMES S.A
1821393,5700,AARONS CO INC (THE)
1821424,6512,UCOMMUNE INTERNATIONAL LTD
1821468,8200,17 EDUCATION & TE -ADR
1821534,7370,
1821586,2836,
1821769,3674,
1821788,9995,HORIZON ACQUISITION CORP II
1821806,5990,LESLIE'S INC
1821825,2834,
1821850,6141,
1821866,7372,
1822145,3578,
1822250,5961,CONTEXTLOGIC INC
1822359,8090,
1822462,2836,FOGHORN THERAPEUTICS INC
1822479,8734,SOTERA HEALTH CO
1822492,3452,
1822523,6798,
1822691,2836,
1822711,2836,
1822791,2836,
1822829,5961,OZON HOLDINGS PLC
1822877,9995,VY GLOBAL GROWTH
1822928,3714,
1822966,3621,
1822993,6311,
1823000,6512,CONX CORP
1823144,3577,
1823239,8731,MARAVA LIFES HLDGS INC
1823306,7370,LIGHTSPEED COMMERCE INC
1823365,6035,
1823406,6020,
1823466,7370,
1823529,6351,
1823575,7372,
1823584,5099,
1823587,4581,
1823593,7372,
1823608,6020,AMALGAMATED FINANCIAL CORP
1823652,3721,
1823766,4900,
1823794,5500,
1823878,7372,
1823882,3663,AIRSPAN NETWORKS HOLDINGS IN
1823945,6799,
1823986,6411,
1824013,9995,HEALTH ASSURA ACQ CORP
1824036,3670,
1824293,2836,
1824403,8900,
1824502,4522,ATLAS CREST INVES CORP
1824734,3569,
1824814,7372,
1824893,2836,
1824920,3571,
1824993,9995,PERIPHAS CAPTL PA CORP
1825024,6531,SUPERNOVA PARTNRS ACQ CO INC
1825079,3555,
1825088,1531,
1825155,7374,
1825249,9995,CF ACQUISITION CORP IV
1825349,5400,
1825367,2836,
1825452,7370,
1825480,5961,
1825570,6282,
1825875,3690,
1826000,7370,
1826011,7370,
1826018,700,
1826168,4812,TIM S.A.
1826286,6200,
1826376,7311,
1826397,3569,
1826457,2836,
1826470,5990,
1826492,2836,
1826600,1311,
1826660,3679,
1826667,3841,
1826681,3590,
1826889,7200,
1826892,2836,BIOATLA INC
1827075,7370,
1827087,2836,
1827090,7370,CERTARA INC
1827401,2836,
1827506,2836,
1827821,6200,
1827980,7372,
1828016,7372,
1828098,3550,
1828102,7370,
1828105,6411,
1828108,7372,
1828161,3600,
1828182,8082,
1828185,2836,
1828248,9995,
1828250,9995,
1828253,2836,
1828316,2836,
1828318,3690,
1828365,3990,
1828376,6036,WILLIAM PENN BANCORP
1828443,3845,
1828522,2836,
1828536,3690,
1828588,6020,
1828672,5961,
1828673,2836,
1828723,4911,
1828791,7370,
1828805,3674,
1828811,4953,
1828852,4700,
1828937,6162,
1828962,3555,
1828972,7370,
1829118,7370,
1829247,7372,
1829280,7370,
1829311,7370,
1829426,9995,
1829432,9995,
1829576,6020,CARTER BANKSHARES INC
1829635,2836,
1829667,2834,
1829726,1040,
1829794,3751,
1829802,2836,
1829864,7374,
1829948,6282,CI FINANCIAL CORP
1829949,5960,
1829959,7370,DOCEBO INC
1829966,7990,
1830029,7370,
1830033,2821,
1830043,7370,
1830072,5961,
1830081,7370,
1830162,2836,
1830180,5731,
1830188,1531,
1830197,6162,
1830210,100,
1830214,8731,
1830487,2836,
1830749,2836,
1831096,6799,GREAT ELM GROUP INC
1831097,8090,
1831283,2836,
1831359,9995,
1831363,2834,
1831481,1311,
1831617,2840,
1831631,6162,
1831651,3670,
1831828,2836,
1831840,7370,
1831868,3841,
1831907,5961,
1831915,8731,
1831979,3330,
1832038,2836,
1832168,2834,
1832332,8082,
1832415,7372,
1832459,9995,
1832466,6324,
1832483,4210,
1832511,8090,
1832871,6726,
1833141,2834,
1833197,3949,
1833214,2836,
1833498,3845,
1833756,3812,
1833769,3845,
1833835,7389,
1833908,7370,
1834026,1040,
1834045,2084,
1834048,5411,
1834105,2836,
1834253,7359,
1834376,8090,
1834488,7370,
1834489,7370,
1834494,7370,
1834584,5961,
1834585,5940,
1834622,3590,
1834645,2836,
1834974,3711,
1834975,3713,VICINITY MOTOR CORP
1835022,2836,
1835059,3713,
1835256,2084,
1835268,2836,
1835378,7310,
1835385,6020,
1835512,3663,
1835539,3826,
1835567,7370,
1835579,2836,
1835591,3651,
1835597,2836,
1835615,3841,
1835632,3674,
1835654,3829,
1835681,7370,
1835724,7370,
1835830,7370,
1835856,6162,
1835963,5961,
1836057,6726,
1836176,3569,
1836242,5990,
1836379,2836,
1836470,7370,
1836564,2836,
1836754,8200,
1836833,8700,
1836875,3620,
1836934,7372,
1836981,7370,
1837014,3829,
1837240,3569,
1837254,2834,
1837412,3841,
1837429,6399,
1837430,7370,
1837493,3841,
1837607,2836,
1837686,7370,
1837821,3842,
1838163,7372,
1838207,9995,
1838337,9995,
1838359,3674,
1838406,1311,
1838413,4731,
1838615,6282,
1838672,7370,
1838716,2836,
1838937,8200,
1838957,5961,
1838987,3674,
1839285,7371,
1839341,7370,
1839360,7900,
1839412,1623,
1839439,7370,
1839530,7389,
1839608,4100,
1839730,8011,
1839799,7310,
1839839,3442,
1839998,8011,
1840199,2844,
1840229,2836,
1840233,2836,
1840292,3620,
1840317,7370,
1840416,3714,
1840439,2836,
1840502,7370,
1840563,2844,
1840572,7900,
1840574,2836,
1840616,1040,
1840706,7370,
1840748,2836,
1840776,6411,
1840780,100,
1840856,7372,
1840877,3842,
1841125,2860,
1841156,7374,
1841330,2836,
1841387,2836,
1841408,6141,
1841425,2911,
1841666,1311,APA CORP
1841675,7372,
1841761,5961,
1841800,7370,
1841804,7370,
1841925,3674,
1841968,6282,
1842022,4922,
1842279,5500,
1842295,2834,
1842356,8900,
1842556,1311,
1842566,7372,
1842718,7370,
1842731,7370,
1842827,7361,
1842939,2836,
1842952,2834,
1843162,6797,
1843165,7311,
1843212,9995,
1843388,3480,
1843586,2020,
1843588,3714,
1843656,8711,
1843714,7372,
1843724,4950,
1843762,2834,
1843973,4522,
1844149,3826,
1844280,2834,
1844392,6411,
1844417,2836,
1844450,3690,
1844452,3760,
1844505,3845,
1844862,3690,
1844971,7370,
1845022,7370,
1845097,3411,
1845123,1311,
1845257,8093,
1845290,4924,
1845337,2836,
1845338,7370,
1845437,3510,
1845459,2836,
1845799,6035,
1845815,7389,
1845840,4899,
1846017,6036,
1846069,7370,
1846253,2836,
1846510,7011,
1846576,2300,
1846715,4911,
1846832,7389,
1846839,6799,CYPHERPUNK HOLDINGS
1847064,7370,
1847075,7370,
1847360,6035,
1847367,2836,
1847398,6036,
1847409,2834,
1847584,7370,
1847590,8711,
1847806,8200,
1847846,6531,
1847874,6519,
1847903,2836,
1847986,3600,
1848275,6211,
1848309,1000,SIGMA LITHIUM CORP
1848739,7372,
1848763,4911,
1848898,100,
1849056,4911,
1849221,2300,
1849253,6411,
1849296,2836,
1849380,7372,
1849396,7310,
1849466,6036,
1849635,7370,
1849670,6036,
1849820,7359,
1849853,8731,
1849867,6035,
1850079,3826,
1850119,2836,
1850235,5961,
1850266,7372,
1850270,2836,
1850398,6035,
1850453,3812,
1850838,2836,
1850902,2836,
1850906,3826,
1851003,7370,
1851112,7370,
1851194,2834,
1851484,2836,
1851657,2836,
1851682,5961,
1851860,2834,
1851961,3674,
1852117,3674,
1852131,3690,
1852244,4731,
1852353,1040,
1852440,7370,
1852551,1040,
1852633,5812,
1852767,7510,
1852973,2090,
1853044,8742,
1853145,7370,
1853513,7500,
1853717,7011,
1853816,2836,
1853825,7370,
1853860,1000,ERO COPPER CORP
1853962,1040,
1854139,2086,
1854233,7372,
1854270,2836,
1854275,7510,
1854368,7370,
1854401,6200,
1854445,7371,
1854480,8900,
1854545,5961,
1854572,5961,
1854583,7310,
1854587,7370,
1854640,1040,CENTERRA GOLD INC
1854963,6159,
1855129,2834,
1855175,2834,
1855447,3690,
1855457,4812,
1855467,3674,
1855474,3585,
1855485,2836,
1855509,3730,
1855557,3310,
1855612,4210,
1855631,3721,
1855644,2836,
1855747,7370,
1855756,4522,
1856028,7372,
1856031,7990,
1856084,5122,
1856236,7200,
1856314,7370,
1856365,6020,
1856430,3651,
1856437,5621,
1856485,2621,
1856525,5070,
1856608,2030,
1856725,2836,
1857030,2834,
1857044,2836,
1857086,3944,
1857154,5400,KRISPY KREME INC
1857190,3841,
1857475,2030,
1857816,5961,
1857853,3630,
1857951,3630,
1858257,7389,
1858681,6282,
1858685,2834,
1858724,4210,
1858848,2836,
1858985,3140,
1859007,2836,
1859199,7372,
1859285,7361,
1859392,6211,
1859639,5961,
1859690,7370,
1859795,3825,
1860160,3760,
1860543,3480,
1860657,2836,
1860742,3851,
1860782,2836,
1860805,3312,
1860871,2836,
1861107,3845,
1861233,7370,ACUITYADS HOLDINGS INC
1861449,4100,
1861522,5961,
1861560,2836,
1861622,4522,
1861657,2836,
1861737,3714,
1861795,7370,
1861841,3812,
1861974,3714,
1862044,5000,
1862068,7370,
1862150,2834,
1862461,6531,
1862463,7372,
1862490,3690,
1862935,7389,
1863006,3674,
1863105,7370,
1863127,2836,
1863218,4731,
1863362,2834,
1863934,3580,
1863990,3823,
1864055,7370,
1864163,6020,
1864448,7370,
1864531,7372,
1864943,5070,
1865107,5961,
1865127,2834,
1865187,1389,
1865408,2836,
1865482,2836,
1865494,2836,
1865506,1700,
1865631,7370,
1865782,8082,
1866030,3537,
1866175,1311,
1866368,7370,
1866390,8090,
1866501,3690,
1866550,7371,
1866581,5812,
1866633,7370,
1866692,7370,
1866757,5944,
1866782,7990,
1866816,3679,
1867066,2834,
1867072,7370,
1867096,2834,
1867102,3721,
1867325,7374,
1867729,3711,
1867752,7370,
1867834,7990,
1867949,6798,
1868159,6798,
1868275,4911,
1868279,2836,
1868395,3861,
1868640,7372,
1868726,2844,
1868734,2836,
1868778,7370,
1868912,7370,
1868941,3690,
1868995,7371,
1869198,7990,
1869467,4412,
1869858,5961,
1869974,2836,
1870144,2835,
1870404,2836,
1870600,3949,
1870940,8000,
1870997,7389,
1871130,9997,
1871149,2030,
1871321,3841,
1871509,5812,
1871688,2421,
1871983,7389,
1872090,7370,
1872195,6200,
1872302,3674,
1872356,3564,
1872525,7311,
1872529,2835,
1872789,3842,
1872812,2836,
1872964,3829,
1873093,2836,
1873331,7370,
1873454,8200,
1873529,8351,
1873835,2836,
1873875,2834,
1873923,6798,
1873951,6331,
1874071,6035,
1874074,7812,
1874097,7370,
1874178,3711,
1874252,2835,
1874315,3663,
1874474,5500,
1874875,5961,
1874944,7000,
1875016,3751,
1875091,2836,
1875444,5712,
1875496,2040,
1875547,7370,
1875558,2836,
1875609,4100,
1876042,7372,
1876183,4813,
1876431,8071,
1876581,4412,
1876588,3843,
1876766,8721,
1877184,3841,
1877322,3540,
1877333,5812,
1877787,2320,
1877939,7371,
1877971,5122,
1878057,7990,
1878313,2836,
1878848,7374,
1878897,6531,
1879016,1000,
1879103,6035,
1879248,3690,
1879373,3620,
1879403,6531,
1879726,3760,
1879754,5040,
1879848,3711,
1880319,2810,
1880343,2084,
1880431,7372,
1880438,2834,
1880613,7311,
1880661,6200,
1881172,4522,
1881472,6211,
1881487,1389,
1881551,3690,
1881592,6035,
1881767,5961,
1882607,1311,
1883085,7370,
1883313,5900,
1883437,5180,
1883685,7990,
1883788,3845,
1883814,1600,
1884072,3911,
1884082,3711,
1884516,7359,
1884697,4899,
1884735,3812,
1885408,5961,
1885522,2834,
1885827,2835,
1886190,3751,
1886362,7900,
1886428,6331,
1886799,2833,
1886894,7372,
1887673,3577,
1887944,1600,
1888012,2836,
1888014,5122,
1888151,7372,
1888274,1000,
1888447,4922,
1888525,7370,
1888654,1400,
1888886,2834,
1888980,1531,
1889109,2836,
1889539,6311,
1889823,7372,
1889956,7370,
1891027,7310,
1891101,2090,
1891856,5812,
1891944,4950,
1892274,6512,
1892292,5411,
1892322,7370,
1892480,2111,
1892492,6153,
1892500,2834,
1893311,6513,
1893448,3861,
1893645,2836,
1894525,2836,
1894562,2836,
1894693,3829,
1894954,3690,
1895249,3640,
1895262,1381,
1895597,3674,
1895618,7372,
1896049,7370,
1896084,1000,
1896212,2834,
1896425,3550,
1897087,7389,
1897245,7370,
1897463,9995,
1897532,5130,
1897762,5045,
1897982,7372,
1898416,2836,
1898474,7370,
1898496,7389,
1898601,1090,
1898604,5812,
1898643,3669,
1898766,1311,
1898795,3751,
1899005,7372,
1899123,7374,
1899287,3690,
1899658,1700,
1899830,7370,
1899883,4013,
1900304,2834,
1900564,7311,
1900720,7371,
1901215,3690,
1901279,7370,
1901305,3730,
1901440,8734,
1901637,6020,
1901799,7374,
1902314,3679,
1902733,7370,
1903145,7372,
1903382,6798,
1903595,7370,
1903870,2040,
1903995,2650,
1904286,2834,
1904501,3842,
1904856,3533,
1905511,3580,
1905660,7370,
1905920,8721,
1905956,7371,
1906133,7370,
1906324,2835,
1907085,2844,
1907108,2836,
1907184,1040,
1907223,2836,
1907685,2836,
1907909,1040,
1907982,7370,
1908705,7370,
1909417,7000,
1910139,7372,
1910851,8741,
1911545,7370,
1912582,3711,
1912847,4412,
1912884,7371,
1912966,3842,
1913210,3634,
1913510,3711,
1913749,7812,
1913847,6200,
1913971,6020,
1914078,2520,
1914605,6020,
1914805,4400,
1914818,7311,
1915403,3663,
1915657,2911,
1916241,3829,
1916331,2300,
1916416,8700,
1919246,2836,
1920092,2834,
1920294,7372,
1920406,7311,
1921158,7370,
1921865,2810,
1921963,3714,
1922097,2300,
1922335,7363,
1922446,1311,
1922641,4911,
1922858,3711,
1923780,3089,
1923840,2836,
1923891,3443,
1924482,2085,
1926792,2750,
1927026,1040,
1927578,7370,
1927719,7370,
1927958,3720,
1928340,7996,
1928446,1311,
1928581,5961,
1928948,4412,
1929561,4731,
1929783,3842,
1930021,3721,
1930179,7373,
1930313,8742,
1930510,8742,
1931717,3678,
1932072,3751,
1932393,3845,
1932737,3711,
1932770,8200,
1933021,6211,
1933414,2836,
1933567,3841,
1933951,5013,
1934064,3841,
1934245,3949,
1934642,6211,
1934850,6311,
1935172,7372,
1935418,1000,
1935979,2836,
1936224,4512,
1936258,2836,
1936804,7500,
1936817,4210,
1937441,4950,
1937653,2836,
1937737,2836,
1937926,6282,
1937987,8700,
1937993,2836,
1938046,2834,
1938109,6163,
1938186,4731,
1938534,1540,
1938865,6211,
1939365,8060,
1939780,3559,
1939965,7900,
1940177,7370,
1940674,3829,
1940941,6211,
1941029,3841,
1941131,4412,
1941158,4100,
1941365,2430,
1941500,5082,
1941506,3452,
1941536,7389,
1943289,7372,
1943421,4412,
1943444,3559,
1943705,3949,
1943802,6035,
1943896,7372,
1944013,3490,
1944048,2840,
1944057,4400,
1944399,7371,
1944552,2836,
1944558,1311,
1944712,7361,
1944885,2836,
1944902,6531,
1945240,8742,
1945415,8711,
1945565,3570,
1945711,5190,
1946216,6531,
1946399,2836,
1946563,2834,
1946573,8093,
1946703,5400,
1947016,3760,
1947210,7990,
1947244,1000,
1947559,6020,
1947861,3523,
1948099,3714,
1948294,2400,
1948436,5130,
1948443,5065,
1948455,2111,
1948697,5084,
1948864,5411,
1948884,7900,
1949257,2836,
1949478,5140,
1949543,1311,
1950246,1000,
1951067,4400,
1951070,8200,
1951089,1400,
1951222,3674,
1951229,1540,
1951276,6020,
1951294,7370,
1951667,4731,
1952073,7900,
1952853,3790,
1952976,6798,
1953021,7822,
1953366,6552,
1953530,2836,
1953575,1000,
1953926,2836,
1953984,6200,
1954042,3711,
1954269,6211,
1954488,2836,
1954594,7311,
1954694,7361,
1955104,3751,
1955520,1400,
1956166,1700,
1956741,3580,
1956744,3944,
1956955,3728,
1957001,3634,
1957132,3630,
1957146,5399,
1957413,3711,
1957489,8742,
1957538,4950,
1958086,1389,
1958133,4950,
1958140,7900,
1958217,1000,
1958399,3440,
1958713,7370,
1958777,2836,
1959023,6552,
1959224,6282,
1959348,2040,
1959455,4412,
1959726,5500,
1959994,2070,
1960847,4210,
1961017,4941,
1961847,5045,
1962011,2836,
1962481,2090,
1962738,2834,
1962746,3711,
1962845,8731,
1962918,2836,
1963439,3690,
1963685,3580,
1964021,3690,
1964314,3089,
1964333,6020,
1964504,1040,
1964630,1600,
1964664,2090,
1964738,3842,
1964789,7374,
1964946,7371,
1964954,4412,
1964979,3841,
1965040,8731,
1965473,6411,
1966233,7900,
1966287,1311,
1966494,2836,
1966678,4210,
1966750,6411,
1966983,1400,
1967397,7310,
1967621,7371,
1967631,8200,
1967649,7200,
1967680,3826,
1967822,5731,
1968043,4731,
1968487,3310,
1968915,3714,
1969302,7372,
1969373,6510,
1969401,5961,
1969863,7380,
1969928,7310,
1970544,7372,
1971115,4100,
1971213,4833,
1971382,3690,
1971532,2834,
1971542,7311,
1971543,2836,
1971828,1731,
1972074,3690,
1972529,4731,
1973239,3674,
1973266,7900,
1973368,3751,
1973832,1040,
1974138,7389,
1974640,2836,
1975641,2836,
1975940,3751,
1976443,3661,
1976695,8000,
1976908,8200,
1977102,3140,
1977303,2810,
1978057,2090,
1978527,4731,
1978811,6035,
1978867,1600,
1978954,5411,
1979330,6020,
1979332,6035,
1979407,7370,
1979414,2834,
1979610,1700,
1979887,3620,
1980088,1311,
1980210,3089,
1980845,2836,
1981462,7372,
1981519,7900,
1981535,7990,
1981546,6020,
1981599,1623,
1981662,8090,
1981792,6552,
1982012,5080,
1982444,3845,
1982448,7372,
1982518,1531,
1982708,2835,
1982960,7370,
1982961,8742,
1983550,7373,
1984014,7819,
1984060,1389,
1984086,2834,
1984124,3460,
1985062,2836,
1985139,3533,
1985273,3674,
1985337,7340,
1985487,6141,
1986247,5990,
1987189,4210,
1987363,6211,
1988494,6798,
1988776,6512,
1988894,2300,
1989930,1700,
1990251,7370,
1990354,7370,
1990550,2836,
1991261,1623,
1991592,3569,
1991605,7370,
1991792,2836,
1992243,3690,
1992818,3690,
1993004,4931,
1993097,7371,
1993344,1040,
1993400,7370,
1993431,3569,
1993463,7500,
1993727,3669,
1994214,7900,
1994702,2836,
1995075,1540,
1995116,5000,
1995306,5812,
1995520,6411,
1995574,4412,
1995704,3842,
1995807,6792,
1996192,4731,
1996810,3510,
1996862,2040,
1997201,4731,
1997296,2836,
1997350,6411,
1997377,1090,
1997403,7372,
1997464,6200,
1997637,4899,
1997652,1311,
1997711,6512,
1997859,7370,
1998043,6726,
1998056,5812,
1998560,7389,
1998768,4210,
1999001,7996,
1999480,2834,
1999860,2013,
2000178,3728,
2000230,5130,
2000366,3711,
2000530,7372,
2000640,3751,
2001184,8051,
2001288,3620,
2001557,6282,
2001699,7370,
2001794,7381,
2002236,1520,
2002453,3533,
2002473,6331,
2003061,8742,
2003292,7389,
2003977,2750,
2004024,5065,
2004489,8011,
2005569,5990,
2005951,2631,
2006468,4700,
2006986,3841,
2007191,2836,
2007587,6331,
2007596,6411,
2007599,7370,
2007702,5122,
2007846,8711,
2007855,1311,
2007919,2836,
2008007,2300,
2009233,1540,
2009312,7990,
2009684,7990,
2009714,5172,
2010499,7370,
2010788,2836,
2010959,7900,
2011053,1600,
2011208,3842,
2011286,8700,
2011458,8742,
2011514,3842,
2011641,5070,
2011954,5812,
2012096,7380,
2012219,3533,
2012383,6282,
2012593,2836,
2012600,8000,
2012706,6798,
2012726,6035,
2013186,7311,
2013320,4210,
2013639,6036,
2013649,5810,
2013745,2911,
2013807,3663,
2014337,5160,
2014596,8060,
2014955,7310,
2015691,3690,
2015845,1700,
2016337,5172,
2017206,6798,
2017758,6531,
2018064,7310,
2018222,5130,
2018462,3663,
2018529,4400,
2019061,4610,
2019103,1000,
2019410,2835,
2019505,6411,
2020027,7361,
2020228,1700,
2020795,6798,
2021688,5172,
2021938,4813,
2022416,2836,
2022626,2836,
2023016,2836,
2023153,5712,
2023311,2836,
2023554,3572,
2023658,2836,
2023796,8200,
2024114,7370,
2024218,1311,
2024258,3827,
2024306,1540,
2024656,3100,
2024876,8742,
2025218,5172,
2025410,4581,
2025416,7372,
2025942,2834,
2026353,7370,
2026478,4833,
2027160,4731,
2027262,7900,
2027265,5812,
2027317,6798,
2027360,7370,
2027722,6200,
2027815,6282,
2028293,3590,
2028336,1311,
2029039,2834,
2029118,1311,
2029138,3669,
2029471,4400,
2030277,8200,
2030522,5211,
2030617,3845,
2030763,5122,
2030781,7372,
2030834,1700,
2030954,7389,
2031009,1700,
2031688,2750,
2032545,4700,
2032755,3523,
2032779,4412,
2032966,8734,
2033377,7370,
2033515,5094,
2033535,4400,
2034400,7370,
2034723,3330,
2035149,3533,
2035304,3270,
2035709,1700,
2035989,3241,
2035992,7200,
2036042,2836,
2036307,7389,
2038378,8742,
2038439,3728,
2039060,4400,
2039497,3572,
2040127,3760,
2040290,6552,
2040491,6331,
2040807,2836,
2041338,7389,
2041385,3829,
2041610,4833,
2041829,7370,
2042022,7374,
2042694,2086,
2044241,7389,
2044255,6159,
2044671,6036,
2044725,2836,
2046042,6153,
2046117,1731,
2046386,3842,
2046573,5990,
2046656,5812,
2047148,7372,
2047190,7374,
2047235,6036,
2047273,7389,
2048271,7370,
2048519,3537,
2049187,3944,
2049717,5090,
2051820,6331,
2052568,8711,
2052959,7812,
2053033,7371,
2053641,4210,
2054696,7310,
2055116,6331,
2055592,6211,
2057463,4813,
2058349,8700,
2058584,7372,
2058758,6035,
2058873,3674,
2060016,5180,
2060083,8742,
2063196,7374,
2063863,4899,
2064124,6162,
2064947,1389,
2064953,2800,
2065601,6020,
2065708,8721,
2067129,6411,
2067767,5090,
2068577,5812,
2069519,3845,
2069604,8000,
2069785,7370,
2070849,8071,
2070954,5020,
2071288,8071,
2071668,2024,
2073153,6036,
2073955,2011,
2074123,5812,
2074176,6792,
2078416,7900,
2078856,2836,
2079999,1600,
2081043,2834,
2086771,1040,
2089661,4610,
2091467,7500,
1745,3825,AAI CORP
1952,1700,IREX CORP
1961,7370,WORLDS INC
1988,7370,ACCESS CORP
2024,5070,ACE HARDWARE CORP
2337,2890,ADHESIVES & CHEMICALS INC
2424,3490,ADRIAN STEEL CO
2604,3826,AEROLOGICAL RESEARCH INC
2817,3713,AGRI DYNAMICS INC
2852,5172,AGWAY INC
2947,4731,AIR FORWARDERS INC
2953,3560,AIR KING CORP
3141,6512,ADDSCO INDUSTRIES INC
3146,4924,ALABAMA GAS CORP
3153,4911,ALABAMA POWER CO
3202,4512,ALASKA AIRLINES INC
3228,1040,ALASKA GOLD CO
3270,4911,ALASKA POWER & TELEPHONE CO
3310,2451,ALBEE HOMES INC
3392,3580,A L D INC
3550,2300,ALISON AYRES INC
3650,6519,ALLEGHENY & WESTERN RAILWAY
3651,4512,U S AIR INC
3819,3728,ALLIED AERO INDUSTRIES INC
3959,7370,ITIS HOLDINGS INC
4199,5099,ALTA INDUSTRIES CORP
4319,2330,APPAREL AMERICA INC
4325,5013,AMALGAMATED AUTOMOTIVE INDS
4515,4512,AMERICAN AIRLINES INC
4528,3330,AMERICAN ALLOYS CORP
4688,7000,AMERICAN CAMPGROUNDS  -CL A
4969,6153,AMERICAN EXPRESS CREDIT CORP
5016,6331,AMERICAN FINANCIAL CORP
5117,7373,EMTEC INC
5197,8062,AMERICAN HOSPITAL MGMT CORP
5340,2030,AKF FOODS INC
5345,2300,AMERICAN LAND CO
5486,6552,AMERICAN MORTGAGE & INVT CO
5577,1531,AMERICAN PACESETTER
5647,3089,AMERICAN POLYMERS INC
5656,1040,AMERICAN INTL VENTURES INC
5804,6411,AMERICAN SERVICE BUREAU INC
5806,7200,AMERICAN SERVICE CORP
5831,5812,AMERICAN SNACKS INC
5850,3585,AMERICAN STANDARD INC
5886,3652,AMERICAN SYSTEMS INC
6019,2820,NANO WORLD PROJECTS CORP
6045,7389,AMERICAR INC
6113,2520,AMI INDUSTRIES INC
6130,1220,AMINEX RESOURCES CORP
6879,4911,APPALACHIAN POWER
6940,3825,AFI CORP
6943,3490,APPLIED INDUSTRIES INC
6974,1531,APRIL INDUSTRIES INC
6992,3443,AQUA-CHEM INC
7160,5912,AREX INDUSTRIES INC
7166,7990,TRANS STERLING INC
7207,7370,ARIES CORP
7215,5812,ARISTO FOODS INC
7286,4911,ARIZONA PUBLIC SERVICE CO
7323,4911,ENTERGY ARKANSAS
7340,3490,ARKWIN INDUSTRIES INC
7478,5651,ARNOLD CONSTABLE CORP
7523,3931,ARP INSTRUMENTS INC
7659,6531,ASCO LIQUIDATING CORP
7713,4832,ASI COMMUNICATIONS INC
7750,7370,ASPEN SYSTEMS CORP
7869,5141,ASSOCIATED GROCERS INC
7951,7372,ROBERTSON GLOBAL HLTH SOLTNS
8033,3612,ASTRA CORP
8050,3442,ADACORP INC
8088,4011,ATCHISON TOPEKA & SANTA FE
8192,4911,ATLANTIC CITY ELECTRIC CO
8290,5063,ATLAS AMERICAN CORP
8328,1400,APPLIED MINERALS INC
8497,6411,ASSURANCEAMERICA CORP
8598,7372,AGENT INFORMATION SOFTWR INC
8609,3350,AUTO SOLER CO
8648,3651,AUTOMATED PROCESSES INC
8659,3825,AUTOMATED TECHNOLOGY CORP
8692,5960,AUTOMATIC MERCHANDISING INC
8795,6141,AVCO FINANCIAL SERVICES INC
8958,4941,AZUSA VALLEY WATER CO
9145,7389,WORLD WIDE LTD-ADR
9217,6159,PERRY & CO
9344,5531,DELTON INDUSTRIES INC
9447,4011,BALTIMORE & OHIO RAILROAD CO
9450,7900,BIRD FUND INC
9466,4911,BALTIMORE GAS & ELECTRIC CO
10248,6552,BASIC AMERICAN CORP
10841,2844,BEECHAM INC
10915,3060,BEISINGER INDUSTRIES CORP
11107,4813,VERIZON INC/PA
11188,5047,BELVAC INTL INDUSTRIES LTD
11396,5912,SUNSHINE RESOURCES INTL INC
11475,3317,BERGER INDUSTRIES INC
11641,2200,BERNARD SCREEN PRINTING CORP
11814,3420,BEST LOCK CORP
11929,3317,BEVIS INDUSTRIES INC
11953,4512,DALFORT CORP
12097,1311,BIG SPRING EXPLORATION INC
12105,5411,BIG V SUPERMARKETS  -CL A
12220,3690,FENLEY LTD
12231,3841,BIONIC INSTRUMENTS INC
12232,3613,BIONIC SCIENCES CORP
12237,6799,BIOREX CORP
12257,3540,BIRDSBORO CORP
12400,4911,BLACK HILLS POWER INC
12473,4911,BLACKSTONE VALLEY ELECTRIC
12707,3420,BLOUNT INC
12779,6500,BLUE RIDGE REAL ESTATE CO
12953,3620,BOGUE ELECTRIC MFG CO
12999,1000,BOKUM CORP
13055,7372,LEFT BEHIND GAMES INC
13179,5961,BOOKS MOBILE INC
13268,6153,TRANSAMERICA COMML FINL CP
13298,2911,BORNE CHEMICAL CO INC
13372,4911,NSTAR ELECTRIC CO
13390,4924,BOSTON GAS CO
13585,3714,BOWLES FLUIDICS CORP
13653,3990,TB HOLDINGS CO
13961,2250,BRAVO KNITS INC
14073,6512,BRESLER & REINER INC
14092,3690,BREVEL PRODUCTS CORP
14202,7389,BRIGGS LEASING CORP
14407,4911,EASTERN EDISON CO
14423,1311,BRODIE EXPLORATION CORP
14560,4210,INCORPORATED CARRIERS LTD
14947,3829,BRUNTON CO
14971,3443,BRYAN STEAM CORP
15323,5812,BUN & BURGER INTL INC
15340,5990,BUNING INTERNATIONAL INC
15393,2721,BUREAU OF NATIONAL AFFAIRS
15511,4011,BNSF RAILWAY CO
15574,3089,EASTERN YORK INC
15632,5160,BURRIS CHEMICAL INC
15848,2721,MACRO COMMUNICATIONS INC
16018,7990,CABERFAE INC
16064,6512,CODDING ENTERPRISES
16117,7948,CAHOKIA DOWNS INC
16218,3640,ELECTRIC M & R INC
16317,0800,CALIFORNIA ENGELS MINING CO
16393,6532,MCCOMBS CORP
16424,5063,CHALET GOURMET CORP
16505,4210,CALTRAN SYSTEMS INC
16573,4911,CAMBRIDGE ELECTRIC LIGHT CO
16615,3630,CAMCO INC
16682,6532,REALMARK INC
16754,6512,O & Y PROPERTIES CORP
16765,6799,CAMPTOWN INDUSTRIES INC
16906,4911,CANAL ELECTRIC CO
16938,1311,CANDEL OIL LTD
16977,2430,CANNON CRAFT CO
16984,3140,CANNON SHOE CO
17041,6519,CANYONLANDS URANIUM INC
17150,7380,CAPITAL FACILITIES CORP
17221,6552,CAPITAL INVESTMENT OF HAWAII
17368,3440,CAPITOL PRODUCTS CORP
17371,8742,CRC RESOURCES CORP
17774,6519,CAROLINA CLINCHFIELD OHIO RY
17794,2430,CAROLINA PACIFIC PLYWOOD INC
17797,4911,DUKE ENERGY PROGRESS INC
18086,3523,CASE (J.I.) CO-NEW
18178,6172,CASTLE CAPITAL CORP
18358,7373,CBM INC
18383,3841,CCI LIFE SYSTEMS INC
18494,4813,CENCOM INC
18520,7948,CENTENNIAL TURF CLUB INC
18521,8050,CENTENNIAL VILLAS INC
18605,6792,CENTRAL NATURAL RES INC
18639,4213,CENTRAL FREIGHT LINES-OLD
18647,4931,CENTRAL HUDSON GAS & ELECTR
18651,4931,CENTRAL ILLINOIS LIGHT CO
18654,4931,AMEREN ILLINOIS CO
18672,4911,CLECO POWER LLC
18675,4911,CENTRAL MAINE POWER CO
18734,4911,AEP TEXAS CENTRAL CO
18783,5051,CENTRAL STEEL & WIRE CO
18792,4813,CENTRAL TELEPHONE CO
18793,4813,CENTRAL TELEPHONE CO OF FL
18794,4813,CENTRAL TELEPHONE CO OF IL
18795,4813,CENTRAL TELEPHONE CO OF VA
18849,6141,CENTURY ACCEPTANCE CORP
19047,3823,C G S SCIENTIFIC CORP
19089,1382,CHALLENGE OIL & GAS CO
19190,8060,CHANCO MEDICAL INDUSTRIES
19342,7948,CHARLOTTE MOTOR SPEEDWAY INC
19643,3585,CHEMOLD CORP
19654,3290,FASTCRETE CORP
19715,2300,CHESA INTERNATIONAL LTD
19718,4011,CHESAPEAKE & OHIO RAILWAY CO
19722,4813,VERIZON INC/MD
19725,4813,VERIZON INC/VA
19849,3310,DM HOLDINGS INC
19973,2200,CHINA GROVE COTTON MILLS CO
20151,3825,CHRONETICS INC
20164,6141,CHRYSLER FINANCIAL CORP
20199,6798,CHURCH LOANS & INVTS TRUST
20282,5122,CINCINNATI ECONOMY DRUG CO
20285,2711,CINCINNATI ENQUIRER INC
20305,5045,CINCINNATI UNION GROUP
20371,3674,CIRCUIT TECHNOLOGY INC
20415,4922,WILLIAMS NATURAL GAS CO
20423,6798,CITINATIONAL DEVELOPMENT TR
20469,5190,UNITED MAGAZINE CO
20762,2911,PREMCOR REFINING GROUP INC
20819,3620,CLARY CORP
21044,3510,CLINTON ENGINES CORP
21239,1311,COASTAL CARIBBEAN OILS&MINL
21610,8742,RANGER INDUSTRIES INC
21651,3290,COLEMAN SYSTEMS
21827,6500,COLONIAL COASTAL CORP
21863,3231,COLONIAL MIRROR & GLASS CORP
21906,5130,COLOR SCIENCES CORP
22198,4911,COLUMBUS SOUTHERN POWER CORP
22296,3523,CARTER DAY INDS INC
22338,4213,COMITGO INC
22606,4911,COMMONWEALTH EDISON CO
22620,4924,COMMONWEALTH GAS CO
22718,5030,TBC INDUSTRIES INC
22767,4911,TEXAS NEW MEXICO POWER CO
22856,3670,COMPONENTS CORP OF AMERICA
22858,3679,COMPONENTS INC
22859,5065,COMPONENTS SPECIALTIES INC
22968,7389,COMPUTER CAREERS INC
23021,3577,COMPUTER IMAGE CORP
23027,7377,COMPUTER INSTALLATIONS CORP
23046,7377,COMPUTER MERCHANTS INC
23058,3571,COMPUTER OPERATIONS INC
23061,3575,COMPUTER OPTICS INC
23090,7374,COMTROL SYSTEMS INC
23100,8742,COMPUTER SPECIALTIES CORP
23102,7374,COMPUTER STATISTICS INC
23126,8700,COMPUTER UTILITIES CORP
23272,2400,CONDECOR INC
23315,4813,CONESTOGA TELEPHONE & TELEGR
23337,8051,CONGENERIC CORP
23426,4911,CONNECTICUT LIGHT & POWER CO
23447,4911,CONNECTICUT YANKEE ATOMC PWR
23589,1311,FARADAY RESOURCES INC
23632,4931,CONSOLIDATED EDISON CO OF NY
23750,2650,CONSOLIDATED PACKAGING CORP
23945,3580,CONTICO INTERNATIONAL INC
23968,6311,CONTINENTAL ASSURANCE CO
24055,6500,CONTINENTAL HERITAGE CORP
24186,4813,CONTEL OF CALIFORNIA INC
24193,6411,CONTINENTAL CAPITAL CORP/UT
24218,1520,CONTINENTAL WINGATE CO INC
24602,5411,COPPS CORP
24672,3060,CORDUROY RUBBER CO
24734,5331,CORNET STORES
25095,5072,TRUE VALUE CO
25155,6153,COUNCIL COMMERCE CORP
25216,5912,COURTESY DRUG STORES INC
25243,8051,COVENTRY CARE INC  -CL A
25480,3873,CRAWFORD CORP
25543,5812,CREATIVE FOODS CORP
25598,6141,SPRINGLEAF FINANCE CORP
25890,3490,CROWN CORK & SEAL CO LTD
25894,1700,CROWN CORP
25946,3312,CRUCIBLE INC
26005,3350,CRYOGENIC ENGINEERING CO
26020,7990,CRYSTAL MOUNTAIN  -CL A
26029,2621,CRYSTAL TISSUE CO
26055,7359,CTI INTL INC
26420,8051,C V AMERICAN CORP
26427,2330,CWC INDUSTRIES INC
26470,6500,CYPRESS ABBEY CO
26532,3585,DADE ENGINEERING CORP
26675,3724,DALLAS AIRMOTIVE INC
26721,3812,DALTO ELECTRONICS CORP
26866,2430,DANT & RUSSELL INC
26972,3444,DATA AUTOMATION CO INC
26982,3663,ENGINEERED ELECTRONICS INC
27030,7819,TVC IMAGE TECHNOLOGY INC
27031,7374,DATA PROBE INC
27043,5812,DATA RESEARCH CORP
27053,5080,DATA SYSTEMS INC
27079,7200,DATAMATION SERVICES INC
27430,4931,DAYTON POWER & LIGHT INC
27503,3537,DEAN RESEARCH CORP
27510,7830,DE ANZA LAND & LEISURE CORP
27580,3620,EUCLID EQUIPMENT INC
27596,3600,DECITRON ELECTRONICS CORP
27664,2050,DEER PARK BAKING CO
27665,6519,DEER TRAIL DEVELOPMENT CORP
27673,6153,DEERE (JOHN) CAPITAL CORP
27803,3532,HARNISCHFEGER CORP
27879,4911,DELMARVA POWER & LIGHT CO
27903,6552,DELSTAR CORP
28188,6500,DENVER UNION CORP
28238,6798,DERAND REAL ESTATE INVT TR
28385,4911,DETROIT EDISON CO
28569,2834,DEWITT INTERNATIONAL CORP
28588,2060,DEXTRA CORP
28630,3812,DRS TECHNOLOGIES INC
28649,3420,DIALOC CORP OF AMERICA
28742,3845,DIAPULSE CORP OF AMERICA
28805,3523,FIRST MAIN CORP
28878,7389,DIGITAL COMMUNICATIONS INC
28894,7389,DIGITAL PAGING SYSTEMS INC
29150,2731,DIVERSA GRAPHICS INC
29151,6552,DIVERSA INC
29207,4924,DIVERSIFIED INDUSTRIAL CP-KS
29234,2711,DIVERSIFIED MEDIA INC
29258,6512,DIVERSIFIED REALTY INC
29263,5621,DIVERSIFIED RETAILING CO INC
29408,5190,DOCKTOR PET CENTERS INC
29629,2330,DON SOPHISTICATES INC
29917,2821,DOW CORNING CORP
30135,3537,DREXEL INDUSTRIES INC-PA
30177,1311,DRILEX OIL & GAS INC
30281,1700,DUBLIN ENGINEERING CO
30362,2082,DUKE & CO INC
30573,4911,DUQUESNE LIGHT CO
30768,3663,DYNAIR ELECTRONICS INC
30909,7389,EAGLE GENERAL CORP
31140,4813,ALLTEL ILLINOIS INC
31279,6153,EATON CREDIT CORP
31417,3580,ECONETICS INC
31478,2780,ECONOMY BOOKBINDING CORP
31556,3312,EDGEWATER CORP
31573,7011,EDINBURG COMMUNITY HOTEL INC
31666,5080,EDUCATIONAL DESIGN INC
31704,6141,TWENTY SERVICES INC
31751,3559,EDWARDS ENGINEERING CORP
31862,6799,EICO ELECTRONIC INSTR CO INC
31986,4922,EL PASO NATURAL GAS CO
32056,3841,ELECTONE INC
32096,3620,ELECTRIC REGULATOR CORP
32161,3679,ELECTRO POWERPACS CORP
32204,3823,ELECTRON MACHINE CORP
32230,6799,ELECTRONIC DATA CONTROLS CP
32284,2340,OVALE GROUP INC
32377,4924,ELIZABETHTOWN GAS CO
32379,4941,ELIZABETHTOWN WATER CO
32551,4813,ELYRIA TELEPHONE CO
32575,7812,EMCOM INC
32576,3669,EMDEKO INTERNATIONAL INC
32692,6199,COLUMBIA EQUITIES INC
32776,6512,EMPIRE STATE BUILDING ASSOC
32880,1311,ENERGY CORP OF AMERICA
32910,3081,ENFLO CORP
33019,3721,ENSTROM HELICOPTER CORP
33112,6519,APEXX INVESTING GROUP
33121,3990,EON CORP
33416,6311,ERIE FAMILY LIFE INS CO
33565,3350,ESSEX GROUP INC
34046,3290,EXOLON ESK CO
34047,3824,EXOTECH INC
34072,3861,EXTEK MICROSYSTEMS INC
34098,4610,EXXON PIPELINE CO
34163,5700,FABRIC MART DRAPERIES INC
34282,2890,FAIRFIELD TECHNOLOGY CORP
34382,4213,FALLS CITY INDUSTRIES INC
34461,7361,FANNING ENTERPRISES INC
34551,0200,FARM FISH INC
34611,3523,FARMHAND INC
34615,2011,FARMLAND FOODS INC
34616,2011,FARMLAND INDUSTRIES INC
34665,3570,FARRINGTON MFG CO
34806,2090,FEARN INTERNATIONAL INC
34976,2711,FEDERATED PUBLICATIONS INC
35219,3260,FERRONICS INC
35223,3452,FERRY CAP & SET SCREW CO
35259,3711,FIAT SPA  -ADR-PRE FASB
35305,3540,PH GROUP INC
35565,5500,FORT ATLANTIC CORP
35605,7374,FIMACO INC
35754,6512,FINANCIAL LAND CORP
35997,5099,FIRECO SALES LTD
36315,6162,FIRST FINANCIAL CORP/TX
36338,7200,FIRST FOTO INC
36725,6020,FIRST NATL OF NEBRASKA INC
36781,6211,FIRST OF MICHIGAN CAPITAL CP
36840,6798,FIRST REAL ESTATE TR NJ INC
36856,0900,FIRST REPUBLIC CORP AMERICA
37459,7011,FLEUR DE LIS MOTOR INNS INC
37465,3672,FCG INC
37474,3590,FLICK REEDY CORP
37590,4923,FLORIDA GAS TRANSMISSION CO
37634,4911,FLORIDA POWER & LIGHT CO
37637,4911,DUKE ENERGY FLORIDA INC
37664,4813,SPRINT FLORIDA INC
37727,6512,FLOYD VALLEY PACKING  -CL A
37730,3490,FLUID CONTROLS INC
37733,6199,FLUID CORP
37760,3711,FLXIBLE CO
37804,5812,FMS MANAGEMENT SYSTEMS INC
37845,2400,UPSON CO
37910,5140,FOOD RESOURCES INC
38009,6159,FORD MOTOR CREDIT CO LLC
38079,1311,SABINE OIL & GAS CORP
38326,3221,FOSTORIA GLASS CO
38501,2300,FOWNES BROTHERS & CO INC
38567,2250,FOXCO INDUSTRIES LTD
38720,2020,FRANKLIN CREAMERY INC
38728,6159,FRANKLIN FINANCIAL CORP
38763,7011,HARRIS PROPERTIES INC
38824,6552,FRAWLEY CORP
38964,2030,FREEZE DRY PRODUCTS INC
39341,7373,FUJITSU LTD
39598,3270,FUTURE COMMUNITIES INC
39631,3711,FWD CORP
39659,5712,GABBERTS INC
39815,6794,GALLERY OF HOMES INC
39843,3823,GAM RAD INC
39863,6153,GAMBLES CREDIT CORP
39910,3825,GAP INSTRUMENT CORP
40023,6512,GARMENT CAPITOL ASSOCIATES
40049,4210,GARRETT FREIGHTLINES INC
40194,4923,GATEWAY ENERGY CORP
40248,7311,GAYNOR & CO INC
40470,2650,GENERAL BOX CO
40503,7389,GENERAL COMPUTING CORP
40554,6159,GENERAL ELECTRIC CAP CORP
40562,3590,GENERAL ELECTRODYNAMICS CORP
40588,3714,GENERAL FELT INDS INC
40700,3444,GENERAL METALCRAFT INC
40864,4813,VERIZON INC/CA
40865,4813,VERIZON INC/FL
40867,4813,VERIZON INC/NORTH
40874,4813,GTE SOUTHWEST INC
40878,4813,VERIZON SOUTH INC
40880,4813,CONTEL OF NEW YORK INC
40883,4841,GENERAL TELEVISION INC
40921,4941,GENERAL WATERWORKS CORP
40933,6799,GENESCO WORLD APPAREL LTD
40991,6172,GENWAY CORP
41091,4911,GEORGIA POWER
41299,5331,GIANT STORES CORP
41301,5311,GIANT TIGER STORES INC
41654,5812,GLADIEUX CORP
41769,3826,GLENCO SCIENTIFIC INC
41900,3060,GLOBE SUPERIOR INC
42050,2834,WESTERN SIERRA RESOURCE CORP
42209,7812,GOLDEN CREST INDUSTRIES
42429,7011,GOLF HOSTS RESORTS INC
42484,3050,GOODALL RUBBER CO
43052,7812,FULL MOON UNIVERSE INC
43080,4911,GRANITE STATE ELECTRIC CO
43152,2750,GRAPHICS DIVERSIFIED INC
43269,2820,GREAT AMERICAN CHEMICAL CORP
43476,6552,GREAT SOUTHWEST CORP
43481,4100,TX INDUSTRIES INC
43499,4512,GREAT WESTERN AIRLINES INC
43743,5712,GREENBELT COOPERATIVE INC
43960,6153,GREYHOUND FINANCIAL CORP
44161,2731,GROVE PRESS INC
44317,3640,GTE PRODUCTS CORP
44369,6552,GUARANTY TRUST INC
44381,8050,GUARDIAN CORP
44383,1531,GUARDIAN DEVELOPMENT CORP
44423,7500,GUARDSMAN LEASE PLAN INC
44437,3570,GUENTHER SYSTEMS INC
44545,4911,GULF POWER CO
44673,2011,GWALTNEY INC
44830,5812,HAGER INC
44879,5070,HAJOCA CORP
45079,3350,HALSTEAD INDUSTRIES INC
45099,6799,HATLEIGH CORP
45331,2890,HANDSCHY INDUSTRIES INC
45532,1600,HARDAWAY CO
45589,7200,HARGROM SERVICES CORP
45692,3822,HARREL INC
45694,6153,NORAM CAPITAL HOLDINGS INC
45936,4911,HARTFORD ELECTRIC LIGHT CO
45947,6311,HARTFORD LIFE INSURANCE CO
46018,3841,HARVEL INDUSTRIES CORP
46137,5944,CARNEGIE INDUSTRIES INC
46207,4911,HAWAIIAN ELECTRIC CO
46216,4813,VERIZON INC/HI
46284,6500,ISLAND PROPERTIES INC
46535,5013,STEEL CITY PRODUCTS INC
46796,4210,HEMINGWAY TRANSPORT INC
46916,2950,HENRY CO
47059,3679,HERMETITE CORP
47144,8200,HERZING INSTITUTES INC
47241,2510,HEYWOOD WAKEFIELD CO
47417,4813,HIGHLAND TELEPHONE CO
47431,1311,HIKO BELL MINING & OIL CO
47629,7948,HINSDALE RACEWAY INC
47931,2731,HOLDEN-DAY INC
47972,7830,HOLIDAY THEATRES INC
48039,2911,HOLLYFRONTIER CORP
48045,6512,HOLLY RESOURCES CORP
48054,2670,BOMARKO INC
48099,7380,HOLMES PROTECTION INC
48165,2400,HOMASOTE CO
48304,6153,HONEYWELL FINANCE INC
48452,3841,HORIZON INDUSTRIES LTD
48466,5812,HORN & HARDART BAKING CO
48536,7340,HOSCO INC
48544,7200,HOSOI GARDEN MORTUARY INC
48563,7011,HOSPITALITY INTL INC
48655,5944,HOUSE OF ADLER INC
48679,2844,HOUSE OF WESTMORE INC
48681,6141,HOUSEHOLD FINANCE CORP
48732,4911,CENTERPOINT ENRG HOUSTON ELE
48757,3730,HOVERMARINE CORP
48786,2520,HOWARD INTERNATIONAL CORP
48846,3841,HOWMEDICA INC
49279,2911,HUSKY ENERGY INC
49377,8060,CONSOLIDATED LIBERTY INC
49422,3559,HYDRATECS INC
49425,3290,HYDRAULIC PRESS BRICK CO
49448,4911,HYDRO QUEBEC
49462,3990,HYDROCULTURE INC
49577,2000,IC PRODUCTS CO
49648,4911,IDAHO POWER CO
49751,3540,SWEITZER HOLDINGS INC
49777,3080,ILIKON CORP
49792,4011,ILLINOIS CENTRAL RAILROAD CO
49816,4931,ILLINOIS POWER CO
49873,5130,IMEX CORP
50172,4911,INDIANA MICHIGAN POWER CO
50178,4813,INDIANA BELL TELEPHONE CO
50181,6798,NATIONAL FINL REALTY TRUST
50183,4924,INDIANA GAS CO INC
50194,3290,INDIANA LIMESTONE CO INC
50248,7359,INDUSTRALEASE CORP
50326,5190,BOOK CENTERS INC
50386,3670,INDUSTRO TRANSISTOR CORP
50394,3621,INERTIAL MOTORS CORP
50548,3312,ISPAT INLAND INC
51045,3530,INTERLAKE COMPANIES INC
51061,3861,ITX CORP
51074,4924,INTERMOUNTAIN GAS CO
51104,3350,INTL ALUMINUM LTD
51189,5961,INTL COMPUTER SCIENCES INC
51303,6159,NAVISTAR FINANCIAL CORP
51361,7011,INTL LEISURE CORP
51387,7370,SOFTNET TECHNOLOGY CORP
51552,3670,INTL STANDARD ELECTRIC CORP
51569,3652,INTL TAPE CARTRIDGE CORP
51713,7011,INTERSTATE MOTOR HOTELS INC
51797,3690,INTROL CORP
52268,6141,INVESTORS FINANCE INC
52485,4931,INTERSTATE POWER & LIGHT CO
52499,4911,IOWA POWER INC
52508,4931,IOWA SOUTHERN UTILITIES CO
52530,3089,IPL INC
52577,2000,AMERICAN SPECIALTY FOODS INC
52813,9995,BALA CYNWYD CORP
52825,6141,ITT FINANCIAL CORP
53084,4941,JAMAICA WATER SUPPLY CO
53231,6799,JASMIN GROVES CO
53270,2200,JAYS INDUSTRIES INC
53448,3842,JEROME GROUP INC
53453,5812,JERRYS INC
53456,4911,JERSEY CENTRAL POWER & LIGHT
53483,3728,JET AVION CORP
53553,3523,AGROW INDUSTRIES INC
53839,3100,RIPLEY INDUSTRIES INC
54291,3350,KAISER ALUMINUM & CHEMICAL
54476,4911,KANSAS CITY POWER & LIGHT CO
54563,8742,KAPPA SYSTEMS INC
54785,6798,KAVANAU REAL ESTATE TRUST
55149,3714,KELSEY HAYES CO
55211,5331,MCCRORY PARENT CORP
55373,4911,KENTUCKY POWER
55380,1400,KENTUCKY TENNESSEE CLAY CO
55387,4911,KENTUCKY UTILITIES CO
55598,3690,KEYSTONE CABLE CORP
55794,6199,KIMBROUGH INVESTMENT CO
55830,3728,KINEMOTIVE CORP
55894,2300,KING LOUIE INTERNATIONAL INC
55905,1311,ALTA LOMA OIL CO
55977,5140,KINGSFORD INDUSTRIES INC
55986,4911,KINGSPORT POWER CO
56210,2670,KLEER PAK CORP
56396,6513,KNICKERBOCKER VILLAGE INC
56482,1520,KNUTSON COMPANIES INC
56546,3430,KOHLER CO
56590,3585,KOLPAK INDUSTRIES INC
56594,3531,KOMATSU LTD
57174,4210,LACKEY INDUSTRIES INC
57183,4924,LACLEDE GAS CO
57338,3241,LAKE ONTARIO CEMENT LTD
57370,6552,LAKELAND DEVELOPMENT CORP
57792,3357,L W INDUSTRIES INC
57820,3730,LARSON INDUSTRIES INC
57871,3827,LASER ENERGY INC
58043,2510,LAWNLITE CO
58146,3640,LCA GROUP INC
58178,3679,LEACH CORP
58249,7350,LEASEPAC CORP
58411,2844,LEE PHARMACEUTICALS
58429,3567,LEE WILSON ENGINEERING CO
58505,2060,LEHIGH COAL & NAVIGATION CO
58528,6519,LEHIGH VALLEY RAILROAD CO
59141,3845,LEXINGTON INSTRUMENTS CORP
59544,3674,CHINA DISPLAY TECHNOLOGIES
59578,6798,FIRST ILLINOIS TRUST
59843,5812,LITTLE MINT INC
59860,1040,GOLDRICH MINING CO
59956,5411,LLOYD'S SHOPPING CENTERS INC
59963,3661,DISTINCTIVE DEVICES INC
60148,3949,LOMART INDUSTRIES INC
60212,3790,LONERGAN CORP
60396,3330,LOREN INDUSTRIES INC
60417,2300,LORTOGS INC
60525,7389,LOUISIANA-PACIFIC RESOURCES
60549,4931,LOUISVILLE GAS AND ELECTRIC
60708,3577,LRC INC
61298,6153,MACY CREDIT CORP
61339,4931,MADISON GAS & ELECTRIC CO
61343,2390,MADISON INDUSTRIES INC
61431,3312,MAGNA CORP
61456,6211,MAGNAVEST CORP
61589,7389,MAIL HOUSE INC
61604,4011,MAINE CENTRAL RAILROAD CO
61617,4911,MAINE YANKEE ATOMIC POWER CP
61665,3949,MAJOR POOL EQUIPMENT CORP
61796,6799,MAMMOTH MINING CO
61882,2200,MANATI INDUSTRIES INC
61953,6311,MANHATTAN LIFE INS CO NEW
61981,2052,MANISCHEWITZ (B.) CO
62090,2400,MANSION INDUSTRIES INC
62173,2013,MARATHON ENTERPRISES INC
62208,3843,MARCO DENTAL PRODUCTS INC
62295,2011,MARHOEFER PACKING CO INC
62364,0200,MARINE PROTEIN CORP
62365,3679,MARINE RESOURCES INC
62570,3674,MARKITE CORP
62600,9995,UPWARD TECHNOLOGY CORP
62672,3600,MARQUETTE CORP
63073,4911,MASSACHUSETTS ELECTRIC CO
63115,2890,MASSENGILL S E CO
63516,6512,SEAGO GROUP INC
63576,3452,MC INC
63789,3533,MCCOY GLOBAL INC
64127,6798,MCKEE INCOME REALTY TRUST
64198,5141,MCLAIN GROCERY CO
64498,8050,MEDCO CENTERS INC
64526,3841,MEDI INC
64554,6512,GANOT CORP
64620,6500,MEDICAL SYSTEMS INC
64647,3845,SENSIVIDA MEDICAL TECH INC
64740,2082,MEISTER BRAU INC
64864,7500,MENDON LEASING CORP
65031,3829,COX TECHNOLOGIES INC
65054,2300,MERIT CLOTHING CO
65350,4911,METROPOLITAN EDISON
65367,3250,METROPOLITAN INDUSTRIES INC
65378,7340,METROPOLITAN MAINTENANCE CO
65381,1000,METROPOLITAN MINES  -CL A
65384,6311,METROPOLITN MTG & SEC  -CL A
65471,2750,MEYERCORD CO
65622,4813,MICHIGAN BELL TELEPHONE CO
65632,4924,MICHIGAN CONSOLIDATED GAS CO
65663,4911,MICHIGAN POWER CO
65666,3452,MICHIGAN RIVET CORP
65695,4922,ANR PIPELINE CO
65759,3674,MICROPAC INDUSTRIES INC
65768,4213,MICROTRON INDUSTRIES INC
65899,4813,ALLTEL PENNSYLVANIA INC
65914,7948,MID-STATE RACEWAY INC
66081,4813,ALLTEL NEW YORK INC
66083,3679,MIDTEX INC
66150,6799,MIDWEST REALTY & FINANCE INC
66244,7948,MILE HIGH KENNEL CLUB  -CL A
66258,2731,MILES SAMUELSON INC
66661,5960,AMERICUS MANAGEMENT CORP
66720,2082,MINNEAPOLIS SHAREHOLDERS CO
66752,5500,MINNESOTA OHIO OIL CORP
66826,2721,MIRACLE PET PRODUCTS INC
66860,5311,BENOS
66901,4911,ENTERGY MISSISSSIPPI
66904,4911,MISSISSIPPI POWER CO
67181,4610,MOBIL ALASKA PIPELINE CO
67186,2911,MOBIL OIL CORP
67193,6519,MOBILAND INC
67251,2452,MOD-U-KRAF HOMES INC
67320,3290,COPPER MOUNTAIN ENERGY INC
67517,3241,MONARCH CEMENT CO
67550,3730,MONARK BOAT CO
67640,3241,MONOLITH PORTLAND MIDWEST CO
67646,4911,MONONGAHELA POWER
67741,4911,MONTAUP ELECTRIC CO
67818,6153,MONTGOMERY WARD CREDIT CORP
67928,3690,MOORE CLEAR CO
68589,4924,QUESTAR GAS CO
68622,4813,QWEST CORP
68658,3825,MOXON INC
68668,3562,MPB CORP  -CL A
68670,3651,MPC EDUCATIONAL SYSTEMS INC
68740,6552,MUIRFIELD LTD
68801,6799,MULTI OPERATIONS INC
68848,3651,MULTIVOX CORP OF AMERICA
68855,3490,MULTRONICS INC
69215,7900,MUSIC FAIR ENTERPRISES INC
69280,8300,FIRST MUTUAL INC
69536,2510,NACHMAN CORP
69628,2750,NAPCO GRAPHIC ARTS INC
69659,4911,NARRAGANSETT ELECTRIC
69692,4924,NASHVILLE GAS CO
69908,3442,NATIONAL BRANDS INC
69978,3540,NATIONAL CLEVELAND CORP
70031,7373,LIBRA SYSTEMS INC-OLD
70097,3523,NFD INC
70131,3550,NATIONAL FOODLINE CORP
70502,6159,NATIONAL RURAL UTIL COOP CP
70578,3312,NATIONAL STEEL CORP  -CL B
70708,6531,NATIONWIDE INDUSTRIES INC
70855,2340,NCC INDUSTRIES INC
70856,6500,NCD FINANCIAL INC
71014,4210,NELSON RESOURCE CORP
71051,5411,NEONEX INTL LTD
71104,7372,NETWORK DATA PROCESSING CORP
71180,4911,NEVADA POWER CO
71222,4911,COMMONWEALTH ELECTRIC CO
71267,8300,NEW DIMENSIONS LEARNING CORP
71337,4911,NEW ENGLAND POWER CO
71391,4899,ORBIT E-COMMERCE INC
71428,4813,VERIZON INC/NJ
71450,6513,NEW JERSEY REALTY CO
71508,4931,ENTERGY NEW ORLEANS
71557,4813,NUVERA COMMUNICATIONS INC
71581,4512,NEW YORK AIRWAYS INC
71633,6311,NEW YORK LIFE INSURANCE
71675,4911,NEW YORK ST ELEC & GAS CORP
71689,4813,VERIZON NEW YORK INC
71837,2200,NEWPORT GENERAL CORP
71904,6282,NFS SERVICES INC
71932,4931,NIAGARA MOHAWK POWER CORP
71946,3490,NIBCO INC
71991,3420,NICHOLSON FILE CO
72217,5031,NOBLE LUMBER CORP
72342,4011,NORFOLK & WESTERN RAILWAY CO
72537,2721,NORTH AMERICAN PUBLISHING CO
72606,7500,NORTH CENTRAL DEVELOPMENT CO
72653,6162,NORTH LAKE CORP
72843,4931,NORTHERN INDIANA PUB SERV CO
72859,4923,ENRON CORP  -OLD
72885,3825,NORTHERN PRECISION LABS INC
72909,4931,NORTHERN STATES POWER/WI
72965,6532,PACIFICORP FINANCIAL SVCS
73053,4813,NORTHWESTERN BELL TELEPHONE
73058,5122,NORTHWESTERN DRUG  -CL A
73076,6311,NORTHWESTERN MUTUAL LIFE INS
73088,4931,NORTHWESTERN CORP
73354,8742,NURSECARE HEALTH  -CL A
73514,8062,NVDH CORP
73605,3728,OAKRIDGE HOLDINGS INC
73606,7011,OAKS INC
73742,2092,OCEANIC RESOURCES INC
73837,7389,ODELL INC
73881,3140,OFFICIAL INDUSTRIES INC
73924,8741,OGR SERVICE CORP
73945,4813,OHIO BELL TELEPHONE CO
73960,4911,OHIO EDISON CO
73986,4911,OHIO POWER
74145,4911,OKLAHOMA GAS & ELECTRIC CO
74229,5140,OLD HOME FOODS INC
74454,7990,CEC PROPERTIES INC
74480,8731,OMNI RESEARCH INC
74688,3827,OPT-SCIENCES CORP
74705,4841,OPTICAL SYSTEMS CORP
74757,5990,OPTIVISION INC
74781,2030,ORANGE BLOSSOM PRODUCTS INC
74927,2250,ORIGINIT FABRICS INC
75053,9995,D-LANZ DEVELOPMENT GROUP INC
75141,5000,OUR OWN HARDWARE CO
75376,6513,PACEMAKER FINANCIAL CORP
75439,3826,MEDITE CANCER DIAGNOSTICS
75488,4931,PACIFIC GAS & ELECTRIC CO
75527,4924,PACIFIC ENTERPRISES INC
75641,4813,PACIFIC BELL
75894,6798,PALMETTO REAL ESTATE TRUST
75989,4512,PAN AMERICAN WORLD AIRWAYS
76015,5961,PANACOLOR INC
76016,3260,PANACON CORP
76063,4922,PANHANDLE EASTERN PIPE LINE
76072,2430,PANIFLEX CORP
76094,3960,LEVCOR INTERNATIONAL INC
76274,6153,PARK INVESTMENT CO
76286,6500,PARK PREMIER MINING CO
76410,3716,PARKWOOD CORP
76568,2670,PATERSON PARCHMENT PAPER CO
76600,2030,PATRICIAN PAPER CO INC
76766,5399,PAYSAVER CATALOG SHOWROOMS
77004,9995,PELL INDUSTRIES INC
77101,2024,PENN DAIRIES  -CL A
77126,3490,PENN METAL FABRICATORS INC
77193,6153,PENNEY (J C) FUNDING CORP
77210,6552,PENNSTAR CO
77227,4911,PENNSYLVANIA ELECTRIC CO
77242,4932,PG ENERGY INC
77273,7948,PENNSYLVNIA NATL TURF  -CL A
77278,4911,PENNSYLVANIA POWER CO
77388,4924,PEOPLES GAS LIGHT & COKE CO
77445,6500,PEORIA & EASTERN RAILWAY CO
77509,8700,PERFECTION ENTERPRISES INC
77706,5990,PET BAZAAR INC
78041,7389,PHARMACARE INC
78100,4931,PECO ENERGY CO
78108,6500,PHILADELPHIA GERMANTOWN RR
78141,2111,PHILIP MORRIS INC
78311,5140,SOOUM CORP
78318,3861,GEVAERT NV
78375,3721,PIASECKI AIRCRAFT CORP
78465,6798,PIEDMONT REAL ESTATE INVT TR
78534,4924,PIKE NATURAL GAS CO
78701,6513,PIONEER CORP-ARKANSAS
78835,4011,PITTSBURGH & LAKE ERIE RR CO
79007,7200,PLANNING & SERVICE CORP
79025,3640,PLANTATION CORP
79067,3089,DURAWOOD INDUSTRIES INC
79090,3470,PLATRONICS INC
79274,7011,POCONO HOTELS CORP
79275,7948,POCONO INTL RACEWAY INC
79316,3670,PEC ELECTRONICS CORP
79383,3663,MCMARTIN INC
79412,2834,POLYDEX CHEMICALS CANADA LTD
79419,2673,INTER-POLYMER INDUSTRIES INC
79451,4220,CANARCHON HOLDINGS LTD
79553,2621,PORT HURON PAPER CO
79628,3990,POCCO INC
79731,4911,POTOMAC EDISON
79732,4911,POTOMAC ELECTRIC POWER CO
79829,3679,POWER DESIGNS INC
79839,4213,ESCO TRANSPORTATION CO
79973,3674,PRECISION MONOLITHICS INC
79974,3827,PRECISION OPTICS INC
79975,3841,PRECISION PLASTICS CORP
79976,3080,PRECISION POLYMERS INC
80054,3679,PREMIER MICROWAVE CORP
80323,6794,PRINCETON CHEMICAL RESH INC
80376,8200,RSK ENTERPRISES INC
80599,2320,PROFILE SPORTS CORP
80620,9995,ISLAND RESOURCES INC
80635,7374,PROGRAMS & ANALYSIS INC
80645,3443,PROGRESS INDUSTRIES INC
80812,4924,PROVIDENCE GAS CO
81018,4931,PUBLIC SERVICE CO OF COLO
81020,4911,DUKE ENERGY INDIANA INC
81023,4931,PUBLIC SERVICE CO OF NEW MEX
81027,4911,PUBLIC SERVICE CO OF OKLA
81033,4931,PUBLIC SERVICE ELEC & GAS CO
81061,5411,PUBLIX SUPER MARKETS INC
81100,4931,PUGET SOUND ENERGY INC
81258,2200,PUTNAM GELLMAN CORP
81400,7374,QUALITY DATA PROCESSING INC
81417,3812,QUANTA SYSTEMS CORP
81550,6512,QUINCY MINING CO
81804,3590,RAILWEIGHT INC
81807,7389,RAINBO PHOTO COLOR INC
81846,3559,UNIVERSAL DYNAMICS INC
81883,3540,RAM TOOL CORP
82012,4731,RANDY GROUP LTD
82172,3990,RVM INDUSTRIES INC
82214,7374,RAYDON TECHNOLOGY CORP  -OLD
82363,3272,REAL ESTATE EQUITIES CORP
82457,7011,REALTY INNS INC
82520,4950,RECLAMATION SYSTEMS INC
82656,3861,REDLAKE CORP
83053,6331,RELIANCE INSURANCE CO
83115,1600,REMSCO ASSOCIATES
83125,9995,FIRST MONTAUK FINANCIAL CORP
83264,3312,LTV STEEL CO INC
83350,1311,RESERVE PETROLEUM CO
83409,8742,RESOURCE MANAGEMENT CORP
83562,3081,REX PLASTICS INC
83680,3873,RHODES (MH) INC
84020,3510,RILEY STOKER CORP
84191,6799,QUANTA INDUSTRIES INC
84201,2750,RIVERSIDE PRESS INC
84223,6798,EASTPARK REALTY TRUST
84245,6532,RLC INVESTMENTS INC
84274,3330,ZCCM INVESTMENT HOLDINGS PLC
84441,1520,INPROJET CORP
84451,3679,ROBINS INDUSTRIES CORP
84527,3460,ROBROY INDUSTRIES INC  -CL A
84548,1220,ROCHESTER & PITTSBURGH COAL
84557,4931,ROCHESTER GAS & ELECTRC CORP
84613,4931,ROCKLAND ELECTRIC CO
85180,4512,ROSS AVIATION INC
85524,6500,ROYAL OPERATING CORP
85552,5084,ROYAL ZENITH CORP
86100,4911,SAFE HARBOR WATER PWR
86165,5331,SAGE INTERNATIONAL INC
86264,1311,CARBON ENERGY CORP
86291,4011,ST LOUIS SW RAILWAY CO
86521,4931,SAN DIEGO GAS & ELECTRIC CO
86774,4922,SANTA FE PIPELINE CO
87096,5961,SCANFAX SYSTEMS CORP
87147,3679,SCHAEVITZ ENGINEERING
87266,2221,HART HOLDINGS INC
87731,4213,SCHWERMAN TRUCKING CO
87784,3570,SCIENTIFIC CONTROL CORP
87836,7948,SCIOTO DOWNS INC
87888,1731,TELECOMM INDUSTRIES CORP
88128,4011,CSX TRANSPORTATION INC
88189,2080,SEAGRAM (JOSEPH E.) & SONS
88255,6153,SEARS ROEBUCK ACCEPTANCE CP
88729,2060,SEES CANDY SHOPS INC
88778,6799,SEILON INC
89078,1531,SERVAMERICA INC
89122,4220,SERVINATIONAL INC/OH
89177,1311,SEVEN J STOCK FARM INC
89190,2080,SEVEN UP CO-NEW
89216,6794,SEVERSKY ELECTRONATOM CORP
89620,1311,SHELDON PETROLEUM CO
89633,4610,SHELL PIPE LINE CORP
89746,2320,SHERIDANE DESIGNS LTD INC
90030,5812,ENREC CORP
90144,4931,SIERRA PACIFIC POWER CO
90209,7371,SIGMATICS
90218,6141,SIGNAL FINANCE CORP
90259,1311,SILCO INC
90366,6795,SILVER MOUNTAIN LEAD MINES
90479,7311,SIMERA CORP
90543,5200,SIMON STORES INC
90643,6799,SINCLAIR VENEZUELAN OIL CO
90656,3690,BICOASTAL CORP
90663,6153,SINGER CREDIT CORP
90933,3433,SLANT FIN CORP
91513,3540,SNYDER CORP
91621,4610,SOHIO PIPE LINE CO
91637,3430,SOLAR CONTROL CORP
91642,3430,SOLAR ENERGY RESEARCH CORP
91693,7200,COINMACH CORP
91735,3663,SONAR RADIO CORP
91755,3080,OZITE CORP/TX
91821,6500,SOSSIN SYSTEM INC
91882,4931,SOUTH CAROLINA ELEC & GAS CO
91899,4813,SOUTH CENTRAL BELL TELEPHONE
91950,5160,SOUTH STANDARD MINING CO
91955,1311,SOUTH STATES OIL & GAS CO
92039,4924,SOUTHEASTERN MICH GAS CO
92088,4813,BELLSOUTH TELECOMMUNICATIONS
92103,4911,SOUTHERN CALIFORNIA EDISON
92108,4924,SOUTHERN CALIFORNIA GAS CO
92116,4941,GOLDEN STATE WATER CO
92150,4911,SOUTHERN ELECTRIC GENERATING
92195,4931,SOUTHERN INDIANA GAS&ELECTR
92232,4923,SOUTHERN NATURAL GAS CO
92244,4813,SOUTHERN NEW ENG TELEPHONE
92259,4011,SOUTHERN PACIFIC TRANSN CO
92284,6794,SOUTHERN SCOTTISH INNS INC
92359,7948,SOUTHLAND RACING CORP
92476,4813,SOUTHWESTERN BELL TELEPHONE
92487,4911,SOUTHWESTERN ELECTRIC PWR CO
92548,3724,SOVEREIGN INDUSTRIES INC
92609,3600,SPACERAYS INC
92739,5140,SPECTEX INDUSTRIES INC
93003,3949,SPORTS ARENAS INC
93258,4941,STAMFORD WATER CO
93340,5065,STANDARD ELECTRONICS INC
93565,1000,STANROCK URANIUM MINES LTD
93918,1400,STEEP ROCK RESOURCES INC
94185,2060,STERLING SUGARS INC
94816,3050,STRATOFLEX INC
95061,3523,BURNLEY CORP
95111,8200,SMI USA INC
95133,2330,DECORP INC
95163,1600,SUKUT CONSTRUCTION INC
95275,6798,SUMMIT MORTGAGE INVESTORS
95284,7373,ELITE LOGISTICS INC
95302,2836,WORLDWIDE BIOTECH & PHARMA
95425,2020,SUNNYDALE FARMS INC
95474,1044,SUNSHINE CONSOLIDATED INC
95477,3541,SUNSHINE-FIFTY INC
95518,5331,SUPER STORES INC
95616,2200,SUPPLY RESOURCES INC
95875,2451,SWIFT INDUSTRIES INC
95898,7011,SWISS CHALET INC
95948,6799,SYMMAR INC
95983,5084,SYNERGETIC SCIENCES INC
95986,3690,SYNERGISTICS INC
96031,7373,SYSTEM DEVELOPMENT CORP
96207,6799,TAL-CAP INC
96221,6141,LEUCADIA INC
96271,4931,TAMPA ELECTRIC CO
96353,2670,TAPECON INC
96457,7200,TAX COMPUTER SYSTEMS INC
96551,1540,TAYLOR INTERNATIONAL CORP
96614,7389,TCR SERVICE INC
96654,3690,TEC TORCH CO INC
96664,3670,RENEWAL FUELS INC
96668,3690,TECH SERV INC
96680,3827,TECHNAMATION INC
96810,1600,TECHO CORP
96890,3661,TELTONE CORP
96903,4841,TCI COMMUNICATIONS INC
97142,5172,TENNESSEE GAS PIPELINE CO
97432,4923,TEXAS EASTERN TRANSMISSION
97437,4911,TEXAS ELECTRIC SERVICE CO
97521,3081,TEXAS PLASTICS INC
97523,4911,TEXAS POWER & LIGHT CO
97632,6794,PYRO TECHNOLOGY CORP
97770,3089,THERMOTECH INDUSTRIES INC
98389,1000,TINTIC MOUNTAIN MINING CORP
98451,1311,TITAN WELLS INC
98724,3060,TORGINOL INDUSTRIES INC
98755,3845,TORR LABORATORIES INC
98777,7389,TOTAL ENERGY LEASING CORP
98822,3540,TOWER INDUSTRIES INC
98827,6512,TOWER PROPERTIES CO
98840,6020,TOWN & COUNTRY FINANCIAL CP
99014,6159,TRAILMOBILE FINANCE CO
99095,2780,TRANS GRAPHICS INC
99133,2750,TRANS SERVICES CORP
99193,6153,TRANSAMERICA FINANCE CORP
99235,6798,TRANSCO REALTY TRUST
99249,9998,REGENCY AFFILIATES INC
99250,4922,TRANSCONTINENTAL GAS PIPE LN
99272,7377,TRANSDATA CORP
99323,4922,TRANSOK INC
99382,6500,TRANSWORLD INVESTMENT CORP
99386,8711,TRANSWORLD SERVICES INC
99608,3950,OCM LIQUIDATING CORP
99688,3250,TRIANGLE BRICK CO
99694,3411,TRIAN HOLDINGS INC
99717,6792,TRIBUNE OIL CORP
99791,5940,TRINITY TRADE CORP
99971,4922,TRUNKLINE GAS CO
100122,4911,TUCSON ELECTRIC POWER CO
100165,6153,TULSTAR FACTORS INC
100310,3730,MARK TWAIN MARINE INC
100373,4400,BRIX MARITIME CO
100548,4932,UGI UTILITIES INC
100625,3829,SIERRA MONITOR CORP
100654,3861,UNDERGROUND SURVEYS CORP
100714,8050,UNICARE SERVICES INC
100826,4911,UNION ELECTRIC CO
100858,4931,DUKE ENERGY KENTUCKY
100880,2911,UNION OIL CO OF CALIFORNIA
100923,5051,UNION TANK CAR CO
100940,6141,UNION TRUST INC
100986,2731,UNISYSTEMS INC
101001,4512,UNITED AIRLINES INC -OLD
101113,4950,SOUTHWARD VENTURES INC
101116,3714,UNITED COMPONENTS INC
101228,4922,UNITED GAS PIPELINE CO
101418,5961,UNITED OVERTON CORP
101461,5735,URT INDUSTRIES INC
101462,2911,UNITED REFINING CO
101473,5080,UNITED RESOURCES INC
101487,3823,UNITED SCIENTIFIC CORP
101693,3490,U S MAGNET & ALLOY CORP
101704,8200,TWL CORP
101838,4813,UNITED TELEPHONE CO-INDIANA
101839,4813,UNITED TELEPHONE CO-OHIO
101841,4813,UNITED TELEPHONE CO-PA
101937,4512,UNIVERSAL AIRLINES CO
101957,2842,UNIVERSAL CHEMICALS INC
102267,7011,UPTOWNER INNS INC
102446,6172,UT CREDIT CORP
102582,3569,VACCO INDUSTRIES
102604,0100,VAHLSING INC
102625,5412,VALDAK CORP
102642,3541,VALERON CORP
102678,5311,VALLEY FAIR CORP
102867,3714,VAN DER HOUT ASSOCIATES LTD
102906,2520,VANGUARD DIVERSIFIED INC
102989,3670,VARADYNE INDUSTRIES INC
103068,3555,VARISYSTEMS CORP
103298,4911,VERMONT YANKEE NUCLEAR POWER
103311,2750,VERNON CO
103348,3690,ALLISTER CORP
103681,7374,VIRGINIA DATA CENTER INC
104005,6510,WABASH RAILROAD CO
104365,2510,WALLACE LEISURE PRODUCTS INC
104791,3310,WASHBURN WIRE CO
104819,4924,WASHINGTON GAS LIGHT CO
104880,4924,WASHINGTON NATURAL GAS
105391,3679,WEINSCHEL ENGINEERING CO INC
105555,2200,WELLINGTON INDUSTRIES INC
105587,3443,WELLMAN INDUSTRIES INC
105839,4911,WEST PENN POWER CO
105860,4911,AEP TEXAS NORTH CO
105868,5082,WEST VIRGINIA ACCEPTANCE CO
105915,3490,WESTCALIND CORP
105934,1311,WESTCOAST PETROLEUM LTD
106049,3661,AT&T TECHNOLOGIES INC
106170,4911,WESTERN MASSACHUSETTS EL CO
106222,6792,WESTERN OIL SHALE CORP
106239,4941,PENNSYLVANIA-AMERICAN WTR CO
106250,3080,WESTERN PLASTICS CORP
106291,4813,WESTERN RESERVE TELEPHONE CO
106318,7011,WESTERN STANDARD CORP
106412,6159,WESTINGHOUSE CREDIT CORP
106423,6552,WESTLAND DEVELOPMENT
106484,3714,WESTRAN CORP
106508,2200,WESTWOOD INC
106569,2711,WHDH CORP
106617,4911,WHEELING POWER CO
107111,7990,WILDCAT MOUNTAIN CORP
107231,5051,WILLIAMS & CO INC
107409,5900,WILLNER INDUSTRIES
107576,2452,WINCHESTER CORP
107675,0100,HS GROUP INC
107782,7200,WINTHROP SCOTT CORP
107815,4931,WISCONSIN ELECTRIC POWER CO
107816,6141,WISCONSIN FINANCE CORP
107819,4924,WISCONSIN GAS CO
107830,4924,WISCONSIN NATURAL GAS CO
107832,4931,WISCONSIN POWER & LIGHT
107833,4931,WISCONSIN PUBLIC SERVICE CP
107844,4813,WISCONSIN BELL
107907,4731,WITS INC
107965,4832,WJDX INC
108202,4813,WOODBURY TELEPHONE CO
108260,4832,WOODS COMMUNICATION CORP
108475,1520,WORLDWIDE COMMERCE INC
108547,4512,WRIGHT AIR LINES INC
108710,8050,WYNDON CORP
108712,6792,WYNN INDUSTRIES INC
108765,6500,XACRON CORP
108770,8711,XEDAR CORP
108961,5070,YORK CORRUGATING CO
109083,3312,YOUNGSTOWN SHEET & TUBE CO
109242,2013,ZEMCO INDUSTRIES INC
109378,5311,ZIONS CO-OPERATIVE MERCANTIL
109401,2870,ZOECON CORP
109461,1700,ZWICKER ELECTRIC CO INC
110026,1531,SECURITIES OF AMERICA INC
110101,4924,NORTH SHORE GAS CO
110104,4924,NORTHERN ILLINOIS GAS
110558,4833,STARR BROADCASTING GROUP INC
110742,3523,TENNECO CORP
200074,5500,BILLUPS WESTERN PETROLEUM CO
200098,5140,BRIARCLIFF CANDY CORP
200155,4923,COLORADO INTERSTATE GAS CO
200190,4841,CYPRESS COMMUNICATIONS CORP
200369,6799,HOOKER AMERICAN INC
200411,4011,KANSAS CITY SO RAILWAY CO
200541,5960,MVC INDUSTRIES INC
201076,1600,AMERICAN ATLANTIC CO
201143,5141,ASSOCIATED WHOLESALERS INC
201229,3721,BELLANCA AIRCRAFT CORP
201301,1381,BRK PETROLEUM INC
201499,6141,COMMERCIAL CREDIT CO
201583,5812,CRAIG FOOD INDUSTRIES INC
201696,5122,DRUG GUILD DISTRIBUTORS
201763,3812,ENTRON INC
202067,2711,HARTFORD COURANT CO
202172,6035,LINCORP HOLDINGS INC
202197,8731,INTERTECHNOLOGY SOLAR CORP
202382,7011,LEES INNS OF AMERICA INC
202583,3490,TOMANET FINANCIAL CORP
202584,4911,SYSTEM ENERGY RESOURCES INC
202614,3672,RESOURCE INDUSTRIES INC
202930,2673,PRINTPACK INC
202932,5140,PRO-FAC COOPERATIVE INC
203097,3651,SANYO MANUFACTURING CORP
203209,6799,SISKON CORP
203268,6153,SPERRY FINANCIAL CORP
205287,3674,ELECTRONIC DEVICES INC
205402,5063,GRAYBAR ELECTRIC CO INC
205508,1311,KELDON OIL CO
205547,5099,LEISURE PRODUCTS INC
215042,6153,ALLSTATE FINANCIAL CORP
215352,7997,CANADA CREEK RANCH ASSN INC
215387,4813,CC & S SYSTEMS INC
215503,7990,CONCORDE GAMING CORP
215506,2800,CONKLIN CO INC
215668,9995,DIGITEK CORP
215884,6799,FKF INC
215994,2015,GOLD KIST INC
216070,2200,HARRIET & HENDERSON YARN INC
216117,5082,HIGHWAY EQUIPMENT CO
216160,2911,HUSKY OIL CO
216198,5990,INDIAPORTS INC
216209,6799,INSTANT TRANSACTION CORP-AM
216360,6519,LADD ENTERPRISES INC
216602,4011,MISSOURI KANS TEX RAILROAD
216663,5122,MUTUAL WHOLESALE DRUG CO
216820,5812,PASTA KING INC
216877,7000,PISMO COAST VILLAGE INC
216975,3490,REGO GROUP INC
217017,4813,ROCK HILL TELEPHONE CO
217356,6211,THOMSON MCKINNON INC
217440,6512,UTILITY VERIFICATION CORP
217577,2320,WORK WEAR CORP INC
225090,4813,BELL CANADA
225406,8741,UNITED FINL OPERATIONS INC
225418,3524,HAHN INC
225501,7370,MEDLINK INTERNATIONAL INC
225544,3714,KNUSAGA CORP
225602,6311,MASSACHUSETTS MUTUAL LIFE
225615,3510,MCDERMOTT INC
225759,9995,P.H.C. INC
225777,6726,PUTNAM HIGH YIELD TRUST
225854,9995,NORTH AMERICAN ENERGY/DE
225966,5141,UNITED GROCERS INC
226018,4822,WESTERN UNION TELEGRAPH CO
230014,7389,FOUR CORNERS FINANCIAL CORP
230211,4513,FEDERAL EXPRESS CORP
230481,6798,REALAMERICA INVESTMENT CORP
230624,1311,ESPERO ENERGY CORP
275341,1311,ENVIROTRONICS INC
275732,1040,METRO INTERNATIONAL INC
275927,1381,RATLIFF DRILLING CO
276478,4700,GENERAL AM TRANSPORTATION CP
276898,6512,WATERFRONT LIQUIDATION INC
276968,4610,BP PIPELINES INC
276999,2851,MOORE (BENJAMIN) & CO
277384,9995,ODYSSEY OIL CO
277471,1311,ELECTRONIC PUBG TECH
277587,2033,NATIONAL GRAPE CO-OPERATIVE
277638,0700,DAVEY TREE EXPERT CO
277684,2111,LORILLARD INC -OLD
277804,7011,CAMELBACK INN ASSOCIATES
278049,5190,HOLIDAY INDUSTRIES INC
310205,5140,KFC NATL PURCHASING COOP
310339,1220,SOUTHERN OHIO COAL CO
310673,6020,ANZ-AUSTRALIA & NEW ZEALD BK
310732,6020,BNP PARIBAS
310905,6141,POSTAL FINANCIAL CORP
311507,5045,COMPUTER DEVICES INC  -CL B
312070,6020,BARCLAYS BANK PLC
312257,5140,INNOVATIVE FOOD HOLDINGS
312835,3845,SOURCE SCIENTIFIC INC
313023,3533,OLYMPIC GAS & OIL INC
313142,6211,KOBER CORP
313337,6020,TRI CITY BANKSHARES CORP
313522,4512,BIG SKY TRANSPORTATION
313625,7370,IEXALT INC
314285,1311,MCCORMICK OIL & GAS CO
314423,5411,ROUNDY'S INC  -OLD
314661,6798,LA QUINTA PROPERTIES INC
314984,6311,THRIVENT FINL FOR LUTHERANS
316128,7990,OASIS RESORTS INTL INC
316369,6331,LIBERTY MUTUAL INSURANCE GRP
316516,6172,AMERICAN GUARANTY CORP
316537,6792,AVOCA INC
316567,2040,FCX INC
316618,7373,SECURE TECHNOLOGIES GROUP
316656,5084,NOVA VISTA INDUSTRIES INC
317187,4911,PPL ELECTRIC UTILITIES CORP
317477,3357,COMPOSITE TECHNOLOGY CORP
317781,6411,CGROWTH CAPITAL INC
317951,3661,PARLIAMENT HILL CORP
318011,2911,CANADIAN TURBO INC
318299,7370,SPARTA COMMERCIAL SERVICES I
318438,5172,AMOCO CANADA PETRO CO LTD
318716,3541,US AEROSPACE INC
319008,7373,STATMON TECHNOLOGIES CORP
319016,5047,FUSE MEDICAL INC
319124,2870,DIATECT INTERNATIONAL CORP
319157,6799,AMER FINANCL ENTERPRISES INC
319495,5812,GOLDEN CORRAL RESTAURANT
319671,1040,GLOBAL GOLD CORP
319770,1311,TERRITORIAL RESOURCES INC
320431,5141,UNIFIED GROCERS INC
320549,1040,FIAC INC
350176,3825,IVIE ELECTRONICS INC
350482,3841,RENAL DEVICES INC
350486,4832,SPECTRUM COMMUNICATION CP-CO
350929,5812,COLLINS FOODS INTERNATIONAL
351387,8082,TECHTRON INC
351481,5084,ECI INTERNATIONAL LTD
351936,6159,XEROX CREDIT CORP
352105,6172,PULLMAN LEASING CO
352319,4924,LOUISIANA GAS SERVICE CO
352684,1311,GREAT NORTHERN GAS CO
353524,6159,IBM CREDIT CORP
353569,2835,QUIDEL CORP
353793,6552,UTAH RESOURCES INTL INC
354053,5072,HANDY HARDWARE WHLSL  -CL A
354195,3911,CROWN JEWEL RESOURCES CORP
354867,1382,TRAKIT CORP
355069,4841,CONTINENTAL CBLVISION  -CL A
355590,7359,BGI INC
355611,0700,RACING CORP AMER
355649,5172,OKLAHOMA ENERGY CORP
356292,1311,NEXT GENERATION MGMT CORP
356590,3590,GLOBAL TECH INDS GROUP INC
356591,2836,NEUROLOGIX INC
356858,6020,FIRST BANKING CENTER INC
357010,5140,ALTERNATIVE DISTRIBUTORS CP
357017,4961,GRACE GEOTHERMAL CORP
357019,4700,GATX CAPITAL CORP
357049,7011,JENSON INTERNATIONAL INC
700815,5171,CAREPAY INC
700890,8093,CITA BIOMEDICAL INC
700978,6159,EKSPORTFINANS ASA
701153,6020,BAY AREA BANCSHARES
701304,4813,SYMPHONY TELECOM CORP
702700,6020,SARATOGA BANCORP
702983,2911,SHELL CANADA LTD  -CL A
703329,6020,FIRST FARMERS & MERCHANTS CP
703656,4922,VALERO NATURAL GAS CO
703699,6020,SOUTHERN MICH BANCORP INC
703904,6020,SOUTHERN BANCSHARES NC INC
704366,5090,WOD RETAIL SOLUTIONS
704384,2836,BIOVEST INTERNATIONAL INC
704870,1220,BLUE DIAMOND COAL CO
705003,7372,AMERICAN EDUCATION CORP
705025,6020,INTRUST FINANCIAL CORP
705106,1311,FP INDUSTRIES INC
706081,3679,ANGHEL LABORATORIES
706743,3845,DAROX CORP
706860,3640,WINDSOR HOLDING CORP
707369,7373,WIRE GRAPHICS INC/NY
708481,6141,WELLS FARGO FINANCIAL INC
708848,6020,FIRST CITIZENS BANCORP INC
709197,5735,PEACHES ENTERTAINMENT CORP
709255,6159,TEXTRON FINANCIAL CORP
710507,6020,FIRST BANKS INC
711205,5812,KETTLE RESTAURANTS
711477,6795,KIEWIT ROYALTY TRUST
711513,6172,BOEING CAPITAL CORP
712757,6799,CAMBRIDGE HOLDINGS LTD
713094,6020,HANOVER BANCORP INC
714712,6020,JUNIATA VALLEY FINANCIAL CP
715031,3669,HOME DIRECTOR INC
715142,8711,YELLOWSTONE ENVIRON SVCS
715788,7600,QUANTECH ELECTRONICS CORP
716453,7374,ADMINISTRATIVE SYSTEMS INC
716757,1700,TD INDUSTRIES INC
716786,1311,BT ENERGY CORP  -CL A
716944,4812,INFOPAGE INC
717228,9995,CHINA FOOD & BEVERAGE CO
717801,3080,ADVANCED ENERGY CONCEPTS INC
717818,1311,CRESCENT OIL & GAS CORP
718078,4512,REGENT AIR CORP
718413,6020,COMMUNITY BANCORP INC/VT
718418,6726,EQUITY INCOME FUND
718431,5047,STONE MEDICAL SUPPLY CORP
719264,6020,FIRST CITIZENS BANCSHRS INC
719308,3577,METAGRAPHIC SYSTEMS INC
719731,6020,HERITAGE BANKSHARES INC
719940,8051,MANOR HEALTHCARE CORP
719995,1311,CONSOLIDATED RESOURCES INC
720299,5940,ART EXPLOSION INC
720508,5150,RICELAND FOODS INC
720718,3231,TELEPHONE EXPRESS CORP
722010,4924,MINNEGASCO INC
722069,3714,LANCER INDUSTRIES INC  -CL B
722077,7830,AMC ENTERTAINMENT INC
722641,5045,ELECTROGRAPH SYSTEMS INC
723269,9995,IRONSTONE GROUP INC
723303,3577,RICOH CO LTD
723501,3825,INTERCOM SYSTEMS INC
723556,7372,SUMMA TECHNOLOGIES INC
723594,6020,FIRST CENTURY BANKSHARES INC
723619,2300,ARMITEC INC
724445,2836,BURZYNSKI RESEARCH INSTITUTE
724688,2082,STROH BREWERY CO
725338,6513,PHI ENTERPRISES INC
725394,7363,DALRADA FINANCIAL CORP
725589,3575,LTI TECHNOLOGIES INC
725778,3669,SECURITY TECHNOLOGY INC
725887,7370,SYNERGEX CORP
726819,3620,AP INDUSTRIES INC
727477,7373,SOFTGUARD SYSTEMS INC
727975,6211,JONES (EDWARD D.) & CO LP
728385,3590,MIDWEST ENERGY EMISSIONS CP
728472,6211,FIRST STATE FINANCIAL INC
728618,6311,METROPOLITAN LIFE INS-OLD
729057,6311,PRUDENTIAL INSUR CO OF AMER
729193,4841,FIRST CAROLINA COMMUNICATNS
729639,6282,MINORITY BUSINESS ENT  -CL A
729976,6200,VERSACOM INTL INC
730038,3577,GENIUS TECHNOLOGIES INC
730409,7990,CLARIDGE HOTEL&CASINO  -CL A
730669,9995,FCCC INC
730723,5812,FRI CORP
730726,6020,FARMERS BANCORP/IN
730729,4991,COGENCO INTL INC
731122,6020,CCFNB BANCORP INC
731288,6153,PACCAR FINANCIAL CORP
731297,1040,AMERICAN EAGLE RESOURCES INC
732244,7372,ARRAYS INC
732417,6020,HILLS BANCORPORATION
732646,4822,INTERNATIONAL RECORD CARRIER
732779,1600,NPS TECHNOLOGIES GROUP INC
732875,6799,HIGHLAND MALT LTD
732935,2250,AMERICAN URANIUM MINING INC
733337,8711,PWRCOR INC
734823,7373,MYLEE DIGITAL SCIENCES INC
735993,7372,BAKBONE SOFTWARE INC
736314,7372,SURE TRACE SECURITY CORP
737207,2836,ADHERA THERAPEUTICS INC
737837,1311,TRANSWEST ENERGY INC
737875,6020,FIRST KEYSTONE CORP
737954,7370,BUSINESS COMPUTER NETWORK
739717,8090,CHEMICAL DEPENDENCY HLTHCARE
740155,6020,IOWA FIRST BANCSHARES CORP
740806,6020,F & M BANK CORP
741017,6500,OMEGA VENTURES GROUP INC
741114,2834,ISATORI INC
741171,6153,HEWLETT-PACKARD FINANCE CO
741564,7363,UNIVERSAL SERVICES GROUP
741903,3825,SPECTRASCAN INC
743238,3711,THE SHYFT GROUP INC
743365,3541,APPLIED MACHINING TECH INC
743871,3826,SLS INDUSTRIES INC
744455,6311,GREAT-WEST LIFE & ANN INS CO
745238,3790,VBQ INC
745543,5500,PETRO USA INC
745655,7370,CHINA CRESCENT ENTERPRISES
746442,8082,VHA ENTERPRISES INC  -CL B
746708,4512,ROCKY MOUNTAIN AVIATION INC
747540,5065,SURGE COMPONENTS INC
748014,1090,INTERNATIONAL MUSTO EXPL LTD
748579,5734,PATHFINDER COMPUTER CENTERS
748790,2070,GLOBAL CLEAN ENERGY HOLDINGS
748954,3560,ATLAS COPCO AB
749750,1220,PINE VALLEY MINING CORP
750558,6020,QNB CORP
751146,1040,LAURION MINERALS EXPL INC
751406,2741,GOLD C ENTERPRISES INC
752198,2400,CONTINENTAL CAN EUROPE
752294,3663,ELECTRONIC SYSTEM TECH INC
752391,1311,GOLDEN CHIEF RESOURCES INC
752634,9995,EARTH SEARCH SCIENCES INC
752757,4911,COLORADO UTE ELECTRIC ASSOC
752902,3845,CALIBER IMAGING & DIAGNOSTIC
753296,2060,TATE & LYLE PLC
753314,3713,SUPREME CORP
753365,1000,U S PRECIOUS METALS INC/DE
753682,6020,MERCHANTS & MFRS BANCORP INC
753772,3842,MEDIZONE INTL INC
754449,9995,COPLEY POWER INC
754609,2452,PBS BUILDING SYSTEMS OF AMER
754813,5912,HEALTHWAREHOUSE.COM INC
755108,3714,DAYTON WALTHER CORP
755503,4911,INDIANAPOLIS POWER & LIGHT
756067,7380,INTER ACTIVE SERVICES INC
757523,5812,ARAMARK CORP  -CL B
757788,9995,SOURCE VENTURE CAPITAL INC
758452,4731,RADIX VENTURES INC
759458,6020,CANANDAIGUA NATIONAL CORP
759824,3569,ROCHEM ENVIRONMENTAL INC
760777,3679,DIXCOM INC
761034,7373,EC DEVELOPMENT INC
761682,6159,WESTAR FINANCIAL SVCS INC
763064,7359,POTOMAC CAPITAL INVESTMENT
763827,6799,DELAWARE NATIONAL CORP
763846,4955,CHINA INDL WASTE MANAGEMENT
763956,6020,SECURITY BANC CORP
764044,4922,QUESTAR PIPELINE CO
764217,7990,ENCHANTED PARKS INC
764581,6020,CNB CORP /SC
764764,6159,CATERPILLAR FINANCIAL SVCS
764794,2086,RUDY NUTRITION
766504,1000,SAMEX MINING CORP
766592,5141,PIGGLY WIGGLY ALABAMA DISTR
766916,2911,AMOCO CO
767974,7320,CARDTEL INC
768152,3829,LIGHT MANAGEMENT GROUP INC
768170,6172,PITNEY BOWES CREDIT CORP
768374,1040,CUSAC GOLD MINES LTD
768903,4911,ARKANSAS ELECTRIC COOP CORP
769107,2810,SAFE-WASTE SYSTEMS INC
769511,5945,CNC MERGER CORP
769592,4899,MOBILEPRO CORP
770618,7990,TRUMPS CASTLE FUNDING INC
771617,3559,LEGACY HOLDINGS INC
771639,2340,WUNDIES INC
773717,1040,STANDARD METALS PROCESSING
773753,3600,MITSUBISHI ELECTRIC CORP
774454,4955,U S MICROBICS INC
774459,4911,ALLEGHENY GENERATING CO
775299,3569,HUGHES CAPITAL CORP
775345,6020,UNITED BANCORP INC/MI
775366,6311,LUTHERAN BROTHERHOOD
775926,7372,SECURAC CORP
776999,4899,MY SCREEN MOBILE INC
777357,5531,NORTHERN PACIFIC CORP
777491,8711,CH2M HILL COS LTD
777516,2834,HEALTHSPORT INC
779628,4813,PAYLINE SYSTEMS INC
781882,6799,MDC MORTGAGE FUNDING CORP
782839,1311,SISCOE CALLAHAN MINING CORP
783209,1311,EUROGAS INC
783234,3690,GNB INC
783284,4213,INTEGRATED FREIGHT CORP
783454,7374,MONSTERDAATA INC
783735,2836,DISCOVERY SYSTEMS LTD
784539,5065,EACO CORP
784681,4841,CSC HOLDINGS LLC
784863,6311,PEKIN LIFE INSURANCE CO
785562,2320,RAM VENTURE HOLDINGS CORP
786298,6020,FORESIGHT FINANCIAL GROUP
786620,7372,CIMETRIX INC
786623,2834,ADVANCED VIRAL RESEARCH CORP
786771,8742,VIDEOLOCITY INTL INC
786815,4210,INNOVATIVE SHIPPING SYS INC
788340,2821,TECHNICAL VENTURES INC
788508,2711,NEWS AMERICA HOLDINGS CO
788790,2011,SIPCO INC
788816,4991,OGLETHORPE POWER CORP
788955,6513,US REALTY PARTNERS  -LP
788983,3089,PORTOLA PACKAGING INC
789318,3824,OBOCON INC
789748,2750,COMMUNICATION RESOURCES INC
789853,9995,TRACKER CORP OF AMERICA
789860,2020,YAYI INTERNATIONAL INC
789877,0100,CHINA CONTINENTAL INC
789879,1040,ENSURGE INC
789945,3661,LOTUS PACIFIC INC
790066,4950,GLOBAL ECOLOGY CORP
790075,2800,BAYER AG
790230,3640,IL INTERNATIONAL INC
790273,3824,CONECTISYS CORP
790303,2911,BP AMERICA INC
790362,6020,NATIONAL BANCSHARES CORP/OH
790652,3845,IMAGING DIAGNOSTIC SYSTEMS
790846,3669,MIRTRONICS INC
791115,6331,COACH INDUSTRIES GROUP INC
791219,4813,SONUS COMMUNICATION HOLDINGS
791298,7389,CORFACTS INC
791445,7990,TRUMP PLAZA FUNDING INC
791885,3580,TASTY FRIES INC
791904,5051,EDGCOMB METALS CO
792851,3669,MOSLER INC
792935,8060,ETHEMA HEALTH CORP
793043,2836,IR BIOSCIENCES HOLDINGS INC
793322,6799,PSS INC
793376,9995,AMERECO
793387,5912,PNS INC
793707,3490,MUELLER CO
793981,1311,FRONTIER ENERGY CP
794272,6020,KATAHDIN BANKSHARES CORP
795214,9995,GUWO HOLDINGS INC
795363,2340,CARTER (WILLIAM) CO/DE
795382,6153,POST AMERICAN CORP
795607,6141,NISSAN MOTOR ACCEPTANCE CORP
795738,8711,AANCOR HOLDING INC
795824,7374,DATASCENSION INC
796096,7510,NATIONAL CAR RENTAL SYSTEMS
796124,2086,ELDORADO ARTESIAN SPRNGS INC
796220,2851,SICO INC
796221,1000,AJAX RESOURCES LTD
796628,2834,SEQUESTER HOLDINGS INC
797167,2834,NATURADE INC
797463,6159,GENERAL ELECTRIC CAPITAL SVC
797556,2810,LAROCHE INDUSTRIES INC
797676,2870,RLI INC
797838,6020,NEFFS BANCORP INC/PA
798077,7372,SYNCRONYS SOFTCORP
798176,7372,NSA INC
798601,5141,SHAMROCK FOODS CO
798770,2650,KANE INDUSTRIES INC
798916,2650,CONTAINER CORP OF AMER
799097,7373,SAN HOLDINGS INC
799235,1311,ERHC ENERGY INC
799274,2221,REEVES INDUSTRIES INC
799367,6211,KEMPER FINANCIAL COMPANIES
799643,4213,SUN CARRIERS INC
800013,1389,ENSERCO ENERGY SERVICE CO
800177,6020,DANSKE BANK AS
800299,2820,DUPONT CANADA  -CL A
800333,2430,LUXOR INDUSTRIAL CORP
800344,2040,FIRST PACIFIC CO LTD
800364,3711,SUBARU CORP
800443,5960,TREND LABS INC
800485,6794,J H LIQUIDATION CORP
800523,1000,GGL RESOURCES CORP
800578,3714,CONTINENTAL AG
800645,1311,RIDER RESOURCES LTD
800840,3651,SHARP CORP
800861,1311,SANTOS LTD
800921,2000,NESTLE SA/AG
801166,6311,POWER CORP CANADA
801426,5045,MANAGEMENT ADV SOFTWRE
801451,4812,PRE CELL SOLUTIONS INC
801687,5211,KINGFISHER PLC
801691,6510,WINZEN PROPERTIES INC
801735,4991,SYNEX INTERNATIONAL INC
802510,6211,CASTLE HOLDING CORP
803044,3669,ELECTRONIC CONTROL SECURITY
803742,6020,KISH BANCORP INC
804060,4833,OUTLET BROADCASTING INC
804125,5311,PEEBLES INC
804152,4522,E PRIME AEROSPACE CORP
804563,6020,BENCHMARK BANKSHARES INC
804752,8300,FORUM RETIREMENT PTRS  -LP
805019,6153,TENNECO CREDIT CORP
805080,6020,WEST SUBURBAN BANCORP INC
805260,4922,BG GROUP PLC
806166,5500,RAC PLC
806592,2090,SUNWIN STEVIA INTL INC
806851,5140,CHECKERS RESTAURANT GROUP
806888,3845,RESPONSE BIOMEDICAL CORP
806919,1000,CABO DRILLING CORP
806932,9997,FLETCHER CHALLENGE LTD
807014,3669,PROMATEK INDUSTRIES LTD
807645,4841,DANIELS & ASSOCIATES INC
808031,1000,CENTURION MINERALS LTD
808121,5045,MICROSCIENCE CORP
808304,5331,PAMIDA INC-DEL
808507,4841,CABLEVISION INDUSTRIES CORP
809023,4512,INTL CONSOL AIRLINES GROUP
810020,2810,TRANS RESOURCES INC
810045,1000,JOSEMARIA RESOURCES INC
810208,3651,AURASOUND INC
810312,7990,OCEAN SHOWBOAT INC
810571,2211,CLINTON MILLS INC
810627,3050,PST HOLDINGS INC
810745,3714,MOTOR WHEEL CORP
810926,3812,NANOTECH SECURITY CORP
810932,4813,GLOBALNET CORP
811034,5411,PIGGLY WIGGLY SOUTHERN INC
811036,6799,CROWN PARTNERS INC
811037,3569,CECO FILTERS INC
811040,6726,FIRST CAROLINA INVESTORS
811119,4220,AMERICOLD CORP
811271,3510,ENTECH SOLAR INC
811314,1040,NORTHWEST GOLD CORP  -CL A
811474,7373,KINBURN TECHNOLOGY CORP
811510,7320,REVCARE INC
811532,7996,CEDAR FAIR  -LP
811615,2086,COCA-COLA BOTTLING GP STHWST
811658,3716,HOLIDAY RAMBLER CORP
811779,2836,MULTICELL TECHNOLOGIES INC
811868,7370,ICE HOLDINGS INC
812014,4833,BURNHAM BROADCASTING CO  -LP
812023,5172,PERMIAN PARTNERS  -LP
812149,5030,REGIONAL BRANDS INC
812151,3823,METRISA INC
812152,9995,RIDGEFIELD ACQUISITION CORP
812427,2820,HOECHST CELANESE CORP
812549,3911,HERFF JONES INC
812555,2200,AMER RESOURCES & DEVLPMNT CO
813180,6211,OLDE FINANCIAL CORP
813640,6020,CITIZENS BANCSHARES CORP
813716,2086,CIRTRAN CORP
813790,4922,WESTERN GAS PROCESSORS LTD
813792,2200,UNIROYAL PLASTICS ACQ CORP
813828,4888,VIACOMCBS INC
813856,5812,PRANDIUM INC
813897,7011,PSH MASTER  -LP
814046,9995,ALP LIQUIDATING TRUST
814073,6172,UNISYS FINANCE CORP
814257,8711,CENTRAC ASSOCIATES  -CL A
814286,7320,HALO COS INC
814428,7510,HERTZ PENSKE TRUCK LEASING
814623,3677,BOREALIS EXPLORATION LTD
814624,1040,X-CAL RESOURCES LTD
814926,3640,CAPSTONE COS INC
815743,6153,DISCOVER CREDIT CORP
815755,4812,CHADMOORE WIRELESS GROUP INC
815917,6211,JONES FINANCIAL COS  -LP
816243,3944,MONOGRAM MODELS INC
816248,6020,ALLEGHENY VALLEY BANCORP INC
816332,6020,LYONS BANCORP INC
816755,3695,AMPEX GROUP INC
817215,2340,PLAYTEX APPAREL INC
817411,6311,POWER FINANCIAL CORP
817646,2670,WR ACQUISITION INC  -CL A
817900,5812,AMERICAN RESTAURANT PRTNS-LP
818013,4833,QUEEN CITY BROADCASTING INC
818081,2750,WEBCRAFT TECHNOLOGIES INC
818092,4833,NEW WORLD TELEVISION INC
818243,7990,SIX FLAGS THEME PARKS INC
818677,6020,SECURITY FEDERAL CORP
819339,3827,LEICA PLC  -ADR
819927,7990,GATE TO WIRE SOLUTIONS INC
819933,8071,IMAR CORP
820085,4822,BROOKE PARTNERS  -LP
820114,4813,SOUTHNET CORP
820167,6162,HARBOURTON FINL SVC  -LP
820228,3714,KNOLL INTERNATIONAL HOLDINGS
820286,5812,SERVAM CORP
820380,3620,INTL AUTOMATED SYSTEMS INC
820414,6020,CENTURY FINANCIAL CORP
820746,4833,UNIVISION HOLDINGS INC
820771,7812,GOLIATH FILM & MEDIA HLDGS
820789,7812,EARTHWORKS ENTERTAINMENT INC
820901,1311,ARETE INDUSTRIES INC
821256,3674,DISPLAYTECH INC-REDH
821614,4922,LASALLE ENERGY CORP  -CL A
821897,5700,ANNAS LINEN CO-REDH
822083,6020,PLAINSCAPITAL CORP
822411,2836,IMMUNOCELLULAR THERAPEUTICS
822795,3540,THERMADYNE INDUSTRIES
823070,2890,NOFIRE TECHNOLOGIES INC
823193,3716,STARCRAFT CORP  -OLD
823277,5150,CHS INC
823353,2250,FARLEY INC
823387,4812,NORTH AMERICAN DATACOM INC
823546,7370,ROCKETFUEL BLOCKCHAIN INC
823548,6324,WESTERN OHIO HEALTH CARE
823619,3730,GENMAR HOLDINGS INC
823970,5940,DALTON (B) BOOKSELLER INC
824174,9995,OPTICON MEDICAL INC
824412,7990,CALIFORNIA HOTEL AND CASINO
824811,2082,FOSTER'S GROUP LTD
824851,6794,ENCORE ENERGY SYSTEMS INC
825178,1000,NUINSCO RESOURCES LTD
825203,2870,ITRONICS INC
825311,2911,FLYING J INC
825322,3690,MPHASE TECHNOLOGIES INC
825541,3411,SILGAN CORP  -CL B
825878,2844,CHARLIE HOLDINGS INC
826144,5140,ECHO SPRINGS WATER CO
826770,6172,SHILLELAGH VENTURES CHRTERED
827055,3585,POWERCOLD CORP
827066,4841,CANBRAS COMMUNICATIONS CORP
827084,3690,STAT-TECH INTL CORP
827163,3578,INTEGRA SYSTEMS INC
827206,5812,PARAGON RESTAURANT GROUP INC
827250,1311,MATADOR PETROLEUM CORP
828535,6020,COMMERCIAL NATIONAL FINL CP
828545,1311,GRAND BANKS ENERGY CORP
828737,3350,WELLS ALUMINUM CORP  -CL A
828878,6512,HH BIOTECHNOLOGY HOLDINGS CO
828940,7370,SANTEON GROUP INC
829117,7370,SAFE TECHNOLOGIES INTL
829325,7372,SPYR INC
829507,2820,FIBER INDUSTRIES INC
830052,2834,RBC LIFE SCIENCES INC
830377,5661,MOACQ HOLDINGS CP  -CL A
830483,3690,OAKRIDGE GLOBAL ENERGY SOLTN
830504,3577,SCRIPTEL HOLDING INC
830736,7373,ALPHA INNOTECH CORP
830741,7373,VHGI HOLDINGS INC
831113,0800,CMC REAL ESTATE CORP
831253,3523,W-W CAPITAL CORP
831489,6794,SCORES HOLDING CO INC
831597,1400,NEWPORT EXPLORATION LTD
831656,1040,PLACER PACIFIC LTD
831674,7500,STAR CASINOS INTL INC
831749,2836,HELIX BIOMEDIX INC
831872,3011,UNIROYAL GOODRICH TIRE CO
832369,6799,COLTEC HOLDINGS INC
832408,3241,MONOLITH PORTLAND CEMENT CO
832810,3590,ORGANITECH USA INC
833073,3730,MIRAMAR MARINE CORP
833080,3842,SAFETEK INTL INC
833083,7500,MIDNIGHT HOLDINGS GROUP INC
833203,7370,WYNDSTORM CORP
833972,3621,NQL ENERGY SERVICES INC
833987,1000,CELLCUBE ENERGY STRG SYS INC
834071,6141,TOYOTA MOTOR CREDIT CORP
834112,8071,MORGAN MEDICAL HOLDINGS
834529,3812,GUIDANCE TECHNOLOGY INC
835412,9995,TMS INC
835544,7990,TRUMP TAJ MAHAL FUNDING INC
835589,5140,TLC BEATRICE INTL HLDS INC
835599,6311,MORGAN FINANCIAL CORP
835662,5122,AIXIN LIFE INTERNATIONAL INC
835688,2860,LAXAI PHARMA LTD
835909,7361,ELITE TECHNOLOGIES INC
835928,7510,AP HOLDINGS INC
835951,7372,ATI NETWORKS INC
836023,5411,RALPHS GROCERY CO
836243,2810,ALCOA INTERNATIONAL HOLDINGS
836352,3942,AVALON MARKETING INC  -CL A
836937,2834,UPD HOLDING CORP
836974,5311,MONTGOMERY WARD HLDG  -CL A
837010,6311,VOYA RETIREMENT INS &ANNUITY
837187,1000,GIGA METALS CORP
837342,5812,CORDIA CORP
837486,3444,EAGLE INDUSTRIES INC
837490,2834,MERA PHARMACEUTICALS INC
837535,4011,SPTC HOLDING INC
837682,3443,MARLEY CO
837757,6311,TRANSAMERICA OCCIDENTAL LIFE
837887,2400,STONE FOREST INDUSTRIES INC
838329,2211,LINTER TEXTILES CORP LTD
838448,5411,FF HOLDINGS CORP  -CL B
838780,8090,SEREX INTERNATIONAL INC
838796,7370,KIWIBOX COM INC
838830,4213,ABF FREIGHT SYSTEM INC
838859,3585,SNYDERGENERAL CORP
838874,6020,FIRST NATIONAL BANK ALASKA
839441,2834,IMAGENETIX INC
839466,3663,RACAL ELECTRONICS PLC
839484,3089,JORDAN INDUSTRIES INC
839727,3312,FLS HOLDINGS INC
839759,6311,ALLSTATE LIFE INSUR CO/NY
839772,3711,VOLKSWAGEN AG
839928,6020,CNB BANCORP INC/NY
840302,5735,MTS INC
840484,1040,GOLD CANYON RESOURCES INC
840551,3845,TITAN MEDICAL INC
840573,3843,BIO LOK INTL INC
840886,6020,FIRST LITCHFIELD FINANCIAL
841005,7361,HOSPITAL RECRUITERS INC
841940,8062,EPIC HEALTHCARE GROUP INC
842461,4700,SIGNAL CAPITAL HOLDINGS CORP
842616,1000,PARAMOUNT VENTURE&FIN  -CL A
842622,1400,CRYSTAL PEAK MINERALS INC
842809,2721,NEW CENTURY COMMUNCTN  -CL A
843087,5411,ABCO MARKETS INC
843212,1311,AMERICAN ENERGY GROUP LTD
843396,2086,DR. PEPPER BTLG HLDGS  -CL A
843471,6153,FINANCE CO OF AMERICA  -CL A
843499,4610,EXXON CAPITAL HOLDINGS CORP
843867,3312,EASTERN STAINLESS/VA  -CL B
844216,5411,AST GENERAL CORP
844698,4841,AMERICAN WIRELESS SYS INC
844893,7370,E MACHINERY.NET INC
844959,6020,HEARTLAND BANCCORP
845091,6311,TRANSAMERICA ADVISORS LIFE
845291,3826,CELL ROBOTICS INTL INC
845385,6797,PRINCETON CAPITAL CORP
845756,2013,DARLING DELAWARE CO
846012,2082,CBR BREWING CO INC -CL A
846466,5051,CAROLINA STEEL CORP
846535,5960,VARTECH SYSTEMS  INC
846717,5311,PBL ACQUISITION CORP
846723,5651,SPECIALTY RETAILERS
846972,3250,ADIENCE INC
847015,2834,MEDICAN ENTERPRISES INC
847069,2860,INDSPEC CHEMICAL CORP
847326,3330,HORSEHEAD INDUSTRIES INC
847394,3861,3D IMAGE TECHNOLOGY INC
847416,1311,EAGLE FORD OIL & GAS CORP
847538,6020,CHESAPEAKE FINL SHARES INC
847597,7372,TENGTU INTL CORP
847942,9995,STRATEGIC ACQUISITIONS INC
848447,7812,KALEIDOSCOPE MEDIA GROUP INC
848465,7372,GREAT BEAR TECHNOLOGY INC
849217,5812,GILBERT ROBINSON HLDG  -CL A
849262,3944,TYCO INDUSTRIES INC
849286,2300,LONDONTOWN HOLDINGS  -CL B
849695,5812,S & A RESTAURANT CORP
849870,7359,PEGASUS AIRCRFT PRTNRS II-LP
850415,7372,SYSTEMS OF EXCELLENCE
850422,3537,HYSTER-YALE MATERIALS HNDLG
850599,7372,MIGRATEC INC
850626,6020,FULTON BANCSHARES CORP
850918,6311,GREAT-WEST LIFECO INC
850978,2834,TOCOR INC
850994,7990,LAS VEGAS SANDS INC
851064,1040,ATLANTA GOLD INC
851089,1700,K D HOLDINGS CORP
851797,3728,K & F INDUSTRIES INC
851891,5812,MEXICAN PATIO CAFES INC
852003,5064,SCIENTIFIC IMAGING INSTRUMEN
852127,6099,GREENLAND CORP
852437,7372,RAND WORLDWIDE INC
852553,2400,KOPPERS HOLDINGS CORP -OLD
852570,6099,GLOBAL AXCESS CORP
852600,4955,MARSULEX INC
852937,3944,NINTENDO CO LTD
853083,5812,AMERICAN RESTAURANT GROUP
853323,8711,LAWGIBB GROUP INC
853444,5990,POWER PLUS CORP
853733,2033,HANOVER FOODS CORP/PA
853833,6799,GEMINI GROUP GLOBAL CORP
853890,5171,KANEB PIPELINE PARTNRS  -LP
853927,2721,AMERICAN MEDIA OPERATIONS
854087,9995,FAIRWOOD CORP
854164,9995,CCC GLOBALCOM CORP
854242,2721,GREAT AMERICAN MEDIA CORP
854599,2810,GENERAL CHEMICAL CORP
854776,7372,EMERGISOFT HOLDING INC
854877,8734,VITALLABS INC
854899,5020,INTL BUSINESS INTERIORS CORP
854904,6726,MORGAN STANLEY PRIME INCM TR
854932,2911,EL PASO REFINERY  -LP
855019,5812,CATERAIR INTERNATIONAL CORP
855160,3433,WATERFURNACE RENEWABLE ENRGY
855207,3571,NORTHGATE COMPUTER CORP
855372,3559,ECO2 PLASTICS INC
855373,7370,QUARTZ GROUP INC
855667,3320,NEENAH ENTERPRISES INC
855684,6162,UCAP INC
855787,1311,ALPHA ENERGY INC
856065,1311,BELAIR ENERGY CORP
856378,2670,CCL INDUSTRIES  -CL B
856417,6035,CHEVY CHASE BANK FSB
856710,2750,ACG HOLDINGS INC
857069,6035,HARVEST FINANCIAL CORP
857351,4731,UNIVERSAL EXPRESS INC
857502,4899,DBS INDUSTRIES INC
857539,1000,WINDARRA MINERALS LTD
857565,3559,GLASSTECH INC
857571,4911,AEP GENERATING CO
857668,3651,TELEX COMMUNICATIONS INC
857775,6141,FORD HOLDINGS INC
857853,6020,BLACKHAWK BANCORP INC
857902,6153,FIRST PACIFIC CORP
858157,1000,MESSINA MINERALS INC
859081,7372,DR HOLDINGS/DE
859313,3620,ENERGIZ RENEWABLE INC
859365,5172,CONTINENTAL FUELS INC
859449,6799,PROFESSIONAL HEALTH SYSTEMS
859636,4610,PRIDE COMPANIES  -LP
859803,6532,SANTA FE PACIFIC REALTY CORP
859914,7359,INTELLECTUAL TECHNOLOGY INC
860757,8711,REYNOLDS SMITH & HILLS INC
861370,3060,FLYING EAGLE PU TECHNICAL CP
861502,5050,COEUR D'ALENES CO  -OLD
861822,8741,MEDICAL ASSET MGMT INC
861967,8111,WOLTERS KLUWER NV
862651,7370,INVESTVIEW INC
863339,1000,0373849 B C LTD
863441,2851,POLYMER SOLUTIONS INC
863681,1040,ATEX RESOURCES INC
863710,6799,BLACKHAWK GROWTH CORP
864292,5661,IRON AGE HOLDINGS CORP
864606,7372,SOFTKEY SOFTWARE PRODUCTS
865004,3241,TOLMEX SA DE CV
865400,1040,GUANAJUATO SILVER CO LTD
866439,3674,DARKPULSE INC
866643,6020,JD BANCSHARES INC
867028,7370,FOMO CORP
867038,1311,SPINDLETOP OIL & GAS CO
867526,2082,MOLSON INC  -CL A
867527,1000,TENKE MINING CORP
867530,6020,UNITED OVERSEAS BANK LTD
867876,3842,IMPLANT TECHNOLOGY INC
868415,5072,CURTIS INDUSTRIES INC
868822,1040,CANAGOLD RESOURCES LTD
869187,4512,BALTIA AIR LINES INC
869231,7359,WILLIAMS SCOTSMAN INC
869484,7948,CALL NOW INC
869531,7372,ADVANTEGO CORP
869688,6211,WESTECH CAPITAL CORP
870016,9997,JARDINE MATHESON HLDGS LTD
870387,5190,SF SERVICES INC
870589,1311,BERKLEY RENEWABLES INC
870743,3721,GROEN BROS AVIATION INC
870752,7381,JANKCO HOLDING CORP
871012,7990,TAJ MAHAL HLDG CORP  -CL A
871300,7372,GREENLIGHT COMMUNICATNS INC
872003,1000,STINGRAY COPPER INC
872024,1000,ALTAI RESOURCES INC
873185,1040,USCORP
873375,6035,FIRST ULB CORP-REDH
873616,1000,WAI CAPITAL INVESTMENTS CORP
874049,4911,NORWEB PLC
874314,5411,ALMACS SUPERMARKETS INC
874482,6020,UNION NATIONAL FINANCIAL CP
874683,2340,WALL STREET COTTON CLUB
875221,4911,POWERGEN PLC
875623,8711,SPARTA INC/DE
875711,4813,AMERN NORTEL COMMUNICATIONS
875729,2870,BION ENVIRONMENTAL TECH INC
876160,6794,BERMAN CENTER INC
876367,2836,LEGAL LIFE PLANS INC
876528,1400,ONYX CORP
877014,1040,GREAT QUEST FERTILIZER LTD
877019,1000,GALLEON GOLD CORP
877024,4911,SCOTTISH & SOUTHERN ENERGY
877050,6324,BLUESTONE HOLDING CORP
877691,4812,NORTEL INVERSORA SA
878146,4400,UNDERSEA RECOVERY CORP
878180,6726,NUVEEN FL QUALITY INC MUN FD
878334,3721,BOMBARDIER INC  -CL B
878547,9995,AMERICAN TECHNOLOGIES GROUP
878722,1000,WESTBURY METALS GROUP
878802,7370,QUADRANT 4 SYSTEMS CORP
878808,1040,FIRSTGOLD CORP
879124,6794,N U PIZZA HOLDING CORP
879140,2052,UNITED BISCUITS HOLDINGS PLC
879355,4931,MIDWEST POWER SYSTEM INC
880116,6020,SOUTHEASTERN BANK FINL CORP
880121,5000,MARKET AMERICA INC
880354,2835,QUANTECH LTD
880417,6020,CSB BANCORP INC/OH
880584,4991,GDT TEK INC
880657,3411,UNITED STATES CAN CO
880856,1000,WILLIAMS CREEK GOLD LTD
881539,1040,BATTLE MOUNTAIN CANADA LTD
881590,6159,CAPITAL FINANCIAL GLOBAL
882616,3825,SIRIT INC
882617,6020,DBS GROUP HOLDINGS LTD
882650,2844,L'OREAL SA
882829,5411,STATER BROS HOLDINGS INC
883502,6035,UMBRELLA BANCORP INC
883706,3561,ENTRECAP INTL INC
883758,6020,PARKWAY ACQUISITION CORP
883906,2870,ARCADIAN PARTNERS LP  -PREF
884129,3089,PLASTIC CONTAINERS INC
884392,2836,NEOZYME II CORP
884502,3510,JETSTREAM PWR INTL INC
884504,3559,THERMOENERGY CORP
884713,2086,PRIMO WATER CORP
884782,6020,SLIPPERY ROCK FINANCIAL CORP
885074,8071,AEON GLOBAL HEALTH CORP
885425,3312,DOFASCO INC
885475,7370,ECO-SHIFT POWER CORP
885489,5031,GOODFELLOW INC
885531,6020,DENMARK BANCSHARES INC
885540,1040,CREW GOLD CORP
885568,4911,OLD DOMINION ELECTRIC COOP
885975,7830,CINEMARK USA INC
886184,7370,WORLDWIDE TECHNOLOGIES INC
886909,2540,OSF INC-OLD
887028,1000,RIO TINTO LTD
887149,6020,CROGHAN BANCSHARES INC
887346,2673,EQUITABLE BAG CO INC  -CL A
887353,2086,SEVEN UP/RC BOTTLNG CO SO CA
887462,2531,LEAR HOLDINGS CORP
887996,5500,TEXAS EQUIPMENT CORP
888895,0700,APPLIED GENETICS INTL INC
888981,6794,NOCOPI TECHNOLOGIES INC
889131,2834,ROCHE HOLDING AG
889156,4833,ALLBRITTON COMMUNICATIONS CO
889377,3443,INDUSTRA SERVICE CORP
889428,2836,PATHFINDER CELL THERAPY INC
889469,3711,BLUE BIRD CORP -OLD
889570,7830,UTD ARTISTS THEATRE CIRCUIT
889662,3861,NEXTECH ENTERPRISES INTL INC
889872,2836,GALAGEN INC
890080,3086,FOAMEX  -LP
890280,6311,PHOENIX HOME LIFE MUTUAL INS
890286,5030,INTILE DESIGNS INC
890369,5411,GRAND UNION HOLDINGS
890448,2834,PML INC
890543,3290,INTERNATIONAL BARRIER TECH I
890547,2844,REVLON CONSUMER PRODUCTS CP
890558,6162,CELLULAR GROUP INC
890566,2750,YOUNG (CHAS. P.) CO
890605,6020,HARFORD BANK ABERDEEN/MD
890859,2836,IBEX TECHNOLOGIES INC
891165,4841,TKR CABLE I INC
892449,6020,VENTURE FINANCIAL GROUP INC
893139,7370,A NOVO BROADBAND INC
893486,6792,SANTA FE ENERGY TRUST
893657,4841,TIME WARNER ENTMT CO  -LP
893690,1311,PHILLIPS GAS CO
894473,4522,EVERGREEN INTL AVIATION INC
894501,3290,COMPOSITE HOLDINGS INC
894502,7373,VIANET TECHNOLOGIES INC
894560,9995,BIOETHICS LTD
894568,7372,TOUCHTUNES MUSIC CORP
894952,8731,TAYCO DEVELOPMENTS INC
895051,2834,CASI PHARMACEUTICALS INC
895128,5140,CASINOS U S A INC
895131,8731,BIONUMERIK PHARMA -REDH
895474,6792,EASTERN AMERN NATURAL GAS TR
895564,3721,BAE SYSTEMS PLC
895665,3670,SUPERCONDUCTOR TECHNOLOGIES
896103,1400,VAALDIAM MINING INC
896494,3669,MAGAL SECURITY SYSTEMS
896644,2870,VIRIDIAN INC
896646,8060,VENDELL HEALTHCARE INC
897078,2833,RESONATE BLENDS INC
897455,6500,DUNDEE CORP
897729,7990,TRUMP ATLANTIC CITY ASSOCS
898037,6020,DIMECO INC
898128,3841,MEDISYS TECHNOLOGIES INC
898171,6020,UWHARRIE CAPITAL CORP
898444,2911,PREMCOR USA INC
898684,5944,FINLAY FINE JEWELRY CORP
899045,7310,LAMAR MEDIA CORP
899114,1000,HORIZON PETROLEUM LTD
899119,9995,METAMATERIAL INC
899450,3845,BIOMERGE INDUSTRIES LTD
899740,1040,STRATABOUND MINERALS CORP
899749,6798,HEALTHCARE REALTY TRUST INC
900277,1311,TKE ENERGY TRUST
900687,3663,TECHNICAL MATERIEL CORP
901138,5940,BIG 5 CORP
901594,1000,INMET MINING CORP
901606,5812,SYTJES PANNEKOEKEN FAM REST
901849,6311,GUARDIAN LIFE INS CO OF AMER
904350,7370,BALINCAN USA INC
904543,3560,FAIRFIELD MANUFACTURING
904892,2080,RC ARBYS CORP
904962,3312,IVACO INC  -CL A
904974,6311,GREAT NORTHN INSURED ANNUITY
905790,6211,GLUSKIN SHEFF ASSOCIATES INC
905894,5812,VALCOR INC
906275,3440,CHATWINS GROUP INC
906307,5411,NUTRITIONAL SOURCING CORP
906368,1400,SIROCCO MINING INC
906422,2911,PDV AMERICA INC
906433,6020,SOCIETE GENERALE GROUP
906554,4400,KLOSTER CRUISE LTD
906699,4813,UNITED TELEPHONE-CAROLINAS
906719,4813,UNITED TELEPHONE CO OF MINN
906737,3231,JACKSON PRODUCTS INC
906787,6035,GF BANCORP INC
907033,3281,ASI LIQUIDATING CORP
907161,3281,MARBLEDGE GROUP INC
907686,3674,PLURES TECHNOLOGIES INC
908139,6311,AMERICO LIFE INC
908141,3089,SWEETHEART HOLDINGS INC
908171,1000,BURNSTONE VENTURES INC
908235,7372,PRISM SOFTWARE CORP
908401,2836,GLYKO BIOMEDICAL LTD
908545,7381,FIGGIE INTL-PRE FASB
908611,7990,BALLY'S CASINO HOLDINGS INC
908931,5411,EMPIRE CO LTD  -CL A
909284,2810,OSI SPECIALTIES INC
909723,5812,HOULIHANS RESTAURANT GRP INC
909952,1311,CONWEST EXPLORATION
910184,1400,ENERGEM RESOURCES INC
910267,2834,TITAN PHARMACEUTICALS INC
910569,1000,NORZINC LTD
910603,6311,FIRST ALLIANCE CP/KY
910711,2800,HARRIS CHEMICAL NTH AMER INC
911562,6211,SMITH BARNEY HOLDINGS INC
911586,1000,ECOBALT SOLUTIONS INC
911755,5122,ANDRX CORP-CONSOLIDATED
912214,4731,STELLAR COMMUNICATIONS
912499,2086,TEXAS BOTTLING GROUP  -CL A
912566,6020,CNB HOLDINGS INC
912752,4833,SINCLAIR BROADCAST GP  -CL A
912785,1311,TAG OIL LTD
912873,6799,AMERICAN FUEL CORP
913584,6798,WEINGARTEN PROPERTIES INC
913659,4813,SPOT MOBILE INTL LTD
913669,2670,REPAP WISCONSIN INC
914380,7372,MERIT STUDIOS INC
914761,5500,CUMBERLAND FARMS INC  -CL A
914842,2836,PERSEPTIVE TECHNOLOGIES II
914982,2082,HEILEMAN (G) BREWING
915338,6211,CROWN NORTHCORP INC
915350,1520,FORECAST GROUP  - LP
915433,5141,WHITE ROSE FOODS INC
915458,6799,GLOBAL GAMING TECHNOLOGIES
916075,2860,KOPPERS INC
916758,7990,LOUISIANA CASINO CRUISES INC
916802,5130,BOSS HOLDINGS INC
917079,7812,FIRST LOOK MEDIA INC
917711,4991,COGENTRIX ENERGY INC
918076,2844,BODY SHOP INTERNATIONAL PLC
918939,2844,MACANDREWS & FORBES HOLDINGS
918943,2711,AFFILIATED NEWSPAPERS INVST
918944,2711,MEDIANEWS GROUP INC
918962,3713,POINDEXTER (JB) & CO INC
919043,3861,LONGPORT INC
919134,2082,MENDOCINO BREWING CO INC
919136,3845,LXN CORP
919166,6726,TEMPLETON EMERG MKT APPRC FD
919175,5110,SUGARMADE INC
919465,3089,BERRY PLASTICS CORP
919564,2834,OCUREST LABORATORIES INC
919605,2836,BIOCORAL INC
919865,6020,FENTURA FINANCIAL INC
919897,4512,NORTHWEST AIRLINES INC
919942,5500,PETRO STOPPING CENTERS  -LP
920189,2836,QUARK PHARMACEUTICALS -REDH
920273,2090,LIFESMART NUTRITION TECH INC
920317,7200,U.S. DRY CLEANING SVCS -REDH
920524,4412,AMERICAN EAGLE TANKERS INC
920543,7372,PREO SOFTWARE INC
920771,2721,GENERAL MEDIA INC
921086,7510,PENSKE TRUCK LEASING CO  -LP
921152,6035,BECKLEY BANCORP INC
921450,4955,ADVANCED RECYCLING SCIENCES
921887,3272,INTL HI-TECH INDUSTRIES INC
922011,1000,LUSTROS INC
922253,9995,GSOCIETY INC
922257,5810,ENTERTAINMENT TECH & PROGRMS
922330,3510,REGI U S INC
922408,5070,FIVE STAR PRODUCTS INC
922486,3714,VALEO SE
922913,8093,PACER HEALTH CORP
922984,9995,LBP INC
923142,2040,INTL FRANCHISE SYSTEMS INC
923150,3089,DIAMOND EQUITIES INC
923409,2621,RAINY RIVER FOREST PRODS INC
923649,6799,CALIF PETROLEUM TRANSPORT CP
923883,3845,THERALASE TECHNOLOGIES INC
924233,3690,QUIETPOWER SYSTEMS INC
924701,2621,INDAH KIAT PULP & PAPER (PT)
925043,7370,ADVANT-E CORP
925173,6020,POTOMAC BANCSHARES INC
925376,7330,QUIKBIZ INTERNET GROUP INC
925660,3829,FLEXPOINT SENSOR SYSTEMS INC
925739,4899,INFINICALL CORP
925900,6020,BAYERISCHE HYPO- & VEREINSBK
925906,3490,GS TECHNOLOGIES CORP
926038,7372,CINTECH SOLUTIONS INC
926171,6020,NATIONAL BANK CANADA
926229,3826,SCANTEK MEDICAL INC
926285,4841,JAMES CABLE PARTNERS LP
926287,2836,SANGUINE CORP
926807,4991,BRASCAN POWER INC
926845,7359,CENTRAL RENTS INC
927314,2950,BUILDING MATERIALS CORP AMER
927472,2860,PARABEL INC
927762,2911,TRANSAMERICAN REFINING CORP
927763,1311,TRANSAMERICAN ENERGY CORP
927774,5411,SMITTYS SUPERMKTS INC  -CL A
928329,3272,CSR LTD
928373,1700,ADUDDELL INDUSTRIES INC
928375,1040,DUTCH GOLD RESOURCES INC
928576,4931,MIDAMERICAN ENERGY CO
928835,7812,CHINA DIGITAL ANIMATION DEV
929161,9995,CONSUMERS PACKAGING INC
929518,4991,SELKIRK COGEN FUNDING CORP
929649,4813,DIAMOND CABLE COMMUN LTD
929651,5122,J B WILLIAMS HOLDINGS INC
929752,7370,CYBERIA HOLDINGS INC
929787,3714,METROPANE INC
929940,7372,ASPEN TECHNOLOGY INC
930004,7311,LOIS/USA INC
930164,1000,TYLER RESOURCES INC
930537,1000,KIPLIN METALS INC
930817,7900,AVP INC
930818,3290,JOHNS MANVILLE INTL GRP INC
930835,4991,EDISON MISSION ENERGY
931075,2860,FREEDOM CHEMICAL CO
931752,1400,KENSINGTON RESOURCES LTD
931799,2860,GLYECO INC
931984,7373,INTL ROAD DYNAMICS INC
932127,2835,ADDISON-DAVIS DIAGNOSTICS
932144,5093,TITAN TECHNOLOGIES INC
932145,0100,IMPERIAL GINSENG PRODS LTD
932268,6162,HOMEOWNERS FINANCIAL CORP
932275,8000,RAMSAY MANAGED CARE INC
933160,5411,STAR MARKETS CO INC
933177,1311,TOUCHSTONE EXPLORATION INC
934383,2250,HCI DIRECT INC
934395,7370,US HOMES & PROPERTIES INC
934445,1600,EAGLE MOUNTAIN CORP
934798,3949,ICON HEALTH & FITNESS INC
934799,3949,IHF HOLDINGS INC
934801,9995,SMC VENTURES INC
934868,7372,PROGINET CORP
935704,2621,S D WARREN CO
936446,3312,AMERINAC HOLDING CORP
936801,1000,OCEANIC IRON ORE CORP
937226,6799,ONEX CORP
937252,6411,CAREADVANTAGE INC
937293,4911,INTERNATIONAL POWER PLC
939380,4911,RWE AG
939402,4812,GLOBUS WIRELESS LTD
939652,7372,TMM INC
940034,3442,AMERICAN ARCHITECTURAL PROD
940173,2911,OIL CO LUKOIL PJSC
940516,7812,SECURED DIGITAL APPLICATIONS
940913,6799,PHOENIX CANADA OIL CO LTD
941179,7370,LION INC
941473,6020,FIRST BANKERS TRUSTSHARES
941553,6324,COMPBENEFITS CORP -REDH
941818,8731,CLINICOR INC
942134,8731,LARK TECHNOLOGIES INC
942149,1040,OUTCROP SILVER & GOLD CORP
942220,1000,GLOBEX MINING ENTERPRISES
942307,2835,DADE BEHRING INC
942896,6799,EQUITY INCM FD 1ST EXCH SER
943119,6020,FNBH BANCORP INC
943316,7372,SPEEDWARE CORP INC
943397,1311,JET ENERGY CORP
943502,2835,TBG DIAGNOSTICS LTD
943655,1400,ARCHANGEL DIAMOND CORP
943799,3841,NOMOS CORP  -REDH
943912,5812,BLINI HUT INC
943941,0200,CEATECH USA INC
944136,5812,TC GLOBAL INC
944338,3845,A L I TECHNOLOGIES INC
944696,6211,CAPITAL FINANCIAL HLDGS INC
945530,3312,GULF STATES STEEL INC
945641,1311,IAS ENERGY INC
945800,5411,DOMINICKS FINER FOODS INC
946036,1311,CMS OIL & GAS CO
946125,6512,FLORIDA DEV FUND 1995 INC
946432,4911,POWER ASSETS HOLDINGS LTD
946454,3861,BALLANTYNE STRONG INC
946608,6020,PILOT BANCSHARES INC
946642,3711,AM GENERAL CORP
946734,3579,DICTAPHONE CORP/DE
946822,7359,ALY ENERGY SERVICES INC
946991,3555,DAY INTERNATIONAL GROUP INC
947431,3270,EAGLE BUILDING TECHNOLOGIES
947716,6311,GLOBAL PREFERRED HLDGS -REDH
947969,6552,MANGO CAPITAL INC
948087,7990,FITZGERALDS GAMING CORP
948368,6020,PSB HOLDINGS INC/WI
948406,2834,EISAI CO LTD
948421,4812,IRIDIUM LLC
948426,3714,COATES INTERNATIONAL LTD
948695,1000,MINTO EXPLORATIONS LTD
948704,2834,TRANSDERM LABORATORIES CORP
949282,6726,AJL PEPS TRUST  -ADR
949427,8200,HARTCOURT COMPANIES INC
949884,1000,PHOSCAN CHEMICAL CORP
949957,3842,AEARO CORP
949982,3590,AMERICAN COMMERCE SOLUTION
1000157,4899,DATAWAVE SYSTEMS INC
1000161,6512,UNION PROPERTY INVESTORS INC
1000229,1389,CORE LABORATORIES NV
1000232,6020,KENTUCKY BANCSHARES INC
1000450,4841,COMCAST LCI HOLDINGS INC
1000654,3679,COMMUNICATIONS & PWR INDS
1000778,3569,MARICULTURE SYSTEMS INC
1001500,1000,LARAMIDE RESOURCES LTD
1001594,2330,BLUE FISH CLOTHING INC
1001839,2092,VAN DE KAMPS INC
1001987,3460,ANCHOR LAMINA INC
1002211,2040,DOANE PET CARE CO
1002366,1000,GITENNES EXPLORATION INC
1002422,3569,CERES VENTURES INC
1002454,2421,SINO-FOREST CORP
1002664,2990,GREAT LAKES CARBON CORP
1002822,3590,FIRST AMERN SCIENTIFIC CORP
1002929,2860,ACETEX CORP
1003076,1400,GLOBAL DIAMOND RESOURCES INC
1003264,6324,APS HEALTHCARE INC
1003380,4813,FONOROLA INC
1003439,4841,DIVA SYSTEMS CORP
1003517,4400,STENA AB
1003518,6211,AGF MANAGEMENT LTD  -CL B
1003739,7372,ONLINE GAMING SYSTEMS LTD
1003986,6020,TAYLOR CALVIN B BANKSHARES
1003987,6020,RELIANCE BANCSHARES INC/MO
1004061,1040,FRANC-OR RESOURCES CORP
1004400,2711,TOMORROWS MORNING INC
1004701,1000,MEDITERRANEAN RESOURCES LTD
1004973,4581,PRIME AIR INC
1004991,7330,FTM MEDIA INC
1005201,2834,ASSERTIO HOLDINGS INC
1005276,7990,MOHEGAN TRIBAL GAMING AUTH
1005356,3674,ADVANCED ID CORP
1005388,1040,NEWMONT MINING CANADA
1005408,5411,JITNEY JUNGLE STORES OF AMER
1005531,7340,COOLBRANDS INTERNATIONAL INC
1005641,1311,WESTFORT ENERGY LTD
1005663,5065,EURO GROUP OF COMPANIES INC
1006262,7372,PROMIS SYSTEMS LTD
1006384,3211,GOLDEN ELEPHANT GLASS TECH
1006598,2834,HARVARD SCIENTIFIC CORP
1006830,6020,CONSUMERS BANCORP INC
1007023,1311,TRANS ORIENT PETROLEUM LTD
1007127,2621,DONOHUE INC  -CL A
1007298,3590,NUMATICS INC
1007733,6512,ATKINSON (W.P. BILL)  -CL A
1008735,6282,TRIMARK FINANCIAL CORP
1009781,3663,PARADIGM ADVANCED TECHNS INC
1009908,6020,ALBINA COMMUNITY BANCORP
1009922,1382,NXT ENERGY SOLUTIONS INC
1009976,6020,COMMERCIAL BANCSHARES INC/OH
1010559,1000,ESKAY MINING CORP
1010850,7359,ORGANIC RESOURCE MANAGEMENT
1011662,3790,GLOBAL DIGITAL SOLUTIONS INC
1011733,9995,TRIMOL GROUP INC
1011746,2911,CITGO PETROLEUM CORP
1011972,7370,BRANDMAKERS INC
1011976,7310,ADAMS OUTDOOR ADVERTSG  -LP
1012130,2086,PHLO CORP
1013559,7990,COAST HOTELS & CASINOS INC
1014455,2800,AGRAQUEST INC
1014599,5812,AMERIKING INC
1014618,7372,COMMERCIAL CONCEPTS INC
1014669,2860,STERLING CHEMICALS INC
1015527,4731,GEOLOGISTICS CORP -REDH
1015551,4812,SPRINT SPECTRUM  - LP
1015571,2221,CLARK-SCHWEBEL HOLDINGS INC
1015715,7373,BRAINTECH INC
1015717,3823,PHASE METRICS INC
1016069,6512,WICHITA DEVELOPMENT CORP
1016275,1311,GEO PETROLEUM INC
1016393,3440,DECOR GROUP INC
1016466,7990,MAJESTIC STAR CASINO LLC
1016599,6159,FRUEHAUF FINANCE CO
1016708,2836,RENOVACARE INC
1016739,3580,INTERNATIONAL DISPENSING CP
1017334,3576,JYRA RESEARCH INC
1017586,7374,ELECTRONIC TRANSMISSION CORP
1017655,7370,PAID INC
1017699,2834,CHINA KANGTAI CACTUS BIOTECH
1017710,3634,REMINGTON PRODUCTS CO LLC
1017794,1040,EMERSON EXPLORATION INC
1017837,4813,CELEXPRESS INC
1018281,6794,INTEGRAL TECHNOLOGIES INC
1018725,6794,ULTIMATE FRANCHISE SYSTEMS
1019101,2860,TEXAS PETROCHEMICAL HLDGS
1019260,1000,ETRUSCAN RESOURCES INC
1019274,3841,R2 TECHNOLOGY INC
1020011,1040,VIRGINIA MINES INC
1020173,4953,NEW YORK REGIONAL RAIL CORP
1020186,9995,SPIRITS CAP CORP
1020448,4955,IMPERIAL PETE RECOVERY CORP
1020475,7370,GRANDPARENTS.COM INC
1020477,7990,ROTATE BLACK INC
1020657,3577,ADVANCED OPTICS ELECTRONICS
1020669,7370,MCY.COM INC
1020676,8731,ATMOSPHERIC GLOW TECH INC
1020791,1000,EASTMAIN RESOURCES INC
1021086,7373,ENTEX INFORMATION SVCS INC
1021179,6798,CHEVY CHASE PFD CAP CORP
1021249,6331,UNITED SERVICES AUTO ASSN
1021282,6162,A CLEAN SLATE INC
1021285,3290,UNIFRAX CORP
1021968,2011,PREMIUM STD FARMS-PRO FORMA
1022108,2511,LIFESTYLE FURNISHINGS INTL
1022235,6159,MEDNET INTERNATIONAL LTD
1022282,3674,API ELECTRONICS GROUP INC
1022409,7389,BRANDAID MARKETING CORP
1022505,7372,CIPHERLOC CORP
1022508,3443,BURNHAM HOLDINGS INC
1022657,3460,AETNA INDUSTRIES INC
1022781,7372,MINDLEADERS.COM INC
1022901,5045,WAREFORCE.COM
1022962,4899,US DATA AUTHORITY INC
1023109,1090,CANALASKA URANIUM LTD
1023367,0200,AQUAPRO CORP
1023371,1000,HNR VENTURES INC
1023527,9995,EASTCOAL INC
1023763,1000,CERRO MINING CORP
1023842,1000,NEARCTIC NICKEL MINES INC
1024048,2835,PANACEA GLOBAL INC
1024446,4841,NET SERVICOS COMUNICACAO SA
1024605,9995,NEW GENERATION HOLDINGS INC
1024623,7370,INTRALINKS INC -REDH
1024626,2834,CANNABIS SCIENCE INC
1024726,5190,CORE-MARK INTERNATIONAL INC
1024865,1040,MINDORO RESOURCES LTD
1024920,5172,FUELSTREAM INC
1025193,3949,SPALDING HOLDINGS CORP
1025362,1040,GOLDEN QUEEN MINING CONS LTD
1025707,7372,INCENTRA SOLUTIONS INC
1025844,7370,M & A WEST INC
1025877,6020,DCB FINANCIAL CORP
1026113,2836,AXOGEN LTD  -ADR
1026488,3716,KINGSLEY COACH INC
1026595,7812,RIM SEMICONDUCTOR CO
1026743,3444,EURAMAX HOLDINGS INC
1027138,3990,ZIMMERMAN SIGN CO
1027162,1040,ROYAL STANDARD MINERALS INC
1027235,7011,SQUARE CHAIN CORP
1027882,5961,THANE INTERNATIONAL INC
1027909,3420,INTL KNIFE & SAW INC
1027983,6531,MARINA CAPITAL INC
1028394,7990,VOYAGER ENTMT INTL INC
1028643,6099,DOLLAR FINANCIAL GROUP INC
1028911,6799,WATERFORD GAMING LLC
1029253,3537,CLARK MATERIAL HANDLING CO
1029336,3442,ATRIUM CO INC
1029402,8700,ENERGY & ENVIRONMENTAL SERVI
1029424,7371,DELSOFT CONSULTING INC
1029509,1311,ARC RESOURCES LTD
1029557,2086,DELTA BEVERAGE GROUP INC
1029637,6211,FIRST MEDICAL CORP
1029762,7372,AUTO DATA NETWORK INC
1029787,7990,TOWN SPORTS INTL INC
1029864,3621,KINETEK INC
1029893,3086,RADNOR HOLDINGS CORP
1030144,3841,AMERICARE HEALTH SCAN INC
1030219,1000,MINERA ANDES INC
1030298,6020,CANADIAN WESTERN BANK
1030376,7200,ROSE HILLS CO
1030452,3089,MOLL INDUSTRIES INC
1030699,7330,MEDIAWORX INC
1030776,2013,CFP HOLDINGS INC
1030916,4991,PREMIER HOLDING CORP
1030977,3663,TRI-VISION INTL LTD
1030992,3310,METALLURG INC
1030999,2013,GORGES QUIK TO FIX FOODS INC
1031012,1000,OPAWICA EXPLORATIONS INC
1031020,2836,LATTICE BIOLOGICS LTD
1031233,6020,PINNACLE BANKSHARES CORP
1031417,3089,LDM TECHNOLOGIES INC
1031595,3911,COMMEMORATIVE BRANDS INC
1031833,3760,SPACEDEV INC
1031896,2870,AMERICAN SOIL TECHNOLOGIES
1031905,7373,IBSG INTERNATIONAL INC
1032405,3572,MEDIATECHNICS CORP
1032562,2000,LAND O'LAKES INC
1032768,3841,FAS INTERNATIONAL LTD
1032786,1040,INTERNATIONAL TOURNIGAN CP
1033504,8700,Q SEVEN SYSTEMS INC
1033671,3231,SAFELITE GLASS CORP
1033955,2621,PEN-TAB INDUSTRIES INC
1034231,1220,AFRIORE LTD
1034594,6020,BAY BANKS OF VIRGINIA INC
1034668,4813,CHORUS COMMUNICATION GRP LTD
1034694,6411,EAUTOCLAIMS INC
1035066,8731,UNITREND INC
1035216,4923,SOUTH JERSEY GAS CO
1035422,2834,CTT PHARMACEUTICAL HLDGS INC
1035423,4100,ATLANTIC EXPRESS TRANSN CORP
1035517,5961,EASTERN ASTERIA INC
1035678,2844,REV HOLDINGS INC
1035901,7372,CIMNET INC
1036148,4813,NW TECH CAPITAL INC
1036279,2834,CYDEX PHARMACEUTICALS-REDH
1036327,2330,GFSI INC
1036380,4813,URALSVYAZINFORM OJSC
1036642,7370,PNI DIGITAL MEDIA INC
1036648,2711,SUN MEDIA CORP
1036652,3728,NORTHSTAR AEROSPACE INC
1036668,3823,MATECH CORP
1036848,7359,AEROCENTURY CORP
1037049,1000,AURORA GOLD CORP
1037123,2273,COLLINS & AIKMAN FLOOR CVRGS
1037253,7990,BOOTH CREEK SKI HOLDINGS INC
1037759,4210,PONY EXPRESS USA INC
1037900,4833,STC BROADCASTING INC
1038274,2320,ANVIL HOLDINGS INC
1038284,7822,PLANET ENTERTAINMENT CORP
1038286,9995,GOLDEN STATE PETROLEUM TRANS
1038459,6020,OAK FINANCIAL CORP
1038583,6020,UNIBANCO UNIAO DE BANCO
1038621,1040,MADISON MINERALS INC
1039096,5030,AMER BLDRS & CNTRCTR SUPPLY
1039145,5500,FIRST TEAM AUTOMOTIVE CORP
1039497,3674,CIDRA CORP
1039542,3080,TEKNI-PLEX INC
1039785,3530,CONTINENTAL GLOBAL GROUP INC
1039947,7372,MERCHANTONLINE.COM
1040022,7372,VIRTGAME CORP
1040077,1311,BLACKROCK VENTURES INC
1040227,9995,GLOBAL 8 ENVIRONMENTAL TECH
1040353,4512,FINE AIR SERVICES INC
1040368,2836,ADVANCED PROTEOME THERAPETCS
1040415,6797,ENDOVASC INC
1040573,4841,COMCAST CABLE COMMUNICATIONS
1040599,3320,NEENAH FOUNDRY CO
1040702,7374,DEALNET CAPITAL CORP
1040736,3310,MMI PRODUCTS INC
1040799,6020,FOUR OAKS FINCORP INC
1041009,3841,REVOLUTIONS MEDICAL CORP
1041256,3669,INTERCARD INC-REDH
1041380,3672,VIASYSTEMS INC
1041548,1040,ATNA RESOURCES LTD
1041588,7370,ACCESS POWER INC
1041609,3714,MIRENCO INC
1041633,1311,FUTURIS CO
1041685,2040,WINDY HILL PET FOOD CO INC
1041854,4812,COMCAST CELLULAR CORP
1041878,7011,KSL RECREATION GROUP INC
1042017,6282,FRMO CORP
1042053,9995,DRUCKER INC
1042057,7372,NETGENICS INC
1042078,3577,CANDESCENT TECHNOLOGIES CORP
1042347,5331,WAL MART DE MEXICO SA
1042422,3944,HEDSTROM HOLDINGS INC
1042463,2842,LINKWELL CORP
1042465,3562,ROLLER BEARING CO OF AMERICA
1042482,2990,INTERFOUNDRY INC
1042642,4899,DISH DBS CORP
1042728,3841,CPC OF AMERICA INC
1042742,4832,CITADEL BROADCASTING CO
1042745,5140,NEBCO EVANS HOLDING CO
1042773,4923,CENTERPOINT ENERGY RES CORP
1042784,1000,GOLDEN PHOENIX MINERALS INC
1042787,2111,NORTH ATLANTIC TRADING INC
1042905,6020,HEARTLAND BANCSHARES INC/IN
1043055,2834,LEINER HEALTH PRODUCTS INC
1043105,9995,IELEMENT CORP
1043222,9995,CHINAWE.COM INC
1043225,3510,ADVANCED ENGINE TECHNOLOGIES
1043289,2400,AINSWORTH LUMBER CO LTD
1043482,5400,MRS FIELDS ORIG COOKIES INC
1043815,7372,CAPTURA SOFTWARE INC
1043884,7370,HOUSEHOLD DIRECT INC
1043894,3559,ENVIRO TECHNOLOGIES US INC
1043933,7370,INCUMAKER INC -OLD
1043958,2430,OMEGA CABINETS LTD
1044082,6020,GEORGIA CAROLINA BANCSHARES
1044119,2834,ALLERGY RESEARCH GROUP INC
1044239,3585,WESTINGHOUSE ELEC-PRE FASB
1044269,2060,ARCHIBALD CANDY CORP
1044430,1600,PETER KIEWIT SONS INC
1044434,5812,SYNDICATED FOOD SERVICE INTL
1044487,2834,PREDIX PHARM HLDS INC -REDH
1044490,6411,PACEL CORP
1044607,7389,HYDROCHEM INDUSTRIAL SVCS
1044760,2750,STAMPEDE WORLDWIDE INC
1044906,6331,AMERICAN FAMILY INS GROUP
1045151,5900,CLICKABLE ENTERPRISES INC
1045284,8200,EKNOWLEDGE GROUP INC
1045548,4610,TE PRODUCTS PIPELINE CO -LP
1045942,7380,TRACK GROUP INC
1045944,6036,CODDLE CREEK FINANCIAL CORP
1046057,1311,TRANSCOASTAL CORP
1046126,4812,TELSTRA CORP LTD
1046403,2836,ALTAREX MEDICAL CORP
1046472,3949,MCHENRY METALS GOLF CORP
1046628,3089,DOSKOCIL MANUFACTURING CO
1046643,2911,GAZPROM PJSC
1046650,7373,FEDERAL DATA CORP
1046788,6798,HARRIS PFD CAPITAL CORP
1046860,2200,DELTA MILLS INC
1046862,5140,SILVER STAR FOODS INC
1046883,5812,ASIAN STAR DEVELOPMENT INC
1047040,5812,PERKINS & MARIE CALLENDERS
1047227,3825,ZTEST ELECTRONICS INC
1047368,2221,GLENOIT CORP
1047379,1000,AUR RESOURCES INC
1047540,8071,IMAGIN MOLECULAR CORP
1047733,2891,ANSCOTT INDUSTRIES INC
1047739,0800,US TIMBERLAND KLAMATHFAL LLC
1047837,3724,ARGO-TECH CORP
1047860,3730,FIRST WAVE MARINE INC
1048002,4841,FOX SPORTS NETWORKS LLC
1048237,1311,APOLLO RESOURCES INTL INC
1048339,2090,TOM'S FOODS INC
1048435,6020,TARPON COAST BANCORP INC
1048467,6798,STADIUM REALTY TRUST
1048575,6020,CITIZENS BANCORP/OR
1048590,1000,GLOBAL HUNTER CORP
1048701,9995,AVANI INTL GROUP INC
1048729,4899,DIGITEC 2000 INC
1048914,2891,SOVEREIGN SPECIALTY CHEM INC
1049172,2030,B&G FOODS INC -OLD
1049234,2890,GLOBAL MATERIALS & SERVICES
1049442,2670,PLIANT CORP
1049510,4833,ACME TELEVISION LLC
1049530,4833,ACME INTERMEDIATE HLDG LLC
1049551,6726,NB CAPITAL CORP
1049724,4512,DEUTSCHE LUFTHANSA AG
1050011,8744,UNICCO SERVICE CO
1050030,7373,ISEE3D INC
1050036,1090,PLATEXCO INC
1050096,3585,AIRXCEL INC
1050279,4841,E VIDEOTV INC
1050602,1000,ADASTRA MINERALS INC
1050921,6726,CVS AUTOMATIC COM EXCH SEC
1050925,3523,GSI GROUP INC /DE
1050935,2741,TRANSWESTERN HOLDINGS LP
1050957,1311,BAYOU CITY EXPLORATION INC
1051059,9995,DIALOG GROUP
1051067,5045,CUMETRIX DATA SYSTEMS CORP
1051116,4922,SPECTRA ENERGY CAPITAL LLC
1051191,1311,RAM ENERGY INC
1051249,2621,BEAR ISLAND PAPER CO LLC
1051488,8062,INTEGRATED HEALTHCARE HLDGS
1051521,2836,ATHERSYS INC/OH
1051743,7372,ONESOFT CORP
1051771,5311,BELK INC
1051860,3960,SCOVILL HOLDINGS INC
1051920,4841,NORTHLAND CABLE TELEVISION
1051934,3433,SCNV ACQUISITION CORP
1051985,8090,FLAGSHIP GLOBAL HEALTH INC
1052490,5064,HOLMES GROUP INC
1052567,2711,BRILL MEDIA CO LLC
1052994,6162,AMSTAR FINANCIAL SERVICES
1053069,1000,JNR RESOURCES INC
1053143,1000,AFRICAN METALS CORP
1053243,6799,KEYSTONE ENERGY SERVICES INC
1053316,5331,WEINERS STORES INC
1053439,3714,STANADYNE CORP
1053518,2870,CLIMACHEM INC
1053722,2750,PERRY-JUDDS INC
1053916,3620,COMMUNICATIONS INSTRUMENTS
1054040,2020,EAGLE FAMILY FOODS HLDGS INC
1054097,9995,INVICTUS FINANCIAL INC
1054211,2844,OUTSOURCING SVCS GROUP INC
1054257,6020,ADIRONDACK TRUST CO
1054522,4813,U S WEST INC-PROJECTED
1054783,4841,STAR CHOICE COMMUNICATIONS
1054825,6799,BRILLIANT TECHNOLOGIES CORP
1055364,7372,TELUM INTERNATIONAL CORP
1055468,8051,SKILLED HEALTHCARE GRP -OLD
1055614,3060,MIDCON INDUSTRIES INC
1055886,2834,KAZIA THERAPEUTICS LTD
1056112,3490,WERNER HOLDING CO INC/DE
1056259,7373,TRIANT HOLDINGS INC
1056464,2711,LIBERTY GROUP PUBLISHING INC
1056617,5734,GO ONLINE NETWORKS CORP
1056748,4953,EARTHFIRST TECHNOLOGIES INC
1056756,5940,NBC ACQUISITION CORP
1056758,5940,NEBRASKA BOOK CO INC
1057233,7359,UNIVERSAL COMPRESSION INC
1057538,6172,FINANCIAL PACIFIC CO-REDH
1057550,7389,INTL BIOFUEL & BIOCHEMICAL
1057695,6211,NETWORK 1 FINANCIAL GRP INC
1057807,2890,SUMMIT ENVIRONMENTAL CP INC
1058056,7812,MADE IN AMERICA ENTERTAINMNT
1058057,3674,MARVELL TECHNOLOGY INC
1058429,9995,PEAKSOFT MULTINET CORP
1058560,8090,EVEREST HEALTHCARE SVC CORP
1058604,2020,SOUTHERN FOODS GROUP LP
1058806,1040,ATLANTIC GOLD CORP
1058872,7990,RESORT AT SUMMERLIN INC
1058951,7389,YOUNG AMERICA CORP
1058970,2650,NORAMPAC INC
1058973,6020,FIRST CAPITAL BANCORP INC
1059020,7372,NET NANNY SOFTWARE INTL INC
1059126,7990,ALADDIN GAMING HOLDINGS LLC
1059274,7363,MSX INTERNATIONAL INC
1059366,4832,NBG RADIO NETWORK INC
1059397,2750,KOLORFUSION INTL INC
1059413,7370,GLOBAL MEDICAL PRODUCTS HLDG
1059498,2721,AMERICAN LAWYER MEDIA INC
1059579,7370,FARMHOUSE INC
1059727,4953,WESTSTAR ENVIRONMENTAL INC
1059744,7990,HARD ROCK HOTEL INC
1060012,2836,WEX PHARMACEUTICALS INC
1060205,7372,FLIRTY GIRL INTL INC
1060228,7373,FULLPLAY MEDIA SYSTEMS INC
1060239,7389,800 AMERICA.COM INC
1060240,4922,MARKET HUB PRTNRS STORAGE LP
1060244,6020,PEOPLES BANCORP INC/MD
1060279,2732,PHOENIX COLOR CORP
1060455,6020,KILLBUCK BANCSHARES INC
1060734,3440,INTL UTILITY STRUCTURES INC
1060883,1040,ALACER GOLD CORP
1060980,2833,GLOBAL HEALTH SCIENCES INC
1061029,2020,BRAVO BRANDS INC
1061112,1000,DOE RUN RESOURCES CORP
1061169,7372,CEPHAS HOLDING CORP
1061288,6792,CHELSEA OIL AND GAS LTD
1061354,7370,PAWS PLUS INC
1061506,3089,GRAHAM PACKAGING CO INC -OLD
1061588,5812,BERTUCCI'S CORP
1061612,7373,JACKPOT DIGITAL INC
1061736,2086,FOMENTO ECONOMICO MEXICANO
1061890,5531,ADVANCE STORES CO INC
1061937,6798,HOST HOTELS & RESORTS LP
1061976,3825,ELGAR HOLDINGS INC
1061985,1220,CONSOLIDATED ENERGY INC
1062128,2836,ARTEMIS THERAPEUTICS INC
1062431,2834,BIO-ONE CORP
1062536,2836,ZARS PHARMA INC-REDH
1062663,5990,FTS GROUP INC
1062679,2835,PROVISION OPERATION SYS INC
1062707,4833,LIN HOLDINGS CORP
1062720,7340,ENVIRO-SERV INC
1062734,1040,INTL TAURUS RESOURCES  -OLD
1062771,7389,ADVANSTAR COMMUNICATIONS INC
1063103,6163,PREMIER MORTGAGE RES INC
1063197,3829,CURAEGIS TECHNOLOGIES INC
1063239,7372,ACCPAC INTERNATIONAL -REDH
1063326,7830,SILVER CINEMAS INTL INC
1063530,2835,POWER 3 MEDICAL PRODUCTS INC
1063568,6035,FARNSWORTH BANCORP INC
1063574,3260,WKI HOLDING CO INC
1063665,2835,CORGENIX MEDICAL CORP
1063698,3580,ALLIANCE LAUNDRY SYSTEMS LLC
1063939,6020,SERVICE BANCORP INC
1063942,6035,GOUVERNEUR BANCORP INC
1064049,3990,DIAMOND BRANDS INC
1064052,1040,FREEGOLD VENTURES LTD
1064116,4841,MEDIACOM LLC
1064435,2250,CLUETT AMERICAN CORP
1064539,7812,CKRUSH INC
1064722,7372,GIVEMEPOWER CORP
1064772,6020,ABSA GROUP LTD
1064990,2836,NVENTA BIOPHARMACEUTICALS
1065191,6200,SAGIENT RESEARCH SYSTEMS INC
1065418,3677,KEY COMPONENTS LLC
1065458,4899,LOGIX COMMUNICATIONS ENTERP
1065581,3663,TIGER TELEMATICS INC
1065651,6020,SAEHAN BANCORP
1065663,7372,OBJECTSPACE INC
1065677,3089,XEMEX GROUP INC
1066113,4813,TELE NORTE LESTE PARTICIPACO
1066114,4812,TELE CENTRO OESTE CELULAR
1066117,4813,EMBRATEL PARTICIPACOES SA
1066118,4812,TELEMIG CELULAR PARTICIPACOE
1066122,4812,TELE NORDESTE CELULAR PART
1066123,4812,TELE SUDESTE CELULAR PART
1066124,4812,TELE LESTE CELULAR PARTICIPA
1066130,1000,FIRST ENERGY METALS LIMITED
1066242,7200,COYNE INTL ENTERPRISES CORP
1066281,9995,DURAVEST INC
1066624,7822,WI-FI TV INC
1066629,4610,ENBRIDGE ENERGY LP
1066651,3669,PC EPHONE INC
1066690,4991,ETRION CORP
1066764,8090,SPINE INJURY SOLUTIONS INC
1066795,3841,WORLD DIAGNOSTICS INC
1066849,7812,INTERMEDIA MKTG SOLUTNS INC
1066961,3695,INFOSMART GROUP INC
1066978,6200,CHARLESTOWNE PREM BEVERAGE
1066995,7374,COLLEGIS INC-REDH
1067075,4812,AMERICAN CELLULAR CORP
1067229,1220,PEABODY HOLDING CO INC
1067235,1220,EASTERN ASSOCIATED COAL CORP
1067346,5040,AAI FOSTERGRANT INC
1067428,1040,ANGLOGOLD ASHANTI LTD
1067457,5812,ROMACORP INC
1067465,7900,JONES MEDIA NETWORKS LTD
1067483,1311,GENTRY RESOURCES LTD
1067541,5020,HOME INTERIORS & GIFTS INC
1067550,2844,AKI HOLDING CORP
1067700,5141,RAB ENTERPRISES INC
1067702,5141,RAB HOLDINGS INC
1067766,2030,INTL MENU SOLUTIONS CORP
1067807,3841,BRONCUS TECHNOLOGIES-REDH
1069322,4700,CRYSTAL INTL TRAVEL GROUP
1069433,4700,AFFINITY INTL TRAVEL SYS
1069563,2300,DEFENSE INDUSTRIES INTL INC
1069588,4899,PAETEC CORP -REDH
1069680,7372,MINDSET INTERACTIVE CORP
1069829,2870,GREENSMART CORPORATION
1070425,4911,CONCORD ELECTRIC CO
1070497,7372,ADVANCED SYSTEMS INTL INC
1070658,4813,CYBERNET INTERNET SVCS INTL
1070759,4841,RYSTAR COMMUNICATIONS LTD
1070772,7350,PENHALL INTERNATIONAL CORP
1070783,6519,WEST BAY FINANCIAL CORP
1070906,2086,ICY SPLASH FOOD & BEVERAGE
1071003,4841,COAXIALL LLC
1071010,6020,COMBANC INC
1071172,1311,STAMPER OIL & GAS CORP
1071265,1000,FIRST QUANTUM MINERALS LTD
1071272,2834,EASTON PHARMACEUTICALS INC
1071337,4812,VIVO PARTICIPACOES SA
1071371,6020,BANCOLOMBIA SA
1071426,6726,MEDIAONE FINANCE TRUST III
1071438,2860,BRASKEM SA
1071760,1389,ECOSPHERE TECHNOLOGIES INC
1071819,3580,POP N GO INC
1071840,3674,SOLARWINDOW TECHNOLOGIES INC
1071991,2300,NEXT INC
1072019,1040,AMERICAN BONANZA GOLD CORP
1072028,6552,LEADER CAPITAL CORP
1072258,1700,AMERICAN PLUMBING & MECH INC
1072345,4812,TELE NORTE CELULAR PARTICIPA
1072367,2060,HOUSE OF BRUSSELS CHOCOLATES
1072424,1000,DIAMOND FIELDS RSOURCES
1072548,2860,GEO SPECIALTY CHEMICALS INC
1072568,8744,AMERICAS POWER PARTNERS INC
1072702,5331,ASIAMART INC
1072797,4813,BRASIL TELECOM PARTICIPACOES
1072971,6510,INGXABO CORP
1073091,6200,FREEREALTIME.COM INC
1073238,1090,NEW AGE METALS INC
1073293,2711,TORSTAR CORP  -CL B
1073362,7389,OCCIDENTAL DEVELOPMENT GROUP
1073404,3312,GERDAU SA
1073548,5171,WORLD POINT TERMINALS INC
1073806,1382,AVEDA TRANSN AND ENERGY SVCS
1073857,7363,CRDENTIA CORP
1073874,3990,AMERICAN SPORTS DEV GROUP
1074090,5961,800.COM INC
1074142,9995,WANNIGAN CAPITAL CORP
1074267,3670,LITE KING CORP
1074436,5961,A21 GROUP INC
1074512,6153,PDVSA FINANCE LTD
1074564,7372,INFOWAVE SOFTWARE INC
1074795,1000,STARFIELD RESOURCES INC
1074929,1311,MAVERICK MINERALS CORP
1074961,5531,PICK UPS PLUS INC
1075206,2834,DRAGON PHARMACEUTICALS INC
1075636,1311,HEARTLAND OIL & GAS CORP
1075756,1000,LUND ENTERPRISES CORP
1075773,1311,TREATY ENERGY CORP
1075907,7389,INVESTCO INC
1076235,2890,XAIBE INC
1076262,3721,GOLDEN STAR ENTERPRISES LTD
1076462,7370,ALPHATRADE.COM
1076505,9995,SOLAR GOLD LTD
1076522,5961,ICTV BRANDS INC
1076564,4911,GLOBE STAFF CONSULTING CORP
1076607,4899,PAIVIS CORP
1076639,9995,TITAN TRADING ANALYTICS INC
1076739,7372,INTELLIWORXX INC
1076744,3711,EMAV HOLDINGS INC
1076784,5812,DBUB GROUP INC
1076831,3690,TALISMAN ENTERPRISES INC
1076881,7373,STENTOR INC-REDH
1076886,6500,AMERICAN ASSET DEVELOPMENT
1077050,2834,HERBORIUM GROUP INC
1077170,7812,KNOWLEDGEMAX INC
1077296,1040,BELO SUN MINING CORP
1077319,4581,SPOTLIGHT CAPITAL HLDGS INC
1077445,2820,CONMAT TECHNOLOGIES INC
1077596,8071,DEMEGEN INC
1077640,1000,WEALTH MINERALS LTD
1077771,6020,UMPQUA HOLDINGS CORP
1077800,3845,ACCELPATH INC
1077913,7372,CALIFORNIA SOFTWARE CORP
1078037,3843,REMEDENT INC
1078069,8731,CELLOMICS INC
1078217,1040,ALAMOS GOLD INC
1078337,5621,WHITE HOUSE INC-REDH
1078394,2221,BGF INDUSTRIES INC
1078629,7370,TARGITINTERACTIVE INC
1078723,2911,FUEL PERFORMANCE SOLUTIONS
1078858,3674,SES SOLAR INC
1079297,6500,PROGREEN US INC
1079458,5140,DOMINO'S INC
1079797,1311,NEW CENTURY ENERGY CORP
1080036,1311,GOLDEN PATRIOT CORP
1080399,1311,ROYALITE PETROLEUM CO INC
1080403,8111,LEGAL CLUB OF AMERICA CORP
1080429,6311,PACIFIC LIFE INSURANCE CO
1080533,2090,GLOBAL SEAFOOD TECHNOLOGY
1080589,7370,GREENWICH TECHNOLOGY PTRS
1080634,1311,AUSTRALIAN OIL & GAS CORP
1080759,9995,GREAT CHINA MINING INC
1080924,8742,PTS INC
1080973,7389,MICROHOLDINGS US INC
1081047,7372,SHANNON INTERNATIONAL INC
1081158,2860,EQUISTAR CHEMICALS LP
1081227,7370,EGX FUNDS TRANSFER INC
1081235,8090,HEALTHESSENTIALS SOLTNS-REDH
1081240,7370,INFORMATION HWY.COM INC
1081242,1311,VALOR ENERGY CORP
1081338,6036,INDIAN VILLAGE BANCORP
1081372,3537,AIRTRAX INC
1081568,6153,FIRST ASIA HOLDINGS LTD
1081751,2741,AMERICANA DISTRIBUTION INC
1081798,7389,ESAT INC
1081823,9995,CHINA HELI RES RENEWABLE INC
1081825,5412,ALIMENTATION COUCHE-TARD INC
1081831,7389,9278 COMMUNICATIONS INC
1081856,4899,IT GROUP HOLDINGS INC
1081860,6035,ALASKA PACIFIC BANCSHARS INC
1081862,5411,LOBLAW COS LTD
1081878,2090,NEW WORLD PASTA CO
1081899,6794,PLANET BEACH FRANCHISNG-REDH
1081919,4813,GTC TELECOM CORP
1081938,2834,CANNAPHARMARX INC
1081971,5180,NATIONAL WINE & SPIRITS INC
1081987,7372,SOFTQUAD SOFTWARE LTD
1082176,3714,KLEANGAS ENERGY TECHNOLOGIES
1082198,1600,PERNIX GROUP INC
1082275,5311,NETMAXIMIZER.COM INC
1082384,2890,CHINA GREEN MATERIAL TECH
1082433,3433,CFM CORP
1082493,3949,FREEDOM GOLF CORP
1082542,7330,COLORSMART.COM INC
1082594,7370,ENABLETS INC
1082603,8200,GLOBAL PEOPLELINE TELECOM
1082671,4731,NATIONS EXPRESS INC
1082925,4841,GOLDEN SKY DBS INC
1082993,8082,TENDER LOVING CARE HLTH SVCS
1083004,2870,AMERICAN GROUP INC
1083036,7372,ELECTRONIC GAME CARD INC
1083162,7011,GOLDEN OPPORTUNITY DEVEL
1083200,2870,UNITED INDUSTRIES CORP
1083243,9995,NZCH CORP
1083273,7370,DATALOGIC INTERNATIONAL INC
1083427,7370,FREEI NETWORKS INC
1083449,6519,RUBBER TECHNOLOGY INTL INC
1083490,6552,SUNRISE REAL ESTATE GRP INC
1083652,8900,UDATE.COM INC
1083663,3577,I/O MAGIC CORP
1083706,1311,ENXNET INC
1083751,2030,LUIGINOS INC
1083866,1311,EDEN ENERGY CORP
1083922,2990,AURASOURCE INC
1083944,9995,MEDICAL MAKEOVER CP OF AMER
1084000,3845,SAFEPLUS INTRNTNL HLDNGS LTD
1084031,2842,INTEGRATED ENVIRO TECH LTD
1084047,9995,INNOVATIVE SOFTWARE TECH INC
1084088,4899,MOBICOM CORP
1084122,7372,ANGELCITI ENTERTAINMENT INC
1084173,4512,TEXAS INTL AIRLINES INC
1084182,7370,IMMEDIATEK INC
1084226,1000,SEARCHLIGHT MINERALS CORP
1084382,3630,EUPA INTERNATIONAL CORP
1084463,2834,COIL TUBING TECHNOLOGY INC
1084475,3669,VIDEO RIVER NETWORKS INC
1084551,7372,CROSSWIND RENEWABLE ENE CORP
1084557,2844,TASKER PRODUCTS CORP
1084597,3510,XZERES CORP
1084702,2330,INCA DESIGNS INC
1084828,1382,TERRA ENERGY & RESOURCE TECH
1084983,3931,GREM USA
1085069,3690,AMERICAN SECURITY RES CORP
1085082,4899,EPHONE TELECOM INC
1085104,3312,AMERICAN WENSHEN STEEL GROUP
1085105,3640,CARMANAH TECHNOLOGIES CORP
1085106,2834,VITALSTATE INC
1085113,7370,MEZABAY INTERNATIONAL INC
1085115,1040,RAINFOREST RESOURCES INC
1085117,3089,AIR PACKAGING TECHNOLOGY INC
1085129,6200,CORESTREAM ENERGY INC
1085175,6035,WAKE FOREST BANCSHARES INC
1085203,7370,ROCKETINFO INC
1085254,3490,HEMIWEDGE INDUSTRIES INC
1085277,2844,SKINVISIBLE INC
1085321,7389,MUZAK LLC
1085537,7370,AUTOTRADECENTER INC
1085545,7389,ACCUFACTS PRE-EMPLOYMENT SCR
1085661,4700,TRAVELSTAR INC
1085913,6020,FARMERS & MERCHANTS BANCORP
1085921,3812,MICROMEM TECHNOLOGIES INC
1086082,3714,ACC AVIATION HOLDINGS LTD
1086139,4899,MDU COMMUNICATIONS INTL INC
1086218,7370,INTERCHANGE MEDICAL INC
1086303,9995,HEYU BIOLOGICAL TECH CORP
1086313,5960,SFLMAVEN CORP
1086440,7370,TRAVELNSTORE INC
1086478,3590,PRECISION PARTNERS INC
1086688,2834,INTARCIA THERAPEUTICS -REDH
1086722,7389,BRIGHTCUBE INC
1086774,5812,CENTERPLATE INC
1086775,5812,VOLUME SERVICES AMERICA INC
1086795,7363,TEAM HEALTH INC
1087022,3845,ALR TECHNOLOGIES INC
1087072,1311,MARTELLO TECHNOLGS GRP INC
1087325,3841,ST FRANCIS MEDICAL TECH-REDH
1087414,5621,BARNEYS NEW YORK INC
1087711,6020,SANTANDER UK PLC
1087848,5122,CHINA YONGXIN PHARMA INC
1088118,7011,HORSESHOE GAMING HLDG CORP
1088146,4832,SUSQUEHANNA MEDIA CO
1088199,4899,JUPITER GLOBAL HOLDINGS CORP
1088206,2836,QUICK-MED TECHNOLOGIES INC
1088211,7370,INOVA TECHNOLOGY INC
1088212,9995,TEDA TECHNOLOGIES INTL INC
1088213,3842,NMI HEALTH INC
1088312,7370,UNI CORE HOLDINGS CORP-OLD
1088341,3714,VENTURE HOLDINGS CO LLC
1088370,1000,ANGLO AMERICAN PLC
1088382,2810,GENERAL CHEM INDL PRODS INC
1088393,7370,VISIPHOR CORP
1088401,2452,SPROUT TINY HOMES INC
1088413,3089,GREYSTONE LOGISTICS INC
1088436,5140,MILITARY RESALE GROUP INC
1088537,7372,SAUDI AMERICAN HOLDINGS CORP
1088628,5961,PETSMART.COM INC
1088664,5140,ATLAS RESOURCES INTL INC
1088734,4522,RIVER HAWK AVIATION INC
1088753,2082,HEINEKEN NV
1088811,5621,G & G RETAIL INC
1088893,5190,ROYSTER-CLARK LTD
1088894,2870,VIGORO INDUSTRIES INC
1089029,2835,CARDIOGENICS HOLDINGS INC
1089067,7948,CANANDAIGUA ENTERPRISES CORP
1089206,4911,PSEG ENERGY HOLDINGS LLC
1089357,4813,TELECOMUNICAC DE PUERTO RICO
1089393,8731,JACOBSON RESONANCE ENTPRSES
1089525,3679,UVUMOBILE INC
1089558,4813,COMPLETEL EUROPE NV
1089708,7372,BUILDNET INC
1089748,2800,HUNTSMAN INTERNATIONAL LLC
1089815,8062,US NEUROSURGICAL HOLDINGS
1090052,1000,ORETECH INC
1090053,1400,BUFFALO GOLD LTD
1090070,3620,CHEROKEE INTERNATIONAL LLC
1090259,7200,N-GEN SOLUTIONS.COM INC
1090461,1531,GLOBAL DIVERSIFIED INDS INC
1090659,7370,CYPOST CORP
1090870,6282,21ST CENTURY TECHNOLOGIES
1091238,7310,ADVERTISING.COM INC-REDH
1091326,2834,VG LIFE SCIENCES INC
1091394,3572,MERLIN SOFTWARE TECH INTL
1091491,6020,HCSB FINANCIAL CORP
1091539,5094,SUPERIOR GALLERIES INC
1091566,4899,CHINA PRINTING INC
1091601,3714,JL FRENCH AUTOMOTIVE CASTING
1091656,5961,AUCTION-SALES.COM INC
1091771,5961,RIGHTSTART.COM INC
1091840,7373,SITARA NETWORKS INC
1091907,7812,WORLD WRESTLING ENTMT INC
1091938,7372,EDENTIFY INC
1091964,7389,BENTLEY COMMERCE CORP
1091983,2000,FOREVERGREEN WORLDWIDE CORP
1092083,4899,NEWMARKET TECHNOLOGY INC
1092287,3845,TRANSMEDICS INC-REDH
1092570,4899,FULLNET COMMUNICATIONS INC
1092739,7389,ALLIANCE MEDICAL CORP
1092753,7372,SVC FINANCIAL SERVICES INC
1092804,7812,MAGELLAN FILMED ENTMT INC
1092807,4522,ALPINE AIR EXPRESS INC
1092824,7389,CATALOG.COM INC
1092825,2821,HUNTSMAN INTL HOLDINGS LLC
1092913,4899,INTOUCH HOLDINGS PCL
1092959,2836,CHEMOKINE THERAPEUTICS CORP
1092976,8721,BSD SOFTWARE INC
1093430,1382,CASPIAN SERVICES INC
1093432,3390,GALTECH SEMICONDUCTR MATL CP
1093509,3990,CONSOL RESOURCES GROUP INC
1093596,2834,GLYCODESIGN INC
1093663,5940,FOCUS ENTERTAINMENT INTL INC
1093677,1000,WORLDSTAR ENERGY CORP
1093728,6020,PACIFIC FINANCIAL CORP
1093800,6552,UNR HOLDINGS INC
1093815,7372,ECAL CORP
1093818,1311,ICARBON CORP
1093819,9995,CARGO CONNECTION LOGISTICS
1093903,3250,ZIYANG CERAMICS CORP
1093986,7370,TITAN CONSOLIDATED INC
1093993,3585,ENERGY VISION INTL INC
1094017,2836,BIOSYNTECH INC
1094026,3845,ART ADVANCED RESEARCH TECH
1094089,1731,UNIVERSE2U INC
1094139,3089,OURPETS CO
1094231,7372,ENGLISH LANG LEARN & INSTR
1094365,7370,INTERNETSTUDIOS.COM INC
1094651,7372,TRIMAX CORP
1094738,6020,M&F BANCORP INC
1094806,7900,SMC ENTERTAINMENT INC
1094816,4822,VOICE MOBILITY INTL INC
1094847,2835,ONCOVISTA INNOVATIVE THERAP
1094944,7370,EBIZ ENTERPRISES INC
1095075,1040,SOUTHWESTERN RESOURCES CORP
1095276,8200,TIGRENT INC
1095355,4922,NORTHERN BORDER PIPELINE CO
1095373,6211,WOODSTOCK HOLDINGS INC
1095430,7372,FHT HOLDINGS CORP
1095531,3089,CONSOLIDATED CONTAINR CO LLC
1095744,1040,ORVANA MINERALS CORP
1095751,3674,SKYE INTERNATIONAL INC
1095821,7372,BBMF CORP
1095847,1400,ROCKWELL DIAMONDS INC
1095855,4581,WORLDWIDE FLIGHT SVCS INC
1095963,7370,INTERNETARRAY INC
1096050,9995,GLOBAL ENTMT HLDGS/EQUITIES
1096052,7373,INFINITE TECHNOLOGY GRP LTD
1096085,7389,CELEXX CORP
1096208,5961,ABAZIAS INC
1096241,3661,FORCE10 NETWORKS INC  -REDH
1096297,7389,NEW YORK INTL COMMERCE GROUP
1096337,5990,EYECITY.COM INC
1096352,7011,HOLLYWOOD CASINO SHREVEPORT
1096437,5122,QK HEALTHCARE INC
1096536,3714,HOLLEY PERFORMANCE PRODS INC
1096550,3533,ENERGY QUEST INC
1096594,2890,NATURAL SOLUTIONS CORP
1096688,4899,UNITED AMERICAN CORP
1096759,7990,OASIS INFO SYSTEMS INC
1096768,7370,VIDABLE INC
1096835,3250,DIVERSIFIED THERMAL SOLUTNS
1096938,3842,UNITED HEALTH PRODUCTS INC
1096950,3089,ADVANCED CONTAINER TECHN INC
1096952,7372,CHARTWELL TECHNOLOGY INC
1097081,6020,1ST CENTENNIAL BANCORP
1097181,5047,MOLECULAR IMAGING CORP
1097339,2844,INTL COSMETICS MARKETING CO
1097430,7389,INTERNATIONAL MONETARY SYS
1097452,9995,VIZARIO INC
1097504,3861,POWER INTERACTIVE MEDIA INC
1097718,4899,UNIFIEDONLINE INC
1097805,2080,UNIVERSAL FOOD & BEVERAGE CO
1097867,2300,JAGGED EDGE MTN GEAR INC
1098009,2834,AMERICA GREAT HEALTH
1098012,2086,ICEBERG CORP AMERICA
1098044,5940,2ND SWING INC-REDH
1098207,3580,AIR WATER INTERNATIONAL CORP
1098284,7370,METASOURCE GROUP INC
1098329,9995,ZANN CORP
1098341,3555,GOSS HOLDINGS INC
1098390,7370,CATHAYONLINE INC
1098532,7200,NEPTUNE SOCIETY INC
1098583,5990,ONE TOUCH TOTAL COMMUNIC INC
1098590,7370,SHAREWELL CAPITAL GP  -OLD
1098690,8093,CONCENTRA OPERATING CORP
1098712,6411,ACL INTERNATIONAL LTD -OLD
1098862,7370,EACCELERATION CORP
1098865,5141,CALIFORNIA GRAPES INTL INC
1098875,9995,SECURELOGIC CORP
1098880,2834,INTELGENX TECHNOLOGIES CORP
1098881,1090,U S RARE EARTHS INC
1099066,2836,ASTRALIS LTD
1099132,8731,MANHATTAN SCIENTIFICS INC
1099150,3089,RPM TECHNOLOGIES INC
1099215,2834,PROTALEX INC
1099358,9995,GLOBAL ENERGY GROUP INC
1099369,7370,DESTINY MEDIA TECHNOLOGIES
1099373,3842,KNOWLES ELECTRONIC HLDGS INC
1099509,7372,VERTICAL COMPUTER SYS INC
1099609,2834,AQUAMATRIX INC
1099668,6020,FIRST OTTAWA BANCSHARES INC
1099730,7370,EPIXTAR CORP
1099777,6020,MAIN STREET TRUST INC
1099780,3577,BSI2000 INC
1099814,7812,STEREO VISION ENTRNMT INC
1099932,6020,CENTRA FINANCIAL HOLDINGS
1099957,1040,ROCHESTER RESOURCES LTD
1099963,3060,MAGNUM D'OR RESOURCES INC
1100080,6794,CARDIOVASCULAR SCIENCES INC
1100356,7372,GAMING & ENTERTNMNT GRP INC
1100542,6035,ALAMOGORDO FINANCIAL CORP
1100644,7372,VALIDIAN CORP
1100688,5093,IEMI
1100734,7370,KINGSMEN CAPITAL GROUP LTD
1100747,1000,TARA GOLD RESOURCES CORP
1100871,7372,ENTRADA SOFTWARE INC
1100891,4813,Q NET TECHNOLOGIES INC
1100981,7372,VUBOTICS INC
1101144,7370,PLAYBOY.COM INC
1101152,3620,ONLINE POWER SUPPLY INC
1101250,6020,BURKE & HERBERT BANK & TR CO
1101280,1311,WESTERN OIL SANDS INC
1101433,7370,QUOTEMEDIA INC
1101661,1311,SONORAN ENERGY INC
1101865,7370,NET MEDICAL XPRESS SOLUTIONS
1101934,4812,EAGLETECH COMMUNICATIONS INC
1102056,3674,C-CUBE SEMICONDUCTOR INC
1102112,6020,PACWEST BANCORP
1102301,6099,RAHAXI INC
1102318,7372,METASTORM INC-REDH
1102329,2731,WRC MEDIA INC
1102392,1221,ROYAL ENERGY RESOURCES INC
1102414,1311,WESTPORT ENERGY HOLDINGS INC
1102432,1311,VIKING ENERGY GROUP
1102706,2421,GREENFIRST FOREST PRDCTS INC
1102707,5150,VITERRA INC
1102708,9995,INFINITO GOLD LTD
1102709,1311,FORMCAP CORP
1102750,3990,DAC TECHNOLOGIES GRP INTL IN
1102908,7389,COMPASS KNOWLEDGE HLDGS INC
1102939,8093,BIOPULSE INTL INC
1102942,7372,VISUALMED CLINICAL SOLUTIONS
1102944,1311,SNRG CORP
1103062,4899,NETVOICE TECHNOLOGIES CORP
1103090,3842,REFLECT SCIENTIFIC INC
1103092,9995,BALSAM VENTURES INC
1103121,3949,FOREFRONT HOLDINGS INC
1103241,7372,ZLAND.COM INC
1103280,4213,NORTH AMER VAN LINES-REDH
1103341,7372,CORVU CORP
1103544,3663,FORUM MOBILE INC
1103718,3572,ELVA INTERNATIONAL INC
1103719,3250,EARTHBLOCK TECHNOLOGIES INC
1103740,7370,TECHIES.COM INC
1103758,7370,GARAGE.COM INC
1103759,7372,COM GUARD.COM INC
1103795,3533,QS ENERGY INC
1103801,5961,KBKIDS.COM INC
1103833,7311,CROWN EQUITY HOLDINGS INC
1103886,7370,LINKSHARE CORP
1104161,7310,IMPART MEDIA GROUP INC
1104174,9995,ACCESSPOINT CORP
1104235,7370,CHEMATCH.COM INC
1104265,5200,GROW SOLUTIONS HLDGS INC
1104302,7370,CCBN.COM INC
1104332,7372,OASYS MOBILE INC
1104358,4813,BROADVIEW NETWORKS HLDG INC
1104359,8200,LEARNCOM INC
1104538,4899,ASKMENOW INC
1104891,7370,SUPERCLICK INC
1105306,6162,NORTHEAST MORTGAGE CORP-REDH
1105653,7200,MTVI GROUP INC
1105947,4833,USA BROADBAND INC
1106213,4400,SEAFARER EXPLORATION CORP
1106759,6282,WALL STREET STRATEGIES CORP
1106838,5812,CHANTICLEER HOLDINGS INC
1106928,2911,ENVIRONMTL OIL PROC TECH CP
1107080,4955,ENVIRO ENERGY CORP
1107104,9995,TIDELANDS OIL & GAS CORP
1107265,4813,CABLE SATISFACTION INTL INC
1107280,7373,OCULUS VISIONTECH INC
1107389,6200,ARCHIPELAGO HOLDINGS INC
1107522,3669,WORLD AM INC
1107713,5122,PD-RX PHARMACEUTICALS INC
1107895,7372,TRIPWIRE INC -REDH
1107955,3714,US ENERGY INITIATIVES CP INC
1108107,3663,PENINSULA HLDGS GROUP LTD
1108244,7389,DOVEBID INC-REDH
1108248,3580,KRONOS ADVANCED TECHNOLOGIES
1108521,6794,TELESIS NORTH COMMUNICATIONS
1108630,7370,LIVE CURRENT MEDIA INC
1108824,6020,SOMERSET TRUST HOLDING CO
1108940,7372,OPEN EC TECHNOLOGIES INC
1109141,1000,OROMIN EXPLORATIONS LTD
1109153,2844,TRISTAR WELLNESS SOLUTIONS
1109386,4832,SIMMONS MEDIA GROUP INC
1109427,7372,TOP TIER SOFTWARE INC
1109531,7500,DIAMOND TRIUMPH AUTO GLASS
1109616,1000,ALTIUS MINERALS CORP
1109662,9995,KIK TECHNOLOGY INTL INC
1109749,1700,PAVING STONE CORP
1109825,6311,CLARICA LIFE INSURANCE CO
1109879,7372,COMPUTER SOFTWARE INNOVATION
1109925,3674,WINTEGRA INC -REDH
1110077,1040,GABRIEL RESOURCES LTD
1110268,7372,STORAGEAPPS INC
1110283,1040,TPT GLOBAL TECH INC
1110418,7370,IDI GLOBAL INC
1110458,4841,INSIGHT MIDWEST LP
1110607,1382,DEEP DOWN INC
1111201,8742,C-QUENTIAL INC
1111556,7373,ENVIRONMAX.COM INC
1111560,4813,DURO COMMUNICATIONS CORP
1111588,1311,CANAMAX ENERGY LTD
1111590,4813,MADISON RIVER CAPITAL LLC
1111710,8700,PR SPECIALISTS INC
1111741,1040,DYNARESOURCE INC
1111760,7372,EROOM TECHNOLOGY INC
1111845,6162,ONECAP
1112424,3829,HIENERGY TECHNOLOGIES INC
1112477,6020,PAVILION BANCORP INC
1112683,3576,ANDA NETWORKS INC
1112987,7389,INTERCALLNET INC
1113469,4833,PRN CORP -REDH
1113513,7370,MOBILESMITH INC
1113678,7370,CONSTELLATION SOFTWARE INC
1113679,7373,PRACTICEXPERT INC
1113920,4899,HORIZON PCS INC
1114105,8731,GMP COMPANIES INC
1114218,1311,KHANTY MANSIYSK OIL CORP
1114241,2834,INYX INC
1114246,3661,QUANTUM BRIDGE COMMUN INC
1114348,8731,DIADEXUS INC-OLD
1114361,7389,ARISTOTLE INTL INC
1114688,6552,JANNOCK PROPERTIES LTD
1114749,3089,IPEC HOLDINGS INC
1114927,6020,FIRST NORTHN CMNTY BANCORP
1114936,7370,UMEWORLD LTD
1114959,2834,INAMCO INTERNATIONAL CORP
1114977,1311,ROCKY MTN ENERGY CORP/NV
1115054,7370,AIMSI TECHNOLOGIES INC
1115255,3845,RUBICON MEDICAL CORP
1115295,5122,RXBAZAAR INC
1115463,5090,ALLIANCE MEDIA HOLDINGS INC
1115552,2836,HAEMACURE CORP
1115616,2834,PROTARGA INC-REDH
1115818,7812,CAMELOT ENTERTAINMENT GROUP
1115826,4813,UNISERVE COMMUNICATIONS CORP
1115911,7370,ICON MEDIA HOLDINGS INC
1116112,2990,U S FUEL CORP
1116139,7363,AAMPRO GROUP INC
1116181,4812,IWO HOLDINGS INC
1116198,3674,SUNRISE SOLAR CORP
1116317,4899,XM SATELLITE RADIO INC
1116539,2060,GARUDA CAPITAL CORP
1116616,6510,HARBOR GLOBAL CO LTD
1116667,4813,COPENHAGEN TELEPHONE CO INC
1116734,2842,UNITED ENERGY CORP
1117034,7011,CCI GROUP INC
1117228,3510,MASS MEGAWATTS WIND POWER
1117326,3679,CSI TECHNOLOGIES INC
1117353,1311,PROMAX ENERGY INC
1118326,8741,CERTIFIED SERVICES INC
1118480,7372,MONTAGUE INTL HOLDING LTD
1118532,7372,TERRA PAYMENTS INC
1118629,6552,GLOBAL REALTY DEVELOPMENT CO
1118761,3250,CERAMICA CARABOBO
1118872,1311,CHAIN ENERGY CORP
1118974,7370,30DC INC
1118988,7373,PICIS INC -REDH
1119040,7990,WINDSOR WOODMNT BLK HWK REST
1119082,7371,LYNUXWORKS INC
1119643,2836,NUTRA PHARMA CORP
1119691,7372,ADEXA INC
1119705,1520,AMEDORE HOMES INC
1119721,4953,PRECICION TRIM INC
1119811,1311,DUKE ENERGY FIELD SVCS LLC
1119951,2833,HUIFENG BIOPHARM TECHNOLOGY
1120089,9995,WAYCOOL3D INC -REDH
1120166,3576,UNISPHERE NETWORKS INC
1120285,7370,E-BUY HOME INC
1120427,6020,SONOMA VALLEY BANCORP
1120579,1000,ROMIOS GOLD RESOURCES INC
1120802,2860,GS AGRIFUELS CORP
1120961,9995,KIRSHNER INTL INC
1121282,0100,SHANDONG ZHOUYUAN SEED & NUR
1121520,3790,XTREME MOTORSPORTS INTL INC
1121625,8731,APBIOTECH INC
1121811,3714,ENERGY & ENGINE TECHNOLOGY
1122080,3577,PNY TECHNOLOGIES INC-REDH
1122099,6500,HOLIDAY ISLAND HOLDINGS INC
1122133,9995,M (2003) PLC  -ADR
1122263,6324,AMERICHOICE CORP  -REDH
1122400,1731,CUPERTINO ELECTRIC INC
1122573,2836,TISSERA INC
1122646,7372,KINTANA INC
1122832,3826,COMBIMATRIX CORP-OLD
1122860,3679,ELECTRONIC SENSOR TECH INC
1122897,7370,CVENT INC
1123312,0100,YASHENG GROUP
1123580,7373,ARADYME CORP
1123624,2834,ENDEAVOR PHARMACEUT INC-REDH
1123648,3480,AMERICAN AMMUNITION/CA
1123652,2721,ZIFF DAVIS MEDIA INC
1123839,1000,HIP ENERGY CORP
1123852,4931,NORTHERN STATES POWER CO /MN
1123959,2834,CONTROL DELIVERY SYSTEM INC
1124024,9995,FAR EAST ENERGY CORP
1124156,8071,AMERICAN MED LABRTRS  -REDH
1124161,4899,INTERCONTINENTAL TELECOM CP
1124215,4899,NEW SKIES SATELLITES -REDH
1124217,7372,PRIMAL SOLUTIONS INC
1124653,5412,BOWLIN TRAVEL CENTERS INC
1125052,7373,HALO TECHNOLOGY HLDGS INC
1125352,3674,CHORUM TECHNOLOGIES INC
1125490,3845,SALIENT SURGICAL TECH-REDH
1125557,1311,POWDER RIVER PETROLEUM INTL
1125856,5912,MY HEALTHY ACCESS INC
1126079,7372,TRINAGY INC
1126119,7372,BRIGHTMAIL INC-REDH
1126124,3600,NUVERA FUEL CELLS INC
1126167,7310,CLARIA CORP-REDH
1126205,3990,LEISURE GROUP INC
1126302,3679,METRO ONE DEVELOPMENT INC
1126308,3572,SNAP APPLIANCES INC
1126433,7389,YELLOWBRIX INC
1126476,2834,OMP INC
1126499,7372,CRYSTAL DECISIONS INC-REDH
1126577,2731,BLUEBOOK INTL HOLDING CO
1126960,6399,HARTVILLE GROUP INC
1127005,7990,PGMI INC
1127354,8731,DNAPRINT GENOMICS INC
1127395,5140,PENNEXX FOODS INC
1127399,2911,CHEVRON PHILLIPS CHEM CO LLC
1127412,8200,BEACON EDUCATION MGNT INC
1127443,1311,CENTURION ENERGY INTL INC
1127454,3320,ALLOY STEEL INTL INC
1127579,4899,MASERGY COMMUNCTNS INC -REDH
1127696,2860,HEALTH SCIENCES GROUP INC
1127712,4911,PPL MONTANA LLC
1127800,3250,INTL DE CERAMICA SA DE CV
1127895,7372,HAHT COMMERCE INC
1127946,3674,CONEXANT SPINCO INC
1128188,2836,ALDAGEN INC -REDH
1128252,2890,SIPP INTL INDUSTRIES INC
1128281,4581,SAKER AVIATION SERVICES INC
1128723,4813,SKYWAY COMMUN HOLDINGS CORP
1128949,2990,GLOBAL RESOURCE CORP
1129018,1040,GOLD HILLS MINING LTD
1129248,7389,CBCOM INC
1129284,4841,PACIFICAP ENTMT HOLDINGS INC
1129542,4931,VECTREN UTILITY HOLDINGS INC
1129897,6153,MACK FINANCIAL CORP
1129920,6020,MISSION COMMUNITY BANCORP
1129985,7389,DIRECT ALLIANCE CORP
1129989,4911,PG&E NATL ENERGY GROUP INC
1130013,8731,DNA SCIENCES INC
1130194,4412,CROWLEY MARITIME CORP
1130196,3317,UTI CORP
1130276,5122,NATIONWIDE CAPITAL CORP
1130452,4812,AT&T MOBILITY LLC
1130645,4899,FRONTLINE TECHNOLOGIES INC
1130755,3663,PURE TECHNOLOGIES LTD
1130781,7812,VIRATECH CORP
1130968,2015,SADIA SA
1131675,5500,HASCO MEDICAL INC
1131903,7370,SPECTRAL CAPITAL CORP
1131933,2834,TOLERRX INC-REDH
1131940,7372,WEBGAIN INC
1132034,7389,XA INC
1132116,5045,WESTCON GROUP INC-REDH
1132143,1400,LEGEND INTL HOLDINGS INC
1132415,1311,ASCENT ENERGY INC -REDH
1132423,2821,RESOLUTION PERFORMANCE PROD
1132597,6020,ITAU UNIBANCO HLDG SA
1133062,4731,JANEL CORP
1133153,6200,OMEGA VENTURES INC
1133181,2834,SALMEDIX INC-REDH
1133448,3572,NEXSAN CORP
1133598,7373,DEALERADVANCE INC
1133618,7370,APRISMA MGMT TECHNOLOGS-REDH
1133754,4899,TELEPLUS WORLD CORP
1133944,7370,GAMEHAPPY.COM INC
1134015,1311,TOUCHSTONE EXPLORATION -OLD
1134042,5141,GLACIER CORP
1134433,2834,MITOKOR INC  -REDH
1135023,4813,ALIANT INC
1135140,7310,MEDIA SURVIVORS INC
1135174,3845,MERIDIAN CO LTD
1135202,1040,EL CAPITAN PRECIOUS METALS
1135361,4911,AMERENENERGY GENERATING CO
1135443,3714,SHEP TECHNOLOGIES INC
1136329,3823,INTERGLOBAL WASTE MGMT INC
1136609,1311,ASSURE ENERGY INC
1136917,3663,CONCENTRAX INC
1137031,5172,UNITED FUEL & ENERGY CORP
1137115,5065,ICX ELECTRONICS INC
1137204,7371,HIPCRICKET INC
1137495,7370,GOMEZ INC-REDH
1138343,2836,PERLEGEN SCIENCES INC -REDH
1138462,7374,ACIES CORP
1138476,8090,PACIFIC HEALTH CARE ORG INC
1138593,2990,REFLECTKOTE INC
1138724,7370,GLOBAL ARENA HOLDINGS INC
1138867,3580,EESTECH INC
1139023,3572,BLUEARC CORP-REDH
1139218,4813,HORIZON TELECOM INC
1139220,9995,ELECTRA CAPITAL INC
1139511,9995,DAIR VENTURES INC
1139614,7372,WORDLOGIC CORP
1139665,2834,XCEL PHARMACEUTICALS  -REDH
1139764,7372,SYBARI SOFTWARE INC-REDH
1140343,4991,SEA BREEZE POWER CORP
1140415,3490,DRESSER INC
1140590,2844,ARMKEL LLC
1141263,3711,TERRA INVENTIONS CORP
1141344,7011,CHOCTAW RESORT DEV ENTRPRISE
1141363,3651,VIALTA INC
1141961,2834,PROMETHEUS RXDX INC  -REDH
1141964,8742,PUBLIC CO MANAGEMENT CORP
1142129,4911,FIRST NATIONAL ENERGY CORP
1142526,6510,CAL-BAY INTERNATIONAL INC
1142810,6726,TRUST CTFS 2001-1 BEAR STEAR
1143238,3590,TRITON EMISSION SOLUTIONS
1143653,7370,GREEN POWER ENERGY HLDGS CP
1143714,2836,CORUS PHARMA INC-REDH
1143799,3842,MEDICOR LTD
1143834,6798,FIRST REPUBLIC PFD CAP CORP
1143932,2834,EMERGENSYS CORP
1143994,7310,MACREPORT NET INC
1144130,3714,AVEC CORP
1144225,7373,DECISION DIAGNOSTICS CORP
1144254,9995,ENTERTAINMENT IS US INC
1144256,7996,INTRA ASIA ENTMT CORP-REDH
1144284,7812,UNIVERSAL MEDIA GROUP INC
1144326,2670,APPLETON PAPERS INC
1144439,1311,FELLOWS ENERGY LTD
1144514,6020,CLOVER LEAF FINANCIAL CORP
1144519,2040,BUNGE LTD
1144546,4899,OWNERTEL INC
1144906,2621,CATALYST PAPER CORP
1145217,1000,CANDENTE COPPER CORP
1145237,3577,LINK GROUP INC
1145238,8071,INSIGHT HEALTH SVCS HLDG CP
1145700,2834,VITAL LIVING INC
1145724,6020,IDAHO INDEPENDENT BK COEUR
1145750,7372,SEVEN NETWORKS INC-REDH
1145761,1220,U S CHINA MINING GROUP INC
1145975,2834,PENINSULA PHARMA INC-REDH
1156293,3720,INTL AEROSPACE ENTERPRS INC
1156297,1090,CANPLATS RESOURCES CORP
1156784,7370,COROWARE INC
1156871,4899,INTELSAT INVESTMENTS SA
1156893,7372,NS8 CORP
1156934,3674,OASIS SEMICONDUCTOR INC-REDH
1156992,3620,PROTONEX TECHNOLOGY CORP
1157300,2834,GLOBAL PHARMATECH INC
1157303,2800,INTL SPECIALTY HOLDINGS INC
1157543,6726,ADVANTAGE ADVISORS MULTI SEC
1158091,3845,CARDIOMEMS INC -REDH
1158134,7372,DIJJI CORP
1158387,3669,VISCOUNT SYSTEMS INC
1158631,1311,ANTRIM ENERGY INC
1158659,4911,PSEG POWER LLC
1158672,4833,CANWEST MEDIA INC
1158687,3661,EASYLINK INFO TECHNOL-REDH
1158694,7370,EFACTOR GROUP CORP
1158722,3674,DIGUANG INTL DEVELOPMENT CO
1159019,2834,TRIBUTE PHARMACEUTICALS CDN
1159154,4512,REPUBLIC AIRWAYS HLDGS INC
1159157,4911,ALLEGHENY ENRG SUPPLY CO LLC
1159204,4100,MTR CORP LTD
1159464,5961,GREEN POLKADOT BOX INC
1159987,7370,EMERGIS INC
1160078,2836,NOVA BIOGENETICS INC
1160084,7370,LOCATEPLUS HOLDINGS CORP
1160110,4941,VEOLIA ENVIRONNEMENT
1160124,6036,HERITAGE BANCSHARES INC/DE
1160191,1000,SIENNA RESOURCES INC
1160598,5812,AERO PERFORMANCE PRODUCTS
1160661,4911,SOUTHERN POWER CO
1160719,3674,NANOSYS INC-REDH
1160799,6141,LONG BEACH HOLDINGS CORP
1160985,4581,SPAR AEROSPACE LTD
1161582,3640,GROWLIFE INC
1161704,8071,ATHENA DIAGNOSTICS INC-RED H
1161723,4522,HOME ENERGY SAVINGS CORP
1161738,3089,PLASTIPAK HOLDINGS INC
1161978,8731,NEOGENESIS PHARMACEUTICALS
1162283,6211,MORGAN GROUP HOLDING CO
1162444,5940,INDIGO BOOKS & MUSIC INC
1162638,6020,CNB BANCORP INC/VA
1162777,6799,PARTNERS VALUE INVMNTS LP
1162816,3674,XNRGI INC
1163279,9995,PRD ENERGY INC
1163308,6020,GEORGIA BANCSHARES INC
1163332,7370,VERTICAL HEALTH SOLUTNS INC
1163389,6020,NEW PEOPLES BANKSHARES INC
1164099,1040,BESRA GOLD INC
1164256,1311,DAYBREAK OIL & GAS INC
1164580,4991,WESTERN GEOPOWER CORP
1164701,1311,PACIFIC STRATUS ENERGY LTD
1164722,2834,ADERIS PHARMACEUTICALS INC
1164766,7990,MAJESTIC INVESTOR HLDGS LLC
1164964,2086,GLOBAL FUTURE CITY HLDG INC
1165271,6099,MONEY CENTERS OF AMERICA INC
1166029,2834,QUATRX PHARMACTCLS CO -REDH
1166041,7990,WHEELING ISLAND GAMING INC
1166161,7374,ONELINK CORP
1166338,1000,IRELAND INC
1166529,7372,MAXIMUM DYNAMICS INC
1166568,8711,ALION SCIENCE AND TECHNOLOGY
1166708,3949,BROWNIE'S MARINE GROUP INC
1166942,5961,BUCK A DAY CO INC
1167574,5000,NEWSMAX MEDIA INC -REDH
1167784,4610,DYNEGY ENERGY PTNRS LP -REDH
1167880,2860,PANDA ETHANOL INC
1168106,7370,SPECTRA SYSTEMS CORP-REDH
1168165,4911,EXELON GENERATION CO LLC
1168468,2741,AMERICAN ACHIEVEMENT CORP
1168938,1000,GOLDSANDS DEVELOPMENT CO
1169277,4832,NEXTMEDIA OPERATING INC
1169357,3812,OSI GEOSPATIAL INC
1169440,3537,BALQON CORP
1169483,6020,MISSION BANCORP/CA
1169684,4100,MOBILE SERVICES GROUP  -REDH
1169687,5045,SOFTCHOICE CORP
1169709,7363,WORLD HEALTH ALTERNATIVES
1169716,6726,COMMERCE CAPITAL TRUST II
1170652,2020,NUVIM INC
1170723,2834,VOYAGER PHARMACEUTICAL -REDH
1170848,7990,SOUTHWEST CASINO CORP
1171262,4941,CIA DE SANEAMENTO DO PARANA
1171264,1000,BILLITON PLC
1171331,3711,CARROLL SHELBY INTL INC
1171596,2834,SINOFRESH HEALTHCARE INC
1171838,6153,SUNDANCE STRATEGIES INC
1172178,1000,LIBERTY STAR URANIUM & METAL
1172229,6020,BANK OF BOTETOURT BUCHANAN
1172298,1311,PETRO RIVER OIL CORP
1172706,2200,UNIROYAL GLOBAL ENGINEERED
1172945,3845,ZECOTEK PHOTONICS INC
1172968,1000,WOLFDEN RESOURCES INC
1173315,5812,RICHTREE INC
1173359,5500,CAPSOURCE FINANCIAL INC
1173463,7830,CINEMARK INC
1173658,1000,MAJOR DRILLING GRP INTL INC
1174310,4581,VERTEX AEROSPACE INC-REDH
1174620,3672,CELERITY GROUP INC-REDH
1174742,7389,ION TRACK INC-REDH
1175215,4812,CELLCO PARTNERSHIP
1175446,2621,CP&P INC -REDH
1175673,3533,ENERFLEX LTD
1175680,2836,CYTODYN INC
1175784,2834,ELIXIR PHARMACEUTICALS -REDH
1175870,7372,NOBLE IRON INC
1175953,1311,IMPACT ENERGY INC
1176193,3674,APPLIED SOLAR INC
1176276,1040,LIONORE MINING INTL LTD
1176337,1382,RIVAL TECHNOLOGIES INC
1176356,8731,STEM GENETICS INC-REDH
1177135,7361,ST JOSEPH INC
1177167,2731,LINGO MEDIA CORP
1177257,7350,H&E EQUIPMENT SERVICES LLC
1177292,3714,MERIDIAN AUTOMOTIVE SYS-REDH
1177293,1311,PERPETUAL ENERGY INC
1177317,2891,NOVEON INTL INC-REDH
1177326,7361,MONARCH STAFFING INC
1177414,7370,ESSTEC INC-REDH
1177439,1040,FPX NICKEL CORP
1177650,2020,SAPUTO INC
1177827,1400,SOUTHERNERA DIAMONDS INC
1178377,3812,EMARINE GLOBAL INC
1178428,1040,TYHEE GOLD CORP
1178672,1000,STRATECO RESOURCES INC
1178717,7310,VERTIS INC
1178862,6798,BERKSHIRE INCOME REALTY INC
1179079,3845,ALSIUS CORP -REDH
1180638,7011,WYNN LAS VEGAS LLC
1181749,2860,GRANITE FALLS ENERGY LLC
1183082,6162,GENESIS FINANCIAL INC-REDH
1183085,7372,INTEGRATED FINL SYSTEMS-REDH
1187449,6311,AMERICAN LIFE HOLDING CO
1187545,2834,SKINMEDICA INC -REDH
1188382,6798,WACHOVIA PFD FUNDING CORP
1189356,6035,CCSB FINANCIAL CORP
1189518,2052,OTIS SPUNKMEYER HLDGS -REDH
1191141,7372,KONAMI HOLDINGS CORP
1193311,4911,ONCOR ELECTRIC DELIVERY CO
1194842,8700,IN TOUCH MEDIA GROUP INC
1195116,2836,ARNO THERAPEUTICS INC
1196362,6726,NUVEEN INS FL TX FR ADV MUN
1196480,5122,BODY ART & SCIENCE INC-REDH
1196733,3470,SHAWCOR LTD
1198233,8071,MQ ASSOCIATES INC
1198268,8090,MEDQUEST ASSOCIATES INC
1200202,6351,RS GROUP OF COMPANIES INC
1200268,3751,PALADIN HOLDINGS INC
1200528,7372,VANCORD CAPITAL INC
1200720,3674,JAZZ SEMICONDUCTOR INC -REDH
1201135,7310,CREDIT ONE FINANCIAL INC
1201251,2840,SPONGETECH DELIVERY SYSTEMS
1202507,3663,PPOL INC
1202643,2000,MAPLE LEAF FOODS INC
1202963,1311,ENERGYTEC INC
1203589,7372,ENGHOUSE SYSTEMS LTD
1205298,5122,WH INTERMEDIATE HLDGS LTD
1205643,6200,MEDWELL CAPITAL CORP
1205653,3845,EYETEL IMAGING INC-REDH
1208463,1000,SHERRITT INTERNATIONAL CORP
1209807,3021,CONVERSE INC
1210294,2200,CRAILAR TECHNOLOGIES INC
1210298,7990,CHUKCHANSI ECON DEV AUT-REDH
1210936,6726,EASY GARDENER PRODUCTS TR I
1211010,5070,NATIONAL WATERWORKS INC
1211211,4812,MEDIAN GROUP INC
1212113,2741,DEX MEDIA EAST LLC
1212233,1040,DUNDEE PRECIOUS METLS  -CL A
1212236,2084,YAMHILL VALLEY VINEYRDS-REDH
1213018,3674,SIGE SEMICONDUCTOR INC-REDH
1213336,3560,RBS GLOBAL INC
1213662,6035,ALLEGHENY BANCSHARES INC
1214837,2844,ALLIANCE BOOTS PLC
1216128,6020,OREGON PACIFIC BANCORP
1217366,2851,ECL ENVIROCLEAN VENTURES LTD
1219206,1040,HIGH RIVER GOLD MINES LTD
1219808,1700,BRAND ENERGY INC-REDH
1220542,1040,CORNERSTONE CAPITAL RES INC
1220547,1000,CANICO RESOURCE CORP
1221554,4991,3POWER ENERGY GROUP INC
1222218,7370,MOPALS.COM INC
1222659,1400,TRUE NORTH GEMS INC
1222761,2834,PRESTWICK PHARMACEUTCL-REDH
1223663,1000,COLOMBIA GOLDFIELDS LTD
1225525,2631,CASCADES INC
1226120,3674,VIXS SYSTEMS INC
1226185,3714,LINAMAR CORP
1227282,1311,STRATA PWR CORP
1227699,6726,NEUBERGER BERMAN INCOME OPP
1228068,5900,INERGY LP-OLD
1228274,1000,IMPERIAL METALS CORP
1228606,4899,PEER 1 NETWORK ENTERPRISES
1229146,6020,SURREY BANCORP
1229813,1040,BEAR CREEK MINING CORP
1230058,6552,KAANAPALI LAND LLC
1231129,6799,AMERICAN SEAFOODS CORP-REDH
1232468,3845,RELIANT TECH INC-REDH
1233275,6552,CAPTERRA FINANCIAL GROUP INC
1234308,4841,DIRECTV HOLDINGS LLC
1235162,7374,GXS CORP
1235899,2741,MEDICAL MEDIA TELEVISION INC
1235935,3751,COATES MOTORCYCLE CO-REDH
1236761,3559,NEXX SYSTEMS INC-REDH
1238751,1000,LUMINA COPPER CORP
1239454,1311,EL PASO PRODUCTION HLDG-REDH
1240722,3728,TECHNIPOWER SYSTEMS INC
1243058,1040,EVERTON RESOURCES INC
1243443,4911,ENGIE SA
1245791,3841,GI DYNAMICS INC
1248305,2844,JAFRA SA-REDH
1249224,1040,BARRICK GOLD INC
1252095,1000,AMERIGO RESOURCES LTD
1253172,3674,DAY4 ENERGY INC
1253808,2741,CBD MEDIA LLC
1254045,1311,MEG ENERGY CORP
1254451,1040,QUEBEC PRECIOUS METALS CORP
1255145,7370,LIGHTFIRST INC-REDH
1255691,7370,INTELIUS INC-REDH
1255780,3751,VIPER MOTORCYCLE CO-REDH
1260349,4922,SOUTHERN STAR CENTRAL CORP
1261002,1311,GENOIL INC
1261159,6798,CNL LIFESTYLE PROPERTIES INC
1261204,6200,OBN HOLDINGS INC
1261252,1040,ESPERANZA RESOURCES CORP
1261302,2800,ROCKWOOD SPECIALTIES GRP INC
1261313,4932,CANADIAN UTILITIES  -CL A
1261317,4932,ATCO LTD  -CL I
1261436,6211,SUMMIT FINANCIAL SERVICES GP
1262456,7812,GLOBAL 1 INVESTMENT HOLDINGS
1262587,1400,STORNOWAY DIAMOND CORP
1262751,1040,GRYPHON GOLD CORP
1262767,1311,PARAMOUNT RESOURCES LTD
1262768,2840,DIVERSEY HOLDINGS INC
1262943,4922,BOARDWALK PIPELINES LLC
1263082,1311,ATIKWA RESOURCES INC
1263810,4522,EVERGREEN HOLDINGS INC
1263814,6512,FIRST CAPITAL REL EST INV TR
1263872,5080,TRANSAKT LTD
1264010,3842,NORCROSS SAFETY PRODUCTS
1265011,1400,PEREGRINE DIAMONDS LTD
1265085,1040,SUNRIDGE GOLD CORP
1265107,7380,MONITRONICS INTL INC
1266677,2836,ONCOGENEX TECHNOLOGIES -REDH
1267482,3674,SEMICONDUCTOR MFG INTL CORP
1267561,1000,STRATEGIC METALS LTD
1267818,1040,FORTUNE MINERALS LTD
1268471,6200,SC HOLDINGS CORP
1268494,1000,INDICO RESOURCES LTD
1268947,1311,LUKE ENERGY LTD
1269127,6794,GREENSHIFT CORP
1270200,0100,VIASPACE INC
1271046,1311,ENERGY HOLDINGS INTL INC
1271075,5065,PHONEX HOLDINGS INC
1271199,1040,AZARGA METALS CORP
1271580,1000,ICONIC MINERALS LTD
1271654,6798,KILLAM APARTMENT REIT
1271656,9995,PGNX CAPITAL CORP
1271892,1040,TVI PACIFIC INC
1271942,1040,ENDEAVOUR MINING PLC
1273216,6162,OAK STREET FIN SRVC INC-REDH
1273385,0100,NUTRASTAR INTERNATIONAL INC
1274081,6035,LYDIAN TRUST CO-REDH
1274485,1000,ASIAMET RESOURCES LTD
1274599,1000,GOLDEN VY MINES & RYLTS LTD
1274991,3674,BECEEM COMMUNICATIONS -REDH
1274997,1040,LEGEND GOLD CORP
1275169,9995,TRIGEN RESOURCES INC
1275211,2511,THL BEDDING HOLDING CO-REDH
1275216,4813,MADISON RIVER COMM -REDH
1275490,1040,ACADIAN MINING CORP
1275529,1311,FOCUS ENERGY TRUST
1275711,3845,NOVACEPT INC-REDH
1276118,4812,MTONE WIRELESS CORP-REDH
1276531,7370,SCIENTIFIC ENERGY INC
1276721,3790,ADVANCED ACCESSORY HLDGS CP
1277254,6020,CITIZENS BANCORP VA INC
1277425,8060,CHINA HOSPITALS INC -REDH
1277998,1311,STACK-IT STORAGE INC -OLD
1278263,4899,ATX GROUP INC-REDH
1278466,7372,BLOCKCHAINK2 CORP
1278653,1040,SEMAFO INC
1278730,2836,INNEXUS BIOTECHNOLOGY INC
1279094,4832,LIBERMAN BRDCSTING CORP-REDH
1279400,3572,ENGENIO INFO TECH INC-REDH
1279715,6282,WRIGHT INVESTORS SERVICE
1279740,1040,ONASSIS HOLDINGS CORP
1279771,1623,FLINT ENERGY SERVICES LTD
1280376,1040,ATAC RESOURCES LTD
1280707,8734,INFINITI SOLUTIONS -ADR-REDH
1280728,4911,INTERCONEXION ELECTRICA SA
1280998,5960,ALIBRIS INC-REDH
1281223,3824,SENSUS METERING SYS INC-REDH
1281775,6162,FIRST NLC FINL SVCS INC-REDH
1282724,7372,LINDOWS INC-REDH
1282847,6035,THIRD CENTURY BANCORP
1282888,1000,VALORO RESOURCES INC
1283193,2990,PURE BIOFUELS CORP
1283236,4731,WLG INC
1283664,2090,MERISANT WORLDWIDE INC
1283794,4841,NGTV -REDH
1283899,6035,MONADNOCK BANCORP INC
1283902,3823,ACCENT OPTICAL TECH INC-REDH
1283950,7500,BOYD GROUP SERVICES INC
1284237,1000,ABACUS MINING & EXPL CORP
1284452,1311,MONDIAL VENTURES INC
1284766,1090,FUTURE SCIENCE HOLDINGS INC
1284992,7374,WORLDSPAN TECHNOL INC-REDH
1285170,7370,INTERMAP TECHNOLOGIES CORP
1285236,1311,NITRO PETROLEUM INC
1286045,5400,GENERAL NUTRITION CNTRS INC
1286162,2836,CLARUS THERAPEUTICS  -REDH
1286218,6798,EXCELLENCY INVESTMNT RLTY TR
1286294,3841,ASTHMATX INC -REDH
1286345,3841,HPIL HOLDING
1286517,2836,CELLDEX THERAPEUTICS INC-OLD
1286603,3559,SYNETICS SOULTIONS INC-REDH
1286733,5065,MEMEC INC-REDH
1286798,1000,MERCATOR MINERALS LTD
1286799,1000,VERIS GOLD CORP
1286964,2860,HERON LAKE BIOENERGY LLC
1287073,6798,CAPITAL LODGING-REDH
1288382,1311,PETROSEARCH ENERGY CORP
1288496,7372,EDGEWAVE INC
1288746,2510,INTERACTIVE HEALTH INC-REDH
1288770,1040,XTRA-GOLD RESOURCES CORP
1289004,1000,KGHM INTERNATIONAL LTD
1289028,1090,UEX CORP
1289381,1040,AFRICAN GOLD GROUP INC
1289441,3580,ROTOBLOCK CORP
1289695,1040,FULL METAL MINERALS LTD
1289729,5812,EL POLLO LOCO INC
1289785,4841,ATLANTIC BROADBAND FINANCE LLC
1289790,4581,MACQUARIE INFRASTRUCTURE CP
1290689,7372,VIVID LEARNING SYSTEMS INC
1290729,4812,GRANDE COMMUNICATIONS HLDGS
1290864,2834,RELIANT PHARMA INC -REDH
1291080,7374,FIDELITY NATL INFO SVC-REDH
1291733,4512,GOL LINHAS AEREAS INTELIGENT
1291983,1311,BASELINE OIL & GAS CORP
1291993,1311,ACCLAIM ENERGY TRUST
1292087,2834,LOTUS PHARMACEUTICALS INC
1292337,5030,DOMAN BUILDING MATLS GP LTD
1292518,5171,BLACKWATER MIDSTREAM CORP
1293139,3571,EGENERA INC-REDH
1293282,7310,TECHTARGET INC
1294171,6020,WOODFOREST FINANCIAL GP-REDH
1294632,8062,IASIS HEALTHCARE LLC
1294649,6794,WALKER INNOVATION INC
1294875,7200,MATCHNET INC-REDH
1295104,6726,STRATEGIC ENERGY FUND
1295503,3612,MISCOR GROUP LTD
1295825,5990,SMARTBARGAINS INC-REDH
1296286,3312,LONGHAI STEEL INC
1296356,5600,METROPARK USA INC -REDH
1296392,7374,DH CORP
1296612,3674,TELEGENT SYSTEMS INC-REDH
1296677,1040,RED BACK MINING INC
1296706,3533,WAVEFRONT TECHNOLOGY SOLTNS
1297108,3743,RAILPOWER TECHNOLOGIES CORP
1297450,7370,AIRIQ INC
1297533,7372,AIRBEE WIRELESS INC
1297791,1311,INTL FRONTIER RESOURCES CORP
1297937,7996,PARKS AMERICA INC
1298004,5172,KENAN ADVANTAGE GRP INC-REDH
1298093,1000,WHITE KNIGHT RESOURCES
1298095,5961,AS SEEN ON TV INC
1298195,2810,CHINA SUN GROUP HIGH-TECH CO
1298559,1220,GRANDE CACHE COAL CORP
1298980,5051,INTEGRIS METALS CORP-REDH
1299109,7990,PENINSULA GAMING LLC
1299146,3841,MEDEX HOLDINGS CORP-REDH
1299325,5065,BRIGHTSTAR CORP-REDH
1299803,7373,ARCSOFT INC-REDH
1299878,8200,CHINA EDUCATION RESOURCES
1299951,2421,WESTERN FOREST PRODUCTS INC
1299967,7372,CHINA YANYUN YHU NTL ED GRP
1300446,5047,VWR INTERNATIONAL INC
1300632,3559,ENVIRONMENTL BIOSCIENCE-REDH
1301184,7370,GLASSHOUSE TECHNOLOGIES-REDH
1301712,2300,ICPW LIQUIDATION CORPORATION
1301713,1000,STARCORE INTL MINES LTD
1301854,1040,MIRASOL RESOURCES LTD
1301874,1311,HEAVY EARTH RESOURCES INC
1301991,3674,SMARTMETRIC INC
1302051,3559,AKRION INC-REDH
1302084,1400,NEXTSOURCE MATERIALS INC
1302244,6020,VALLEY COMMERCE BANCORP
1302497,1311,BANKERS PETROLEUM LTD
1302863,6020,PREMIER COMMERCIAL BANCP/OR
1302946,4941,TWO RIVERS WATER & FARMING
1303147,3570,NBS TECHNOLOGIES INC
1303202,1040,EVOLVING GOLD CORP
1303363,1040,GOLDEN BAND RESOURCES INC
1303497,2834,CARDIOVASCULAR BIOTHERAPEUTC
1303849,4581,AVANTAIR INC
1304161,8742,PHARMA-BIO SERV INC
1304588,8700,CANDEUB FLEISSIG & ASSOCIATE
1304730,4700,HQDA ELDERLY LF NTWRK CORP
1305907,3312,PAV REPUBLIC INC-REDH
1305927,3714,FALLBROOK TECHNOLOGIES-REDH
1306035,9995,YUS INTERNATIONAL GROUP LTD
1307873,3674,SOLAR ENERTECH CORP
1307895,6331,SAFE AUTO GROUP INC-REDH
1308137,9995,BLACKSANDS PETROLEUM INC
1308553,1000,CONSTELLATION COPPER CORP
1308569,7900,MAJOR LEAGUE FOOTBALL INC
1308711,6798,BEHRINGER HARVARD OPP REIT I
1308833,2621,FRASER PAPERS INC
1309057,2834,CHINA HEALTH INDUSTRIES HLDG
1309079,1311,PAN-OCEAN ENERGY CORP -CL B
1309167,1600,AECON GROUP INC
1309320,1400,TAHERA DIAMOND CORP
1310482,1311,UNIONTOWN ENERGY INC
1310488,2834,BIOFORCE NANOSCIENCES HLDGS
1310893,6510,BLUESKY SYSTEMS HOLDINGS INC
1311627,8742,PEER REVIEW MEDIATION & ARB
1311682,6500,MAINSTREET EQUITY CORP
1311803,2200,PROPEX INC
1311902,5961,IBUYDIGITAL.COM INC-REDH
1311984,3845,SOUND SURGICAL TECH INC-REDH
1312165,1311,GULF UNITED ENERGY INC
1312572,1311,CONNACHER OIL & GAS LTD
1313214,1000,ANVIL MINING LTD
1314054,2085,PANACHE BEVERAGE INC
1314173,6799,PINETREE CAPITAL LTD
1314552,1389,SECUNDA INTL LTD
1315373,1311,SUN CAL ENERGY INC
1315756,3640,TARSIER LTD
1316098,7990,GREAT CANADIAN GAMING CORP
1316410,6020,FIRSTBANK FINANCIAL SRVC INC
1316691,2911,COFFEYVILLE RESOURCES -REDH
1316826,2835,SYNOVA HEALTHCARE GROUP-REDH
1316979,1311,DEER CREEK ENERGY LTD
1317035,7812,DEVINE ENTERTAINMENT CORP
1317436,2400,BOISE CASCADE HOLDINGS LLC
1317628,6020,GREATER SACRAMENTO BANCORP
1317838,6794,ASPIRE JAPAN INC
1317880,2833,PLANDAI BIOTECHNOLOGY INC
1318035,3634,NTK HOLDINGS INC
1318117,1040,MARLIN GOLD MINING LTD
1318482,7372,KIDOZ INC
1319876,4412,GOLDEN ENERGY MARINE CP-REDH
1320452,7372,SYLOGIST LTD
1321567,5070,NATL WATERWORKS HLDGS-REDH
1321841,1381,TRINIDAD DRILLING LTD
1321992,1000,OREA MINING CORP
1322494,2834,NOVACARDIA INC -REDH
1322569,1000,FIRESTONE VENTURES INC
1322646,5940,AFFINITY GROUP HOLDING INC
1322771,1311,TRANSEURO ENERGY CORP
1323056,2510,BERKLINE/BENCHCRAFT HLD-REDH
1323163,3845,XSTREAM SYSTEMS INC  -REDH
1323280,4700,PROGRESS RAIL SERVICES -REDH
1323661,9995,CONFLUENCE ACQ PRTNRS I-REDH
1323770,1311,PACIFIC ENERGY RESOURCES LTD
1323891,5010,AMERICAN TIRE DISTRBTR HLDGS
1324736,1311,HERO TECHNOLOGIES INC
1326087,3334,GOLDEN NORTHWEST ALUMINUM
1326746,3310,GLOBAL ALUMINA CORP
1326853,3580,ANALYTICA BIO-ENERGY CORP
1326860,5045,TECHNOLOGY SPECTRUM INC-REDH
1326895,6798,BELVEDERE TRUST MTG CO-REDH
1327308,1090,EASTERN PLATINUM LTD
1327646,7372,DIVESTCO INC
1328644,3480,COLT DEFENSE INC -REDH
1328670,7370,CROWDGATHER INC
1328790,2834,CHINA MEDICINE CORP
1329068,2621,NEWPAGE HOLDING CORP
1329493,6799,URANIUM PARTICIPATION CORP
1329653,4400,CAPITAL MARITIME&TRADNG-REDH
1329800,1000,MARIMACA COPPER CORP
1329882,1000,COPPER MESA MINING CORP
1330253,1311,CORK EXPLORATION INC
1330487,5912,CHEM RX CORP
1330622,6798,KBS REAL ESTATE INVESTMENT
1331092,1000,CAMROVA RESOURCES INC
1331206,1040,LUNA GOLD CORP
1331275,3080,XCPCNL BUSINESS SERVICES COR
1332445,4991,SKY HARVEST ENERGY CORP
1332719,6798,LNR CAPITAL CORP -REDH
1333115,1040,AUEX VENTURES INC
1333829,1000,METALEX VENTURES LTD
1334127,5961,HARRY & DAVID HOLDINGS INC
1334334,2860,INNOVENE INC -REDH
1334452,1311,WINSTAR RESOURCES LTD
1334586,2090,JAMMIN JAVA CORP
1334699,1400,LI3 ENERGY INC
1334914,6798,GSC CAPITAL CORP-REDH
1335103,2836,PROTEA BIOSCIENCES GROUP INC
1335260,7373,GLOBAL SECURE CORP -REDH
1335293,3990,CYALUME TECHNOLOGIES HLDGS
1335402,8051,TANDEM HEALTH CARE INC -REDH
1335480,2834,XANODYNE PHARMACEUTICLS-REDH
1335732,6799,UNITED DEV FUNDING III LP
1335878,1311,ZARGON OIL & GAS LTD
1336390,5961,RITZ INTERACTIVE INC -REDH
1336391,3670,PASSAVE INC -REDH
1336526,4899,IDT SPECTRUM INC -REDH
1336762,1381,CALFRAC WELL SERVICES LTD
1336835,1090,FORSYS METALS CORP
1337009,9995,UAN CULTURAL & CREATIVE CO
1337090,1040,SPANISH MOUNTAIN GOLD LTD
1337223,2836,INNOVIVE PHARMACEUTICALS INC
1337567,2836,GLYCOTEX INC -REDH
1337826,5150,CHINA ORGANIC AGRICULTURE
1337905,2834,INTELLECT NEUROSCIENCES INC
1337966,3651,A-MAX TECHNOLOGY -ADR -REDH
1338263,1311,PAN ORIENT ENERGY CORP
1338460,2834,CHINA GINSENG HOLDINGS INC
1338629,1040,VIPR CORP
1338811,1311,EMBER RESOURCES INC
1339256,2030,HOT MAMA'S FOODS INC
1339274,6726,SENIOR SECURED FLTNG RATE LN
1339891,6500,ASSET CAPITAL CORP INC -REDH
1340122,2911,CALUMET SPECIALTY PRODS  -LP
1340578,4213,WESTERN EXPRESS HLDGS -REDH
1340765,1311,STROUD ENERGY INC -REDH
1340798,3842,AEARO TECHNOLOGIES INC -REDH
1340810,1000,ROSS RIVER MINERALS INC
1341341,3845,TRANSOMA MEDICAL INC-REDH
1341704,5961,NEWEGG INC  -REDH
1341726,1311,GULFSLOPE ENERGY INC
1341843,2836,POLYMEDIX INC
1341878,7372,B-SCADA INC
1342262,6500,LEXINGTON STRATEGIC AST-REDH
1342272,3845,LIGHT SCIENCES ONCOLOGY-REDH
1342645,1000,FARALLON MINING LTD
1342712,1040,GBS GOLD INTERNATIONAL INC
1342936,7372,ADVANCED VOICE RECOGNITION
1342943,8200,EDUTRADES INC -REDH
1343009,2834,CANNABICS PHARMACEUTICALS
1343257,1311,BCM ENERGY PARTNERS INC
1343857,8090,BASIC CARE NETWORKS INC-REDH
1344445,7370,LOCAL MATTERS INC -REDH
1344470,6311,IA FINANCIAL CORP
1344532,1000,BARU GOLD CORP
1344756,1000,ADEX MINING INC
1344956,1311,ANGLE ENERGY INC
1345432,3674,PERFECTENERGY INTL LTD
1346022,1400,ENERTOPIA CORP
1346302,2834,XERIS PHARMATICALS INC
1346655,7310,CMG HOLDINGS GROUP INC
1346685,1044,STERLING MINING CO
1346917,9995,GENTOR RESOURCES INC
1347870,9995,IMOGO MOBILE TECHNOLOGIES CP
1348155,7363,GLOBAL EMPLOYMENT HLDGS INC
1348909,1040,ARGONAUT GOLD INC
1348952,4911,ENTERGY LOUISIANA LLC
1349371,1000,BLACK HAWK EXPLORATION INC
1349622,6798,LANESBOROUGH REIT
1349976,1311,AMERICAN STANDARD ENERGY CP
1350067,8060,MEDICAL FACILITIES CORP
1350138,1000,SOUTHERN ARC MINERALS INC
1350415,3679,ALIEN TECHNOLOGY CORP -REDH
1350510,2400,MAGINDUSTRIES CORP
1350773,7372,KITARA MEDIA CORP -OLD
1351306,6211,CANACCORD GENUITY GROUP INC
1351436,1044,MINCO SILVER CORP
1351456,1311,MART RESOURCES INC
1351690,1040,AMARA MINING PLC
1351765,1040,SOUTH AMERICAN GOLD CORP
1351880,5812,GORDON BIERSCH BRWY RST-REDH
1352081,2860,CARDINAL ETHANOL LLC
1352154,1311,TRIDENT RESOURCES CORP-REDH
1352276,1311,WINDSOR ENERGY RESOURCS-REDH
1352308,3312,EVRAZ PLC
1352591,1311,NEG INC -REDH
1352952,7370,CFN ENTERPRISES INC
1353386,5084,LIANDI CLEAN TECHNOLOGY INC
1353406,2834,REDHAWK HOLDINGS CORP
1353499,7372,MAX SOUND CORP
1353691,4512,TAM SA
1354030,2840,ORGANIC SALES & MARKETING
1354772,6036,NORTHEAST COMMUNITY BANCORP
1354901,4832,CANADIAN SATELLITE RADIO-OLD
1354942,3845,NEWCARDIO INC
1355250,2836,INNOVATION PHARMACEUTICALS I
1355304,5812,U-SWIRL INC
1355420,1400,USA GRAPHITE INC
1355451,7370,VGTEL INC
1355473,3851,EYEONICS INC-REDH
1355559,7374,CELEXUS INC
1355677,1040,MEXUS GOLD US
1355732,1220,BORNEO RESOURCE INVESTMENTS
1355790,2836,INTERNATIONAL STEM CELL CORP
1355804,7374,SPHERIS INC
1356212,6211,RYAN BECK HOLDINGS INC -REDH
1356371,1000,AMERICAN LITHIUM MINERALS
1356452,1000,WINSHEAR GOLD CORP
1357277,1000,LARA EXPLORATION LTD
1357304,1000,MEDORO RESOURCES LTD
1357482,7372,INITIATE SYSTEMS INC -REDH
1357838,1389,STW RESOURCES HOLDING CORP
1358099,3612,UMBRA COS INC
1358297,1040,GUYANA GOLDFIELDS INC
1358456,1040,KAMINAK GOLD CORP
1358564,3620,MICROPLANET TECHNOLOGY CORP
1358700,4899,IBROADBAND INC
1359134,1000,WESTERN TROY CAP RES INC
1359508,1040,INTER-CITIC MINERALS INC
1359514,1040,WESDOME GOLD MINES LTD
1359687,2860,RED TRAIL ENERGY LLC
1359730,4812,TELEMAR PARTICIPA -ADR -REDH
1359743,1400,AURORA ENERGY RESOURCES INC
1359827,3590,HYCO INTERNATIONAL INC -REDH
1359950,1731,180 CONNECT INC
1360334,1311,ALAMO ENERGY CORP
1360442,8090,CANNABIS SATIVA INC
1361009,7370,CAMPUSU INC-REDH
1361161,1311,PRIMELINE ENERGY HLDGS INC
1361213,1311,CASPIAN ENERGY INC
1361617,1040,BAYFIELD VENTURES CORP
1361627,1040,GATEWAY GOLD CORP
1361866,4899,INTERMETRO COMMUNICTNS -REDH
1362108,7370,GO DADDY GROUP INC -REDH
1362169,1000,TAMERLANE VENTURES INC
1362180,6162,PSM HOLDINGS INC
1362516,7373,CLEARTRONIC INC
1362703,2836,ONCBIOMUNE PHARMACEUTICALS
1363254,1311,PEGASI ENERGY RESOURCES CORP
1363438,6726,FIRST TR ABERDEEN EMERG OPP
1363768,7374,TIO NETWORKS CORP
1363908,2860,HAWKEYE HOLDINGS INC -REDH
1363958,5990,WESTERN CAPITAL RESOURCES
1364123,4953,PIONEER EXPLORATION INC
1364560,3510,HELIX WIND CORP
1364641,4210,PANTHER EXPEDITED SVCS -REDH
1364742,6282,BLACKROCK INC
1365079,1040,STROUD RESOURCES LTD
1365160,3679,DOMARK INTERNATIONAL INC
1365651,2836,BIOVEX GROUP INC -REDH
1365784,1600,BIOSHAFT WATER TECHNOLOGY
1365827,1040,TITAN MINERALS LIMITED
1365917,1040,INTERNATIONAL MINERALS CORP
1366144,3825,APPLIED PRECISION INC -REDH
1366312,8711,JUHL ENERGY INC
1366404,7310,ONE STEP VENDING CORP
1366455,5051,TUBE CITY IMS CORP -REDH
1366852,1000,NAUTILUS MINERALS INC
1366879,1311,CANADIAN OIL SANDS LTD
1367209,9995,PANTHEON CHINA ACQUISTN CORP
1367338,1311,DELPHI ENERGY CORP
1367408,1311,SINO AMERICAN OIL CO
1367465,1311,ITHACA ENERGY INC
1367671,1000,EURO SUN MINING INC
1367858,1389,STALLION OILFIELD SRVCS-REDH
1367898,8200,CHINA EDUCATION INTL INC
1368055,1000,ZINCO DO BRASIL INC
1368192,6552,CHINA OUMEI REAL ESTAT -REDH
1368761,1311,START SCIENTIFIC INC
1368765,2092,UMAMI SUSTAINABLE SEAFOOD
1368845,1000,TINKA RESOURCES LTD
1368869,4512,WESTJET AIRLINES LTD
1370140,1311,PETROMINERALES LTD
1370183,2860,ASALLIANCES BIOFUELS -REDH
1370406,7370,BRAZILIAN GOLD CORP
1370489,2860,BLUEFIRE RENEWABLES INC
1370544,2013,SMOKY MARKET FOODS INC
1370823,5000,JADE ART GROUP INC
1370828,7510,VANGUARD CAR RENTAL GRP-REDH
1371133,1311,ELLORA ENERGY INC -REDH
1371217,3845,RESHAPE LIFESCIENCES INC
1371410,1000,MERREX GOLD INC
1372184,2844,NEW YOU INC
1372267,2833,ONE BIO CORP
1372336,1311,LIBERTY ENERGY CORP
1372352,7370,GENUTEC BUSINESS SOLTNS-REDH
1372821,2836,RESVERLOGIX CORP
1373201,3674,PHOTOWATT TECH INC -REDH
1373439,5912,SHOPPERS DRUG MART CORP
1373485,1311,CROSS BORDER RESOURCES INC
1373516,4955,SAFETY-KLEEN INC-REDH
1373683,2400,SILVAN INDUSTRIES INC
1374049,2834,CUTANEA LIFE SCIENCES-REDH
1374384,6020,INTESA SANPAOLO SPA
1374415,1311,JURA ENERGY CORP
1374845,1311,TAMM OIL AND GAS CORP
1374881,9995,KESSELRING HOLDING CORP
1375092,7373,PARADIGM LTD -REDH
1375098,3851,VISION-EASE LENS CORP -REDH
1375192,1311,SILVERWING ENERGY INC
1375195,3663,CORETEC GROUP INC (THE)
1375494,3241,CHINA SHUANGJI CEMENT LTD
1375850,2834,HUBEI MINKANG PHARMACEUTICAL
1376228,2836,KEDEM PHARMACEUTICALS INC
1376231,3842,VPR BRANDS LP
1376526,1389,PETROWEST CORP
1376585,1000,REDCORP VENTURES LTD
1376755,5812,LATITUDE 360 INC
1376793,3559,CAVITATION TECHNOLOGIES INC
1376986,4911,TENNESSEE VALLEY AUTHORITY
1377053,2834,ATHERONOVA INC
1377149,7372,CAREVIEW COMMUNICATIONS INC
1377256,3140,QINGDAO FOOTWEAR INC
1377673,1040,ST ANDREW GOLDFIELDS LTD
1378125,7370,TOGA LTD
1378200,6200,JOVIAN CAPITAL CORP
1378845,1000,MMX MINERACAO E METALICOS SA
1379245,7510,PEARTRACK SECURITY SYSTEMS
1379792,1000,DULUTH METALS LTD
1379810,1040,RUBY CREEK RESOURCES INC
1379932,6411,AMWINS GROUP INC -REDH
1380225,5051,EDGEN MURRAY PLC -REDH
1380269,1040,CASTLE PEAK MINING LTD
1380277,3690,INFRAX SYSTEMS INC
1380502,1389,DIAMONDBACK ENRGY SVCS -REDH
1381081,8090,LIFEWATCH CORP -REDH
1381105,2990,PLASTIC2OIL INC
1381341,8090,DONG FANG HUI LE INC
1381415,4991,NOBLE ENVIRONMENTAL PWR-REDH
1381435,5812,GIGGLES N' HUGS INC
1381455,3533,STEWART & STEVENSON LLC
1381871,5812,CRUZANI INC
1381955,3845,APTERYX IMAGING INC
1382231,1311,FORTEM RESOURCES INC
1382399,5171,NORTHERNSTAR NAT GAS -REDH
1382498,1311,CENTAURUS ENERGY INC
1382941,7370,CONSONUS TECHNOLOGIES -REDH
1382943,2836,PREDICTIVE TECHNOLOGY GROUP
1382968,3572,OMNEON VIDEO NETWORKS -REDH
1383006,3674,EVOLUCIA INC
1383088,7370,CYTTA CORP
1383116,1000,VOLCAN HOLDINGS INC
1383145,9995,ROYALE GLOBE HOLDING INC
1383196,3812,LOCATION BASED TECHNOLOGIES
1383334,1311,ARCAN RESOURCES LTD
1383728,2834,ATRIUM INNOVATIONS INC
1383825,4899,NET TALK.COM INC
1383960,8060,UNIVERSITY GENERAL HLTH SYS
1384139,1311,CHEYENNE RESOURCES CORP
1384180,1000,KATANGA MINING LTD
1384235,7389,ENVIRONMENTAL SERVICE PROS
1384365,7370,RAADR INC
1384831,1040,PPX MINING CORP
1385126,1040,EAGLE PLAINS RESOURCES LTD
1385426,6331,INTACT FINANCIAL CORP
1385564,1040,GRANDE PORTAGE RESOURCES LTD
1385666,1000,FRONTIER LITHIUM
1385799,3841,ADVANCED BIOMEDICAL TECH INC
1386018,1311,TIGER OIL AND ENERGY INC
1386303,1000,ZAZU METALS CORP
1386885,4731,LINC LOGISTICS CO  -REDH
1386936,1040,GOLD LAKES CORP
1387054,1000,FIRMA HOLDINGS CORP
1387457,3510,BLUTIP POWER TECHNOLOGIES
1387473,1040,TRIUMPH GOLD CORP
1387632,6020,MANHATTAN BANCORP
1387685,4931,AEI
1387713,7370,NEULION INC
1387766,1000,ADANAC MOLYBDENUM CORP
1387964,1000,THREE VALLEY COPPER CORP
1388132,2834,HANGOVER JOE'S HOLDING CORP
1388180,3490,NOVUS ROBOTICS INC
1388311,2300,KALI INC
1388410,7370,PARALLAX HEALTH SCIENCES INC
1388542,6799,GLOBAL CARE CAPITAL INC
1388686,1700,PREMIER PWR RENEWABLE ENERGY
1388723,1000,MBMI RESOURCES INC
1388748,1311,CROWN OIL & GAS INC
1388891,1040,KOOTENAY SILVER INC
1388982,7389,CHUMA HOLDINGS INC
1389034,7372,KALLO INC
1389067,7372,TAUTACHROME INC
1389217,7370,ALLDIGITAL HOLDINGS INC
1389413,8060,FIRST SURGICAL PARTNERS INC
1389466,1000,COPPER FOX METALS INC
1389831,1000,CAPSTONE MINING CORP
1390281,2836,ENDOCEUTICS INC -REDH
1390292,7373,ANOTEROS INC
1390352,1000,OROCO RESOURCE CORP
1390607,7372,NEXIA HEALTH TECHNOLOGIES
1391158,1000,DETOUR GOLD CORP
1391323,7370,NAMEMEDIA INC-REDH
1391621,1090,STANS ENERGY CORP
1391750,9995,VERACITY MANAGEMENT GLOBAL
1391905,1000,ROCKGATE CAPITAL CORP
1391933,6035,QUAINT OAK BANCORP INC
1392363,3270,COLOR STAR TECHNOLOGY CO LTD
1392477,3711,XTREME GREEN PRODUCTS INC
1392994,6726,FIRST TRUST SPECIALTY FIN
1393044,1311,PETROCORP INC/DE
1393109,3510,CHINA WIND ENERGY INC
1393283,9995,NATIONSMARK NEXGEN
1393309,1040,NORTHWEST COPPER CORP
1393355,1000,COPPER MOUNTAIN MINING CORP
1393357,1311,SHAMARAN PETROLEUM CORP
1393367,1040,GOLDQUEST MINING CORP
1393403,1400,SOVEREIGN LITHIUM INC
1393435,1000,GOLD SPRINGS RESOURCE CORP
1393548,7370,CLICKSTREAM CORP
1393631,5961,XHIBIT CORP
1393772,2834,WEED INC
1393799,1000,DISTRICT METALS CORP
1393901,7370,MEDX HOLDINGS INC
1393941,6331,GEOVERA INSURANCE HLDGS-REDH
1394039,1000,CYPRESS DEVELOPMENT CORP
1394108,7370,SINO UNITED WORLDWIDE CNSLDT
1394189,1040,CHESAPEAKE GOLD CORP
1394374,6020,MERCHANTS FINANCIAL GROUP
1394409,2836,MERRION PHARMACEUTICALS LTD
1394638,8200,CREATIVE LEARNING CORP
1394872,3585,CATAPULT SOLUTIONS INC
1395000,8731,NANODYNAMICS INC -REDH
1395229,1000,CANACO RESOURCES INC
1395447,1000,SLAM EXPLORATION LTD
1395857,1389,TRICAN WELL SERVICE LTD
1396118,2330,HW HOLDINGS INC
1396238,2836,IRIS BIOTECHNOLOGIES INC
1396303,1311,COMAPLEX MINERALS CORP
1396323,1311,STRATEGIC OIL & GAS LTD
1396368,7372,BALSAM TECHNOLOGIES CORP
1396633,4911,SUMMER ENERGY HOLDINGS INC
1396990,2836,IKARIA INC-REDH
1397087,5122,CCS MEDICAL HOLDINGS-REDH
1397197,7373,CROSS MATCH TECH INC-REDH
1397832,4991,SOUTHERN USA RESOURCES INC
1397966,4400,WINLAND OCEAN SHIPPING CORP
1398004,7372,SAVEDAILY INC
1398005,1000,GEOVIC MINING CORP
1398143,5051,COMMERCIAL METALS-PRE FASB
1398529,3714,GREENKRAFT INC
1398633,7372,POLAR WIRELESS CORP
1398702,5961,ELECTRONIC CIGS INTL GRP LTD
1398832,1040,SABINA GOLD & SILVER CORP
1398972,1000,ERDENE RESOURCE DEVELOPMENT
1399352,3714,COOL TECHNOLOGIES INC
1399356,5122,CHINA BCT PHARMACY GROUP INC
1399480,3711,VRDT CORP
1399587,7372,BLUE CALYPSO INC
1400000,3290,ABAKAN INC
1400728,5084,WELL POWER INC
1401083,1040,RYE PATCH GOLD CORP
1401096,7373,GUESTLOGIX INC
1401774,7370,REPLY INC -REDH
1401859,3533,FALCONRIDGE OIL TECHNOLOGIES
1402453,7370,HER IMPORTS
1402536,6411,AI DOCUMENT SERVICES INC
1402737,3842,RAFINA INNOVATIONS INC
1402785,2835,FLUOROPHARMA MEDICAL
1402857,3620,CLEAR SKIES SOLAR INC
1402948,1000,TREVALI MINING CORP
1403001,1311,ABRAXAS ENERGY PARTNERS-REDH
1403231,7372,CADUCEUS SOFTWARE SYSTEMS CP
1403302,4922,OGE ENOGEX PARTNERS LP -REDH
1403548,8711,KL ENERGY CORP
1403602,2834,OMNIMMUNE HOLDINGS INC
1403674,2741,OM HOLDINGS INTERNATNAL INC
1403676,2890,GELTECH SOLUTIONS INC
1403720,3661,AIRTOUCH COMMUNICATIONS INC
1403749,7373,FLYHT AEROSPACE SOLUTIONS
1403752,2836,ZYMEWORKS INC
1403793,3651,YINLIPS TECHNOLOGY INC -REDH
1403802,7374,SPINDLE INC
1404212,1000,ALLIED AMERICAN STEEL CORP
1404353,1040,GOLD79 MINES LTD
1404364,1000,TERAS RESOURCES INC
1404483,1311,ENERGULF RESOURCES INC
1404624,7389,AFFINION GROUP HOLDINGS INC
1404636,1311,NIMIN ENERGY CORP
1404640,1000,PANORO MINERALS LTD
1404804,3714,OMNITEK ENGINEERING CORP
1404811,1040,SAN GOLD CORP
1404935,3821,THC THERAPEUTICS INC
1404943,2835,METASTAT INC
1405064,6211,GALAXY DIGITAL HOLDINGS LTD
1405249,3841,ARTVENTIVE MEDICAL GROUP INC
1405292,6020,SOUTH ATLANTIC BANCSHARES
1405537,1311,GROWMAX RESOURCES CORP
1405660,9995,ALTERNATIVE INVESTMENT CORP
1405663,1400,I-MINERALS INC
1405686,1311,OSAGE EXPLORATION AND DEV
1405784,7370,INTERTAINMENT MEDIA INC
1405858,3560,ABTECH HOLDINGS INC
1405917,4991,DYNASTAR HOLDINGS INC
1406052,7011,HOLLOWAY LODGING CORP
1406194,1040,MONUMENT MINING LTD
1406243,3990,RELIABRAND INC
1406508,5961,BLUESTEM GROUP INC
1406565,1040,RESSOURCES PERSHIMCO INC
1406802,1040,CARTIER RESOURCES INC
1406944,1000,TORQ RESOURCES INC
1407384,7822,FILM DEPARTMENT HLDGS  -REDH
1407582,1000,ASCOT RESOURCES LTD
1407583,1000,BUNKER HILL MINING CORP
1408010,6531,IGGYS HOUSE INC-REDH
1408095,1311,PREMIER ENERGY CORP/FL
1408146,1090,SCANDIUM INTL MINING CORP
1408201,6726,TORTOISE POWER & ENERGY INFR
1408351,1311,CARDINAL ENERGY GROUP INC
1408423,1311,FRONTERA ENERGY CORP
1408679,1040,ECO ORO MINERALS CORP
1408690,7370,CREDITCARDS.COM INC-REDH
1408808,2834,PEPLIN INC
1408986,1311,EDGE RESOURCES INC
1409065,1311,NOVUS ENERGY INC
1409112,7370,CLASSMATES MEDIA-CL A-REDH
1409197,2834,BESPOKE EXTRACTS INC
1409285,7374,SOI HOLDINGS INC-REDH
1409302,5900,VALUE FINANCIAL SERVICS-REDH
1409432,2836,NATIONAL GRAPHITE CORP
1409565,2834,PURAMED BIOSCIENCE INC
1409680,1090,MILLROCK RESOURCES INC
1409885,2400,ECO BUILDING PRODUCTS INC
1409979,1000,FORACO INTL SA
1410253,0100,URBAN BARNS FOODS INC
1410738,4899,VOIPPAL.COM INC
1411011,1000,ALLOYCORP MINING INC
1411059,6798,KBS REIT II INC
1411085,7370,MIKOJO INC
1411165,3569,TOTALLY GREEN INC
1411288,7374,VAROLII CORP-REDH
1411380,3842,EMPHASYS MEDICAL INC-REDH
1411494,6282,APOLLO GLOBAL MGMT INC
1411646,6282,TURNER INVESTMENTS INC-REDH
1411730,3690,SOLARIS POWER CELLS INC
1411875,3845,ALMA LASERS LTD-REDH
1412100,6331,MAIDEN HOLDINGS LTD
1412126,3845,REMSLEEP HOLDINGS INC
1412199,4522,POGO JET INC-REDH
1412204,3651,MILESTONE AV TECH INC-REDH
1412350,6726,PIMCO INCOME OPPORTUNITY FD
1412354,5912,JEAN COUTU GROUP
1412495,6726,NUVEEN MUN HIGH INC OPP FD 2
1413040,9995,GLOBAL ALTERNATIVE ASET-REDH
1413119,2820,KRAIG BIOCRAFT LABORATORIES
1413263,5912,CHINA JO-JO DRUGSTORES INC
1413488,2834,CANNABIS GLOBAL INC
1413497,7330,LAIRD GROUP INC  -CL A
1413754,2836,MARIZYME INC
1413797,3845,OXYSURE THERAPEUTICS INC
1413891,8711,SPECTRUM GLOBAL SOLUTION INC
1413990,7372,JINZISHENG HOLDING GROUP
1414043,7372,FRIENDABLE INC
1414048,7310,CGEN DIGITAL MEDIA-ADS-REDH
1414490,7372,OCTAVIAN GLOBAL TECHNOLOGIES
1414515,1311,VENOCO ACQUISITION CO-REDH
1414628,7374,MONEYONMOBILE INC
1414704,1000,CANADA SILVER COBLT WRKS INC
1414937,3714,UCI INTERNATIONAL INC
1414953,2086,MOJO ORGANICS INC
1415305,1000,FIRST LIBERTY POWER CORP
1415306,3640,VALIANT EAGLE INC
1415592,6500,CHINA REDSTONE GROUP INC
1415599,0200,SOUTHERN CHINA LIVESTK -REDH
1415684,2834,MUSCLEPHARM CORP
1415716,6020,LEDYARD FINANCIAL GROUP INC
1415744,1311,NORTHERN MINERALS & EXPL LTD
1415935,5122,AXIUS INC
1415936,3559,LANDMARK ENERGY ENTRPRS INC
1415948,4412,GLOBAL SHIP LEASE INC -OLD
1416090,1040,INCEPTION MINING INC
1416172,3845,NEXEON MEDSYSTEMS INC
1416697,7381,BLUE LINE PROTECTION GROUP
1416729,7370,WEBXU INC
1416876,8060,FIRST CHOICE HEALTHCARE SLT
1417159,8071,RULES-BASED MEDICINE-REDH
1417192,2510,CHINA SHANDONG INDS INC
1417447,1000,HIGH DESERT GOLD CORP
1417801,1000,BENTON RESOURCES INC
1417821,3711,AZURE DYNAMICS CORP
1417907,5051,FIFTH SEASON INTL INC
1418055,7812,DIGITAL DOMAIN-REDH
1418167,5912,SYMBION HEALTH LTD
1418452,5500,EPUNK INC
1418929,3080,RICHARDS PACKAGING INCOME FD
1419089,7990,THUNDERBIRD RESORTS INC
1419478,7372,CONTAGIOUS GAMING INC
1419559,7310,CAM GROUP INC
1419582,4991,BLUE SPHERE CORP
1419583,1311,EOS PETRO INC
1419828,6722,CLAYMORE CEF GS CONNECT ETN
1419995,2086,DNA BRANDS INC
1420030,2834,TARGETED MEDICAL PHARMA INC
1420070,8731,RESEARCH PHARMACL SVCS -REDH
1420078,4955,T5 CORP
1420111,1000,ADVANCED EXPLORATIONS INC
1420176,2911,BIG WEST OIL PARTNRS LP-REDH
1420291,1040,RUSORO MINING LTD
1420421,1040,MUSTANG ALLIANCES INC
1420569,2086,PULSE BEVERAGE CORP
1420585,1389,HORIZON NORTH LOGISTIC -OLD
1420667,3420,PERMANENT TECHNOLOGIES INC
1420978,1000,HIGHBURY PROJECTS INC
1421057,1000,LOS ANDES COPPER LTD
1421117,3663,SOURCE PHOTONICS INC-REDH
1421204,2836,INSPYR THERAPEUTICS INC
1421222,4412,K-SEA GP HOLDINGS LP-REDH
1421231,1311,FORUM ENERGY METALS CORP
1421289,2834,LIVEWIRE ERGOGENICS INC
1421371,1000,MILLENNIAL LITHIUM CORP
1421538,7370,INFINITY AUGMENTED RLTY INC
1421570,1000,ARIANNE PHOSPHATE INC
1421601,1040,WESTMOUNTAIN GOLD INC
1421642,2834,SATELLOS BIOSCIENCE INC
1421755,7373,IPC SYSTEMS HOLDINGS-REDH
1421865,6552,CHERUBIM INTERESTS INC
1421871,2844,BONAMOUR INC
1421907,2000,TRIDENT BRANDS INC
1421981,7370,PEER TO PEER NETWORK
1422341,2860,GREEN ENERGY LIVE INC
1422471,1311,PAINTED PONY ENERGY LTD
1422532,1000,ROCKHAVEN RESOURCES LTD
1422654,1000,AFRICO RESOURCES LTD
1422702,2836,IASO PHARMA INC-REDH
1422949,3580,NEXT FUEL INC
1423122,1040,REUNION GOLD CORP
1423378,1040,PUMA EXPLORATION INC
1423417,9995,CONSOLIDATED GEMS INC
1423468,1040,ANIMAS RESOURCES LTD
1423554,1000,VANADIAN ENERGY CORP
1423556,5500,ROCKY MOUNTAIN DEALERSHIPS
1423586,9995,RORINE INTL HOLDING CORP
1423593,6331,PATRIOT RISK MANAGEMENT-REDH
1423746,7372,MONSTER ARTS
1424030,1220,LIBERTY COAL ENERGY CORP
1424217,7372,ACCURO HEALTHCARE INC-REDH
1424257,4812,NEXTG NETWORKS INC -REDH
1424342,2836,PHENOMIX CORP-REDH
1424470,4833,CURRENT MEDIA INC-REDH
1424549,6519,FUTURELAND CORP
1424556,1040,LYDIAN INTERNATIONAL LTD
1424640,3620,ARISTA POWER INC
1424740,3826,BIOTROVE INC-REDH
1424750,2090,HEALTHY COFFEE INTL INC
1424768,3842,VYCOR MEDICAL INC
1424812,2836,AMARANTUS BIOSCIENCE HLDGS
1424864,1000,RISE GOLD CORP
1425061,1000,ZINCORE METALS INC
1425264,2911,RTS OIL HOLDINGS INC
1425808,1311,HYDROCARB ENERGY CORP
1425883,7812,INDEPENDENT FILM DEV CORP
1425905,7372,NANOTECH ENTERTAINMENT INC
1425919,2836,ISLET SCIENCES INC
1426530,1040,SPARTAN GOLD LTD
1426568,6794,LINK RESERVATIONS INC
1426674,8071,BOSTWICK LABORATORIES-REDH
1426707,3823,ENVIRORESOLUTIONS INC
1426874,2030,C-CUBE GENETICS INC
1427030,2842,BIONEUTRAL GROUP INC
1427092,8062,TRIAD HOSPITALS INC-PRO FORM
1427645,1311,COUGAR OIL AND GAS CDA INC
1428389,4210,NAVAJO FREIGHT LINES INC
1428802,6035,AUBURN BANCORP INC
1429373,1040,EASTERN RESOURCES INC
1429393,3630,TRUTANKLESS INC
1429592,3990,GUARDIAN 8 HOLDINGS
1429672,1040,AQUILINE RESOURCES INC
1429938,1311,MGM ENERGY CORP
1430174,1040,ORO EAST MINING INC
1430259,6798,CAREY WATERMARK INVESTORS
1430523,5140,VERUS INTERNATIONAL INC
1430872,8200,HQ GLOBAL EDUCATION INC
1430975,1090,CONTINENTAL RESOURCES GRP
1431055,1040,PMI GOLD CORP
1431074,3910,BERGIO INTERNATIONAL INC
1431080,3620,ALTER NRG CORP
1431847,1000,NEVADA COPPER CORP
1431880,1400,POTASH AMERICA INC
1431888,3580,AVT INC
1431922,1000,TREASURY METALS INC
1431936,8731,MICROBEST INC
1432001,1311,AMERICAN SANDS ENERGY CORP
1432139,3523,BEESFREE INC
1432290,7370,A-1 GROUP INC
1432364,4512,AZUL SA
1432402,1000,SURAMINA RESOURCES INC
1432416,4911,GREAT LAKES POWER CORP LTD
1432474,1000,WALLBRIDGE MINING CO LTD
1432754,4899,CIG WIRELESS CORP
1432768,1000,NEVORO INC
1432963,1389,ENERGY & TECHNOLOGY CORP
1432967,5961,AS SEEN ON TV INC-OLD
1433007,1311,GUIDE EXPLORATION LTD
1433133,7372,OPEN LINK FINANCIAL-REDH
1433269,7372,DILIGENT CORP
1433309,3080,PLASTEC TECHNOLOGIES LTD
1433533,1000,URANIUM ONE INC
1433551,5140,SINO GREEN LAND CORP
1433687,3670,OPSENS INC
1433818,1000,NEVADA GOLD CORP
1433912,1311,SANTONIA ENERGY INC
1433966,2990,GREEN EARTH TECHNOLOGIES INC
1434023,1000,ROMARCO MINERALS INC
1434110,3533,PLEDGE PETROLEUM CORP
1434111,4899,MEDIA TECHNOLOGIES INC
1434330,6799,PYXIS CAPITAL INC
1434388,3570,WONHE HIGH-TECH INTL INC
1434535,1040,CGA MINING LTD
1434674,7812,CHINA MEDIA INC
1434804,4991,FIRST WIND HOLDINGS INC-REDH
1434854,3728,VOUGHT AIRCRAFT HOLDNGS-REDH
1435039,9995,IFCI INTERNATIONAL CORP
1435387,1311,DISCOVERY ENERGY CORP
1435578,1040,AVION GOLD CORP
1435736,0100,FARM LANDS OF AFRICA INC
1435812,8093,AREM PACIFIC CORP
1435936,1311,XUN ENERGY INC
1436161,2834,UNITED CANNABIS CORP
1436167,1040,FUSE COBALT INC
1436223,4813,TELMEX INTERNACIONAL SAB DE
1436309,1000,AZIEL CORP
1436375,2870,HANFENG EVERGREEN INC
1436547,1000,BELGRAVIA HARTFORD CAPITAL
1437213,6020,COASTAL CAROLINA BANCSHARES
1437283,7374,REGO PAYMENT ARCHITECTES INC
1437395,3559,SWISSINSO HOLDING INC
1437467,1040,DAULTON CAPITAL CORP
1437479,6020,ENB FINANCIAL CORP
1437522,3690,FUELPOSITIVE CORP
1437598,3550,ENWAVE CORP
1437751,1311,SAVOY ENERGY CORP
1437822,8090,ETERNITY HEALTHCARE INC
1438035,1311,RANGEFORD RESOURCES INC
1438461,7370,YINFU GOLD CORP
1438706,1000,POLO RESOURCES LTD
1438943,2834,VITALITY BIOPHARMA INC
1439133,3510,WINDSTREAM TECHNOLOGIES INC
1439237,8200,QUALITY ONLINE EDU GROUP INC
1439254,7370,CEETOP INC
1439299,6141,CONSUMER CAPITAL GROUP INC
1439397,7370,NORTHSIGHT CAPITAL INC
1439434,5122,GLOBAL PHARM HOLDINGS GROUP
1439437,5810,DAVE & BUSTER'S HLDINGS-REDH
1439604,1090,VALORE METALS CORP
1439636,3845,BAETA CORP
1439672,6020,CAMPELLO BANCORP INC-REDH
1439682,1311,AZABACHE ENERGY INC
1439727,1311,SEVEN GENERATIONS ENERGY LTD
1439743,6020,MECHANICS BANK/CA
1439762,1000,NEVGOLD CORP
1439813,2090,STEVIA CORP
1439969,3679,GCL SILICON TCH HLG-ADS-REDH
1439971,1311,CIRCLE STAR ENERGY CORP
1440153,2834,BAKHU HOLDINGS CORP
1440172,7389,BLUFOREST INC
1440300,7374,ADFITECH INC
1440350,3690,SPHERIC TECHNOLOGIES-REDH
1440476,0100,ASIA GREEN AGRICULTURE CORP
1440499,1311,NIKO RESOURCES LTD
1440799,2911,MMEX RESOURCES CORP
1441099,1040,GOLD WHEATON GOLD CORP
1441374,7370,URTHECAST CORP
1441412,1000,CAPELLA MINERALS LTD
1441758,2670,FORTRESS GLOBAL ENTRPRS INC
1442162,1040,POLYUS GOLD INTL LTD
1442492,1382,LAREDO OIL INC
1442503,4931,KEYERA CORP
1443115,3674,SOLYNDRA INC-REDH
1443157,3711,EFLEETS CORP
1443242,2834,BOHAI PHARMACEUTICALS GROUP
1443388,1540,GREEN HYGIENICS HOLDINGS INC
1443863,8093,BIOCORRX INC
1443939,9995,SIXONINE VENTURES CORP
1443950,1000,INDEPENDENT NICKEL CORP
1444275,2300,LOT78 INC
1444331,1090,PALADIN ENERGY LTD
1444723,4911,CARIBBEAN UTILITIES CO LTD
1444754,2870,PHOSPHATE HOLDINGS INC
1444801,1040,SUTTER GOLD MINING INC
1444837,1311,OCTAGON 88 RESOURCES INC
1444874,6282,TETON ADVISORS INC
1445049,4911,ENERGY FUTURE COMPETITIVE
1445109,6794,CLEAN COAL TECHNOLOGIES INC
1445162,3711,BYD COMPANY LTD
1445186,0700,CHINA GREEN INC-REDH
1445229,3433,SOLAR AGE INDUSTRIES INC
1445297,4400,CONFORCE INTERNATIONAL INC
1445597,1382,GASFRAC ENERGY SERVICES INC
1445625,3669,NEXAIRA WIRELESS INC
1445918,5812,SOUTHERN CONCEPTS RESTAURANT
1445942,1090,TEXAS MINERAL RESOURCES CORP
1446152,3621,FAST TRACK SOLUTIONS INC
1446457,3330,BOLIDEN AB
1447116,1040,CAZA GOLD CORP
1447380,7372,MOBIVITY HOLDINGS CORP
1447402,1000,ROCA MINES INC
1447994,2911,PETRO AMERICA CORP
1448007,1090,FIRST URANIUM CORP
1448500,3443,CHINA POWER TECHNOLOGY INC
1448558,7370,GROW CAPITAL INC
1448776,3661,REELCAUSE INC
1448780,7370,MOBILEBITS HOLDINGS CORP
1448806,1311,EFLO ENERGY INC
1449097,7370,STATIONDIGITAL CORP
1449574,5045,BRAVATEK SOLUTIONS INC
1449654,5172,ALON BRANDS INC-REDH
1449794,6020,EMBASSY BANCORP INC
1449934,8734,CANNLABS INC
1450015,7310,CHINA GLOBAL MEDIA INC
1450385,3533,CANELSON DRILLING INC
1450390,1311,BAKKEN RESOURCES INC
1450708,1040,AURUM INC
1451219,7374,ID WATCHDOG INC
1451357,1311,TOURMALINE OIL CORP
1451512,2833,UNRIVALED BRANDS INC
1451514,2086,MINERCO INC
1451654,1382,PETROSONIC ENERGY INC
1451708,1040,VICTORIA GOLD CORP
1451775,1600,DIVERSIFIED GLOBAL HOLDINGS
1451797,9995,CHANGSHENG INTERNATIONAL GRO
1451929,2835,AVANT DIAGNOSTICS INC
1452176,3550,SUREPURE INC
1452476,7372,SEBRING SOFTWARE INC
1452804,2834,PEAK PHARMACEUTICALS INC
1453001,2836,VACCINOGEN INC
1453099,2836,CEREBAIN BIOTECH CORP
1453122,1000,3DX INDUSTRIES INC
1453420,3714,ECHO AUTOMOTIVE INC
1454007,1000,CASABLANCA MINING LTD
1454010,5944,GEPCO LTD
1454124,3663,5BARZ INTERNATIONAL INC
1454263,2835,STAGEZERO LIFE SCIENCES LTD
1454725,5065,VOLT SOLAR SYSTEMS
1454797,5031,TAIGA BUILDING PRODUCTS LTD
1455129,3670,LUXELL TECHNOLOGIES INC
1455380,9995,BIOSTEM US CORP
1455768,2990,RENEWABLE FUEL CORP
1455863,6798,AMERICOLD REALTY TRUST
1455926,7372,IRONCLAD ENCRYPTION CORP
1455982,1000,SSI INTERNATIONAL LTD
1456189,3949,LEATT CORP
1456453,5912,WELLTEK INC
1456787,5180,DRAGON JADE INTL LTD
1458868,7370,LIFE'S TIME CAPSULE SERVICES
1458891,1381,NOBLE CORPORATION
1459108,1000,COLOSSUS MINERALS INC
1459188,3714,FUEL DOCTOR HOLDINGS INC
1459667,6795,AMERICAS BULLION ROYALTY CP
1459697,1040,LIBERTY GOLD CORP
1462047,6552,PRIME GLOBAL CAPITAL GROUP
1462081,1040,GOLD X MINING CORP
1462109,2834,CHINA PHARMAHUB CORP
1462506,7370,SUNGAME CORP
1463208,4731,TRANSPORTATION & LOG SYS INC
1463514,1311,AFRICA OIL CORP
1463978,1090,BLUE SKY URANIUM CORP
1464165,2836,BETTERLIFE PHARMA INC
1464300,8742,ALL MARKETING SOLUTIONS INC
1464623,3679,NATCORE TECHNOLOGY INC
1464766,7372,QUANTGATE SYSTEMS INC
1464772,7370,CORTEX BUSINESS SOLUTIONS
1464865,2086,GOOD HEMP INC
1464928,1000,SANDFIRE RES AMERICA INC
1465103,1311,CANACOL ENERGY LTD
1465130,7370,ARCIS RESOURCES CORP
1465470,0200,NATURALSHRIMP INC
1465509,7372,XCELMOBILITY INC
1465763,3829,MIRION TECHNOLOGIES INC-REDH
1465872,1381,VANTAGE DRILLING INTL
1465969,6036,CULLMAN BANCORP INC
1466725,1220,CORSA COAL CORP
1467093,1040,SCORPIO GOLD CORP
1467913,4991,808 RENEWABLE ENERGY CORP
1467955,2011,JBS USA HOLDINGS INC -REDH
1468354,3530,LE TOURNEAU (R G) INC
1468679,2836,AMERICAN CRYOSTEM CORP
1468780,3690,POWIN ENERGY CORP
1468916,1311,SUROCO ENERGY INC
1469160,1311,CROCOTTA ENERGY INC
1469375,1400,EAGLE GRAPHITE INC
1469907,1040,OTIS GOLD CORP
1469946,6020,FIRST SOUND BANK
1470022,2000,BESTNPET INC -OLD
1470129,8200,CAPSTONE TECHNOLOGIES GROUP
1470244,7374,HEALTHPORT INC  -REDH
1470385,1000,BLUESTONE RESOURCES INC
1470550,9995,INTERNATIONAL LEADERS CAP CO
1470719,9995,MONAR INTERNATIONAL INC
1470729,1000,PAGET MINERALS CORP
1470863,1040,SACRE-COEUR MINERALS LTD
1470915,5122,PHARMAGEN INC
1471089,3510,MANTHEY REDMOND CORP
1471256,2020,CULLEN AGRICULTURAL HOLDING
1471397,6159,VELOCITY COMML CAP INC -REDH
1471515,6331,SWISS RE LTD
1471667,4991,PRIMARY ENERGY RECYCLING CP
1471968,2860,ENZYMEBIOSYSTEMS
1472093,6020,ATHENS BANCSHARES CORP
1472244,8200,BJB CAREER EDUC -ADR-REDH
1472468,3621,XT ENERGY GROUP INC
1472557,6798,DREAM OFFICE REAL EST INV TR
1472595,8741,R1 RCM INC
1472601,2300,RYU APPAREL INC
1472847,5810,HARRISON VICKERS & WATERMAN
1472862,9995,WILLIAMSVILLE SEARS MNGT INC
1472866,2836,MICROBIX BIOSYSTEMS INC
1472879,1311,WHITECAP RESOURCES INC
1472998,8734,GREENPLEX SERVICES INC
1473332,1311,RESACA EXPLOITATION INC-REDH
1473490,8742,WALL STREET MEDIA CO
1473505,1311,CEQUENCE ENERGY LTD
1473579,2834,BOSTON THERAPEUTICS INC
1473591,1040,SONORA RESOURCES CORP
1473637,2990,ECO-TEK GROUP INC
1473654,7372,LEVELBLOX INC
1473971,7374,CITADEL EFT INC
1474231,1000,NORONT RESOURCES LTD
1474248,4899,MOOD MEDIA CORP
1474299,2011,NATIONAL BEEF INC -REDH
1474305,3825,VIRIDIS HOLDINGS CORP
1474844,3620,TRONY SOLAR HOLDINGS CO LTD
1474940,3440,HIRSCHFELD INDUSTRIES  -REDH
1474943,7371,LINKAGE TECH INTL  -ADR-REDH
1475065,1000,TUNGSTEN CORP
1475118,1311,CBM ASIA DEVELOPMENT CORP
1475252,1000,SAMA RESOURCES INC
1475273,2030,SOUPMAN INC
1475278,7841,GAMEFLY INC  -REDH
1475430,1040,JOSHUA GOLD RESOURCES INC
1475470,1040,NEWMARKET GOLD INC
1475655,1000,MEGA URANIUM LTD
1475899,1389,SABLE NATURAL RESOURCES CORP
1476246,7011,TROPICANA ENTERTAINMENT INC
1476573,1000,AURION RESOURCES LTD
1476638,7372,RACKWISE INC
1476708,5082,TOROMONT INDUSTRIES LTD
1476978,4899,LANGUAGE LINE SVCS HLD -REDH
1477009,8742,GENERAL CANNABIS CORP
1477168,1000,STAR MOUNTAIN RESOURCES INC
1477201,1000,BELL COPPER CORP
1477381,3290,ISG RESOURCES INC
1477472,2090,ACTIVE HEALTH FOODS INC
1477474,5031,EACOM TIMBER CORP
1477710,8200,CHINA EDUCATION INC -REDH
1477747,6798,NORTHSTAR HEALTHCR INV -REDH
1477943,1040,CONTINENTAL GOLD INC
1477961,4950,LATITUDE SOLUTIONS INC
1478035,1040,CRITICAL ELEMENTS LITHM CORP
1478334,8000,SMILE BRANDS GROUP INC-REDH
1478397,1311,RENEGADE PETROLEUM LTD
1478455,2835,MED BIOGENE INC
1478535,7311,ABBY INC
1478682,9995,EMPIRE POST MEDIA INC
1478692,6798,VERDE REALTY  -REDH
1478725,1311,VIRTUS OIL & GAS CORP
1478909,4899,WAVE2WAVE COMMS INC -REDH
1479000,7370,VIVA ENTERTAINMENT GROUP INC
1479013,3569,XEBEC ADSORPTION INC
1479300,2870,MIGAO CORP
1479480,1040,XALI GOLD CORP
1479488,1311,NEW WESTERN ENERGY CORP
1479526,2020,CHINA MODERN AGRL INFO INC
1479736,1000,AZIMUT EXPLORATION INC
1480058,1400,LITHIUM AMERICAS CORP -OLD
1480313,1000,SUN SUMMIT MINERALS CORP
1481098,1040,REDHAWK RESOURCES INC
1481218,7370,MASSIVE INTERACTIVE INC
1481427,2844,REJUVEL BIO-SCIENCES INC
1481441,5961,IRONPLANET INC  -REDH
1481691,1311,CONDOR PETROLEUM INC
1481812,1040,ENGOLD MINES LTD
1482361,1311,STRATEX OIL & GAS HLDGS INC
1482601,1040,OREZONE GOLD CORP
1482753,1000,ETHOS GOLD CORP
1482754,1040,PREMIER GOLD MINES LTD
1483016,1000,KODIAK COPPER CORP
1483321,6282,AVEON GROUP LP -REDH
1483393,3944,MEGA BRANDS INC
1483403,7311,REDGATE MEDIA GROUP-ADR-REDH
1483496,1311,RED MOUNTAIN RESOURCES INC
1483646,6159,BLACKSTAR ENTERPRISE GROUP
1483935,2844,EMPOWERED PRODUCTS INC
1484427,4899,TELX GROUP INC-REDH
1484435,4412,ALMA MARITIME LTD  -REDH
1484830,6798,WELSH PROPERTY TRUST -REDH
1484874,1400,DIAMCOR MINING INC
1484931,7372,GROVEWARE TECHNOLOGIES LTD
1485156,1040,GOLD AND GEMSTONE MINING INC
1486069,1311,ARSENAL ENERGY INC
1486078,1040,RAINY RIVER RESOURCES LTD
1486245,1040,TALON METALS CORP
1486297,7510,EARN-A-CAR INC
1486597,1311,SUPERNOVA ENERGY INC
1486868,1311,GREENFIELDS PETROLEUM CORP
1487091,3580,QUEST WATER GLOBAL INC
1487326,1040,OCEANAGOLD CORP
1487347,7370,SANTARO INTERACTIVE ENTMT CO
1487439,6411,CROWN ALLIANCE CAPITAL LTD
1487519,1311,GRANITE OIL CORP
1487522,7372,INNOVISION LABS INC
1487659,7310,CROSS CLICK MEDIA INC
1487920,2990,USA SYNTHETIC FUEL CORP
1487936,2400,STELLA-JONES INC
1488158,1000,LABRADOR IRON MINES HLDG LTD
1488309,5093,E-WASTE SYSTEMS INC
1488332,1400,ALLANA POTASH CORP
1488419,0200,SINO AGRO FOOD INC
1488469,1381,WESTERN ENERGY SERVICES CORP
1488533,1040,PREMIER ROYALTY CORP
1488546,6798,DLC REALTY TRUST INC-REDH
1488627,1382,SECURE ENERGY SERVICES INC
1488843,1040,CANAMEX GOLD CORP
1488892,6512,YOUNAN PROPERTIES INC-REDH
1488934,3290,SCIO DIAMOND TECHNOLOGY CORP
1489057,2860,ARIZONA CHEMICAL LTD-REDH
1489067,3585,NOBAO RNWBL ENERGY -ADR-REDH
1489271,1311,MIE HOLDINGS CORP
1489353,1040,ZINC ONE RESOURCES INC
1489744,7374,RAYSTREAM INC
1489802,7370,PROMMIS SOLUTIONS HLDG -REDH
1489874,0700,GOLDEN GROWERS COOPERATIVE
1489902,5122,CHINA GEWANG BIOTECH INC
1490145,1000,CLINE MINING CORP
1490224,3440,SABRE INDUSTRIES INC  -REDH
1490304,8071,AURORA DIAGNOSTICS INC -REDH
1490490,6500,HUNTWICKE CAPITAL GROUP INC
1490557,6798,LEGACY HEALTHCARE PROP-REDH
1490663,4911,BORALEX INC
1490700,1000,VARCA VENTURES INC
1490711,1040,ORACO RESOURCES INC
1490872,6798,US FEDERAL PPTYS TR-REDH
1490873,2836,ECO SCIENCE SOLUTIONS INC
1490885,1311,MARQUEE ENERGY LTD
1490895,3585,GOODMAN GLOBAL GRP INC-REDH
1490985,6798,CLEARVIEW HOTEL TRUST -REDH
1491041,6331,LIBERTY MUTUAL AGENCY-REDH
1491413,1400,STONEGATE AGRICOM LTD
1491434,2836,SERNOVA CORP
1491487,7370,TAKUNG ART CO LTD
1491525,2834,GREENHOUSE SOLUTIONS INC
1491594,2090,CONNORS BROS INCOME FUND
1491616,1000,UNITED SILVER CORP
1491773,1000,THEMAC RESOURCES GROUP LTD
1491829,7370,ALPHA NETWORK ALLIANCE VNTRS
1491876,0800,CHINA FOR-GEN CORP -REDH
1492052,9995,VR HOLDINGS INC
1492151,3824,WORLD MOTO INC
1492168,1040,NORTH SPRINGS RESOURCES CORP
1492286,3661,APIVIO SYSTEMS INC
1492448,1040,GRN HOLDING CORP
1492464,3843,BIOHORIZONS INC -REDH
1492541,1040,GRIZZLY GOLD CORP
1492617,4991,PAN GLOBAL CORP
1492683,7370,FROGADS INC
1492927,1040,WEST VAULT MINING INC
1493040,7311,NEW MEDIA INSIGHT GROUP INC
1493137,3845,LIFELOC TECHNOLOGIES INC
1493526,2834,PROTECT PHARMACEUTICAL CORP
1493587,5961,LUXEYARD INC
1493712,3845,CELL MEDX CORP
1493893,1040,CHINA SHOUGUAN MINING CORP
1494214,7372,INTERCORE INC
1494335,1000,SEARCH MINERALS INC
1494498,1040,AUGEN GOLD CORP
1494599,2015,ZHENG HUI INDUSTRY CORP-REDH
1495064,3714,AFFINIA GROUP HLDGS INC-REDH
1495108,1311,ESREY ENERGY LTD - OLD
1495191,1040,INTERTECH SOLUTIONS INC
1495536,3620,ENER-CORE INC
1495584,6797,FIRSTHAND TECHNOLOGY VALU FD
1495651,1090,UCORE RARE METALS INC
1495744,1040,CADILLAC VENTURES INC
1495850,3577,MAKISM 3D CORP
1496383,7812,ILUSTRATO PICTURES INTL INC
1496690,5700,BLUEONE CARD INC
1496741,2990,HYDROPHI TECHNOLOGIES GROUP
1496749,6726,JOHN HANCOCK HDGD EQY & INCM
1496825,1311,LEGACY OIL PLUS GAS INC
1497074,5812,PREFERRED RESTAURANT BRANDS
1497120,2030,GLOBAL VISION HOLDINGS INC
1497130,3845,NANO MOBILE HEALTHCARE
1497165,9995,MODERN MOBILITY AIDS INC
1497246,1040,BULLION MONARCH MINING INC
1497316,1400,AMERN GRAPHITE TECHNOLOGIES
1497338,1220,COLONIAL COAL INTL CORP
1497417,1311,GEAR ENERGY LTD
1497572,2851,MUCINNO HOLDING INC
1497595,7389,TAI SHAN COMMUNICATIONS-REDH
1497599,4213,NEW CENTURY TRANSPORT -REDH
1497606,1040,AMARILLO GOLD CORP
1497632,3711,GREEN AUTOMOTIVE CO
1497649,1400,GRAPHENE & SOLAR TECHNOLOGIE
1497677,1220,BUFFALO COAL CORP
1498046,0700,STEVIA NUTRA CORP
1498067,3845,CITRINE GLOBAL CORP
1498122,9995,ARISTA FINANCIAL CORP
1498157,9995,JWC ACQUISITION CORP
1498209,4899,SKYPE SA -ADR -REDH
1498345,6798,RICHMOND HONAN MED PPTY-REDH
1498547,6798,COLE CREDIT PROPERTY TR IV
1498744,1000,MANDALAY RESOURCES CORP
1498828,6552,HOWARD HUGHES CORP
1499043,6798,ECM REALTY TRUST INC  -REDH
1499162,3550,OVIVO INC
1499191,1040,DALRADIAN RESOURCES INC
1499268,7990,AFFINITY GAMING LLC
1499274,3663,IMERJN INC
1499275,1000,SANTO MINING CORP
1499360,1311,STRAD INC
1499618,7310,ENERGY TODAY INC
1499735,1311,AMERICAN ENERGY DEV CORP
1499871,1000,LAREDO RESOURCES CORP
1500106,3620,BRUKER ENERGY & SUPERCN-REDH
1500122,7370,NOBLE VICI GROUP INC
1500123,2834,ITEM 9 LABS CORP
1500242,7372,UBI BLOCKCHAIN INTERNET
1500366,2011,ANPULO FOOD INC
1500620,1040,BRAVADA GOLD CORP
1500684,1040,GRAN COLOMBIA GOLD CORP
1500837,6035,SUNSHINE FINANCIAL INC
1501010,1311,MOBIUS RESOURCES INC
1501065,7359,GREENWICH KAHALA  -ADR-REDH
1501112,2834,MIX 1 LIFE INC
1501162,3290,ANNEC GREEN REFRACTORIES CP
1501190,1000,CALLINAN ROYALTIES CORP
1501331,6020,MINDEN BANCORP INC
1501489,8742,AF OCEAN INVESTMENT MGMT CO
1501697,2836,X4 PHARMACEUTICALS INC
1501835,6020,SECURITY CALIFORNIA BANCORP
1501845,1090,SOLO INTERNATIONAL INC
1501958,0100,CHINA LIAONING DINGXU ECOLOG
1501972,3845,SANOMEDICS INC
1502108,1040,CAYDEN RESOURCES INC
1502152,2836,GLOBESTAR THERAPEUTICS CORP
1502424,1000,GREAT WESTERN MINERALS GROUP
1502650,2030,BIRDS EYE FOODS INC
1502758,1040,NULEGACY GOLD CORP
1502772,1311,BLUE WATER PETROLEUM CORP
1502774,1311,RIO BRAVO OIL INC
1502777,2834,PREMIER BRANDS INC/WY
1502853,1000,CORNISH METALS INC
1502966,8734,DIGIPATH INC
1503338,1090,FOCUS GRAPHITE INC
1503812,2011,PREMIUM BRANDS HLDGS CORP
1503886,1311,PETRONOVA INC
1504222,2086,HIGH PERFORMANCE BEVERAGES
1504239,3845,POINT OF CARE NANO-TECHNOLGY
1504389,2836,RICH PHARMACEUTICALS INC
1504764,6020,GRUPO AVAL ACCIONES VALORES
1504937,3842,VAPORIN INC
1505031,1311,YANGARRA RESOURCES LTD
1505124,8731,BERKSHIRE HOMES INC
1505432,1040,MEGA PRECIOUS METALS INC
1505817,6282,FIERA CAPITAL CORP
1505924,3663,SS/L HOLDINGS INC-REDH
1506270,7370,RIGHTSCORP INC
1506285,1000,BALMORAL RESOURCES LTD
1506329,1090,FRONTIER RARE EARTHS LTD
1506510,1389,FRAC TECH SERVICES INC -REDH
1506522,2840,PRESS VENTURES INC
1506539,1220,SANDSTORM METALS & ENRGY LTD
1506666,1311,PAREX RESOURCES INC
1506712,1311,VIRGINIA HILLS OIL CORP
1506742,6792,TEXAS SOUTH ENERGY INC
1506814,1000,JPX GLOBAL INC
1506829,1040,BARKERVILLE GOLD MINES LTD
1507131,1000,RUGBY MINING LTD
1507260,1040,TERANGA GOLD CORP
1507434,1000,BLACKWOLF COPPER & GOLD LTD
1507472,1000,MARATHON GOLD CORP
1507759,1311,CANADIAN OVERSEAS PETRO LTD
1508348,6512,AMERICANN INC
1508381,3842,BIONIK LABORATORIES CORP
1508428,1000,SOLIS MINERALS LTD
1508527,1090,VIRGINIA ENERGY RESOURCES
1508606,2070,CHINA SUNFLOWER GP -ADR-REDH
1508912,1000,IMPACT SILVER CORP
1508933,1090,GEORGETOWN CORP
1509253,6726,NUVEEN SHORT DURATION CREDIT
1509334,1000,ZEN GRAPHENE SOLUTIONS LTD
1509351,7370,EVENTURE INTERACTIVE INC
1509397,1040,LION ONE METALS LTD
1509532,1040,HINTERLAND METALS INC -OLD
1509705,1311,NEW ZEALAND ENERGY CORP
1509879,6552,ROI LAND INVESTMENTS LTD
1510013,1040,TRISTAR GOLD INC
1510247,3949,LGBTQ LOYALTY HOLDINGS INC
1510518,2834,GENUFOOD ENERGY ENZYMES CORP
1510524,1040,GRAYSTONE CO INC
1510775,2834,HAPPY TOWN HOLDINGS INC
1510832,0100,BIOPOWER OPERATIONS CORP
1510871,3312,CHINA INDUSTRIAL STEEL INC
1510964,2834,CV SCIENCES INC
1511261,6794,ENDEAVOR IP INC
1511735,7370,YAPPN CORP
1512090,2611,TEMBEC INC
1512091,2611,MALETTE INC
1512927,6411,CHINA UNITED INSURANCE SVC
1513186,1311,TORC OIL & GAS LTD
1513298,1000,IDM MINING LTD
1514363,1311,ROK RESOURCES INC
1514418,3620,INTEGRATED DRILLING EQPT HLD
1514440,1311,MOUNTAINVIEW ENERGY LTD
1514682,8090,HEALTHCARE CORP OF AMERICA
1514872,1040,RENAISSANCE GOLD INC
1514888,3990,EXPERIENCE ART & DESIGN INC
1514946,2834,AXIM BIOTECHNOLOGIES INC
1514998,1311,WESTERNZAGROS RESOURCES LTD
1515079,2870,ITAFOS INC
1515114,7990,GLORYWIN ENTERTAINMENT GRP
1515115,7372,SOUL & VIBE INTERACTIVE INC
1515251,1090,SIXTH WAVE INNOVATIONS INC
1515336,1040,MEADOW BAY GOLD CORP
1515635,1311,NORTH AMERICAN OIL & GAS CP
1515645,1311,CREW ENERGY INC
1515740,2836,PREMIER BIOMEDICAL INC
1515768,2834,ABATTIS BIOCEUTICALS CORP
1515805,2711,CANWEST MEDIAWORKS INCOME FD
1515828,1090,AZARGA URANIUM CORP
1515964,1040,GOLDGROUP MINING INC
1516079,8090,US-CHINA BIOMEDICAL TECH INC
1516559,1044,MANSFIELD-MARTIN EXPLN MNG
1516805,7370,MOXIAN (BVI) INC
1516887,8000,WELLNESS CENTER USA INC
1517179,9995,MONITOR VENTURES INC
1517248,2870,ORGANIC PLANT HEALTH INC
1517393,7372,EPICOR SOFTWARE CORP
1517498,2834,MERION INC
1517648,1000,BLACK IRON INC
1517709,5080,UMAX GROUP CORP
1517990,1311,BLAQCLOUDS INC
1517992,5961,DEVELOPMENT CAPITAL GROUP
1518353,1040,NORTHERN VERTEX MINING CORP
1518380,1040,BUSCAR CO
1518487,3711,ELEKTROS INC
1518548,2810,XFUELS INC
1518561,6799,ROCKSHIELD CAPITAL CORP
1518749,9995,AZTECA ACQUISITION CORP
1518764,1040,BOUNDARY GOLD & COPPR MINING
1519267,3842,TELEFLEX MEDICAL INC
1519407,1400,NORTHERN GRAPHITE CORP
1519424,1040,QUESTEX GOLD & COPPER LTD
1519457,1090,NAMIBIA CRITICAL METALS INC
1519534,3577,MASSIVE DYNAMICS INC
1520108,3944,SPIRAL TOYS INC
1520211,2834,HALO COLLECTIVE INC
1520321,6200,SKAJAQUODA GROUP INC
1520470,1040,LUPAKA GOLD CORP
1520512,7370,IL2M INTERNATIONAL CORP
1520528,7370,REAC GROUP INC
1520592,7812,LOTUS BIOTECH DEVELOPMENT CP
1520668,3580,CARDINAL RESOURCES INC
1521013,7370,PULSE NETWORK INC
1521065,7200,DRUG FREE SOLUTION INC
1521221,7372,NEXJ SYSTEMS INC
1521222,7370,CHINA XINGBANG IND GROUP INC
1521549,5961,BLACKCRAFT CULT INC
1522165,2086,ALKAME HOLDINGS INC
1522236,2086,SEALAND NATURAL RESOURCES
1522237,4991,POLARIS INFRASTRUCTURE INC
1522538,1000,RAINBOW INTERNATIONAL CORP
1522584,1040,GOLDEN SUN MINING CORP
1522724,2836,GLOBAL GREEN INC
1522767,2834,MARIMED INC
1522787,7372,CYBERFORT SOFTWARE INC
1523060,1040,ASANTE GOLD CORP
1523494,1040,MAPLE GOLD MINES LTD
1523671,1000,STAKEHOLDER GOLD CORP
1523788,4911,CAPITAL POWER INCOME LP
1523854,6036,WEST END INDIANA BANCSHARES
1523855,7370,TECHNOVATIVE GROUP INC
1524055,3826,SQI DIAGNOSTICS INC
1524330,1000,ROGUE RESOURCES INC
1524384,1311,IONA ENERGY INC
1524935,1040,RED EAGLE MINING CORP
1524999,1311,DUNDEE ENERGY LTD
1525047,1311,TERRACE ENERGY CORP
1525852,7372,BOTS INC
1526172,9995,LWP CAPITAL INC
1526183,7370,NUDG MEDIA INC
1526382,1311,UNDERGROUND ENERGY CORP
1526491,1040,G2 GOLDFIELDS INC
1526543,3640,GREEN BALLAST INC
1526689,5900,GENERATION NXT FRNCHS BRANDS
1526697,6726,APOLLO TACTICAL INCOME FUND
1526726,1000,HORIZON MINERALS CORP
1526930,1090,GEOMEGA RESOURCES INC
1526966,1000,ORBITE TECHNOLOGIES INC
1527027,5180,ARISTOCRAT GROUP CORP
1527038,1000,KINCORA COPPER LTD
1527246,2834,ACERUS PHARMACEUTICALS CORP
1527355,2086,KONARED CORP
1527383,6020,BANKGUAM HOLDING CO
1527457,7370,CRICKET MEDIA GROUP LTD
1527574,1040,ARGENTUM SILVER CORP
1527675,9995,WUNONG ASIA PACIFIC CO
1528098,3711,SALEEN AUTOMOTIVE INC
1528103,4991,EUROSITE POWER INC
1528172,2836,ENDONOVO THERAPEUTICS INC
1528308,3577,IONIX TECHNOLOGY INC
1528749,4700,SAN LOTUS HOLDING INC
1528760,3651,EXEO ENTERTAINMENT INC
1528985,6798,INLAND REAL ESTATE INCOME TR
1529485,7370,RESAAS SERVICES INC
1529714,1000,NIOCAN INC
1529892,1311,HERITAGE OIL PLC
1530185,3357,AMERITEK VENTURES
1530425,2000,ARTISAN CONSUMER GOODS INC
1530874,9995,CLASSWORX INC
1531266,3711,ELIO MOTORS INC
1531417,1000,TIGRAY RESOURCES INC
1532158,7900,REBEL GROUP INC
1532383,1531,VANJIA CORP
1532828,1044,TRIO RESOURCES INC
1533002,1000,NEWORIGIN GOLD CORP
1533052,1040,BLUE GOLD MINING INC
1533289,1040,OPUS ONE GOLD CORP
1533311,9995,OLIE INC
1533436,3663,WI2WI CORP
1534320,3812,EXACTEARTH LTD
1534381,1040,SARAMA RESOURCES LTD
1534765,3669,AVIGILON CORP
1535307,6798,HUNTINGDON CAPITAL CORP
1535652,1090,NICKEL CREEK PLATINUM CORP
1536674,1000,NOVO RESOURCES CORP
1537118,6552,PRAETORIAN PROPERTY INC
1537258,4899,AIRBORNE WIRELESS NETWORK
1537293,2836,AV THERAPEUTICS INC
1537317,1040,INDEPENDENCE GOLD CORP
1537511,1400,PROGRESSIVE GREEN SOLUTIONS
1537561,2836,ARCH THERAPEUTICS INC
1537851,6510,MONGOLIA GROWTH GROUP LTD
1537863,1040,ALTAN RIO MINERALS LTD
1538169,1311,PETROSHALE INC
1538329,7370,UBIQUITY INC
1539574,1311,GASE ENERGY INC
1539680,4899,HAMMER FIBER OPTICS HLDGS CP
1539850,7310,STARCO BRANDS INC
1540160,7370,CYNK TECHNOLOGY CORP
1540237,3714,ULTIMATE RACK INC
1540615,3577,PUGET TECHNOLOGIES INC
1540755,7370,ANAPLAN INC
1540771,7372,PINGIFY INTERNATIONAL INC
1541054,4700,ZOOMAWAY TECHNOLOGIES INC
1541371,3674,JET NEKO INC
1542013,2844,JOEY NEW YORK INC
1542211,1311,ARGENT ENERGY TRUST
1542261,7389,KOLASCO CORP
1542731,1000,LEADING EDGE MATERIALS CORP
1542918,7370,NEUROMAMA LTD
1543098,8200,CODESMART HOLDINGS INC
1543272,2834,MICHAEL JAMES ENTERPRISES
1543605,7812,CHINAMERICA ANDY MOVIE ENTMT
1543690,1000,ASIABASEMETALS INC
1543739,7372,APT SYSTEMS INC
1544238,2834,CARDAX INC
1544474,1000,REGULUS RESOURCES INC
1544770,1040,BONTERRA RESOURCES INC
1544799,7370,ISIGN MEDIA SOLUTIONS INC
1544883,1040,WOLFDEN RESOURCES CORP
1544898,1000,SPHINX RESOURCES LTD
1545224,1000,SILVER ELEPHANT MINING CORP
1545236,3842,AMERICAN HERITAGE INTL INC
1545620,1090,PLATEAU ENERGY METALS INC
1545634,1040,CORDOBA MINERALS CORP
1546204,6795,GOLD ROYALTIES CORP
1546241,1400,SELECT SANDS CORP
1546361,1000,SILVER RANGE RESOURCES LTD
1546589,5812,GREY FOX HOLDINGS CORP
1546600,1000,ANCONIA RESOURCES CORP
1546679,7372,MOBETIZE CORP
1546853,7370,SKKYNET CLOUD SYSTEMS INC
1547015,5160,US-DADI FERTILIZER IND INTL
1547521,7373,ENGAGE MOBILITY INC
1547716,4953,SUNVAULT ENERGY INC
1547996,2833,NOTIS GLOBAL INC
1548240,2833,YEW BIO-PHARM GROUP INC
1548536,1044,SANTACRUZ SILVER MINING LTD
1548958,1000,BRIXTON METALS CORP
1549145,2990,ALLIANCE BIOENERGY PLUS INC
1549922,1311,SUMMIT MIDSTREAM PARTNERS LP
1550031,1040,BANKS ISLAND GOLD LTD
1550406,1311,SERICA ENERGY PLC
1550737,5731,SECTOR 5 INC
1551040,6726,STONE HARBOR EMERG MKTS TOTL
1551146,3845,HAMILTON THORNE LTD
1551182,3620,EATON CORP PLC
1551286,6020,TGR FINANCIAL INC
1551669,5900,NEBRASKA BOOK HLDGS INC
1551675,1311,US OIL SANDS INC
1551906,5812,WEST COAST VENTURES GROUP CO
1551949,6722,GUGGENHEIM CREDIT ALLOCATION
1552157,1040,HIGHLAND COPPER CO INC
1552890,6798,JAVELIN MORTGAGE INVESTMENT
1552979,3842,NHALE INC
1553404,4955,PACIFIC GREEN TECHNOLOGIES
1553839,1044,NORTHAIR SILVER CORP
1554594,5140,A.C. SIMMONDS & SONS INC
1554906,7389,CROWN BAUS CAPITAL CORP
1554947,8200,INTERUPS INC
1555458,6141,FRANKLIN CR MGMT CORP
1555560,5500,AZURE HOLDING GROUP CORP
1555688,1040,GOGOLD RESOURCES INC
1555980,1040,FALCO RESOURCES LTD
1556226,7370,CUR MEDIA INC
1556508,1700,CES SYNERGIES INC
1556753,7372,3D PIONEER SYSTEMS INC
1556801,9995,IMINE CORP
1557185,1040,COMSTOCK METALS LTD
1557261,2741,YELLOW PAGES LTD
1557334,2810,L'AIR LIQUIDE SA
1557376,2836,BIOTECH PRODS SRVCS RESEARCH
1557644,8700,GREENWOOD HALL INC
1557800,7370,ABRA INFORMATION TECHNOLOGIE
1558432,6799,CAPSTONE FINANCIAL GROUP INC
1558629,6726,PIMCO DYNAMIC CREDIT AND MTG
1559356,2836,IMMUNE THERAPEUTICS INC
1560603,1311,WELLSTAR ENERGY CORP
1560904,1044,SILVER PREDATOR CORP
1561180,1311,PETROTEQ ENERGY INC
1561476,1400,WESTERN RESOURCES CORP
1561540,1040,TOREX GOLD RESOURCES INC
1561551,2836,ENUMERAL BIOMEDICAL HLDGS
1561622,8700,STAFFING GROUP LTD-OLD
1561686,7812,STARSTREAM ENTERTAINMENT
1561865,7310,ARTEC GLOBAL MEDIA INC
1561912,1221,SOUTHSTONE MINERALS LTD
1562107,2836,MEDISUN PRECISION MEDICINE L
1562151,2084,CRIMSON WINE GROUP LTD
1562180,7370,SOLIUM CAPITAL INC
1562201,5070,BLACKPOLL FLEET INTL INC
1562333,1400,SOPERIOR FERTILIZER CORP
1562370,1400,KENNADY DIAMONDS INC
1562659,1000,INV METALS INC
1562738,7372,APPTIGO INTERNATIONAL INC
1562818,6726,BLACKROCK MULTI-SECT INCM TR
1562905,4991,CRIUS ENERGY TRUST
1563058,6799,INPUT CAPITAL CORP
1563298,3580,ENERGY & WATER DEVLPMNT CORP
1563377,5311,HUDSON'S BAY CO
1563463,2834,NUTRALIFE BIOSCIENCES INC
1564246,1311,TOSCANA ENERGY INCOME CORP
1564743,1000,ALPHA MINERALS INC
1565220,5122,FV PHARMA INTERNATIONAL CORP
1566256,5812,FRESHII INC
1566895,7370,NCINO INC
1567098,9995,LUCKWEL PHARMACEUTICALS INC
1567388,3490,NAMI CORP
1567663,1000,ATICO MINING CORP
1567771,7370,BRIDGEWAY NATIONAL CORP
1567861,6020,CALIFORNIA REPUBLIC BANCORP
1568079,1311,PETROSHARE CORP
1568385,7310,BRIGHT MOUNTAIN MEDIA INC
1570154,1040,RTG MINING INC
1570505,1000,PLATA LATINA MINERALS CORP
1570520,1000,TRANSATLANTIC MINING CORP
1570843,6552,GREENBRIAR CAPITAL CORP
1571510,6798,SUMMIT INDUSTRIAL INCM REIT
1571636,3674,NANOFLEX POWER CORP
1571724,1040,MARIFIL MINES LTD
1572386,3533,GREENWAY TECHNOLOGIES INC
1572676,7372,MAGOR CORP
1572699,8200,SUCCESS HOLDING GROUP INTL
1574037,6798,KEYREIT
1574186,2836,ZERO GRAVITY SOLUTIONS INC
1574239,1040,INCA ONE GOLD CORP
1574455,1311,KELT EXPLORATION LTD
1575311,6798,BROOKFLD DTLA OFFICE TR INV
1575858,1000,PUREBASE CORP
1575969,4512,AVIANCA HOLDINGS SA
1576197,4950,STRATEGIC ENVIRONMTL& ENERGY
1576336,6035,AJS BANCORP INC
1576496,1311,STORM RESOURCES LTD
1576963,1000,GREAT BEAR RESOURCES LTD
1577254,1311,JADESTONE ENERGY INC
1577583,1040,PRECIPITATE GOLD CORP
1577603,6035,DELANCO BANCORP INC
1578010,1000,UNIVERSAL COPPER LTD
1578405,1040,GOLDENEYE RESOURCES CORP
1579062,7370,PIVOT TECHNOLOGY SOLUTIONS
1579998,4841,COGECO COMMUNICATIONS INC
1580110,1000,LIBERO COPPER & GOLD CORP
1580220,3674,SPECTRA7 MICROSYSTEMS INC
1580264,7310,MOBILE LADS CORP
1580883,2090,SWEEGEN INC
1580923,6798,CHOICE PRP REAL ESTATE INV
1581214,1040,AVANTI ENERGY INC
1581312,1311,CORE RESOURCE MANAGEMENT INC
1581378,7372,CHANGING TECHNOLOGIES INC
1581545,2721,GL BRANDS INC
1582244,4923,CORNING NATURAL GAS HLDG CP
1582589,7389,CLONE ALGO TECHNOLOGIES INC
1583138,7372,PULSE EVOLUTION CORP
1583513,7372,STG GROUP INC
1583682,2834,ANTIBE THERAPEUTICS INC
1583962,1040,K2 GOLD CORPORATION
1584584,4991,AXIOM HOLDINGS INC
1584770,6020,EDGEWATER BANCORP INC
1585505,7350,ZEDCOR INC
1585808,2836,COTINGA PHARMACEUTICALS INC
1586050,1040,ANDEANGOLD LTD
1586454,6020,PRIME MERIDIAN HOLDING CO
1587050,6141,CARFINCO FINANCIAL GROUP INC
1587976,6020,EL BANCO FINANCIAL CORP-REDH
1589239,1000,IVANHOE MINES LTD
1590028,1381,PHX ENERGY SERVICES CORP
1590252,1000,PELANGIO EXPLORATION INC
1590427,4955,ENVIRONMENTAL WASTE INTL
1590496,4899,AERKOMM INC
1590565,7370,ASIA EQUITY EXCHANGE GRP INC
1590695,2834,TWINLAB CONSOLIDATED HLDGS
1590930,2835,MICROLIN BIO INC  -REDH
1591476,1311,RENAISSANCE OIL CORP
1591619,6799,GREENBANK CAPITAL INC
1594856,1000,SOLIDUSGOLD INC
1595140,5040,FAH MAI HOLDINGS GROUP INC
1595332,1040,GOLD TERRA RESOURCE CORP
1595675,3713,GREENPOWER MOTOR CO INC
1595949,7990,INTERTAIN GROUP LTD
1596369,5150,AGRICORE UNITED
1597457,1311,SPARTAN ENERGY CORP
1598103,3841,AURORA SPINE CORP
1598399,7361,CALDWELL PARTNERS INTL INC
1598924,9995,IMAGE CHAIN GROUP LTD INC
1600139,7370,ENGAGEMENT LABS INC
1602065,6792,VIPER ENERGY PARTNERS LP
1602397,2421,INTERFOR CORP
1602706,6411,KAOPU GROUP INC
1602757,7372,EXO U INC
1603210,3357,VALDOR TECHNOLOGY INTL INC
1603415,6159,ONEROOF ENERGY GROUP INC
1603519,1090,ALX RESOURCES CORP
1603793,1311,NORRIS INDUSTRIES INC
1603961,3845,MEDIFOCUS INC
1604627,5160,KUSHCO HOLDINGS INC
1604858,1044,US SILVER & GOLD INC
1604924,2836,FORWARD PHARMA A/S  -ADR
1604964,2834,MEDICAL MARIJUANA INC
1605308,1000,IVERNIA INC -OLD
1605331,7372,AB INTERNATIONAL GROUP CP
1605810,8742,PORTER HOLDING INTERNATIONAL
1605931,7371,UNIVERSAL POWER INDUSTRY CP
1605946,1090,MKANGO RESOURCES LTD
1605997,3510,NORTHERN POWER SYSTEMS
1606274,3330,ANTHEM UNITED INC
1606435,1400,ENCANTO POTASH CORP
1606493,3640,LUMENPULSE INC
1607849,4213,DASEKE INC
1610827,1000,EAGLE HILL EXPLORATION CORP
1610848,1311,PETRUS RESOURCES LTD
1611277,7381,HELIX TECHNOLOGIES INC
1612715,1311,MAGNUM ENERGY INC
1612932,2810,ARGEX TITANIUM INC
1613092,7370,SNIPP INTERACTIVE INC
1613186,1040,MX GOLD CORP
1613895,5190,BEMAX INC
1614036,3663,TRANZEO WIRELESS TECH INC
1614609,1040,AVNEL GOLD MINING LTD
1614723,3829,SYNODON INC
1615236,1311,PETRO-VICTORY ENERGY CORP
1615376,1090,DECLAN RESOURCES INC
1616195,2834,METTRUM HEALTH CORP
1616896,3312,ESSAR STEEL ALGOMA INC
1618572,1311,LEUCROTTA EXPLORATION INC
1618755,5812,RESTAURANT BRANDS INTL LP
1619055,5812,CAFE HOLDINGS INC
1619227,9995,CLOUDWEB INC
1619381,1600,NORTHERN FRONTIER CORP
1620280,6798,UNITI GROUP INC
1620742,1400,GRAPHITE ONE INC
1621373,6799,CERES GLOBAL AG CORP
1621528,1311,PINE CLIFF ENERGY LTD
1621697,7370,NATURAL HEALTH FARM HLDGS IN
1622240,2834,SUPREME CANNABIS CO INC
1622410,1311,TORO OIL & GAS LTD
1622620,1311,LYNDEN ENERGY CORP
1622629,1000,MAWSON GOLD LTD
1622867,5961,HWGG ENTERTAINMENT LTD
1622996,2834,ACRO BIOMEDICAL CO LTD
1623241,1311,DOMMO ENERGIA SA
1624826,2820,MPM HOLDINGS INC
1626064,1000,GREENHAWK RESOURCES INC
1626503,1311,KICKING HORSE ENERGY INC
1626745,5180,FORTUNE VALLEY TREASURES INC
1626844,5400,SECOND CUP LTD-OLD
1626908,6798,INNVEST REAL ESTATE INVT TR
1627274,1090,MINEWORX TECHNOLOGIES LTD
1627811,6141,XXXX DORMANT SHELL CORP
1628539,1040,NORTHQUEST LTD
1628695,1040,NORTHERN EMPIRE RESOURCES CP
1628871,3721,TEMPUS APPLIED SOLUTIONS HLD
1629632,3674,EGUANA TECHNOLOGIES INC
1629659,6020,EMPIRE BANCORP INC
1629665,2870,MULIANG VIAGOO TECHNOLGY INC
1630301,7370,GOLDMONEY INC
1630989,1311,SINTANA ENERGY INC
1635216,1000,NEMASKA LITHIUM INC
1635385,1090,U3O8 CORP
1635484,6035,CINCINNATI BANCORP
1635748,7370,ZOOMPASS HOLDINGS INC
1636444,6153,GAC PROPERTIES CREDIT INC
1637120,9997,CK HUTCHISON HOLDINGS LTD
1637512,3357,INTERNATIONAL WIRE GRP HLDGS
1638298,1623,UGE INTERNATIONAL LTD
1639234,7370,CHINA VTV LTD
1639554,7372,SYMBILITY SOLUTIONS INC
1639858,7359,GPA GROUP PLC
1640741,1040,PROBE METALS INC
1641229,1040,FIRST MINING GOLD CORP
1641437,7370,GAMING NATION INC
1641751,5961,BREWBILT MFG INC
1642048,3990,INNOVA GAMING GROUP INC
1642081,6020,ALLEGIANCE BANCSHARES INC
1644320,3661,LITE ACCESS TECHNOLOGIES INC
1644540,1000,SURGE COPPER CORP
1645198,9995,PERK INC
1645209,7370,NYX GAMING GROUP LTD
1645751,1040,ALGOLD RESOURCES LTD
1646109,6726,FIRST TR DYNAMIC EUROPE EQ
1646700,4923,TIDEWATER MIDSTREAM INFRASTR
1647866,7370,BINOVI TECHNOLOGIES CORP
1649624,1040,MIDLAND EXPLORATION INC
1649673,6726,HEALTHCARE SPECIAL OPPS FD
1650264,3944,SPIN MASTER CORP
1650505,3523,AIFARM LTD
1650779,2834,TELESTA THERAPEUTICS INC
1651958,5122,EOS INC
1652275,6020,CBT FINANCIAL CORP
1652561,2844,DSWISS INC
1652572,1311,BRIXTON ENERGY CORP
1652842,0700,UNITED ROYALE HOLDINGS CORP
1653115,1400,DRAFTTEAM DAILY FANTASY
1654672,8742,PINEAPPLE EXPRESS INC
1654714,3670,NEXOPTIC TECHNOLOGY CORP
1659458,8200,QUIZAM MEDIA CORP
1659574,2836,PASCAL BIOSCIENCES INC
1661458,6798,HIGHLANDS REIT INC
1662058,7372,QUORUM INFORMATION TECHNOL
1662994,3651,D-BOX TECHNOLOGIES INC
1664038,2834,HEMP NATURALS INC
1664127,3990,ALTITUDE INTERNATIONAL INC
1664767,2834,AEQUUS PHARMACEUTICALS INC
1665907,1040,OSISKO MINING INC
1666735,6722,NUVEEN HI INCOME DEC 19 TARG
1667524,1311,MANITOK ENERGY INC
1668112,4210,PUDO INC
1668428,6311,FGL HOLDINGS
1669405,3290,OPTA MINERALS INC
1669492,1000,ARIZONA MINING INC
1671116,1000,LITHIUM X ENERGY CORP
1673403,1040,NIGHTHAWK GOLD CORP
1675373,6510,INVESQUE INC
1675845,7370,BACKSTAGEPLAY INC
1676219,1000,ANFIELD GOLD CORP
1676595,1040,GOLDEN PREDATOR MINING CORP
1676621,1000,CHAMPION IRON LTD
1676759,1000,KARORA RESOURCES INC
1676988,3823,TITAN LOGIX CORP
1677324,1000,TOACHI MINING INC
1679426,1540,AMERICATOWNE HOLDINGS INC
1679764,5030,HARDWOODS DISTRIBUTION INC
1680024,6799,DOMINION LENDING CENTRES INC
1680054,4991,SOLAR ALLIANCE ENERGY INC
1680711,3812,BLACKLINE SAFETY CORP
1680713,1090,ENERGOLD DRILLING CORP
1680720,3823,AURORA SOLAR TECHNLOGIES INC
1680765,2833,CEAPRO INC
1682145,1000,ARMOR MINERALS INC
1682948,9995,AXION VENTURES INC
1683274,1000,RIO SILVER INC
1684505,3669,PATRIOT ONE TECHNOLOGIES INC
1685903,4513,CARGOJET INC
1687111,9995,LINCOLN VENTURES LTD
1688318,1311,VALEURA ENERGY INC
1688667,7372,FRANKLY INC
1688852,6798,SAFEHOLD INC
1689240,4991,ALTERRA POWER CORP
1689382,4812,TRILOGY INTL PARTNERS INC
1690349,1040,ORCA GOLD INC
1690640,6159,PWC CAPITAL INC
1690646,6159,IOU FINL INC
1690666,3674,XPERI HOLDING CORP
1690808,7819,WOW UNLIMITED MEDIA INC
1691507,6035,AFFINITY BANCSHARES INC
1695196,2834,GREEN ORGNC DUTCHMN HLD
1695519,1311,ALTAGAS LTD
1695631,2834,CANNIMED THERAPEUTICS INC
1696554,7359,TOTAL ENERGY SERVICES INC
1697006,6200,CROSSWINDS HOLDINGS INC
1697658,1000,DOUBLEVIEW GOLD CORP
1697782,3679,TRIO LABORATORIES INC
1697865,6331,E-L FINANCIAL CORP LTD
1698132,7370,DEEPMARKIT CORP
1698327,1000,HUDSON RESOURCES INC
1698643,1381,CATHEDRAL ENERGY SVCS LTD
1698663,1040,US COBALT INC
1698671,7373,YOHO RESOURCES INC
1699130,1040,NEWRANGE GOLD CORP
1699790,1040,AZUCAR MINERALS LTD
1699973,6020,SWEDBANK AB
1700211,1311,SERINUS ENERGY PLC
1700553,1090,COMMERCE RESOURCES CORP
1701229,3714,FORESIGHT AUTONOMOUS
1701808,2834,DARE BIOSCIENCE INC
1702479,7990,BRAGG GAMING GROUP
1703118,1090,FISSION 3.0 CORP
1703489,6035,PDL COMMUNITY BANCORP
1703785,1311,FALCON MINERALS CORP
1703978,2835,BIOASIS TECHNOLOGIES INC
1704114,5961,GOODFOOD MARKET CORP
1705771,5961,REEBONZ HOLDING LTD
1706509,4731,COSMOS GROUP HOLDINGS INC
1707679,7372,SAFE-T GROUP LTD
1708504,7990,SEVEN ACES LTD
1709017,6035,FFBW INC
1709139,1000,AMERICAN CREEK RESOURCES LTD
1710052,1040,ALTALEY MINING CORPORATION
1710680,6722,HIGHLAND INCOME FUND
1710794,8200,APOLLO GRP UNIV PHOENIX ONLN
1711044,6020,SEACOAST COMMERCE BANC HLDG
1711272,1000,MINERA ALAMOS INC
1712356,4911,HYDRO ONE LTD
1713525,1090,ALPHAMIN RESOURCES CORP
1714179,5070,FERGUSON PLC
1714921,7372,OPTIVA INC
1714973,4610,KINDER MORGAN CANADA LIMITED
1715462,3440,DYNAMIC TECHNOLOGIES GRP INC
1716400,1040,FIRST COBALT CORP
1716567,2836,HEMOSTEMIX INC
1718130,6411,SMART EMPLOYEE BENEFITS INC
1718420,5411,METRO INC
1719009,1040,CALIFORNIA GOLD MINING INC
1719451,1400,LSC LITHIUM CORPORATION
1720040,1040,ANGKOR RESOURCE CORP
1720445,6159,BURFORD CAPITAL LTD
1722214,1040,ANACONDA MINING INC
1722287,1400,COVIA HOLDINGS CORP
1722401,3812,THALES
1724148,1311,CANUC RESOURCES CORP
1724641,3670,BAYLIN TECHNOLOGIES INC
1725057,7370,CERIDIAN HCM HOLDING
1725603,1040,ALLEGIANT GOLD LTD
1726530,7812,NETWORK MEDIA GROUP INC
1727370,1040,STERLING METALS CORP
1727428,1000,PANCONTINENTAL RESOURCS CORP
1728215,2834,MPX BIOCEUTICAL CORPORATION
1729993,2000,GREENSPACE BRANDS INC
1731018,1040,METALLIS RESOURCES INC
1731911,2834,SKYE LIFE VENTURES LTD
1732598,1000,SCOZINC MINING LTD
1734123,6798,ARTIS REIT
1734725,1040,CONQUEST RESOURCES LTD
1735438,2836,MEIRAGTX HOLDINGS
1736289,3663,ROUTE1 INC
1736837,1381,ENSIGN ENERGY SERVICES INC
1737204,1311,RIVIERA RESOURCES INC
1740681,3270,CEMATRIX CORP
1742924,2810,LIVENT CORP
1743046,1040,MINAURUM GOLD INC
1743235,1040,RIO2 LTD
1743500,1000,SOMA GOLD CORP
1744808,1000,CARACARA SILVER INC
1746635,1000,WEST HIGH YIELD WHY RES LTD
1750155,2834,CHARLOTTES WEB HLDGS INC
1751692,6035,1895 BANCORP OF WISCONSN INC
1752575,6513,NEXLIVING COMMUNITIES INC
1753512,1000,THOR EXPLORATIONS LTD
1754664,8090,ALEAFIA HEALTH INC
1755191,1040,LIBERTY GOLD COR
1757074,1311,ALVOPETRO ENERGY LTD
1757261,5122,MEDEXUS PHARMACEUTICALS
1757497,1000,VAL-D'OR MINING CORP
1757985,1000,VENDETTA MINING CORP
1760683,9995,EAST STONE ACQUISITION CORP
1761181,3580,H2O INNOVATION INC
1764113,7500,PARKIT ENTERPRISE INC
1764790,2834,CITIZEN STASH CANNABIS CORP
1765267,1044,SILVER ONE RESOURCES INC
1765826,5500,BLUBUZZARD INC
1766146,9995,UNION ACQUSTIN CORP II
1766526,6020,TECTONIC FINANCIAL INC
1767287,6200,OTC MARKETS GROUP INC
1767934,3679,VIA OPTRONICS AG -ADS
1768225,2836,EMERALD HEALTH THERAPEUTICS
1769267,6035,FIRST SEACOAST BANCORP
1771039,1000,SILVER SPRUCE RESOURCES INC
1771797,6020,VALLEY REPUBLIC BANCORP
1772757,7990,DRAFTKINGS INC
1774462,2836,EVOTEC SE
1776628,2836,SONNET BIOTHERAPEUTICS HOLD
1776904,7370,LEONOVUS INC
1778784,6036,PROVIDENT BANCORP INC
1781531,3714,LUMINAR TECHNOLOGIES INC
1782354,6799,APOLLO HEALTHCARE CORP
1783378,1040,PURE GOLD MINING INC
1784930,1040,MAKO MNG CORP
1787045,1000,SILVER VALLEY METALS CORP
1789397,2836,COVALON TECHNOLOGIES LTD
1790368,1040,ZYQC GROUP HOLDING LTD
1790538,1040,SCOTTIE RESOURCES CORP
1790693,7372,DIAGNOS INC
1792554,1000,EQUITY METALS CORP
1795139,2834,GREEN THUMB INDUSTRIES INC
1795534,1000,VANADIUMCORP RESOURCES INC
1795753,7380,AVANTE LOGIXX INC
1797336,2836,AYALA PHARMACEUTIC INC
1798106,3711,AYRO INC
1799827,1040,MUNDORO CAPITAL INC
1800434,1040,PACTON GOLD INC
1800999,6552,CONSOL HCI HOLDINGS  -CL B
1802212,2836,GRIFOLS SA
1803800,1000,TALISKER RESOURCES LTD
1803801,1000,TRILLIUM GOLD MINES INC
1803977,2836,BIO LAB NATURALS INC
1804406,1000,GRID METALS CORP
1808065,6411,AON PLC
1811059,2834,AVICANNA INC
1811942,5122,FIRE & FLOWERS HOLDINGS CORP
1812390,1000,FORTUNE BAY CORP
1812667,9995,CC NEUBERG PRIN HOL II
1813607,1311,SPARTAN DELTA CORP
1813816,6020,UB BANCORP
1814888,2836,TETRA BIO-PHARMA INC
1815302,9995,YUCAIPA ACQUISITI CORP
1815785,1000,ESSEX MINERALS INC
1816376,1040,TROILUS GOLD CORP
1817533,1311,SHOAL POINT ENERGY LTD
1820191,9995,AEA-BRIDGES IMPAC CORP
1820852,9995,SPORTS ENTERTAINMNT ACQ CORP
1821171,9995,QELL ACQUISITION CORP
1821181,1040,AEX GOLD INC
1821246,1040,OCEANUS RESOURCES CORP
1822120,4950,CO2 GRO INC
1822219,9995,FIRSTMARK HORIZON ACQ CORP
1822352,1000,1844 RESOURCES INC
1822728,6795,SAILFISH ROYALTY CORP
1823340,9995,ALTIMETER GROWTH CORP
1823375,1311,TAAT GLOBAL ALTERNATIVES INC
1825095,6799,NORTHFIELD INC
1826836,1040,AYA GOLD & SILVER INC
1827161,1040,MAGNA TERRA MINERALS INC
1827298,1000,PASOFINO GOLD LTD
1829055,1000,ST ANTHONY GOLD CORP
1829137,1040,MANITOU GOLD INC
1829725,1040,ALMADEX MINERALS LTD
1831894,1040,BRAVEHEART RESOURCES INC
1832201,6799,MOUNT LOGAN CAPITAL INC
1832397,6020,COMMUNITIES FIRST FINANCIAL
1832501,1000,NEVADO RESOURCES CORP
1832928,2834,CRESCO LABS INC
1833013,1090,FISSION URANIUM CORP
1833096,2836,WILLOW BIOSCIENCES INC
1835741,1000,JAEGER RESOURCES CORP
1836747,6211,RED LIGHT HOLLAND CORP
1840761,1000,ROYAL FOX GOLD INC
1841193,1044,CMC METALS LTD
1841942,1400,RED MOON RESOURCES INC
1844744,9995,ALIGHT INC
1847368,7373,VOXTUR ANALYTICS CORP
1847462,2834,AYR WELLNESS INC
1854017,7370,MDF COMMERCE INC
1856082,1040,RED PINE EXPLORATION INC
1860710,1090,PUREPOINT URANIUM GROUP INC
1865477,1000,CAT STRATEGIC METALS CORP
1865688,1040,GALANTAS GOLD CORP
1865963,1000,LQWD FINTECH CORP
1870280,6020,1ST CAP BANCORP
1871341,1040,KORE MINING LTD
1872138,3845,TELO GENOMICS CORP
1875931,1000,CARBON STREAMING CORP
