filename,competitors_new,competitors_ciks_new,competitors_old,competitors_ciks_old
CIK1001193_10K_20070330.txt,,,Intel Corporation,50863
CIK1001426_10K_20050915.txt,"Analog Devices|Connor Winfield|Cypress Semiconductor Corporation|Ecliptek|Epson|Fairchild Semiconductor Int’l.|Fox|Hitachi|Integrated Circuit Systems, Inc.|Integrated Device Technology, Inc.|Intel Corp.|KDS|KED|Maxim Integrated Products, Inc.|Motorola|Mtron|NDK|On Semiconductor Corp.|PLX Technology|Philips|Raltron|STMicroelectronics|Texas Instruments, Inc.|Toshiba|Tundra Semiconductor Corp.|Vectron",6281|-1|791915|-1|-1|-1|1754301|47710|874689|703361|50863|737686|1363890|743316|68505|-1|-1|1097864|850579|205778|-1|932787|97476|98573|-1|-1,"Analog Devices|Cypress Semiconductor Corporation|Fairchild Semiconductor Int’l.|Hitachi|Integrated Circuit Systems, Inc.|Integrated Device Technology, Inc.|Intel Corp.|Maxim Integrated Products, Inc.|Motorola|On Semiconductor Corp.|PLX Technology|Philips|STMicroelectronics|Texas Instruments, Inc.|Toshiba|Tundra Semiconductor Corp.",6281|791915|-1|47710|874689|703361|50863|743316|68505|1097864|850579|205778|932787|97476|98573|-1
CIK1001426_10K_20060914.txt,3Com|Canon|Changhong|Cisco|Dell|Fujitsu|HP|Haier|IBM|Intel|LGE|Lexmark|Lucent|Nortel|Samsung|Sharp|Skyworth|Sony|TCL|Toshiba|Xerox|ZTE,-1|16988|-1|858877|1571996|39341|47217|-1|353524|50863|861388|-1|1006240|72911|-1|800840|-1|313838|1287073|98573|1770450|-1,"Analog Devices|Cypress Semiconductor Corporation|Fairchild Semiconductor Int’l.|Hitachi|Integrated Device Technology, Inc.|Intel Corp.|Maxim Integrated Products, Inc.|Motorola|On Semiconductor Corp.|PLX Technology|Philips|STMicroelectronics|Texas Instruments, Inc.|Toshiba|Tundra Semiconductor Corp.",6281|791915|-1|47710|703361|50863|743316|68505|1097864|850579|205778|932787|97476|98573|-1
CIK1001426_10K_20070920.txt,,,"Analog Devices|Connor Winfield|Cypress Semiconductor Corporation|Ecliptek|Epson|Fairchild Semiconductor Int'l.|Fox|Hitachi|Integrated Device Technology, Inc.|Intel Corp.|KDS|KED|Maxim Integrated Products, Inc.|Motorola|Mtron|NDK|On Semiconductor Corp.|PLX Technology|STMicroelectronics|Texas Instruments, Inc.|Toshiba|Tundra Semiconductor Corp.|Vectron",6281|-1|791915|-1|-1|-1|1754301|47710|703361|50863|737686|1363890|743316|68505|-1|-1|1097864|850579|932787|97476|98573|-1|-1
CIK1003022_10K_20010402.txt,,,C-Cube|C-Cube Microsystems|Cirrus Logic|Cirrus Logic (Crystal Semiconductor)|Conexant|Crystal Semiconductor|David Sarnoff Research Center|Divio|ESS|Fujitsu|LSI Logic|LuxSonor|Matsushita|Motorola|National Semiconductor|SICAN Microelectronics|STMicroelectronics|Sony|Sunplus|Texas Instruments|Winbond|Yamaha,1102056|-1|772406|772406|1069353|-1|-1|-1|907410|39341|-1|-1|-1|68505|70530|-1|932787|313838|-1|97476|-1|-1
CIK1003022_10K_20030331.txt,ALi Corporation|Atmel|Cirrus Logic|Divio|ESS|Fujitsu|LSI Logic|Matsushita|MediaTek|Motorola|National Semiconductor|Omnivision|STMicroelectronics|Sony|Sunplus|Texas Instruments|Winbond|Yamaha,863928|872448|772406|-1|907410|39341|-1|-1|-1|68505|70530|1106851|932787|313838|-1|97476|-1|-1,"ALi Corporation|Atmel Corporation|Cirrus Logic (Crystal Semiconductor)|Divio|ESS Technology, Inc.|LSI Logic|Matsushita|MediaTek Inc.|Motorola|National Semiconductor|Omnivision Technologies, Inc.|STMicroelectronics|Sony|Sunplus Technology|Texas Instruments|Winbond|Yamaha",863928|872448|772406|-1|907410|-1|-1|-1|68505|70530|1106851|932787|313838|-1|97476|-1|-1
CIK1003022_10K_20040315.txt,"ALi Corporation|ATI Technologies|Adobe Systems|Agilent|Atmel|Broadcom|Cheertek|Cirrus Logic|Conexant|Divio|ESS|Electronics for Imaging, Inc.|Fujitsu|LSI Logic|Matsushita|MediaTek|Motorola|National Semiconductor|Oasis Semiconductor|Omnivision|Peerless Systems|STMicroelectronics|Sony|Sunplus|TAK ASIC|Texas Instruments|Yamaha",863928|1065331|-1|1090872|872448|1730168|-1|772406|1069353|-1|907410|867374|39341|-1|-1|-1|68505|70530|1156934|1106851|897893|932787|313838|-1|-1|97476|-1,"ALi Corporation|ATI Technologies|Adobe Systems|Agilent|Atmel|Broadcom|Cheertek|Cirrus Logic|Conexant|Divio|ESS|Electronics for Imaging, Inc.|Fujitsu|IBM|LSI Logic|Matsushita|MediaTek|Motorola|National Semiconductor|Oasis Semiconductor|Omnivision|Peerless Systems|STMicroelectronics|Sony|Sunplus|TAK ASIC|Texas Instruments|Yamaha",863928|1065331|-1|1090872|872448|1730168|-1|772406|1069353|-1|907410|867374|39341|353524|-1|-1|-1|68505|70530|1156934|1106851|897893|932787|313838|-1|-1|97476|-1
CIK1003022_10K_20050331.txt,"ALi Corporation|ATI Technologies|Adobe Systems|Agilent|Broadcom|Cheertek|Cirrus Logic|Conexant|ESS|Electronics for Imaging, Inc.|Fujitsu|Genesis Microchip|Global Graphics|IBM|LSI Logic|Matsushita|MediaTek|Motorola|Oasis Semiconductor|Peerless Systems|STMicroelectronics|Sony|Sunplus|TAK Imaging|Texas Instruments|Trident Microsystems|Yamaha",863928|1065331|-1|1090872|1730168|-1|772406|1069353|907410|867374|39341|1161396|-1|353524|-1|-1|-1|68505|1156934|897893|932787|313838|-1|-1|97476|859475|-1,"ALi Corporation|ATI Technologies|Adobe Systems|Agilent|Broadcom|Cheertek|Cirrus Logic|Conexant|ESS|Electronics for Imaging, Inc.|Genesis Microchip|Global Graphics|IBM|LSI Logic|Matsushita|MediaTek|Oasis Semiconductor|Peerless Systems|STMicroelectronics|Sony|Sunplus|TAK Imaging|Texas Instruments|Trident Microsystems",863928|1065331|-1|1090872|1730168|-1|772406|1069353|907410|867374|1161396|-1|353524|-1|-1|-1|1156934|897893|932787|313838|-1|-1|97476|859475
CIK1003022_10K_20080229.txt,ALi Corporation|Applied Micro Devices|Broadcom|Cheertek|Cirrus Logic (Crystal Semiconductor)|ESS Technology Inc.|Freescale Semiconductor|Fujitsu|Global Graphics|LSI Corporation|M-Star|Magnum Semiconductor|Marvell Semiconductor|Matsushita|MediaTek|Mediatek|NEC|Novatech|Peerless Systems|Pixelworks|Renesas Technology|STMicroelectronics|Samsung|Sigmatel Inc.|Sunplus|Texas Instruments|Trident Microsystems|Yamaha,863928|-1|1730168|-1|772406|907410|1272547|39341|-1|703360|-1|-1|-1|-1|-1|-1|72127|-1|897893|1040161|-1|932787|-1|1043639|-1|97476|859475|-1,ALi Corporation|Applied Micro Devices|Broadcom|Cheertek|Cirrus Logic (Crystal Semiconductor)|ESS Technology Inc.|Freescale Semiconductor|Fujitsu|Global Graphics|LSI Corporation|M-Star|Magnum Semiconductor|Marvell Semiconductor|Matsushita|MediaTek|NEC|Novatech|Peerless Systems|Pixelworks|Renesas Technology|STMicroelectronics|Samsung|Sigmatel Inc.|Sunplus|Texas Instruments|Trident Microsystems|Yamaha,863928|-1|1730168|-1|772406|907410|1272547|39341|-1|703360|-1|-1|-1|-1|-1|72127|-1|897893|1040161|-1|932787|-1|1043639|-1|97476|859475|-1
CIK1003022_10K_20090226.txt,,,"AMD|Adobe|Ambarella|Broadcom Corp.|Conexant Systems, Inc.|CoreLogic|Fujitsu|Global Graphics|M-Star|Marvell Semiconductor, Inc.|MediaTek Inc.|Micronas|MtekVision Co. Ltd.|NXP|Novatech|ST Microelectronics|Sunplus Technology Co. Ltd.|Telechips Inc.|Texas Instruments, Inc.|Trident Microsystems, Inc.|nVidia",2488|796343|1280263|1730168|1069353|36047|39341|-1|-1|-1|-1|-1|-1|1413447|-1|-1|-1|873979|97476|859475|-1
CIK1003022_10K_20100301.txt,,,"Adobe|Ambarella|Broadcom Corp.|Conexant Systems, Inc.|CoreLogic|Fujitsu|Global Graphics|M-Star|Marvell Semiconductor, Inc.|MediaTek Inc.|MtekVision Co.Ltd.|Novatech|ST Microelectronics|Sunplus Technology Co. Ltd.|Telechips Inc.|Texas Instruments, Inc.|Trident|nVidia",796343|1280263|1730168|1069353|36047|39341|-1|-1|-1|-1|-1|-1|-1|-1|873979|97476|1005128|-1
CIK1003022_10K_20110307.txt,,,"Adobe|Alps|Altobeam|Ambarella|Anadigics|Broadcom Corp.|Conexant Systems, Inc.|Entropic|Fujitsu|Global Graphics|Guoxin|HDIC|Konka|LG|Legend Silicon|M-Star|Marvell Semiconductor, Inc.|MaxScend|Maxlinear|MediaTek Inc.|Mediatek/MTK|Monotype, Inc.|MorningStar/Mstar|NXP Semiconductors|Novatech|NuTune|Panasonic|Renesas|SONY|ST Microelectronics|STMicroelectronics|Samsung Electro-Mechanics|Sanyo|Sharp|Silicon Labs|Sony|Sunplus Technology Co. Ltd.|Texas Instruments, Inc.|Toshiba|Trident|Xceive|Xuguang",796343|883168|-1|1280263|940332|1730168|1069353|1227930|39341|-1|-1|701645|-1|857471|-1|-1|-1|-1|1288469|-1|-1|1385292|-1|1413447|-1|-1|63271|-1|313838|-1|932787|-1|203097|800840|1038074|313838|-1|97476|98573|1005128|-1|-1
CIK1003214_10K_20030327.txt,APT|ATI|AV Science|Agilent|Analog Devices|Broadcom|Chaparral|Chrontel|Focus Enhancements|Genesis Microchip|Highpoint|Hitachi|Infortrend|Intel|LSI Logic|Marvell|Matrox|Matsushita|Mediamatics|Micronas Semiconductor|Mylex|National Semiconductor|Oplus|Philips|Pixelworks|Promise|QLogic|SIS|ST Microelectronics|ServerWorks|Smart ASIC|Sony|Texas Instruments|Thine|Thomson|Toshiba|Trident|VIA|Vitesse|nVidia,1543739|929245|-1|1090872|6281|1730168|1346980|-1|884719|1161396|1725526|47710|-1|50863|-1|1058057|-1|-1|-1|-1|731619|70530|-1|205778|1040161|-1|918386|719113|-1|-1|-1|313838|97476|-1|-1|98573|1005128|1003929|880446|-1,APT|ATI|AV Science|Agilent|Analog Devices|Broadcom|Chaparral|Chrontel|Focus Enhancements|Genesis Microchip|Highpoint|Hitachi|Infortrend|Intel|LSI Logic|Marvell|Matrox|Matsushita|Mediamatics|Micronas Semiconductor|Mindspeed|Mylex|National Semiconductor|Oplus|PMC-Sierra|Philips Semiconductor|Pixelworks|Promise|QLogic|SIS|ST Microelectronics|Serverworks|Smart ASIC|Sony|TI|Texas Instruments|Thine|Thomson|Toshiba|Trident|VIA|Vitesse|nVidia,1543739|929245|-1|1090872|6281|1730168|1346980|-1|884719|1161396|1725526|47710|-1|50863|-1|1058057|-1|-1|-1|-1|1224370|731619|70530|-1|767920|-1|1040161|-1|918386|719113|-1|-1|-1|313838|98596|97476|-1|-1|98573|1005128|1003929|880446|-1
CIK1003214_10K_20040315.txt,ATI Technologies|AV Science|Agilent|Analog Devices|Broadcom|Chaparral|Chrontel|Connexant|Focus Enhancements|Genesis Microchip|Highpoint|Infortrend|Intel|MRT|Macronix|Mediamatics|Micronas Semiconductor|Mylex|National Semiconductor|Oplus|PMC Sierra|Philips Semiconductor|Pixelworks|Promise|SIS|ST Microelectronics|ServerWorks|Smart ASIC|Taiwan-based companies|Texas Instruments|Thine|Trident|VIA|Vitesse|nVidia,1065331|-1|1090872|6281|1730168|1346980|-1|-1|884719|1161396|1725526|-1|50863|1019072|1009680|-1|-1|731619|70530|-1|767920|-1|1040161|-1|719113|-1|-1|-1|-1|97476|-1|1005128|1003929|880446|-1,APT|ATI Technologies|AV Science|Agilent|Analog Devices|Broadcom|Chaparral|Chrontel|Connexant|Focus Enhancements|Genesis Microchip|Highpoint|Hitachi|Infortrend|Intel|LSI Logic|MRT|Macronix|Marvell|Matsushita|Mediamatics|Micronas Semiconductor|Mindspeed|Mylex|National Semiconductor|Oplus|PMC-Sierra|Philips Semiconductor|Pixelworks|Promise|QLogic|SIS|ST Microelectronics|Serverworks|Smart ASIC|Sony|Texas Instruments|Thine|Thomson|Toshiba|Trident|Vitesse|nVidia,1543739|1065331|-1|1090872|6281|1730168|1346980|-1|-1|884719|1161396|1725526|47710|-1|50863|-1|1019072|1009680|1058057|-1|-1|-1|1224370|731619|70530|-1|767920|-1|1040161|-1|918386|719113|-1|-1|-1|313838|97476|-1|-1|98573|1005128|880446|-1
CIK1003214_10K_20050316.txt,ATI Technologies|Texas Instruments|Thine Electronics|nVidia,1065331|97476|-1|-1,APT|ATI Technologies|AV Science|Adaptec|Agilent Technologies|Analog Devices|Broadcom|Chrontel|Connexant|Focus Enhancements|Genesis Microchip|Highpoint|Hitachi|IQStor|Intel|LSI Logic|MRT|Macronix|Marvell Technology|Matsushita|Mediamatics|Micronas Semiconductor|Mindspeed Technologies|National Semiconductor|Oplus|PMC-Sierra|Philips Semiconductor|Pixelworks|Promise Technology|QLogic|SIS|ST Microelectronics|Serverworks|Silicon Integrated Systems|Smart ASIC|Sony|Texas Instruments|Thine Electronics|Thomson|Toshiba|Trident|VIA Technologies|Vitesse|Xyratex|Zoran|nVidia,1543739|1065331|-1|-1|1090872|6281|1730168|-1|-1|884719|1161396|1725526|47710|-1|50863|-1|1019072|1009680|1058057|-1|-1|-1|1224370|70530|-1|767920|-1|1040161|-1|918386|719113|-1|-1|-1|-1|313838|97476|-1|-1|98573|1005128|-1|880446|1284823|1003022|-1
CIK1003214_10K_20060316.txt,APT|ATI Technologies|AV Science|Analog Devices|Atmel|Broadcom|Chrontel|Conexant|Explore Technologies|Focus Enhancements|Genesis Microchip|Intel|J-Micron|LSI Logic|MRT|Macronix|Media|National Semiconductor|Novatek|Philips Semiconductor|Pixelworks|Promise Technology|SIS|ST Microelectronics|Samsung Semiconductor|ServerWorks|Silicon Integrated Systems|Smart ASIC|Texas Instruments|Thine|Thine Electronics|VIA Technologies|Vitesse|nVidia,1543739|1065331|-1|6281|872448|1730168|-1|1069353|-1|884719|1161396|50863|-1|-1|1019072|1009680|1434111|70530|832334|-1|1040161|-1|719113|-1|-1|-1|-1|-1|97476|-1|-1|-1|880446|-1,ATI Technologies|AV Science|Agilent Technologies|Analog Devices|Broadcom|Chrontel|Conexant|Explore Technologies|Focus Enhancements|Genesis Microchip|Hitachi|J-Micron|LSI Logic|MRT|Macronix|Marvell Technology|Matsushita|Mediamatics|Micronas Semiconductor|Mindspeed Technologies|National Semiconductor|Oplus|PMC-Sierra|Philips Semiconductor|Pixelworks|Promise Technology|QLogic|SIS|ST Microelectronics|Serverworks|Silicon Integrated Systems|Smart ASIC|Sony|Texas Instruments|Thine|Thine Electronics|Thomson|Toshiba|VIA Technologies|Vitesse|nVidia,1065331|-1|1090872|6281|1730168|-1|1069353|-1|884719|1161396|47710|-1|-1|1019072|1009680|1058057|-1|-1|-1|1224370|70530|-1|767920|-1|1040161|-1|918386|719113|-1|-1|-1|-1|313838|97476|-1|-1|-1|98573|-1|880446|-1
CIK1003214_10K_20070301.txt,"A Technologies|APT|Analog Devices|Atmel|Genesis Microchip Corp.|Genesis Microchip, Inc.|Hitachi|Intel|J-Micron|LSI Logic|Matsushita|National Semiconductor|Philips|Promise Technology|ServerWorks|Silicon Integrated Systems|Sony|Texas Instruments|Thomson|Toshiba|VIA Technologies|Vitesse|nVidia",-1|1543739|6281|872448|1161396|1161396|47710|50863|-1|-1|-1|70530|205778|-1|-1|-1|313838|97476|-1|98573|-1|880446|-1,APT|ATI|AV Science|Analog Devices|Analogix Semiconductor|Atmel|Broadcom|Chrontel|Conexant|Focus Enhancements|Genesis|Hitachi|Intel|J-Micron|LSI Logic|MRT|Marvell Technology|Matsushita|Mediamatics|Micronas Semiconductor|Mstar|National Semiconductor|Oplus|Philips|Philips Semiconductor|Pixelworks|Promise Technology|SIS|ST Microelectronics|ServerWorks|Silicon Integrated Systems|Smart ASIC|Sony|Texas Instruments|Thine|Thomson|Toshiba|Trident|VIA Technologies|Vitesse|nVidia,1543739|929245|-1|6281|-1|872448|1730168|-1|1069353|884719|1236736|47710|50863|-1|-1|1019072|1058057|-1|-1|-1|-1|70530|-1|205778|-1|1040161|-1|719113|-1|-1|-1|-1|313838|97476|-1|-1|98573|1005128|-1|880446|-1
CIK1003214_10K_20080227.txt,AMD|Analog Devices|Atmel|Broadcom|Chrontel|Conexant|Genesis|Hitachi|Intel|J-Micron|LSI Logic|MRT|Marvell Technology|Matsushita|National Semiconductor|Philips|Pixelworks|Promise Technology|SIS|ST Microelectronics|Silicon Integrated Systems|Smart ASIC|Sony|Texas Instruments|Thine|Thomson|Toshiba|VIA Technologies|nVidia,2488|6281|872448|1730168|-1|1069353|1236736|47710|50863|-1|-1|1019072|1058057|-1|70530|205778|1040161|-1|719113|-1|-1|-1|313838|97476|-1|-1|98573|-1|-1,APT|Analog Devices|Analogix|Atmel|Broadcom|Chrontel|Conexant|Genesis|Hitachi|Intel|J-Micron|MRT|Marvell Technology|Matsushita|National Semiconductor|Philips|Pixelworks|Promise Technology|SIS|ST Microelectronics|Silicon Integrated Systems|Smart ASIC|Sony|Texas Instruments|Thine|Thomson|Toshiba|VIA Technologies|nVidia,1543739|6281|-1|872448|1730168|-1|1069353|1236736|47710|50863|-1|1019072|1058057|-1|70530|205778|1040161|-1|719113|-1|-1|-1|313838|97476|-1|-1|98573|-1|-1
CIK1003214_10K_20090213.txt,AMD|Analog Devices|Analogix|Atmel|Broadcom|Chrontel|Conexant|Hitachi|Intel|J-Micron|MRT|Marvell Technology|Matsushita|Mstar|NXP|National Semiconductor|Pixelworks|Promise Technology|SIS|ST Micro|ST Microelectronics|Silicon Integrated Systems|Smart ASIC|Sony|Texas Instruments|Thine|Thomson|Toshiba|VIA Technologies|nVidia,2488|6281|-1|872448|1730168|-1|1069353|47710|50863|-1|1019072|1058057|-1|-1|1413447|70530|1040161|-1|719113|-1|-1|-1|-1|313838|97476|-1|-1|98573|-1|-1,AMD|Analog Devices|Analogix|Apple|Atmel|Broadcom|Chrontel|Conexant|Dell|Hitachi|Intel|J-Micron|LSI Logic|MRT|Marvell Technology|Matsushita|Mstar|NXP|National Semiconductor|Pixelworks|Promise Technology|SIS|ST Micro|ST Microelectronics|Silicon Integrated Systems|Smart ASIC|Sony|Texas Instruments|Thine|Thomson|Toshiba|VIA Technologies|nVidia,2488|6281|-1|320193|872448|1730168|-1|1069353|1571996|47710|50863|-1|-1|1019072|1058057|-1|-1|1413447|70530|1040161|-1|719113|-1|-1|-1|-1|313838|97476|-1|-1|98573|-1|-1
CIK1003214_10K_20100216.txt,AMD|Analog Devices|Analogix|Apple|Atmel|Broadcom|Dell|Intel|J-Micron|LSI Logic|Marvell Technology|Mstar|NXP|National Semiconductor|Panasonic|Pixelworks|Promise Technology|SIS|ST|STMicroelectronics|Samsung|Silicon Integrated Systems|Sony|Texas Instruments|Toshiba|Trident|VIA Technologies|nVidia,2488|6281|-1|320193|872448|1730168|1571996|50863|-1|-1|1058057|-1|1413447|70530|63271|1040161|-1|719113|934596|932787|-1|-1|313838|97476|98573|1005128|-1|-1,AMD|Analog Devices|Analogix|Apple|Atmel|Broadcom|Dell|Intel|J-Micron|Marvell Technology|Mstar|NXP|National Semiconductor|Panasonic|Pixelworks|Promise Technology|SIS|ST|STMicroelectronics|Silicon Integrated Systems|Sony|Texas Instruments|Toshiba|Trident|VIA Technologies|nVidia,2488|6281|-1|320193|872448|1730168|1571996|50863|-1|1058057|-1|1413447|70530|63271|1040161|-1|719113|934596|932787|-1|313838|97476|98573|1005128|-1|-1
CIK1003214_10K_20110217.txt,ACARD|AMD|Analog Devices|Analogix Semiconductor|Atmel|Broadcom|Intel|J-Micron|Marvell|MediaTek|Mstar|NXP|National Semiconductor|Nvidia|Panasonic|Parade Technologies|Qualcomm|ST Ericsson|STM|Samsung|Silicon Integrated Systems|Sony|TI|Texas Instruments|Toshiba|Trident|VIA Technologies|Zoran,-1|2488|6281|-1|872448|1730168|50863|-1|1058057|-1|-1|1413447|70530|1045810|63271|-1|804328|-1|932787|-1|-1|313838|98596|97476|98573|1005128|-1|1003022,ACARD|AMD|Analog Devices|Analogix Semiconductor|Atmel|Broadcom|Intel|J-Micron|Marvell|MediaTek|Mstar|NXP|National Semiconductor|Nvidia|Panasonic|Parade Technologies|Qualcomm|ST Ericsson|STM|Silicon Integrated Systems|Sony|TI|Texas Instruments|Toshiba|Trident|VIA Technologies|Zoran,-1|2488|6281|-1|872448|1730168|50863|-1|1058057|-1|-1|1413447|70530|1045810|63271|-1|804328|-1|932787|-1|313838|98596|97476|98573|1005128|-1|1003022
CIK1003214_10K_20120301.txt,ACARD|AMD|Analog Devices|Atmel|Broadcom|Intel|J-Micron|Marvell|MediaTek|Mstar|Nvidia|Panasonic|STM|Samsung|Silicon Integrated Systems|Sony|Texas Instruments|Toshiba|Trident|VIA Technologies,-1|2488|6281|872448|1730168|50863|-1|1058057|-1|-1|1045810|63271|932787|-1|-1|313838|97476|98573|1005128|-1,AMD|Analog Devices|Analogix Semiconductor|Broadcom|Explore|Intel|Marvell|MediaTek|Mstar|NXP|Nvidia|Panasonic|Parade Technologies|Qualcomm|ST Ericsson|STM|Samsung|Silicon Integrated Systems|Sony|TI|Toshiba|Trident|VIA Technologies,2488|6281|-1|1730168|-1|50863|1058057|-1|-1|1413447|1045810|63271|-1|804328|-1|932787|-1|-1|313838|98596|98573|1005128|-1
CIK1003214_10K_20130226.txt,AMD|Analog Devices|Analogix Semiconductor|Broadcom|Explore|Intel|Marvell|MediaTek|Mstar|NVIDIA|Parade Technologies|Sigma,2488|6281|-1|1730168|-1|50863|1058057|-1|-1|1045810|-1|700712,Analog Devices|Analogix|Broadcom|Explore|Intel|Marvell|MediaTek|Mstar|NVIDIA|Parade|Qualcomm|ST Ericsson|Sigma|Texas Instruments|Wilocity,6281|-1|1730168|-1|50863|1058057|-1|-1|1045810|-1|804328|-1|700712|97476|-1
CIK1003214_10K_20140224.txt,Apple|Google,320193|-1,Advanced Semiconductor Engineering|Amkor Taiwan|Analog Devices|Analogix|Broadcom|Explore|Intel|Intel Corporation|MStar|Marvell|MediaTek|NVIDIA|Panasonic|Parade|Qualcomm|Sigma|Siliconware Precision Industries Co. Ltd.|TSMC|Texas Instrument,-1|-1|6281|-1|1730168|-1|50863|50863|-1|1058057|-1|1045810|63271|-1|804328|700712|-1|1046179|-1
CIK1003214_10K_20150225.txt,Analog Devices|Analogix Semiconductor|Apple|Broadcom|Explore|Google|Intel|MStar|Marvell|MediaTek|NVIDIA|Parade Technologies|Qualcomm|Sigma|Texas Instrument,6281|-1|320193|1730168|-1|-1|50863|-1|1058057|-1|1045810|-1|804328|700712|-1,Analog Devices|Analogix Semiconductor|Broadcom|Explore|Intel|MStar|Marvell|MediaTek|NVIDIA|Parade Technologies|Qualcomm|Sigma|Texas Instrument,6281|-1|1730168|-1|50863|-1|1058057|-1|1045810|-1|804328|700712|-1
CIK1005284_10K_20140228.txt,"BASF Corporation|Cambridge Display Technology, Ltd.|Eastman Kodak Company|Idemitsu Kosan Co., Ltd.|Merck KGaA|Sumitomo Chemical Company",1717557|1297968|31235|-1|310158|-1,"BASF Corporation|Cambridge Display Technology, Ltd.|Canon, Inc.|Eastman Kodak Company|Idemitsu Kosan Co., Ltd.|Merck KGaA|Mitsubishi Chemical Corporation|Semiconductor Energy Laboratories Co.|Sumitomo Chemical Company",1717557|1297968|16988|31235|-1|310158|-1|-1|-1
CIK1005284_10K_20150226.txt,"BASF Corporation|Cambridge Display Technology, Ltd.|Eastman Kodak Company|Idemitsu Kosan Co., Ltd.|Merck KGaA|Sumitomo Chemical Company",1717557|1297968|31235|-1|310158|-1,"BASF Corporation|Cambridge Display Technology, Ltd.|Canon, Inc.|Cheil Industries|Doosan Electronics|Dow Chemical|Duksan|Eastman Kodak Company|Idemitsu Kosan Co., Ltd.|Merck KGaA|Mitsubishi Chemical Corporation|NSSCC|SFC Co. Ltd.|Semiconductor Energy Laboratories Co.|Sumitomo Chemical Company",1717557|1297968|16988|-1|-1|-1|-1|31235|-1|310158|-1|-1|1011836|-1|-1
CIK1005284_10K_20160225.txt,"BASF Corporation|Cambridge Display Technology, Ltd.|Cheil Industries|Doosan Electronics|Dow Chemical|Eastman Kodak Company|Idemitsu Kosan Co., Ltd.|Merck KGaA|SFC Co. Ltd.|Sumitomo Chemical Company",1717557|1297968|-1|-1|-1|31235|-1|310158|1011836|-1,"BASF Corporation|Cambridge Display Technology, Ltd.|Canon, Inc.|Cheil Industries|Doosan Electronics|Dow Chemical|Duksan|Eastman Kodak Company|Idemitsu Kosan Co., Ltd.|Merck KGaA|Mitsubishi Chemical Corporation|SFC Co. Ltd.|Semiconductor Energy Laboratories Co.|Sumitomo Chemical Company",1717557|1297968|16988|-1|-1|-1|-1|31235|-1|310158|-1|1011836|-1|-1
CIK1005284_10K_20170223.txt,"Cambridge Display Technology, Ltd.|Cynora Gmbh|Eastman Kodak Company|Idemitsu Kosan Co., Ltd.|Kyulux Inc.|Merck KGaA|Sumitomo Chemical Company",1297968|-1|31235|-1|-1|310158|-1,"Adesis, Inc.|BASF|BASF SE|BASF Schweitz AG|Cambridge Display Technology, Ltd.|Cynora Gmbh|Doosan Electronics|Dow Chemical|Duksan|Eastman Kodak Company|Fujifilm|Idemitsu Kosan Co., Ltd.|Koninklijke Philips Electronics N.V.|Kyulux Inc.|LG Display Co., Ltd.|Merck KGaA|Merck Patent GmbH|Motorola|Osram GmbH|SFC Co. Ltd.|Samsung SDI Co. Ltd.|Semiconductor Energy Laboratory, Co., Ltd.|Siemens Aktiengesellschaft|Sumitomo Chemical Company|Tianma Micro-electronics Co. Ltd.",-1|1717557|1717557|-1|1297968|-1|-1|-1|-1|31235|800365|-1|-1|-1|1290109|310158|-1|68505|-1|1011836|-1|-1|-1|-1|-1
CIK1005284_10K_20180222.txt,"Cambridge Display Technology, Ltd.|Cynora Gmbh|Eastman Kodak Company|Idemitsu Kosan Co., Ltd.|Kyulux Inc.|Merck KGaA|Sumitomo Chemical Company",1297968|-1|31235|-1|-1|310158|-1,"BASF|BASF Schweitz AG|BOE Technology Group Co., Ltd.|Cambridge Display Technology, Ltd.|Cynora Gmbh|Doosan Electronics|Dow Chemical|Duksan|Eastman Kodak Company|Fujifilm|Idemitsu Kosan Co., Ltd.|Koninklijke Philips Electronics N.V.|Kyulux Inc.|LG Display Co., Ltd.|Merck KGaA|Merck Patent GmbH|Motorola|NSCC|Osram GmbH|Samsung SDI Co., Ltd.|Siemens Aktiengesellschaft|Sumitomo Chemical Company|Tianma Micro-electronics Co. Ltd.",1717557|-1|-1|1297968|-1|-1|-1|-1|31235|800365|-1|-1|-1|1290109|310158|-1|68505|863210|-1|-1|-1|-1|-1
CIK1005284_10K_20190221.txt,"Cambridge Display Technology, Ltd.|Cynora Gmbh|Eastman Kodak Company|Idemitsu Kosan Co., Ltd.|Kyulux Inc.|Merck KGaA|Sumitomo Chemical Company",1297968|-1|31235|-1|-1|310158|-1,"Adesis, Inc.|BASF SE|BOE Technology Group Co., Ltd.|Cambridge Display Technology, Ltd.|Cynora Gmbh|Doosan Electronics|Dow Chemical|Duksan|Eastman Kodak Company|Idemitsu Kosan Co., Ltd.|Kyulux Inc.|LG Display Co., Ltd.|Merck KGaA|Merck Patent GmbH|NSCC|Osram AG|Samsung SDI Co. Ltd.|Sumitomo|Sumitomo Chemical Company|Tianma Micro-electronics Co., Ltd.|Visionox Technology, Inc.",-1|1717557|-1|1297968|-1|-1|-1|-1|31235|-1|-1|1290109|310158|-1|863210|-1|-1|-1|-1|-1|-1
CIK1005284_10K_20200220.txt,"Cambridge Display Technology, Ltd.|Cynora Gmbh|Eastman Kodak Company|Idemitsu Kosan Co., Ltd.|Kyulux Inc.|Merck KGaA|Sumitomo Chemical Company",1297968|-1|31235|-1|-1|310158|-1,"BASF SE|CDT|Cambridge Display Technology, Ltd.|Canon, Inc.|Cynora Gmbh|Doosan Solus|Dow Chemical|Duksan Neolux Co., Ltd.|Eastman Kodak Company|Fujifilm|Idemitsu Kosan|Idemitsu Kosan Co., Ltd.|Kodak|Kyulux Inc.|LG companies|Merck KGaA|Mitsubishi Chemical Corporation|Motorola|NSCC|Osram AG|PD-LD, Inc.|Samsung SDI Co. Ltd.|Semiconductor Energy Laboratories Co.|Sumitomo Chemical Company",1717557|20423|1297968|16988|-1|-1|-1|-1|31235|800365|-1|-1|-1|-1|-1|310158|-1|68505|863210|-1|-1|-1|-1|-1
CIK1005284_10K_20210218.txt,"Cambridge Display Technology, Ltd.|Cynora Gmbh|Eastman Kodak Company|Idemitsu Kosan Co., Ltd.|Kyulux Inc.|Merck KGaA|Sumitomo Chemical Company",1297968|-1|31235|-1|-1|310158|-1,"Advanced Materials Co.|BASF SE|BOE Technology Group Co., Ltd.|CDT|Cambridge Display Technology, Ltd.|Canon, Inc.|Cynora Gmbh|Doosan Solus|Dow Chemical|Duksan Neolux Co., Ltd.|Eastman Kodak Company|Idemitsu Kosan|Idemitsu Kosan Co., Ltd.|Kodak|Kyulux Inc.|LG Display Co., Ltd.|Merck KGaA|Mitsubishi Chemical Corporation|Osram AG|SFC Co. Ltd.|Samsung SDI Co. Ltd.|Semiconductor Energy Laboratories Co.|Solus|Sumitomo Chemical Company|Tianma Micro-electronics Co., Ltd.|Visionox Technology, Inc.|Wuhan China Star Optoelectronics Semiconductor Display Technology Co., Ltd.",806514|1717557|-1|20423|1297968|16988|-1|-1|-1|-1|31235|-1|-1|-1|-1|1290109|310158|-1|-1|1011836|-1|-1|-1|-1|-1|-1|-1
CIK1005284_10K_20220223.txt,"Cambridge Display Technology, Ltd.|Cynora Gmbh|Eastman Kodak Company|Idemitsu Kosan Co., Ltd.|Kyulux Inc.|Merck KGaA|Sumitomo|Sumitomo Chemical Company",1297968|-1|31235|-1|-1|310158|-1|-1,"Advanced Materials Co.|BASF SE|BOE Technology Group Co., Ltd.|Cambridge Display Technology, Ltd.|Cynora Gmbh|Doosan Solus|Dow Chemical|Duksan Neolux Co., Ltd.|Eastman Kodak Company|Idemitsu Kosan Co., Ltd.|Kyulux Inc.|LG Display Co., Ltd.|Merck KGaA|Osram AG|SFC Co. Ltd.|Samsung Display Co., Ltd.|Samsung SDI Co. Ltd.|Solus|Sumitomo Chemical Company|Tianma Micro-electronics Co., Ltd.|Visionox Technology, Inc.|Wuhan China Star Optoelectronics Semiconductor Display Technology Co., Ltd.",806514|1717557|-1|1297968|-1|-1|-1|-1|31235|-1|-1|1290109|310158|-1|1011836|-1|-1|-1|-1|-1|-1|-1
CIK1005284_10K_20230223.txt,"Cambridge Display Technology, Ltd.|Eastman Kodak Company|Idemitsu Kosan Co., Ltd.|Kyulux Inc.|Merck KGaA|Sumitomo Chemical Company",1297968|31235|-1|-1|310158|-1,"BOE Technology Group Co., Ltd.|Cambridge Display Technology, Ltd.|Dow Chemical|Duksan Neolux Co., Ltd.|Eastman Kodak Company|Idemitsu Kosan Co., Ltd.|Kyulux Inc.|LG Display Co., Ltd.|Merck KGaA|NSCC|Samsung Display Co., Ltd.|Samsung SDI Co. Ltd.|Solus Advanced Materials Co., Ltd.|Sumitomo Chemical Company|Tianma Micro-electronics Co., Ltd.|Visionox Technology, Inc.|Wuhan China Star Optoelectronics Semiconductor Display Technology Co., Ltd.",-1|1297968|-1|-1|31235|-1|-1|1290109|310158|863210|-1|-1|-1|-1|-1|-1|-1
CIK1005284_10K_20240222.txt,"Aglaia Tech|Cambridge Display Technology, Ltd.|Eastman Kodak Company|Idemitsu Kosan Co., Ltd.|Jilin OLED Photoelectric Materials Co., Ltd.|Kyulux Inc.|Merck KGaA|Nanjing Topto Semiconductor Materials Co., Ltd.|Sumitomo|Sumitomo Chemical Company|Summer Sprout Technology|UIV OLED",-1|1297968|31235|-1|-1|-1|310158|-1|-1|-1|-1|-1,"Aglaia Tech|BOE Technology Group Co., Ltd.|Beijing Sineva Technology Co., Ltd.|Cambridge Display Technology, Ltd.|Canon, Inc.|China Ray|Dow Chemical|Duksan Neolux Co., Ltd.|Eastman Kodak Company|Eternal Material Technology (EMT)|Idemitsu Kosan Co., Ltd.|Jilin OLED Photoelectric Materials Co., Ltd.|Kyulux Inc.|LG Display Co., Ltd.|Lumilan|Merck KGaA|Mitsubishi Chemical Corporation|NSCC|Nanjing Topto Semiconductor Materials Co., Ltd.|Samsung Display Co., Ltd.|Samsung SDI Co. Ltd.|Semiconductor Energy Laboratories Co.|Solus Advanced Materials Co., Ltd.|Sumitomo Chemical Company|Summer Sprout Technology|Tianma Micro-electronics Co., Ltd.|UIV OLED|Visionox Technology, Inc.|Wuhan China Star Optoelectronics Semiconductor Display Technology Co., Ltd.",-1|-1|-1|1297968|16988|-1|-1|-1|31235|-1|-1|-1|-1|1290109|-1|310158|-1|863210|-1|-1|-1|-1|-1|-1|-1|-1|-1|-1|-1
CIK1005284_10K_20250220.txt,"Aglaia Tech|Cambridge Display Technology, Ltd.|Eastman Kodak Company|Idemitsu Kosan Co., Ltd.|Jilin OLED Photoelectric Materials Co., Ltd.|Kyulux Inc.|Merck KGaA|Nanjing Topto Semiconductor Materials Co., Ltd.|Sumitomo|Sumitomo Chemical Company|Summer Sprout Technology|UIV OLED",-1|1297968|31235|-1|-1|-1|310158|-1|-1|-1|-1|-1,"Aglaia Tech|BOE Technology Group Co., Ltd.|Beijing Sineva Technology Co., Ltd.|Cambridge Display Technology, Ltd.|China Ray|Dow Chemical|Duksan Neolux Co., Ltd.|Eastman Kodak Company|Eternal Material Technology (EMT)|Idemitsu Kosan Co., Ltd.|Jilin OLED Photoelectric Materials Co., Ltd.|Kyulux Inc.|LG Display Co., Ltd.|Lumilan|Merck KGaA|NSCC|Nanjing Topto Semiconductor Materials Co., Ltd.|Samsung Display Co., Ltd.|Samsung SDI Co. Ltd.|Solus Advanced Materials Co., Ltd.|Sumitomo Chemical Company|Summer Sprout Technology|Tianma Micro-electronics Co., Ltd.|UIV OLED|Visionox Technology, Inc.|Wuhan China Star Optoelectronics Semiconductor Display Technology Co., Ltd.",-1|-1|-1|1297968|-1|-1|-1|31235|-1|-1|-1|-1|1290109|-1|310158|863210|-1|-1|-1|-1|-1|-1|-1|-1|-1|-1
CIK1005356_10K_20090414.txt,EM Microelectronic|Guide-Trend Technology Company Ltd.|Philips Semiconductors,-1|-1|-1,"Allflex USA Inc.|Applied Digital Solutions, Inc.|Destron Fearing|EIDAP|Intermec|Microchips 4 Solutions|Pethealth Inc.|Psion|Symbol",-1|-1|881283|-1|1044590|-1|-1|81023|278352
CIK1007800_10K_20010323.txt,,,Analog Devices|Linear Technology|Maxim Integrated Products|Micrel Semiconductor|National Semiconductor|Semtech|Sipex,6281|791907|743316|-1|70530|88941|1007800
CIK1009680_20F_20030630.txt,,,"Advanced Micro Devices, Inc.|Atmel Corporation|Fujitsu Limited|Hynix Semiconductor Inc.|Intel Corporation|Koninklijke Philips Electronics N.V.|Megachips Corporation|NEC Corporation|National Semiconductor Corporation|Oki Semiconductor Co.|STMicroelectronics NV.|Samsung Electronics Co., Ltd.|SanDisk Corporation|Sharp Corporation|Texas Instruments Incorporated|Toshiba Corporation",2488|872448|39341|-1|50863|-1|-1|72127|70530|-1|932787|-1|1000180|800840|97476|98573
CIK1009680_20F_20040629.txt,,,"Advanced Micro Devices|Atmel Corporation|Fujitsu AMD Semiconductor Ltd.|Hynix Semiconductor Inc.|Intel Corporation|NEC|National Semiconductor Corporation|Oki Semiconductor Co.|Renesas Technology Corporation|STMicroelectronics NV|Samsung|Sharp Corporation|Silicon Storage Technology, Inc.|Texas Instruments Incorporated|Toshiba Corporation",2488|872448|-1|-1|50863|72127|70530|-1|-1|932787|-1|800840|855906|97476|98573
CIK1009680_20F_20050630.txt,,,"Atmel Corporation|Hynix Semiconductor Inc.|Intel Corporation|NEC|Oki|Oki Semiconductor Co.|Renesas Technology Corporation|STMicroelectronics NV|Sharp Corporation|Silicon Storage Technology, Inc.|Spansion LLC|Toshiba Corporation",872448|-1|50863|72127|-1|-1|-1|932787|800840|855906|1322705|98573
CIK1009680_20F_20060717.txt,,,"Advanced Micro Devices|Atmel Corporation|Hynix Semiconductor Inc.|Intel Corporation|NEC|National Semiconductor Corporation|Oki Semiconductor Co.|Renesas Technology Corporation|STMicroelectronics NV|Sharp Corporation|Silicon Storage Technology, Inc.|Spansion LLC|Texas Instruments Incorporated|Toshiba Corporation",2488|872448|-1|50863|72127|70530|-1|-1|932787|800840|855906|1322705|97476|98573
CIK1009680_20F_20070702.txt,,,"Advanced Micro Devices|Atmel Corporation|Hynix Semiconductor Inc.|Intel Corporation|NEC|National Semiconductor Corporation|Oki Semiconductor Co.|Renesas Technology Corporation|STMicroelectronics NV|Sharp Corporation|Silicon Storage Technology, Inc.|Spansion LLC|Texas Instruments Incorporated|Toshiba Corporation",2488|872448|-1|50863|72127|70530|-1|-1|932787|800840|855906|1322705|97476|98573
CIK1022282_20F_20011031.txt,Aeroflex Incorporated|Alpha Industries|International Rectifier Corp.|Knox Semiconductor|Microsemi Corporation|National Hybrid|Semtech Corp.,1487990|-1|316793|-1|310568|-1|88941,ASI Microsystems|Aeroflex Incorporated|Alpha Industries|Ampower|International Rectifier Corp.|Knox Semiconductor|MSI Electronics|Microsemi Corporation|National Hybrid|REL Labs|Semtech Corp.|Solid Power Corp.|Unitrode,-1|1487990|-1|354150|316793|-1|354807|310568|-1|-1|88941|-1|101911
CIK1022282_20F_20021127.txt,"ATC Frost Magnetics, Inc.|Aeroflex Incorporated|Alpha Industries|Bel Fuse, Inc.|Halo Electronics|International Rectifier Corp.|Knox Semiconductor|Microsemi Corporation|Midcom Inc.|National Hybrid|Pulse Engineering|Semtech Corp.",-1|1487990|-1|729580|-1|316793|-1|310568|943357|-1|874441|88941,"ASI Microsystems|ATC Frost Magnetics, Inc.|Aeroflex Incorporated|Alpha Industries|Ampower|Bel Fuse, Inc.|Halo Electronics|International Rectifier Corp.|Knox Semiconductor|MSI Electronics|Microsemi Corporation|Midcom Inc.|National Hybrid|Pulse Engineering|REL Labs|Semtech Corp.|Solid Power Corp.|Unitrode",-1|-1|1487990|-1|354150|729580|-1|316793|-1|354807|310568|943357|-1|874441|-1|88941|-1|101911
CIK1022282_20F_20031125.txt,"ATC Frost Magnetics, Inc.|Aeroflex Incorporated|Bel Fuse, Inc.|EMW|Halo Electronics|International Rectifier Corp.|Knox Semiconductor|Leatherwood|Microsemi Corporation|Midcom Inc.|National Hybrid|Pulse Engineering|S&W|Semtech Corp.|Skyworks Solutions",-1|1487990|729580|-1|-1|316793|-1|-1|310568|943357|-1|874441|1092796|88941|4127,"ATC Frost Magnetics, Inc.|Aeroflex Incorporated|Bel Fuse, Inc.|Canadian Dataplex Ltd.|EMW|Filtran Group|Filtran Inc.|Filtran Ltd.|Halo Electronics|International Rectifier Corp.|Knox Semiconductor|Leatherwood|Microsemi Corporation|Midcom Inc.|National Hybrid|Pulse Engineering|S&W|Semtech Corp.|Skyworks Solutions|TM Systems",-1|1487990|729580|-1|-1|-1|-1|-1|-1|316793|-1|-1|310568|943357|-1|874441|1092796|88941|4127|-1
CIK1022282_20F_20041122.txt,"ATC Frost Magnetics, Inc.|Aeroflex Incorporated|Bel Fuse, Inc.|EMW|Halo Electronics|International Rectifier Corp.|Knox Semiconductor|Leatherwood|Microsemi Corporation|Midcom Inc.|National Hybrid|Pulse Engineering|S&W|Semtech Corp.|Skyworks Solutions",-1|1487990|729580|-1|-1|316793|-1|-1|310568|943357|-1|874441|1092796|88941|4127,"ASI Microsystems|ATC Frost Magnetics, Inc.|Aeroflex Incorporated|Ampower|Bel Fuse, Inc.|EMW|Halo Electronics|International Rectifier Corp.|Knox Semiconductor|Leatherwood|MSI Electronics|Microsemi Corporation|Midcom Inc.|National Hybrid|Pulse Engineering|REL Labs|S&W|Semtech Corp.|Skyworks Solutions|Solid Power Corp.|Unitrode",-1|-1|1487990|354150|729580|-1|-1|316793|-1|-1|354807|310568|943357|-1|874441|-1|1092796|88941|4127|-1|101911
CIK1022282_20F_20051128.txt,"ATC Frost Magnetics, Inc.|Aeroflex Incorporated|Bel Fuse, Inc.|EMW|Halo Electronics|International Rectifier Corp.|Knox Semiconductor|Leatherwood|Microsemi Corporation|Midcom Inc.|National Hybrid|Pulse Engineering|S&W|Semtech Corp.|Skyworks Solutions",-1|1487990|729580|-1|-1|316793|-1|-1|310568|943357|-1|874441|1092796|88941|4127,"ASI Microsystems|ATC Frost Magnetics, Inc.|Aeroflex Incorporated|Ampower|Bel Fuse, Inc.|EMW|Filtran Group|Halo Electronics|International Rectifier Corp.|Knox Semiconductor|Leatherwood|MSI Electronics|Microsemi Corporation|Midcom Inc.|National Hybrid|Pulse Engineering|REL Labs|S&W|Semtech Corp.|Skyworks Solutions|Solid Power Corp.|TM Systems|Unitrode",-1|-1|1487990|354150|729580|-1|-1|-1|316793|-1|-1|354807|310568|943357|-1|874441|-1|1092796|88941|4127|-1|-1|101911
CIK1027454_20F_20020701.txt,,,"BHL Networks Technology Co. Ltd.|Beijing BHL Networks Technology Co. Ltd.|China Internet Technology Co., Ltd.|Great Legend Internet Technology and Service Co., Ltd.",-1|-1|-1|-1
CIK1027454_20F_20040629.txt,,,large global competitors,-1
CIK1027454_20F_20080630.txt,,,AFG|Asahi|EPV|Energy Conversion Devices|Kaneka|Pilkington|Sharp,7668|-1|-1|-1|-1|-1|800840
CIK1027454_20F_20090626.txt,,,AFG|Asahi|Pilkington,7668|-1|-1
CIK1027454_20F_20100630.txt,,,"AFG|AirMedia Group Inc.|Asahi|CSG Holding Co., Ltd.|Focus Media Holding Limited|NSG Group|Pilkington|Suntech Power Holdings|Trina Solar Limited|VisionChina Media Inc.|Xinyi Glass Holding Limited|Yingli Green Energy Holding Company Limited",7668|-1|-1|-1|1330017|-1|-1|1342803|1382158|1415911|-1|1394029
CIK1027454_20F_20110628.txt,,,Suntech Power Holdings|Trina Solar Limited|Yingli Green Energy Holding Company Limited,1342803|1382158|1394029
CIK1027454_20F_20120427.txt,CMNE|Sinofield Group Ltd.,-1|-1,CMNE|CTSPHL Group|China Green Holdings Limited|China Merchants New Energy Group Ltd.|China Merchants New Energy Holdings Ltd.|China Wanhe Investment Limited|GCL-Poly Investment Ltd.|Linsun Renewable Energy Corporation Limited|Sinofield Group Ltd.|Suntech Power Holdings|Trina Solar Limited|Xintang Media Technology (Beijing) Ltd.|Yingli Green Energy Holding Company Limited,-1|-1|-1|-1|-1|-1|-1|-1|-1|1342803|1382158|-1|1394029
CIK1030485_10K_20040409.txt,ST Microelectronics|Samsung|Texas Instruments,-1|-1|97476,ST Microelectronics' Nomadik line|Samsung's S3C chips|Texas Instruments' OMAP product line,-1|-1|-1
CIK1030894_20F_20010522.txt,"Flextronics International|SCI Systems, Inc.|Solectron Corporation",-1|87744|835541,"Avaya Inc.|Bull Electronics Inc.|Celestica North America Inc.|Flextronics International|Flextronics International Ltd.|Fujitsu-ICL Systems Inc.|Groupe Bull|Hewlett-Packard Company|IBM Italia S.p.A.|IBM Semea Servizi Finanziari S.p.A.|International Business Machines, Inc.|Motorola, Inc.|NDB Industrial Ltda.|NEC Corporation|NEC Technologies (UK) Ltd.|Onex Corporation|SCI Systems, Inc.|Signar SRO|Solectron Corporation|VXI Electronics, Inc.",1418100|-1|-1|-1|-1|-1|-1|1645590|-1|-1|51143|68505|-1|72127|-1|937226|87744|-1|835541|-1
CIK1030894_20F_20020503.txt,Flextronics International|Sanmina-SCI Corporation|Solectron Corporation,-1|-1|835541,"Avaya Inc.|Bull Electronics Inc.|Excel Electronics, Inc.|Flextronics International|Groupe Bull|IBM|Lucent Technologies Inc.|Motorola, Inc.|N.K. Techno Co., Ltd.|NDB Industrial Ltda.|NEC Corporation|NEC Technologies (UK) Ltd.|Omni Industries Limited|Primetech Electronics Inc.|Sagem SA|Sanmina-SCI Corporation|Solectron Corporation",1418100|-1|-1|-1|-1|353524|1006240|68505|-1|-1|72127|-1|-1|-1|-1|-1|835541
CIK1030894_20F_20030421.txt,Flextronics International|Sanmina-SCI Corporation|Solectron Corporation,-1|-1|835541,Flextronics International|Lucent Technologies Inc.|NEC Corporation|Omni Industries Limited|Sanmina-SCI Corporation|Solectron Corporation,-1|1006240|72127|-1|-1|835541
CIK1030894_20F_20090324.txt,"Benchmark Electronics Inc.|Flextronics International Ltd.|Hon Hai Precision Industry Co., Ltd.|Jabil Circuit, Inc.|Sanmina-SCI Corporation",863436|-1|-1|-1|-1,"Benchmark Electronics|Benchmark Electronics Inc.|Flextronics International|Flextronics International Ltd.|Hon Hai Precision Industry Co., Ltd.|Jabil Circuit|Jabil Circuit, Inc.|Sanmina-SCI|Sanmina-SCI Corporation",863436|863436|-1|-1|-1|-1|-1|-1|-1
CIK1030894_20F_20100323.txt,"Benchmark Electronics, Inc.|Flextronics International Ltd.|Hon Hai Precision Industry Co., Ltd.|Jabil Circuit, Inc.|Plexus Corp.|Sanmina-SCI Corporation|Tyco Electronics Ltd.",863436|-1|-1|-1|785786|-1|-1,"Benchmark Electronics, Inc.|Flextronics International Ltd.|Hon Hai Precision Industry Co., Ltd.|Jabil Circuit, Inc.|Plexus Corp.|Sanmina-SCI Corp.|Sanmina-SCI Corporation|Tyco Electronics Ltd.",863436|-1|-1|-1|785786|-1|-1|-1
CIK1030894_20F_20140314.txt,"Advanced Micro Devices Inc.|Agilent Technologies Inc.|Applied Materials Inc.|Benchmark Electronics, Inc.|Broadcom Corp.|Celestica Inc.|Corning Inc.|Flextronics International Ltd.|Harris Corp.|Hon Hai Precision Industry Co., Ltd.|Jabil Circuit, Inc.|Micron Technology Inc.|Molex Inc.|NCR Corp.|NVIDIA Corp.|NetApp, Inc.|Plexus Corp.|SanDisk Corp.|Sanmina-SCI Corporation|TE Connectivity Ltd.|Texas Instruments Inc.|Western Digital Corp.",2488|1090872|6951|863436|1730168|1030894|24741|-1|1094238|-1|-1|723125|67472|70866|1045810|1002047|785786|1000180|-1|1385157|97476|106040,"Advanced Micro Devices Inc.|Agilent Technologies Inc.|Applied Materials Inc.|Benchmark Electronics, Inc.|Broadcom Corp.|Corning Inc.|Flextronics International Ltd.|Harris Corp.|Hon Hai Precision Industry Co., Ltd.|Jabil Circuit, Inc.|Lexmark International Inc.|Micron Technology Inc.|NCR Corp.|NVIDIA Corp.|NetApp, Inc.|Plexus Corp.|Sanmina-SCI Company|Sanmina-SCI Corporation|TE Connectivity Ltd.|Texas Instruments Inc.|Western Digital Corp.",2488|1090872|6951|863436|1730168|24741|-1|1094238|-1|-1|-1|723125|70866|1045810|1002047|785786|-1|-1|1385157|97476|106040
CIK1030894_20F_20150313.txt,"Advanced Micro Devices Inc.|Agilent Technologies Inc.|Applied Materials Inc.|Benchmark Electronics, Inc.|Broadcom Corp.|Celestica Inc.|Corning Inc.|Flextronics International Ltd.|Freescale Semiconductor, Ltd.|Harris Corp.|Hon Hai Precision Industry Co., Ltd.|Jabil Circuit, Inc.|Juniper Networks, Inc.|Lam Research Corporation|Lexmark International Inc.|Micron Technology Inc.|NCR Corp.|NVIDIA Corp.|NetApp, Inc.|Plexus Corp.|Sanmina Corporation|Texas Instruments Inc.|Western Digital Corp.",2488|1090872|6951|863436|1730168|1030894|24741|-1|1272547|1094238|-1|-1|1043604|707549|-1|723125|70866|1045810|1002047|785786|897723|97476|106040,"Advanced Micro Devices Inc.|Agilent Technologies Inc.|Applied Materials Inc.|Benchmark Electronics, Inc.|Broadcom Corp.|Corning Inc.|D&H|Flextronics International Ltd.|Freescale Semiconductor|Harris Corp.|Hon Hai Precision Industry Co., Ltd.|Jabil Circuit, Inc.|Juniper Networks, Inc.|Lam Research|Lexmark International Inc.|Micron Technology Inc.|Molex|NCR Corp.|NVIDIA Corp.|NetApp, Inc.|Plexus Corp.|SanDisk Corp.|Sanmina Corporation|TE Connectivity|Texas Instruments Inc.|Western Digital Corp.",2488|1090872|6951|863436|1730168|24741|-1|-1|1272547|1094238|-1|-1|1043604|707549|-1|723125|67472|70866|1045810|1002047|785786|1000180|897723|1385157|97476|106040
CIK1030894_20F_20160307.txt,"Benchmark Electronics, Inc.|Flextronics International Ltd.|Hon Hai Precision Industry Co., Ltd.|Jabil Circuit, Inc.|Plexus Corp.|Sanmina Corporation",863436|-1|-1|-1|785786|897723,"Advanced Micro Devices Inc.|Agilent Technologies Inc.|Applied Materials Inc.|Benchmark Electronics, Inc.|Broadcom Corp.|Corning Inc.|Flextronics International Ltd.|Freescale Semiconductor, Ltd.|Harris Corp.|Hon Hai Precision Industry Co., Ltd.|Jabil Circuit, Inc.|Juniper Networks, Inc.|Lam Research Corporation|Lexmark International Inc.|Micron Technology Inc.|NCR Corp.|NVIDIA Corp.|NetApp, Inc.|Plexus Corp.|Sanmina Corporation|Sun Edison, Inc.|Texas Instruments, Inc.",2488|1090872|6951|863436|1730168|24741|-1|1272547|1094238|-1|-1|1043604|707549|-1|723125|70866|1045810|1002047|785786|897723|-1|97476
CIK1030894_20F_20170313.txt,"Benchmark Electronics, Inc.|Flex Ltd.|Hon Hai Precision Industry Co., Ltd.|Jabil Circuit, Inc.|Plexus Corp.|Sanmina Corporation",863436|866374|-1|-1|785786|897723,"ARRIS International|Amphenol Corporation|Benchmark Electronics, Inc.|Flex Ltd.|Hon Hai Precision Industry Co., Ltd.|Jabil Circuit, Inc.|Level 3 Communications|Motorola Solutions|Plexus Corp.|Sanmina Corporation",1645494|820313|863436|866374|-1|-1|794323|68505|785786|897723
CIK1033767_20F_20050629.txt,Chartered Semiconductor Manufacturing Ltd|IBM|Semiconductor Manufacturing International (Shanghai) Corporation|Taiwan Semiconductor Manufacturing Company Limited|Toshiba Corporation,1095270|353524|1267482|1046179|98573,1st Silicon (Malaysia) Sdn. Bhd.|Chartered Semiconductor Manufacturing Ltd.|DongbuAnam Semiconductor|Grace Semiconductor Manufacturing Corp.|IBM|Semiconductor Manufacturing International (Shanghai) Corporation|Silterra Malaysia Sdn. Bhd.|Taiwan Semiconductor Manufacturing Company Limited|Toshiba Corporation,-1|1095270|-1|-1|353524|1267482|-1|1046179|98573
CIK1033767_20F_20060626.txt,Chartered Semiconductor Manufacturing Ltd.|Semiconductor Manufacturing International (Shanghai) Corporation|Taiwan Semiconductor Manufacturing Company Limited,1095270|1267482|1046179,Chartered Semiconductor Manufacturing Ltd.|DongbuAnam Semiconductor|Grace Semiconductor Manufacturing Corp.|IBM|Samsung|Semiconductor Manufacturing International (Shanghai) Corporation|Silterra Malaysia Sdn. Bhd.|Taiwan Semiconductor Manufacturing Company Limited|Toshiba Corporation|X-FAB Semiconductors Foundries AG,1095270|-1|-1|353524|-1|1267482|-1|1046179|98573|-1
CIK1033767_20F_20070509.txt,Chartered Semiconductor Manufacturing Ltd.|Semiconductor Manufacturing International (Shanghai) Corporation|Taiwan Semiconductor Manufacturing Company Limited,1095270|1267482|1046179,Chartered Semiconductor Manufacturing Ltd.|DongbuAnam Semiconductor|Grace Semiconductor Manufacturing Corp.|IBM|Samsung|Semiconductor Manufacturing International (Shanghai) Corporation|Silterra Malaysia Sdn. Bhd.|Taiwan Semiconductor Manufacturing Company Limited|Toshiba Corporation|X-FAB Semiconductors Foundries AG,1095270|-1|-1|353524|-1|1267482|-1|1046179|98573|-1
CIK1033767_20F_20090508.txt,Chartered Semiconductor Manufacturing Ltd.|DongbuAnam Semiconductor|Grace Semiconductor Manufacturing Corp.|IBM|Samsung|Semiconductor Manufacturing International (Shanghai) Corporation|Silterra Malaysia Sdn. Bhd.|Taiwan Semiconductor Manufacturing Company Limited|Toshiba Corporation|X-FAB Semiconductors Foundries AG,1095270|-1|-1|353524|-1|1267482|-1|1046179|98573|-1,Chartered Semiconductor Manufacturing Ltd.|DongbuAnam Semiconductor|Globalfoundries Inc.|Grace Semiconductor Manufacturing Corp.|IBM|Samsung|Semiconductor Manufacturing International (Shanghai) Corporation|Silterra Malaysia Sdn. Bhd.|Taiwan Semiconductor Manufacturing Company Limited|Toshiba Corporation|X-FAB Semiconductors Foundries AG,1095270|-1|-1|-1|353524|-1|1267482|-1|1046179|98573|-1
CIK1033767_20F_20100430.txt,Globalfoundries Inc.|IBM|Samsung Electronics|Semiconductor Manufacturing International (Shanghai) Corporation|Taiwan Semiconductor Manufacturing Company Limited|Toshiba Corporation,-1|353524|-1|1267482|1046179|98573,DongbuAnam Semiconductor|Globalfoundries Inc.|Grace Semiconductor Manufacturing Corp.|IBM|Samsung Electronics|Semiconductor Manufacturing International (Shanghai) Corporation|Silterra Malaysia Sdn. Bhd.|Taiwan Semiconductor Manufacturing Company Limited|Toshiba Corporation|X-FAB Semiconductors Foundries AG,-1|-1|-1|353524|-1|1267482|-1|1046179|98573|-1
CIK1033767_20F_20110429.txt,,,"Agere|DongbuAnam Semiconductor|Freescale Semiconductor, Inc.|Globalfoundries Inc.|Grace Semiconductor Manufacturing Corp.|IBM|Intel|International Business Machine Corporation|LSI|LSI Corporation|Renesas Technology Corp.|Samsung|Samsung Electronics|Semiconductor Manufacturing International (Shanghai) Corporation|Silicon Integrated Systems Corp.|Silterra Malaysia Sdn. Bhd.|Taiwan Semiconductor Manufacturing Company Limited|Toshiba|Toshiba Corporation|X-FAB Semiconductors Foundries AG|Xilinx, Inc.",1129446|-1|1272547|-1|-1|353524|50863|-1|703360|703360|-1|-1|-1|1267482|-1|-1|1046179|98573|98573|-1|743988
CIK1033767_20F_20120426.txt,,,DongbuAnam Semiconductor|Globalfoundries Inc.|Grace Semiconductor Manufacturing Corp.|IBM|Samsung Electronics|Semiconductor Manufacturing International (Shanghai) Corporation|Silterra Malaysia Sdn. Bhd.|Taiwan Semiconductor Manufacturing Company Limited|Toshiba Corporation|X-FAB Semiconductors Foundries AG,-1|-1|-1|353524|-1|1267482|-1|1046179|98573|-1
CIK1033767_20F_20130426.txt,,,DongbuAnam Semiconductor|Globalfoundries Inc.|Grace Semiconductor Manufacturing Corp.|IBM|Intel|Samsung Electronics|Semiconductor Manufacturing International (Shanghai) Corporation|Silterra Malaysia Sdn. Bhd.|Taiwan Semiconductor Manufacturing Company Limited|Toshiba Corporation|X-FAB Semiconductors Foundries AG,-1|-1|-1|353524|50863|-1|1267482|-1|1046179|98573|-1
CIK1033767_20F_20140418.txt,,,DongbuAnam Semiconductor|Globalfoundries Inc.|Grace Semiconductor Manufacturing Corp.|IBM|Intel|Samsung Electronics|Semiconductor Manufacturing International (Shanghai) Corporation|Silterra Malaysia Sdn. Bhd.|Taiwan Semiconductor Manufacturing Company Limited|Toshiba Corporation|X-FAB Semiconductors Foundries AG,-1|-1|-1|353524|50863|-1|1267482|-1|1046179|98573|-1
CIK1033767_20F_20150421.txt,,,DongbuAnam Semiconductor|Globalfoundries Inc.|Grace Semiconductor Manufacturing Corp.|IBM|Intel|Samsung Electronics|Semiconductor Manufacturing International (Shanghai) Corporation|Silterra Malaysia Sdn. Bhd.|Taiwan Semiconductor Manufacturing Company Limited|Toshiba Corporation|X-FAB Semiconductors Foundries AG,-1|-1|-1|353524|50863|-1|1267482|-1|1046179|98573|-1
CIK1033767_20F_20160418.txt,,,DongbuAnam Semiconductor|Globalfoundries Inc.|Grace Semiconductor Manufacturing Corp.|IBM|Intel|Samsung Electronics|Semiconductor Manufacturing International (Shanghai) Corporation|Silterra Malaysia Sdn. Bhd.|Taiwan Semiconductor Manufacturing Company Limited|Toshiba Corporation|X-FAB Semiconductors Foundries AG,-1|-1|-1|353524|50863|-1|1267482|-1|1046179|98573|-1
CIK1033767_20F_20170413.txt,,,DongbuAnam Semiconductor|Globalfoundries Inc.|Grace Semiconductor Manufacturing Corp.|IBM|Samsung Electronics|Semiconductor Manufacturing International (Shanghai) Corporation|Silterra Malaysia Sdn. Bhd.|Taiwan Semiconductor Manufacturing Company Limited|Toshiba Corporation|X-FAB Semiconductors Foundries AG,-1|-1|-1|353524|-1|1267482|-1|1046179|98573|-1
CIK1033767_20F_20180426.txt,,,DongbuAnam Semiconductor|Globalfoundries Inc.|Grace Semiconductor Manufacturing Corp.|IBM|Intel|Samsung Electronics|Semiconductor Manufacturing International (Shanghai) Corporation|Silterra Malaysia Sdn. Bhd.|Taiwan Semiconductor Manufacturing Company Limited|Toshiba Corporation|X-FAB Semiconductors Foundries AG,-1|-1|-1|353524|50863|-1|1267482|-1|1046179|98573|-1
CIK1033767_20F_20190425.txt,,,DongbuAnam Semiconductor|Globalfoundries Inc.|Grace Semiconductor Manufacturing Corp.|IBM|Intel|Samsung Electronics|Semiconductor Manufacturing International (Shanghai) Corporation|Silterra Malaysia Sdn. Bhd.|Taiwan Semiconductor Manufacturing Company Limited|Toshiba Corporation|X-FAB Semiconductors Foundries AG,-1|-1|-1|353524|50863|-1|1267482|-1|1046179|98573|-1
CIK1033767_20F_20200428.txt,our largest competitors,-1,Dongbu Anam Semiconductor|Globalfoundries Inc.|Grace Semiconductor Manufacturing Corp.|IBM|Intel|Samsung Electronics|Semiconductor Manufacturing International (Shanghai) Corporation|Silterra Malaysia Sdn. Bhd.|Taiwan Semiconductor Manufacturing Company Limited|Toshiba Corporation|X-FAB Semiconductors Foundries AG,-1|-1|-1|353524|50863|-1|1267482|-1|1046179|98573|-1
CIK1033767_20F_20210429.txt,our largest competitors,-1,"Avago Technologies International Sales Pte. Limited|Dongbu Anam Semiconductor|Faraday Technology Corp.|Fujian Jinhua Integrated Circuit Co., Ltd.|Globalfoundries Inc.|Grace Semiconductor Manufacturing Corp.|Huahong|IBM|Intel|Micron Technology, Inc.|NXP B.V.|Powerchip|SK Hynix|Samsung|Samsung Electronics|Semiconductor Manufacturing International (Shanghai) Corporation|Silicon Integrated Systems Corp.|Silterra Malaysia Sdn. Bhd.|Taiwan Semiconductor Manufacturing Company Limited|Toshiba|Toshiba Corporation|TowerJazz|Vanguard|X-FAB Semiconductors Foundries AG|XMC",-1|-1|-1|-1|-1|-1|-1|353524|50863|723125|1413447|-1|-1|-1|-1|1267482|-1|-1|1046179|98573|98573|-1|1045829|-1|1453593
CIK1033767_20F_20220428.txt,our largest competitors,-1,Dongbu Anam Semiconductor|Globalfoundries Inc.|Hua Hong Semiconductor Manufacturing Corp.|Intel|SK Hynix|Samsung Electronics|Semiconductor Manufacturing International (Shanghai) Corporation|Silterra Malaysia Sdn. Bhd.|Taiwan Semiconductor Manufacturing Company Limited|Toshiba Corporation|X-FAB Semiconductors Foundries AG,-1|-1|-1|50863|-1|-1|1267482|-1|1046179|98573|-1
CIK1033767_20F_20230427.txt,largest competitors,-1,Dongbu Anam Semiconductor|Globalfoundries Inc.|Hua Hong Semiconductor Manufacturing Corp.|Intel|Samsung|Semiconductor Manufacturing International (Shanghai) Corporation|Silterra Malaysia Sdn. Bhd.|Taiwan Semiconductor Manufacturing Company Limited|Toshiba|X-FAB Semiconductors Foundries AG,-1|-1|-1|50863|-1|1267482|-1|1046179|98573|-1
CIK1033767_20F_20240425.txt,our largest competitors,-1,Dongbu Anam Semiconductor|Globalfoundries Inc.|Hua Hong Semiconductor Manufacturing Corp.|Intel|SK Hynix|Samsung Electronics|Semiconductor Manufacturing International (Shanghai) Corporation|Silterra Malaysia Sdn. Bhd.|Taiwan Semiconductor Manufacturing Company Limited|Toshiba Corporation|X-FAB Semiconductors Foundries AG,-1|-1|-1|50863|-1|-1|1267482|-1|1046179|98573|-1
CIK1033767_20F_20250424.txt,our largest competitors,-1,,
CIK1036960_10K_20060310.txt,Anadigics|Analog Devices|International Rectifier|Intersil Corporation|Linear Technology|Maxim|Microsemi|National Semiconductor|ON Semiconductor|Philips|ST Microelectronics|Siliconix/Vishay|Skyworks|Texas Instruments|Toshiba,940332|6281|316793|2485|791907|1013351|310568|70530|1097864|205778|-1|-1|4127|97476|98573,Anadigics|Analog Devices|Infineon|International Rectifier|Intersil Corporation|Linear Technology|Maxim|Microsemi|National Semiconductor|ON Semiconductor|Philips|ST Microelectronics|Siliconix/Vishay|Skyworks|Texas Instruments|Toshiba,940332|6281|1107457|316793|2485|791907|1013351|310568|70530|1097864|205778|-1|-1|4127|97476|98573
CIK1036960_10K_20070301.txt,Analog Devices|Intersil Corporation|Linear Technology|Maxim|National Semiconductor|ON Semiconductor|ST Microelectronics|Texas Instruments,6281|2485|791907|1013351|70530|1097864|-1|97476,Anadigics|Analog Devices|Infineon|International Rectifier|Intersil Corporation|Linear Technology|Maxim|Microsemi|NXP|National Semiconductor|ON Semiconductor|ST Microelectronics|Siliconix/Vishay|Skyworks|Texas Instruments|Toshiba,940332|6281|1107457|316793|2485|791907|1013351|310568|1413447|70530|1097864|-1|-1|4127|97476|98573
CIK1036960_10K_20080228.txt,Analog Devices|Intersil Corporation|Linear Technology|Maxim|National Semiconductor|ON Semiconductor|ST Microelectronics|Texas Instruments,6281|2485|791907|1013351|70530|1097864|-1|97476,Analog Devices|Infineon|International Rectifier|Intersil Corporation|Linear Technology|Maxim|NXP|National Semiconductor|ON Semiconductor|ST Microelectronics|Siliconix/Vishay|Texas Instruments|Toshiba,6281|1107457|316793|2485|791907|1013351|1413447|70530|1097864|-1|-1|97476|98573
CIK1036960_10K_20090226.txt,Analog Devices|Intersil Corporation|Linear Technology|Maxim|Micrel|National Semiconductor|ON Semiconductor|ST Microelectronics|Texas Instruments,6281|2485|791907|1013351|932111|70530|1097864|-1|97476,Analog Devices|Diodes Incorporated|Infineon|International Rectifier|Intersil Corporation|Linear Technology|Lite-On|Maxim|Micrel|NXP|National Semiconductor|ON Semiconductor|Power Integrations|ST Microelectronics|Texas Instruments|Toshiba|Vishay,6281|29002|1107457|316793|2485|791907|-1|1013351|932111|1413447|70530|1097864|833640|-1|97476|98573|-1
CIK1036960_10K_20100225.txt,Analog Devices|Intersil Corporation|Linear Technology|Maxim|Micrel|National Semiconductor|ON Semiconductor|ST Microelectronics|Texas Instruments,6281|2485|791907|1013351|932111|70530|1097864|-1|97476,Analog Devices|Diodes Incorporated|Infineon|International Rectifier|Intersil Corporation|Linear Technology|Lite-On|Maxim|Micrel|NXP|National Semiconductor|ON Semiconductor|Power Integrations|ST Microelectronics|Texas Instruments|Toshiba|Vishay,6281|29002|1107457|316793|2485|791907|-1|1013351|932111|1413447|70530|1097864|833640|-1|97476|98573|-1
CIK1036960_10K_20110224.txt,Analog Devices|Infineon|International Rectifier|Intersil|Linear Technology|Maxim|Micrel|National Semiconductor|ON Semiconductor|ST Microelectronics|Texas Instruments,6281|1107457|316793|2485|791907|1013351|932111|70530|1097864|-1|97476,Analog Devices|Diodes Incorporated|Infineon|International Rectifier|Intersil|Linear Technology|Liteon|Maxim|Micrel|NXP|National Semiconductor|ON Semiconductor|Power Integrations|ST Microelectronics|Texas Instruments|Vishay,6281|29002|1107457|316793|2485|791907|-1|1013351|932111|1413447|70530|1097864|833640|-1|97476|-1
CIK1036960_10K_20120223.txt,"Analog Devices, Inc.|Infineon Technologies AG|International Rectifier Corporation|Intersil Corporation|Linear Technology Corporation|Maxim Integrated Product, Inc.|Micrel Inc|ON Semiconductor Corporation|ST Microelectronics N.V.|Texas Instruments Incorporated",6281|1107457|316793|2485|791907|-1|932111|1097864|-1|97476,"Analog Devices, Inc.|Avago Technologies Ltd.|Diodes Incorporated|Infineon Technologies AG|International Rectifier Corporation|Intersil Corporation|Linear Technology Corporation|Liteon, Inc.|Maxim Integrated Product, Inc.|Micrel Inc|Mitsubishi Corporation|NXP Semiconductors N.V.|OMRON Corporation|ON Semiconductor Corporation|OPTEK Technology|Osram Opto Semiconductors|Power Integrations, Inc.|ST Microelectronics N.V.|Texas Instruments Incorporated|Toshiba Corporation|Vishay Intertechnology, Inc.",6281|-1|29002|1107457|316793|2485|791907|-1|-1|932111|773753|1413447|-1|1097864|804312|-1|833640|-1|97476|98573|103730
CIK1036960_10K_20130228.txt,"Analog Devices, Inc.|Infineon Technologies AG|International Rectifier Corporation|Intersil Corporation|Linear Technology Corporation|Maxim Integrated Product, Inc.|Micrel Inc|ON Semiconductor Corporation|ST Microelectronics N.V.|Texas Instruments Incorporated",6281|1107457|316793|2485|791907|-1|932111|1097864|-1|97476,"Analog Devices, Inc.|Avago Technologies Ltd.|Diodes Incorporated|Infineon Technologies AG|International Rectifier Corporation|Intersil Corporation|Linear Technology Corporation|Liteon, Inc.|Maxim Integrated Product, Inc.|Micrel Inc|Mitsubishi Corporation|NXP Semiconductors N.V.|OMRON Corporation|ON Semiconductor Corporation|OPTEK Technology|Osram Opto Semiconductors|Power Integrations, Inc.|ST Microelectronics N.V.|Texas Instruments Incorporated|Toshiba Corporation|Vishay Intertechnology, Inc.",6281|-1|29002|1107457|316793|2485|791907|-1|-1|932111|773753|1413447|-1|1097864|804312|-1|833640|-1|97476|98573|103730
CIK1036960_10K_20140227.txt,"Analog Devices, Inc.|Infineon Technologies AG|International Rectifier Corporation|Intersil Corporation|Linear Technology Corporation|Maxim Integrated Products, Inc.|Micrel Inc|ON Semiconductor Corporation|ST Microelectronics N.V.|Texas Instruments Incorporated",6281|1107457|316793|2485|791907|743316|932111|1097864|-1|97476,"Alpha & Omega Semiconductor, Ltd.|Analog Devices, Inc.|Avago Technologies Ltd.|Diodes Incorporated|Infineon Technologies AG|International Rectifier Corporation|Intersil Corporation|Kodenshi Corp.|Linear Technology Corporation|Liteon, Inc.|Maxim Integrated Products, Inc.|Micrel Inc|Mitsubishi Corporation|NXP Semiconductors N.V.|OMRON Corporation|ON Semiconductor Corporation|Osram Opto Semiconductors|Power Integrations, Inc.|ST Microelectronics N.V.|Texas Instruments Incorporated|Toshiba Corporation|Vishay Intertechnology, Inc.",-1|6281|-1|29002|1107457|316793|2485|-1|791907|-1|743316|932111|773753|1413447|-1|1097864|-1|833640|-1|97476|98573|103730
CIK1036960_10K_20150226.txt,"Analog Devices, Inc.|Infineon Technologies AG|Linear Technology Corporation|Maxim Integrated Products, Inc.|ON Semiconductor Corporation|ST Microelectronics N.V.|Texas Instruments Inc.",6281|1107457|791907|743316|1097864|-1|97476,"Alpha & Omega Semiconductor, Ltd.|Analog Devices, Inc.|Avago Technologies Ltd.|Diodes Incorporated|Infineon Technologies AG|Linear Technology Corporation|Liteon, Inc.|Maxim Integrated Products, Inc.|Mitsubishi Corporation|NXP Semiconductors N.V.|ON Semiconductor Corporation|Power Integrations, Inc.|ST Microelectronics N.V.|Texas Instruments Inc.|Toshiba Corporation|Vishay Intertechnology, Inc.",-1|6281|-1|29002|1107457|791907|-1|743316|773753|1413447|1097864|833640|-1|97476|98573|103730
CIK1036960_10K_20160225.txt,"Alpha & Omega Semiconductor, Ltd.|Infineon Technologies AG|Mitsubishi Corporation|NXP Semiconductors N.V.|ON Semiconductor Corporation|ST Microelectronics N.V.|Texas Instruments, Inc.|Toshiba Corporation|Vishay Intertechnology, Inc.",-1|1107457|773753|1413447|1097864|-1|97476|98573|103730,"Alpha & Omega Semiconductor, Ltd.|Analog Devices, Inc.|Avago Technologies Ltd.|Diodes Incorporated|Infineon Technologies AG|Kodenshi Corp.|Linear Technology Corporation|Liteon, Inc.|Maxim Integrated Products, Inc.|Mitsubishi Corporation|NXP Semiconductors N.V.|OMRON Corporation|ON Semiconductor Corporation|OPTEK Technology|Osram Opto Semiconductors|Power Integrations, Inc.|ST Microelectronics N.V.|Texas Instruments, Inc.|Toshiba Corporation|Vishay Intertechnology, Inc.",-1|6281|-1|29002|1107457|-1|791907|-1|743316|773753|1413447|-1|1097864|804312|-1|833640|-1|97476|98573|103730
CIK1038074_10K_20200129.txt,,,AltoBeam|Analog Devices|Aura|Broadcom|Cypress|Dialog|Espressif|Infineon|MaxLinear|Maxim Integrated Products|MediaTek|Microchip|NXP|Nordic Semiconductor|Qualcomm|Rafael|Renesas|STMicroelectronics|Synaptics|Telink|Texas Instruments,-1|6281|826253|1730168|716054|1051059|-1|1107457|1288469|743316|-1|827054|1413447|-1|804328|1713863|-1|932787|817720|-1|97476
CIK1038074_10K_20210203.txt,,,AltoBeam|Analog Devices|Aura|Broadcom|Dialog|Espressif|Infineon|MaxLinear|Maxim Integrated Products|MediaTek|Microchip|NXP|Nordic Semiconductor|Qualcomm|Rafael|Renesas|STMicroelectronics|Synaptics|Telink|Texas Instruments,-1|6281|826253|1730168|1051059|-1|1107457|1288469|743316|-1|827054|1413447|-1|804328|1713863|-1|932787|817720|-1|97476
CIK1038074_10K_20220202.txt,,,Broadcom|Espressif|Infineon|MediaTek|Microchip|NXP|Nordic Semiconductor|Qualcomm|Renesas|STMicroelectronics|Synaptics|Telink|Texas Instruments,1730168|-1|1107457|-1|827054|1413447|-1|804328|-1|932787|817720|-1|97476
CIK1038074_10K_20230201.txt,,,Broadcom|Espressif|Infineon|MediaTek|Microchip|NXP|Nordic Semiconductor|Qualcomm|Renesas|STMicroelectronics|Synaptics|Telink|Texas Instruments,1730168|-1|1107457|-1|827054|1413447|-1|804328|-1|932787|817720|-1|97476
CIK1038074_10K_20240220.txt,,,Broadcom|Espressif|Infineon|MediaTek|Microchip|NXP|Nordic Semiconductor|Qualcomm|Renesas|STMicroelectronics|Synaptics|Telink|Texas Instruments,1730168|-1|1107457|-1|827054|1413447|-1|804328|-1|932787|817720|-1|97476
CIK1038074_10K_20250204.txt,,,Broadcom|Espressif|Infineon|MediaTek|Microchip|NXP|Nordic Semiconductor|Qualcomm|Renesas|STMicroelectronics|Synaptics|Telink|Texas Instruments,1730168|-1|1107457|-1|827054|1413447|-1|804328|-1|932787|817720|-1|97476
CIK1040161_10K_20180314.txt,"Broadcom Corporation|CCS Insight|Dolby Laboratories, Inc.|Hisilicon Technologies Co., Ltd.|LG Electronics, Inc.|Lattice Semiconductor Corporation|Matsushita Electric Industrial Co., Ltd.|MediaTek Inc.|MegaChips Corporation|Mitsubishi Digital Electronics America, Inc.|NEC Corporation|NVIDIA Corporation|Novatech Co., Ltd. Inc.|ON Semiconductor Corporation|Pixelworks, Inc.|QUALCOMM Incorporated|Realtek Semiconductor Corp.|Renesas Electronics America|STMicroelectronics N.V.|Samsung Electronics Co., Ltd.|Seiko Epson Corporation|Sharp Electronics Corporation|Socionext, Inc.|Solomon Systech (International) Ltd.|Sony Corporation|Spreadtrum Communications, Inc.|Sunplus Technology Co., Ltd.|Synaptics Incorporated|Texas Instruments Incorporated|Toshiba America, Inc.|i-Chips Technologies Inc.",1730168|-1|1308547|-1|-1|855658|-1|-1|-1|-1|72127|1045810|-1|1097864|1040161|804328|-1|-1|932787|-1|-1|-1|-1|-1|313838|-1|-1|817720|97476|-1|-1,"ARM Holdings PLC|Actions Microelectronics Co., Ltd.|Broadcom Corporation|Dolby Laboratories, Inc.|Hisilicon Technologies Co., Ltd.|LG Electronics, Inc.|Lattice Semiconductor Corporation|Matsushita Electric Industrial Co., Ltd.|MediaTek Inc.|MegaChips Corporation|Mitsubishi Digital Electronics America, Inc.|NEC Corporation|NVIDIA Corporation|Novatech Co., Ltd. Inc.|ON Semiconductor Corporation|QUALCOMM Incorporated|Realtek Semiconductor Corp.|Renesas Electronics America|STMicroelectronics N.V.|Samsung Electronics Co., Ltd.|Seiko Epson Corporation|Sharp Electronics Corporation|Socionext, Inc.|Solomon Systech (International) Ltd.|Sony Corporation|Spreadtrum Communications, Inc.|Sunplus Technology Co., Ltd.|Synaptics Incorporated|Texas Instruments Incorporated|Toshiba America, Inc.|i-Chips Technologies Inc.",1057997|-1|1730168|1308547|-1|-1|855658|-1|-1|-1|-1|72127|1045810|-1|1097864|804328|-1|-1|932787|-1|-1|-1|-1|-1|313838|-1|-1|817720|97476|-1|-1
CIK1040161_10K_20190313.txt,"Apple Inc.|Broadcom Corporation|Dolby Laboratories, Inc.|Hisilicon Technologies Co., Ltd.|LG Electronics, Inc.|Lattice Semiconductor Corporation|MediaTek Inc.|MegaChips Corporation|Mitsubishi Digital Electronics America, Inc.|NEC Corporation|NVIDIA Corporation|Novatech Co., Ltd. Inc.|ON Semiconductor Corporation|Ooyala, Inc.|Panasonic Corporation|Pixelworks, Inc.|QUALCOMM Incorporated|Realtek Semiconductor Corp.|Renesas Electronics America|STMicroelectronics N.V.|Samsung Electronics Co., Ltd.|Seiko Epson Corporation|Sharp Electronics Corporation|Socionext, Inc.|Solomon Systech (International) Ltd.|Sony Corporation|Spreadtrum Communications, Inc.|Sunplus Technology Co., Ltd.|Synaptics Incorporated|Texas Instruments Incorporated|Toshiba America, Inc.|i-Chips Technologies Inc.",320193|1730168|1308547|-1|-1|855658|-1|-1|-1|72127|1045810|-1|1097864|-1|63271|1040161|804328|-1|-1|932787|-1|-1|-1|-1|-1|313838|-1|-1|817720|97476|-1|-1,"ARM Holdings PLC|Actions Microelectronics Co., Ltd.|Apple Inc.|Broadcom Corporation|Dolby Laboratories, Inc.|Hisilicon Technologies Co., Ltd.|LG Electronics, Inc.|Lattice Semiconductor Corporation|MediaTek Inc.|MegaChips Corporation|Mitsubishi Digital Electronics America, Inc.|NEC Corporation|NVIDIA Corporation|Novatech Co., Ltd. Inc.|ON Semiconductor Corporation|Panasonic Corporation|QUALCOMM Incorporated|Realtek Semiconductor Corp.|Renesas Electronics America|STMicroelectronics N.V.|Samsung Electronics Co., Ltd.|Seiko Epson Corporation|Sharp Electronics Corporation|Socionext, Inc.|Solomon Systech (International) Ltd.|Sony Corporation|Spreadtrum Communications, Inc.|Sunplus Technology Co., Ltd.|Synaptics Incorporated|Texas Instruments Incorporated|Toshiba America, Inc.|i-Chips Technologies Inc.",1057997|-1|320193|1730168|1308547|-1|-1|855658|-1|-1|-1|72127|1045810|-1|1097864|63271|804328|-1|-1|932787|-1|-1|-1|-1|-1|313838|-1|-1|817720|97476|-1|-1
CIK1040161_10K_20200311.txt,"Apple Inc.|Broadcom Inc.|Dolby Laboratories, Inc.|Hisilicon Technologies Co., Ltd.|LG Electronics, Inc.|Lattice Semiconductor Corporation|MediaTek Inc.|MegaChips Corporation|Mitsubishi Digital Electronics America, Inc.|NEC Corporation|NVIDIA Corporation|Novateck Microelectronics Corp.|ON Semiconductor Corporation|Panasonic Corporation|Qualcomm Incorporated|Realtek Semiconductor Corp.|Renesas Electronics America Inc.|STMicroelectronics N.V.|Samsung Electronics Co., Ltd.|Seiko Epson Corporation|Sharp Electronics Corporation|Socionext, Inc.|Solomon Systech (International) Ltd.|Sony Corporation|Sunplus Technology Co., Ltd.|Synaptics Incorporated|Texas Instruments Incorporated|Toshiba America, Inc.|Unisoc Communications, Inc.|i-Chips Technologies Inc.",320193|1730168|1308547|-1|-1|855658|-1|-1|-1|72127|1045810|-1|1097864|63271|804328|-1|-1|932787|-1|-1|-1|-1|-1|313838|-1|817720|97476|-1|-1|-1,"ARM Holdings PLC|Actions Microelectronics Co., Ltd.|Apple Inc.|Broadcom Inc.|Dolby Laboratories, Inc.|Hisilicon Technologies Co., Ltd.|LG Electronics, Inc.|Lattice Semiconductor Corporation|MediaTek Inc.|MegaChips Corporation|Mitsubishi Digital Electronics America, Inc.|NEC Corporation|NVIDIA Corporation|Novateck Microelectronics Corp.|ON Semiconductor Corporation|Panasonic Corporation|Qualcomm Incorporated|Realtek Semiconductor Corp.|Renesas Electronics America Inc.|STMicroelectronics N.V.|Samsung Electronics Co., Ltd.|Seiko Epson Corporation|Sharp Electronics Corporation|Socionext, Inc.|Solomon Systech (International) Ltd.|Sony Corporation|Sunplus Technology Co., Ltd.|Synaptics Incorporated|Texas Instruments Incorporated|Toshiba America, Inc.|Unisoc Communications, Inc.|i-Chips Technologies Inc.",1057997|-1|320193|1730168|1308547|-1|-1|855658|-1|-1|-1|72127|1045810|-1|1097864|63271|804328|-1|-1|932787|-1|-1|-1|-1|-1|313838|-1|817720|97476|-1|-1|-1
CIK1040161_10K_20210310.txt,"Apple Inc.|Broadcom Inc.|Hisilicon Technologies Co., Ltd.|LG Electronics, Inc.|Lattice Semiconductor Corporation|MediaTek Inc.|MegaChips Corporation|Mitsubishi Digital Electronics America, Inc.|NEC Corporation|NVIDIA Corporation|Novatek Microelectronics Corp.|ON Semiconductor Corporation|Panasonic Corporation|Qualcomm Incorporated|Realtek Semiconductor Corp.|Renesas Electronics America Inc.|STMicroelectronics N.V.|Samsung Electronics Co., Ltd.|Seiko Epson Corporation|Sharp Electronics Corporation|Socionext Inc.|Solomon Systech (International) Ltd.|Sony Corporation|Sunplus Technology Co., Ltd.|Synaptics Incorporated|Texas Instruments Incorporated|Toshiba America, Inc.|Unisoc Communications, Inc.|i-Chips Technology Inc.|technology Inc.",320193|1730168|-1|-1|855658|-1|-1|-1|72127|1045810|-1|1097864|63271|804328|-1|-1|932787|-1|-1|-1|-1|-1|313838|-1|817720|97476|-1|-1|-1|-1,"ARM Holdings PLC|Actions Microelectronics Co., Ltd.|Apple Inc.|Broadcom Inc.|Dolby Laboratories, Inc.|Egis Technology Inc.|Hisilicon Technologies Co., Ltd.|LG Electronics, Inc.|Lattice Semiconductor Corporation|MediaTek Inc.|MegaChips Corporation|Mitsubishi Digital Electronics America, Inc.|NEC Corporation|NVIDIA Corporation|Novatek Microelectronics Corp.|ON Semiconductor Corporation|Panasonic Corporation|Qualcomm Incorporated|Realtek Semiconductor Corp.|Renesas Electronics America Inc.|STMicroelectronics N.V.|Samsung Electronics Co., Ltd.|Seiko Epson Corporation|Sharp Electronics Corporation|Socionext Inc.|Solomon Systech (International) Ltd.|Sony Corporation|Sunplus Technology Co., Ltd.|Synaptics Incorporated|Texas Instruments Incorporated|Toshiba America, Inc.|Unisoc Communications, Inc.|i-Chips Technology Inc.",1057997|-1|320193|1730168|1308547|-1|-1|-1|855658|-1|-1|-1|72127|1045810|-1|1097864|63271|804328|-1|-1|932787|-1|-1|-1|-1|-1|313838|-1|817720|97476|-1|-1|-1
CIK1040161_10K_20220309.txt,"Apple Inc.|Broadcom Inc.|Hisilicon Technologies Co., Ltd.|LG Electronics, Inc.|Lattice Semiconductor Corporation|MediaTek Inc.|MegaChips Corporation|Mitsubishi Digital Electronics America, Inc.|NEC Corporation|NVIDIA Corporation|Novatek Microelectronics Corp.|ON Semiconductor Corporation|Panasonic Corporation|Pixelworks Semiconductor Technology (Shanghai) Co., Ltd|Qualcomm Incorporated|Realtek Semiconductor Corp.|Renesas Electronics America Inc.|STMicroelectronics N.V.|Samsung Electronics Co., Ltd.|Seiko Epson Corporation|Sharp Electronics Corporation|Socionext Inc.|Solomon Systech (International) Ltd.|Sony Corporation|Sunplus Technology Co., Ltd.|Synaptics Incorporated|Technology Inc.|Texas Instruments Incorporated|Toshiba America, Inc.|Unisoc Communications, Inc.|i-Chips Technology Inc.",320193|1730168|-1|-1|855658|-1|-1|-1|72127|1045810|-1|1097864|63271|-1|804328|-1|-1|932787|-1|-1|-1|-1|-1|313838|-1|817720|877645|97476|-1|-1|-1,"ARM Holdings PLC|Actions Microelectronics Co., Ltd.|Apple Inc.|Broadcom Inc.|Dolby Laboratories, Inc.|Egis Technology Inc.|Hisilicon Technologies Co., Ltd.|LG Electronics, Inc.|Lattice Semiconductor Corporation|MediaTek Inc.|MegaChips Corporation|Mitsubishi Digital Electronics America, Inc.|NEC Corporation|NVIDIA Corporation|Novatek Microelectronics Corp.|ON Semiconductor Corporation|Panasonic Corporation|Qualcomm Incorporated|Realtek Semiconductor Corp.|Renesas Electronics America Inc.|STMicroelectronics N.V.|Samsung Electronics Co., Ltd.|Seiko Epson Corporation|Sharp Electronics Corporation|Socionext Inc.|Solomon Systech (International) Ltd.|Sony Corporation|Sunplus Technology Co., Ltd.|Synaptics Incorporated|Texas Instruments Incorporated|Toshiba America, Inc.|Unisoc Communications, Inc.|i-Chips Technology Inc.",1057997|-1|320193|1730168|1308547|-1|-1|-1|855658|-1|-1|-1|72127|1045810|-1|1097864|63271|804328|-1|-1|932787|-1|-1|-1|-1|-1|313838|-1|817720|97476|-1|-1|-1
CIK1040161_10K_20230308.txt,"Apple Inc.|Broadcom Inc.|Hisilicon Technologies Co., Ltd.|LG Electronics, Inc.|Lattice Semiconductor Corporation|MediaTek Inc.|MegaChips Corporation|Mitsubishi Digital Electronics America, Inc.|NEC Corporation|NVIDIA Corporation|Novatek Microelectronics Corp.|ON Semiconductor Corporation|Panasonic Corporation|Pixelworks Semiconductor Technology (Shanghai) Co., Ltd.|Qualcomm Incorporated|Realtek Semiconductor Corp.|Renesas Electronics America Inc.|STMicroelectronics N.V.|Samsung Electronics Co., Ltd.|Seiko Epson Corporation|Sharp Electronics Corporation|Socionext Inc.|Solomon Systech (International) Ltd.|Sony Corporation|Sunplus Technology Co., Ltd.|Synaptics Incorporated|Texas Instruments Incorporated|Toshiba America, Inc.|Unisoc Communications, Inc.|i-Chips Technology Inc.",320193|1730168|-1|-1|855658|-1|-1|-1|72127|1045810|-1|1097864|63271|-1|804328|-1|-1|932787|-1|-1|-1|-1|-1|313838|-1|817720|97476|-1|-1|-1,"ARM Holdings PLC|Actions Microelectronics Co., Ltd.|Adobe, Inc.|Apple Inc.|Autodesk, Inc.|Broadcom Inc.|DNEG Plc|Digital Domain|Dolby Laboratories, Inc.|Egis Technology Inc.|Epic Games, Inc.|Hisilicon Technologies Co., Ltd.|Industrial Light & Magic (ILM)|LG Electronics, Inc.|Lattice Semiconductor Corporation|MediaTek Inc.|MegaChips Corporation|Mitsubishi Digital Electronics America, Inc.|NEC Corporation|NVIDIA Corporation|Novatek Microelectronics Corp.|ON Semiconductor Corporation|Panasonic Corporation|Pixar Animation Studios|Qualcomm Incorporated|Realtek Semiconductor Corp.|Renesas Electronics America Inc.|STMicroelectronics N.V.|Samsung Electronics Co., Ltd.|Seiko Epson Corporation|Sharp Electronics Corporation|Socionext Inc.|Solomon Systech (International) Ltd.|Soluciones Gráficas por Ordenador S.L. (SGO)|Sony Corporation|Sunplus Technology Co., Ltd.|Synaptics Incorporated|Texas Instruments Incorporated|The Foundry Visionmongers Limited|Toshiba America, Inc.|Unisoc Communications, Inc.|Unity Technologies|Wētā FX|i-Chips Technology Inc.",1057997|-1|796343|320193|769397|1730168|-1|1490930|1308547|-1|-1|-1|-1|-1|855658|-1|-1|-1|72127|1045810|-1|1097864|63271|-1|804328|-1|-1|932787|-1|-1|-1|-1|-1|-1|313838|-1|817720|97476|-1|-1|-1|-1|-1|-1
CIK1040161_10K_20240313.txt,"Apple Inc.|Broadcom Inc.|Dolby Laboratories, Inc.|EGiS Technology Inc.|HiSilicon Technologies Co., Ltd.|LG Electronics, Inc.|Lattice Semiconductor Corporation|MediaTek Inc.|MegaChips Corporation|Mitsubishi Digital Electronics America, Inc.|NEC Corporation|NVIDIA Corporation|Novatek Microelectronics Corp.|ON Semiconductor Corporation|Panasonic Corporation|Qualcomm Incorporated|Realtek Semiconductor Corp.|STMicroelectronics N.V.|Samsung Electronics Co., Ltd.|Seiko Epson Corporation|Sharp Corporation|Socionext Inc.|Solomon Systech (International) Ltd.|Sony Group Corporation|Sunplus Technology Co., Ltd.|Synaptics Incorporated|Texas Instruments Incorporated|Toshiba America, Inc.|Unisoc Communications, Inc.|i-Chips Technology Inc.",320193|1730168|1308547|-1|-1|-1|855658|-1|-1|-1|72127|1045810|-1|1097864|63271|804328|-1|932787|-1|-1|800840|-1|-1|313838|-1|817720|97476|-1|-1|-1,"ARM Holdings PLC|Actions Microelectronics Co., Ltd.|Adobe Inc.|Apple Inc.|Autodesk, Inc.|Broadcom Inc.|DNEG Plc|Digital Domain|Dolby Laboratories, Inc.|EGiS Technology Inc.|Epic Games, Inc.|HiSilicon Technologies Co., Ltd.|Industrial Light & Magic (ILM)|LG Electronics, Inc.|Lattice Semiconductor Corporation|MediaTek Inc.|MegaChips Corporation|Mitsubishi Digital Electronics America, Inc.|NEC Corporation|NVIDIA Corporation|Novatek Microelectronics Corp.|ON Semiconductor Corporation|Panasonic Corporation|Pixar Animation Studios|Qualcomm Incorporated|Realtek Semiconductor Corp.|STMicroelectronics N.V.|Samsung Electronics Co., Ltd.|Seiko Epson Corporation|Sharp Corporation|Socionext Inc.|Solomon Systech (International) Ltd.|Soluciones Gráficas por Ordenador S.L. (SGO)|Sony Group Corporation|Sunplus Technology Co., Ltd.|Synaptics Incorporated|Texas Instruments Incorporated|The Foundry Visionmongers Limited|Toshiba America, Inc.|Unisoc Communications, Inc.|Unity Technologies|Wētā FX|i-Chips Technology Inc.",1057997|-1|796343|320193|769397|1730168|-1|1490930|1308547|-1|-1|-1|-1|-1|855658|-1|-1|-1|72127|1045810|-1|1097864|63271|-1|804328|-1|932787|-1|-1|800840|-1|-1|-1|313838|-1|817720|97476|-1|-1|-1|-1|-1|-1
CIK1040161_10K_20250313.txt,"Apple Inc.|Broadcom Inc.|Dolby Laboratories, Inc.|EGiS Technology Inc.|HiSilicon Technologies Co., Ltd.|LG Electronics, Inc.|Lattice Semiconductor Corporation|MediaTek Inc.|MegaChips Corporation|Mitsubishi Digital Electronics America, Inc.|NEC Corporation|NVIDIA Corporation|Novatek Microelectronics Corp.|ON Semiconductor Corporation|Panasonic Corporation|Qualcomm Incorporated|Realtek Semiconductor Corp.|STMicroelectronics N.V.|Samsung Electronics Co., Ltd.|Seiko Epson Corporation|Sharp Corporation|Socionext Inc.|Solomon Systech (International) Ltd.|Sony Group Corporation|Sunplus Technology Co., Ltd.|Synaptics Incorporated|Texas Instruments Incorporated|Toshiba America, Inc.|Unisoc Communications, Inc.|i-Chips Technology Inc.",320193|1730168|1308547|-1|-1|-1|855658|-1|-1|-1|72127|1045810|-1|1097864|63271|804328|-1|932787|-1|-1|800840|-1|-1|313838|-1|817720|97476|-1|-1|-1,"ARM Holdings PLC|Actions Microelectronics Co., Ltd.|Adobe Inc.|Apple Inc.|Autodesk, Inc.|Broadcom Inc.|DNEG Plc|Digital Domain|Dolby Laboratories, Inc.|EGiS Technology Inc.|Epic Games, Inc.|HiSilicon Technologies Co., Ltd.|Industrial Light & Magic (ILM)|LG Electronics, Inc.|Lattice Semiconductor Corporation|MediaTek Inc.|MegaChips Corporation|Mitsubishi Digital Electronics America, Inc.|NEC Corporation|NVIDIA Corporation|Novatek Microelectronics Corp.|ON Semiconductor Corporation|Panasonic Corporation|Pixar Animation Studios|Qualcomm Incorporated|Realtek Semiconductor Corp.|STMicroelectronics N.V.|Samsung Electronics Co., Ltd.|Seiko Epson Corporation|Sharp Corporation|Socionext Inc.|Solomon Systech (International) Ltd.|Soluciones Gráficas por Ordenador S.L. (SGO)|Sony Group Corporation|Sunplus Technology Co., Ltd.|Synaptics Incorporated|Texas Instruments Incorporated|The Foundry Visionmongers Limited|Toshiba America, Inc.|Unisoc Communications, Inc.|Unity Technologies|Wētā FX|i-Chips Technology Inc.",1057997|-1|796343|320193|769397|1730168|-1|1490930|1308547|-1|-1|-1|-1|-1|855658|-1|-1|-1|72127|1045810|-1|1097864|63271|-1|804328|-1|932787|-1|-1|800840|-1|-1|-1|313838|-1|817720|97476|-1|-1|-1|-1|-1|-1
CIK1041418_10K_20020318.txt,"IBM|Mentor Graphics Corporation|SynTest Technologies, Inc.|Synopsys, Inc.",353524|701811|-1|883241,Advantest|Agilent|Credence|IBM|LTX Corporation|Mentor Graphics|Schlumberger Limited|Synopsys|Syntest Technologies|Teradyne,1158838|1090872|893162|353524|-1|701811|87347|883241|-1|97210
CIK1041418_10K_20030311.txt,"Cadence Design Systems, Inc.|International Business Machines Corporation|Mentor Graphics Corporation|SynTest Technologies, Inc.|Synopsys, Inc.",813672|51143|701811|-1|883241,"Advantest Corporation|Agilent Technologies, Inc.|Cadence Design Systems, Inc.|Credence Systems Corporation|International Business Machines Corporation|LTX Corporation|Mentor Graphics Corporation|NP Test Inc.|SynTest Technologies, Inc.|Synopsys, Inc.|Teradyne, Inc.",1158838|1090872|813672|893162|51143|-1|701811|-1|-1|883241|97210
CIK1041418_10K_20040316.txt,"Cadence Design Systems, Inc.|International Business Machines Corporation|Mentor Graphics Corporation|Synopsys, Inc.",813672|51143|701811|883241,"Advantest Corporation|Agilent Technologies, Inc.|Cadence Design Systems, Inc.|Credence Systems Corporation|International Business Machines Corporation|LTX Corporation|Mentor Graphics Corporation|NPTest, Inc.|Synopsys, Inc.|Teradyne, Inc.",1158838|1090872|813672|893162|51143|-1|701811|1261686|883241|97210
CIK1043639_10K_20080229.txt,ALi|Actions Semiconductor|Freescale Semiconductor|Micronas|NVIDIA|Philips Semiconductor|Rock Chip|ST Microelectronics|Samsung|Sunplus|Telechips|Texas Instruments|Zoran Corporation,863928|-1|1272547|-1|1045810|-1|-1|-1|-1|-1|873979|97476|1003022,ALi|Actions Semiconductor|Freescale Semiconductor|MStar|MediaTek|Micronas|NVIDIA|Philips Semiconductor|Rock Chip|ST Microelectronics|Samsung|Sunplus|Telechips|Texas Instruments|Zoran Corporation,863928|-1|1272547|-1|-1|-1|1045810|-1|-1|-1|-1|-1|873979|97476|1003022
CIK1045810_10K_20230224.txt,"Advanced Micro Devices, Inc.|Intel Corporation",2488|50863,"Advanced Micro Devices, Inc.|Ambarella, Inc.|Applied Optoelectronics, Inc.|Arista Networks|Broadcom Inc.|Cisco Systems, Inc.|Hewlett Packard Enterprise Company|Intel Corporation|Juniper Networks, Inc.|Lumentum Holdings|Marvell Technology Group|Qualcomm Incorporated|Renesas Electronics Corporation|Tesla, Inc.",2488|1280263|1158114|1596532|1730168|858877|1645590|50863|1043604|1633978|-1|804328|-1|1318605
CIK1045810_10K_20240221.txt,"Advanced Micro Devices, Inc.|Huawei Technologies Co. Ltd.|Intel Corporation",2488|-1|50863,"Advanced Micro Devices, Inc.|Alibaba Group|Alphabet Inc.|Amazon, Inc.|Ambarella, Inc.|Arista Networks|Baidu, Inc.|Broadcom Inc.|Cisco Systems, Inc.|Hewlett Packard Enterprise Company|Huawei Technologies Co. Ltd.|Intel Corporation|Lumentum Holdings|Marvell Technology Group|Microsoft Corporation|Qualcomm Incorporated|Renesas Electronics Corporation|Samsung|Tesla, Inc.",2488|1577552|1652044|1018724|1280263|1596532|1329099|1730168|858877|1645590|-1|50863|1633978|-1|789019|804328|-1|-1|1318605
CIK1045810_10K_20250226.txt,"Advanced Micro Devices, Inc.|Alibaba Group|Alphabet Inc.|Amazon, Inc.|Ambarella, Inc.|Arista Networks|Baidu, Inc.|Broadcom, Inc.|Cisco Systems, Inc.|Hewlett Packard Enterprise Company|Huawei Technologies Co. Ltd.|Intel Corporation|Lumentum Holdings Inc.|Marvell Technology, Inc.|Microsoft Corporation|Qualcomm Incorporated|Renesas Electronics Corporation|Samsung|Tesla, Inc.",2488|1577552|1652044|1018724|1280263|1596532|1329099|1730168|858877|1645590|-1|50863|1633978|1058057|789019|804328|-1|-1|1318605,"Advanced Micro Devices, Inc.|Alibaba Group|Alphabet Inc.|Amazon, Inc.|Ambarella, Inc.|Arista Networks|Baidu, Inc.|Broadcom, Inc.|Cisco Systems, Inc.|Hewlett Packard Enterprise Company|Huawei Technologies Co. Ltd.|Intel Corporation|Lumentum Holdings Inc.|Marvell Technology, Inc.|Qualcomm Incorporated|Renesas Electronics Corporation|Tesla, Inc.",2488|1577552|1652044|1018724|1280263|1596532|1329099|1730168|858877|1645590|-1|50863|1633978|1058057|804328|-1|1318605
CIK1046179_20F_20100415.txt,,,integrated device manufacturers,-1
CIK1046179_20F_20110415.txt,,,dedicated foundry service providers|integrated device manufacturers,-1|-1
CIK1046179_20F_20130402.txt,,,ASML Holding N.V.,937966
CIK1046179_20F_20140414.txt,,,ASML Holding N.V.,937966
CIK1046179_20F_20170413.txt,China companies,-1,,
CIK1046179_20F_20180419.txt,Chinese companies,-1,ASML Holding N.V.|Chinese companies,937966|-1
CIK1046179_20F_20190417.txt,Chinese companies,-1,,
CIK1046179_20F_20200415.txt,,,GlobalFoundries,-1
CIK1046179_20F_20210416.txt,,,Chinese companies,-1
CIK1046179_20F_20220414.txt,,,Chinese companies,-1
CIK1047127_10K_20190222.txt,"ASE Technology Holding Co. LTD.|Advanced Semiconductor Engineering, Inc.|Jiangsu Electronics Technology Co., Ltd.|Samsung Electronics Co., Ltd.|Siliconware Precision Industries Co., Ltd.|Taiwan Semiconductor Manufacturing Company Limited",1122411|-1|-1|-1|-1|1046179,"ASE Technology Holding Co. LTD.|Advanced Semiconductor Engineering, Inc.|Jiangsu Electronics Technology Co., Ltd.|STATS ChipPAC|Samsung Electronics Co., Ltd.|Siliconware Precision Industries Co., Ltd.|Taiwan Semiconductor Manufacturing Company Limited",1122411|-1|-1|1449579|-1|-1|1046179
CIK1047127_10K_20230222.txt,"ASE Technology Holding Co., Ltd.|JCET Group Co., Ltd.|Universal Scientific Industrial (Shanghai) Co., Ltd.",1122411|-1|-1,"ASE Technology Holding Co., Ltd.|JCET Group Co., Ltd.|Samsung Electronics Co., Ltd.|Taiwan Semiconductor Manufacturing Company Limited|Universal Scientific Industrial (Shanghai) Co., Ltd.",1122411|-1|-1|1046179|-1
CIK1047127_10K_20240216.txt,"Samsung Electronics Co., Ltd.|Taiwan Semiconductor Manufacturing Company Limited",-1|1046179,"ASE Technology Holding Co., Ltd.|JCET Group Co., Ltd.|Samsung Electronics Co., Ltd.|Taiwan Semiconductor Manufacturing Company Limited|Universal Scientific Industrial (Shanghai) Co., Ltd.",1122411|-1|-1|1046179|-1
CIK1048982_10K_20001222.txt,,,"Avant!|Fujitsu Microelectronics, Inc.|Nurlogic Corporation|OKI Electric Industry Co., Ltd.|Silicon Architects division of Synopsys|Synopsys, Inc.|Taiwan Semiconductor Manufacturing Corporation|Virage Logic|Virtual Silicon Technologies",-1|-1|-1|-1|-1|883241|1046179|1050776|-1
CIK1048982_10K_20021227.txt,Avant! Corporation|Cadence|Mentor Graphics|Synopsys,-1|16068|701811|883241,"Avant! Corporation|Cadence|DOLPHIN Integration SA|Faraday Technology Corporation|LEDA Systems, Inc.|Mentor Graphics|Synopsys|VeriSilicon Microelectronics (Shanghai) Co., Ltd.|Virage Logic Corporation|Virtual Silicon Technology, Inc.",-1|16068|-1|-1|-1|701811|883241|-1|1050776|-1
CIK1048982_10K_20031219.txt,Cadence|TSMC,16068|1046179,"Barcelona Design, Inc.|DOLPHIN Integration SA|Faraday Technology Corporation|IBM|Monolithic System Technology, Inc.|Neolinear, Inc.|Rambus Inc.|Synopsys|TSMC|TriCN, Inc.|VeriSilicon Microelectronics (Shanghai) Co. Ltd.|Virage Logic Corporation|Virtual Silicon Technology, Inc.",-1|-1|-1|353524|-1|-1|917273|883241|1046179|98677|-1|1050776|-1
CIK1048982_10K_20041112.txt,Cadence|Magma|TSMC|Virage Logic,16068|61425|1046179|1050776,"Barcelona Design|Cadence|DOLPHIN Integration, SA|Faraday Technology Limited|Monolithic System Technology, Inc.|Rambus, Inc.|Synopsys|TriCN, Inc.|VeriSilicon Microelectronics (Shanghai) Co. Ltd.|Virage Logic|Virtual Silicon Technology, Inc.",-1|16068|-1|-1|-1|917273|883241|98677|-1|1050776|-1
CIK1049521_10K_20130816.txt,MDS|MIS,1046131|66953,Lockheed Martin Corporation|Northrop Grumman Corporation|Raytheon Company,936468|1133421|1047122
CIK1049521_10K_20140814.txt,Mercury Defense Systems,-1,Lockheed Martin Corporation|Northrop Grumman Corporation|Raytheon Company,936468|1133421|1047122
CIK1049521_10K_20150813.txt,Mercury Defense Systems,-1,Lockheed Martin Corporation|Northrop Grumman Corporation|Raytheon Company,936468|1133421|1047122
CIK1049521_10K_20160816.txt,,,Lockheed Martin Corporation|Northrop Grumman Corporation|Raytheon Company,936468|1133421|1047122
CIK1049521_10K_20190815.txt,,,Lockheed Martin Corporation|Raytheon,936468|1047122
CIK1049521_10K_20210817.txt,,,Lockheed Martin Corporation|Raytheon Technologies,936468|101829
CIK1049521_10K_20230815.txt,,,Airbus|BAE Systems|Boeing|General Atomics|General Dynamics|L3Harris Technologies|Leonardo|Lockheed Martin Corporation|Northrop Grumman Corporation|RTX Corporation,-1|895564|12927|-1|40533|202058|-1|936468|1133421|101829
CIK1049521_10K_20250811.txt,,,"American Panel Corporation|Atlanta Micro, Inc.|Avalex Technologies LLC|CES Creative Electronic Systems, S.A.|Delta Microwave LLC|GECO Avionics LLC|L3Harris|Microsemi Corporation|Northrop Grumman|Pentek Technologies LLC|Physical Optics Corporation|Richland Technologies, LLC|Syntonic Microwave LLC",-1|-1|-1|-1|-1|-1|202058|310568|1133421|-1|-1|-1|-1
CIK1050550_10K_20090304.txt,,,International Rectifier|Intersil|Linear Technology|Maxim Integrated Products|Texas Instruments,316793|2485|791907|743316|97476
CIK1050550_10K_20100303.txt,,,Infineon Technologies|International Rectifier|Intersil|Linear Technology|Maxim Integrated Products|Texas Instruments,1107457|316793|2485|791907|743316|97476
CIK1050550_10K_20110308.txt,,,Infineon Technologies|International Rectifier|Intersil|Linear Technology|Maxim Integrated Products|Texas Instruments,1107457|316793|2485|791907|743316|97476
CIK1050550_10K_20120306.txt,,,Infineon Technologies|International Rectifier|Intersil|Linear Technology|Maxim Integrated Products|Texas Instruments,1107457|316793|2485|791907|743316|97476
CIK1050550_10K_20130306.txt,,,Infineon Technologies|International Rectifier|Intersil|Linear Technology|Maxim Integrated Products|Texas Instruments,1107457|316793|2485|791907|743316|97476
CIK1050776_10K_20081215.txt,"ARM Ltd.|Cadence Design Systems|Dolphin Technologies|Ingot Systems|MOSAID Technologies|Magma Design Automation|Mentor Graphics|MoSys, Inc.|Synopsys, Inc.|TSMC|Virage Logic",1057997|813672|-1|-1|-1|1065034|701811|890394|883241|1046179|1050776,"ARM Ltd.|Cadence Design Systems|Dolphin Technologies|MOSAID Technologies|Magma Design Automation|Mentor Graphics|MoSys, Inc.|Synopsys, Inc.|TSMC|Virage Logic",1057997|813672|-1|-1|1065034|701811|890394|883241|1046179|1050776
CIK1051627_10K_20010226.txt,LEC,1054290,Agilent|Cree|EMCORE|Freiberger|Hitachi Cable|Honeywell|IBM|Japan Energy|Litton Airtron|LumiLED|Nichia Chemicals|Sumitomo Electric|Toyoda Gosei|United Epitaxy,1090872|895419|808326|-1|-1|48305|353524|-1|-1|-1|-1|-1|-1|-1
CIK1051627_10K_20030321.txt,Agilent Technologies|EMCORE|IQE|Kopin|Nortel Networks|Skyworks Solutions|Sumitomo Chemical,1090872|808326|-1|771266|72911|4127|-1,Arima|Cielo|Cree|E2O|EMCORE|Freiberger|Honeywell|IBM|Infineon|Japan Energy|Kopin|LumiLED|Motorola|Nichia Chemicals|Picolight|Sumitomo Electric|Toyoda Gosei|Trulight|United Epitaxy|Zarlink,-1|-1|895419|-1|808326|-1|48305|353524|1107457|-1|771266|-1|68505|-1|-1|-1|-1|-1|-1|352435
CIK1051627_10K_20040329.txt,Agilent Technologies|EMCORE|IQE|Kopin|Motorola|Samsung|Sumika|United Epitaxy Company,1090872|808326|-1|771266|68505|-1|-1|-1,Freiberger|Hitachi|IBM|Japan Energy|Sumitomo Electric|Triquent,-1|47710|353524|-1|-1|-1
CIK1051627_10K_20050318.txt,"Cree, Inc.|Crystal Technologies|Freiberger Compound Materials|Japan Energy|Mitsubishi Chemical Corporation|Sumitomo Electric Industries|Triquent",895419|-1|-1|-1|-1|-1|-1,Crystal Technologies|Freiberger Compound Materials|Japan Energy|Mitsubishi Chemical Corporation|Sumitomo Electric Industries,-1|-1|-1|-1|-1
CIK1051627_10K_20080314.txt,China Crystal Technologies|Freiberger Compound Materials|Hitachi|Hitachi Cable|IBM|Japan Energy|Mitsubishi Chemical Corporation|Sumitomo Electric Industries|Triquent,-1|-1|47710|-1|353524|-1|-1|-1|-1,China Crystal Technologies|Freiberger Compound Materials|Hitachi|IBM|Japan Energy|Mitsubishi Chemical Corporation|Sumitomo Electric Industries|Triquent,-1|-1|47710|353524|-1|-1|-1|-1
CIK1051627_10K_20090331.txt,China Crystal Technologies|Freiberger Compound Materials|Hitachi|Hitachi Cable|IBM|Japan Energy|Mitsubishi Chemical Corporation|Sumitomo Electric Industries|TriQuint Semiconductors,-1|-1|47710|-1|353524|-1|-1|-1|913885,China Crystal Technologies|Freiberger Compound Materials|Hitachi|IBM|Japan Energy|Mitsubishi Chemical Corporation|Sumitomo Electric Industries|TriQuint Semiconductors,-1|-1|47710|353524|-1|-1|-1|913885
CIK1051627_10K_20100322.txt,China Crystal Technologies|Freiberger Compound Materials|Hitachi|Hitachi Cable|IBM|Japan Energy|Mitsubishi Chemical Corporation|Sumitomo Electric Industries|TriQuint Semiconductors,-1|-1|47710|-1|353524|-1|-1|-1|913885,China Crystal Technologies|Freiberger Compound Materials|Hitachi|IBM|Japan Energy|Mitsubishi Chemical Corporation|Sumitomo Electric Industries|TriQuint Semiconductors,-1|-1|47710|353524|-1|-1|-1|913885
CIK1051627_10K_20110316.txt,Germany|Japan,-1|800673,"Beijing Compound Crystal Technology, Ltd.|Freiberger Compound Materials|Hitachi|IBM|Mitsubishi Chemical Corporation|Sumitomo Electric Industries|TriQuint Semiconductors",-1|-1|47710|353524|-1|-1|913885
CIK1051627_10K_20120315.txt,Germany|Japan,-1|800673,Freiberger Compound Materials|Hitachi|Hitachi Cable|Sumitomo Electric Industries|TriQuint Semiconductors,-1|47710|-1|-1|913885
CIK1051627_10K_20130315.txt,IQE Group,-1,Freiberger Compound Materials|Hitachi Cable|Sumitomo Electric Industries|TriQuint Semiconductors,-1|-1|-1|913885
CIK1051627_10K_20140314.txt,RFMD|Skyworks|TriQuint Semiconductors,-1|4127|913885,CCTC|Freiberger Compound Materials|Hitachi Cable|RFMD|Skyworks|Sumitomo Electric Industries|TriQuint Semiconductors,1445109|-1|-1|-1|4127|-1|913885
CIK1051627_10K_20150313.txt,a leading Japanese competitor,-1,China Crystal Technology Corp.|Freiberger Compound Materials|JX|RFMD|Skyworks|Sumitomo Electric Industries|TriQuint Semiconductors|Umicore,-1|-1|-1|-1|4127|-1|913885|-1
CIK1051627_10K_20160311.txt,Germany|Japan,-1|800673,"China Crystal Technology Corp.|Freiberger Compound Materials|Intelligent Epitaxy Technology, Inc|JX|RFMD|Skyworks|Sumitomo Electric Industries|TriQuint Semiconductors|Umicore",-1|-1|-1|-1|-1|4127|-1|913885|-1
CIK1051627_10K_20170227.txt,Germany|Japan,-1|800673,"Aixtron, Inc.|China Crystal Technology Corp.|EMCORE|Freiberger Compound Materials|GSI Technology|GT Advanced Technologies|Intelligent Epitaxy Technology, Inc|Intermolecular|Intevac|Japan Energy|Molycorp|Oclaro|Pericom Semiconductor|Pixelworks|Qorvo|QuickLogic|Rubicon Technology|Skyworks|Sumitomo|Sumitomo Electric Industries|Umicore|Zhone Technologies",1089496|-1|808326|-1|1126741|1394954|-1|1311241|1001902|-1|1489137|1110647|1001426|1040161|1604778|882508|1410172|4127|-1|-1|-1|-1
CIK1051627_10K_20180309.txt,companies in Germany|companies in Japan,-1|-1,"China Crystal Technology Corp.|Freiberger Compound Materials|GCS Holdings, Inc.|IntelliEpi|Japan Energy|Qorvo|Skyworks|Sumitomo|Sumitomo Electric Industries|Umicore",-1|-1|-1|-1|-1|1604778|4127|-1|-1|-1
CIK1051627_10K_20190311.txt,,,China Crystal Technology Corp.|Freiberger Compound Materials|Japan Energy|Qorvo|Skyworks|Sumitomo|Sumitomo Electric Industries|Umicore,-1|-1|-1|1604778|4127|-1|-1|-1
CIK1051627_10K_20200312.txt,,,China Crystal Technology Corp.|Freiberger Compound Materials|Japan Energy|Qorvo|Skyworks|Sumitomo Electric Industries|Umicore,-1|-1|-1|1604778|4127|-1|-1
CIK1051627_10K_20210323.txt,,,China Crystal Technology Corp.|Freiberger Compound Materials|Japan Energy|Qorvo|Skyworks|Sumitomo Electric Industries|Umicore,-1|-1|-1|1604778|4127|-1|-1
CIK1051627_10K_20220315.txt,,,China Crystal Technology Corp.|Freiberger Compound Materials|Japan Energy|Qorvo|Skyworks|Sumitomo Electric Industries|Umicore|Vital Materials,-1|-1|-1|1604778|4127|-1|-1|-1
CIK1051627_10K_20230316.txt,,,China Crystal Technology Corp.|Freiberger Compound Materials|Japan Energy|Qorvo|Skyworks|Sumitomo Electric Industries|Umicore|Vital Materials,-1|-1|-1|1604778|4127|-1|-1|-1
CIK1051627_10K_20240315.txt,,,China Crystal Technology Corp.|Freiberger Compound Materials|Japan Energy|Qorvo|Skyworks|Sumitomo Electric Industries|Umicore|Vital Materials,-1|-1|-1|1604778|4127|-1|-1|-1
CIK1051627_10K_20250314.txt,,,China Crystal Technology Corp.|Freiberger Compound Materials|Japan Energy|Qorvo|Skyworks|Sumitomo Electric Industries|Umicore|Vital Materials,-1|-1|-1|1604778|4127|-1|-1|-1
CIK1054374_10K_20130130.txt,Qualcomm,804328,,
CIK1057708_20F_20011001.txt,,,"Global Marketing Corp.|Hamilton Beach/Proctor-Silex|Helen of Troy Limited|Montgomery Ward|Morphy Richards Limited|Moulinex S.A.|Royal Appliance Mfg. Co.|SEB, S.A.|Sunbeam Corporation|Sunbeam Products Inc.|Sunbeam Products, Inc.",-1|-1|916789|67818|-1|-1|85462|88121|3662|-1|-1
CIK1057708_20F_20021015.txt,,,Groupe SEB|Planar Systems|Sharp|Sunbeam Corporation,-1|722392|800840|3662
CIK1057708_20F_20030930.txt,,,LG|Samsung|Sharp|Sony|TTI|Techtronic Industries Limited,857471|-1|800840|313838|844965|-1
CIK1057708_20F_20040930.txt,,,Eureka|Moulinex S.A.|Royal Appliance Manufacturing Company|Techtronic Industries Limited,-1|-1|85462|-1
CIK1057708_20F_20050930.txt,,,Electrolux|Moulinex S.A.|TTI,813810|-1|844965
CIK1057708_20F_20060929.txt,,,PRC-based producers,-1
CIK1057708_20F_20140718.txt,,,"Lenovo Mobile Communication Technology Ltd.|Shenzhen ZTE Mobile Tech Co., Ltd.",-1|-1
CIK1058057_10K_20100331.txt,,,Analog Devices|Atheros Communications|Broadcom|Cambridge Silicon Radios|Freescale Semiconductor|Intel Corporation|International Rectifier|Intersil Corporation|LSI Corporation|Linear Technology|Maxim Integrated Products Incorporated|MediaTek Incorporated|National Semiconductor|Netlogic Microsystems|PMC-Sierra|QUALCOMM Corporation|Realtek Semiconductor|Renesas|STMicroelectronics|Samsung|Texas Instruments|Vitesse Semiconductor,6281|1140486|1730168|-1|1272547|50863|316793|2485|703360|791907|743316|-1|70530|1135711|767920|804328|-1|-1|932787|-1|97476|880446
CIK1058057_10K_20110328.txt,Analog Devices|Atheros|Broadcom|Cavium Networks|Freescale Semiconductor|Intel|International Rectifier|Intersil Corporation|LSI Corporation|Linear Technology|Maxim Integrated Products Incorporated|National Semiconductor|NetLogic Microsystems|Nvidia|PMC Sierra|Qualcomm|Realtek Semiconductor|Renesas|STMicroelectronics|Sandforce|Texas Instruments|Vitesse Semiconductor,6281|1140486|1730168|-1|1272547|50863|316793|2485|703360|791907|743316|70530|1135711|1045810|767920|804328|-1|-1|932787|-1|97476|880446,Atheros|Broadcom|Cavium Networks|Freescale Semiconductor|Intel|LSI Corporation|NetLogic Microsystems|Nvidia|PMC Sierra|Qualcomm|Realtek Semiconductor|Renesas|STMicroelectronics|Sandforce|Texas Instruments|Vitesse Semiconductor,1140486|1730168|-1|1272547|50863|703360|1135711|1045810|767920|804328|-1|-1|932787|-1|97476|880446
CIK1058057_10K_20150326.txt,"Avago Technologies Ltd.|Broadcom Corporation|Cavium, Inc.|Freescale Semiconductor, Ltd.|Intel Corporation|MediaTek, Inc.|QUALCOMM Incorporated|Spreadtrum Communications, Inc.",-1|1730168|1175609|1272547|50863|-1|804328|-1,"Avago Technologies Ltd.|Broadcom Corporation|Cavium, Inc.|Freescale Semiconductor, Ltd.|Intel Corporation|MediaTek, Inc.|QUALCOMM Incorporated|Seagate Technology plc|Spreadtrum Communications, Inc.",-1|1730168|1175609|1272547|50863|-1|804328|1137789|-1
CIK1058057_10K_20160721.txt,"Broadcom Limited|Cavium, Inc.|Intel Corporation|MediaTek, Inc.|NXP Semiconductors|QUALCOMM Incorporated|Spreadtrum Communications, Inc.",1730168|1175609|50863|-1|1413447|804328|-1,"Altera Corporation|Analog Devices, Inc.|Avago Technologies Limited|Broadcom Limited|Cavium, Inc.|Freescale Semiconductor Ltd.|Intel Corporation|Juniper Networks Inc.|LSI Corporation|MediaTek, Inc.|NVIDIA Corporation|NXP Semiconductors|NetApp, Inc.|QUALCOMM Incorporated|Spreadtrum Communications, Inc.|Xilinx, Inc.",768251|6281|-1|1730168|1175609|1272547|50863|1043604|703360|-1|1045810|1413447|1002047|804328|-1|743988
CIK1063662_10K_20000629.txt,Sage,1063662,"Arithmos, Inc.|Cinema Pro Corporation|Communications Specialties Inc.|DVDO, Inc.|DWIN Electronics, Inc.|Extron Electronics|Genesis|Genesis Microchip, Inc.|Leitch Incorporated|Micronix|Miranda Technology, Inc.|NEC|NEC Technologies, Inc. USA|Panasonic Broadcast and Television Systems Company|Pixelworks|Pixelworks, Inc.|RGB Spectrum|Silicon Image|Silicon Image, Inc.|Smart Asic|Snell & Wilcox, Inc.|Sony Corporation|TeraNex|Yamashita Engineering Manufacturing, Inc.|dba, Runco International",-1|-1|-1|-1|-1|-1|1236736|1161396|1111496|-1|-1|72127|-1|-1|1040161|1040161|-1|1003214|1003214|-1|-1|313838|-1|-1|-1
CIK1063662_10K_20010629.txt,"Cinema Pro Corporation dba Runco International|Communications Specialties Inc.|DVDO, Inc.|DWIN Electronics, Inc.|Extron Electronics|Genesis|Genesis Microchip, Inc.|Leitch Incorporated|Macronix|Miranda Technology, Inc.|NEC Technologies, Inc.|Panasonic Broadcast and Television Systems Company|Pixelworks|Pixelworks, Inc.|RGB Spectrum|Silicon Image|Silicon Image, Inc.|Smart Asic|TeraNex|nDSP",-1|-1|-1|-1|-1|1236736|1161396|1111496|1009680|-1|-1|-1|1040161|1040161|-1|1003214|1003214|-1|-1|-1,"Cinema Pro Corporation dba Runco International|Communications Specialties Inc.|DVDO, Inc.|DWIN Electronics, Inc.|Extron Electronics|Genesis|Genesis Microchip, Inc.|Leitch Incorporated|Macronix|Miranda Technology, Inc.|NEC Technologies, Inc. USA|Panasonic Broadcast and Television Systems Company|Pixelworks|Pixelworks, Inc.|RGB Spectrum|Silicon Image|Silicon Image, Inc.|Smart Asic|Snell & Wilcox, Inc.|Sony Corporation|TeraNex|Yamashita Engineering Manufacturing, Inc.|nDSP",-1|-1|-1|-1|-1|1236736|1161396|1111496|1009680|-1|-1|-1|1040161|1040161|-1|1003214|1003214|-1|-1|313838|-1|-1|-1
CIK1065246_10K_20001226.txt,"Analog Devices, Inc.|Broadcom Corporation|IBM|International Business Machines|Motorola, Inc.|Philips Corporation|Safenet, Inc.",6281|1730168|353524|51143|68505|205778|1494037,"3Com Corporation|Analog Devices, Inc.|Broadcom Corporation|Cisco Systems, Inc.|IBM|Intel Corporation|International Business Machines (IBM)|International Business Machines Corporation|Lucent Technologies Inc.|Microsoft Corporation|Motorola, Inc.|National Semiconductor Corporation|Nortel Networks, Inc.|Philips Corporation|Safenet, Inc.|Texas Instruments Incorporated",-1|6281|1730168|858877|353524|50863|51143|51143|1006240|789019|68505|70530|72911|205778|1494037|97476
CIK1065246_10K_20011211.txt,"Analog Devices, Inc.|Broadcom Corporation|International Business Machines (IBM)|Motorola, Inc.|Philips Corporation|Safenet, Inc.",6281|1730168|51143|68505|205778|1494037,"Analog Devices, Inc.|Broadcom Corporation|Intel Corporation|International Business Machines|Lucent Technologies Inc.|Microsoft Corporation|Motorola, Inc.|National Semiconductor Corporation|Philips Corporation|Safenet, Inc.|Texas Instruments Incorporated",6281|1730168|50863|51143|1006240|789019|68505|70530|205778|1494037|97476
CIK1065246_10K_20021216.txt,"Broadcom Corporation|International Business Machines (IBM)|Motorola, Inc.|Philips Corporation|Safenet, Inc.",1730168|51143|68505|205778|1494037,"Agere Systems|Analog Devices, Inc.|Broadcom Corporation|Intel Corporation|International Business Machines (IBM)|Lucent Technologies Inc.|Microsoft Corporation|Motorola, Inc.|National Semiconductor Corporation|Philips Corporation|Safenet, Inc.|Texas Instruments Incorporated",1129446|6281|1730168|50863|51143|1006240|789019|68505|70530|205778|1494037|97476
CIK1065246_10K_20031216.txt,major domestic and international semiconductor suppliers,-1,"Agere Systems|Broadcom Corporation|Cavium Networks|IBM|Intel Corporation|Motorola, Inc.|National Semiconductor Corporation|Safenet, Inc.|Texas Instruments Incorporated",1129446|1730168|-1|353524|50863|68505|70530|1494037|97476
CIK1065246_10K_20041213.txt,"Agere Systems|Analog Devices, Inc.|Applied Micro Circuits Corporation|Broadcom Corporation|Cavium Networks|Freescale Technologies, Inc.|IBM|Intel Corporation|Lucent Technologies Inc.|Motorola, Inc.|National Semiconductor Corporation|SafeNet, Inc.|Texas Instruments Incorporated",1129446|6281|711065|1730168|-1|-1|353524|50863|1006240|68505|70530|1494037|97476,"Agere Systems|Analog Devices, Inc.|Applied Micro Circuits Corporation|Broadcom Corporation|Cavium Networks|Freescale Semiconductor, Inc.|IBM|Intel Corporation|Microsoft Corporation|Motorola, Inc.|SafeNet, Inc.",1129446|6281|711065|1730168|-1|1272547|353524|50863|789019|68505|1494037
CIK1065246_10K_20051214.txt,"Agere Systems|Applied Micro Circuits Corporation|Broadcom Corporation|Cavium Networks|Freescale Technologies, Inc.|Intel Corporation|Lucent Technologies Inc.|Motorola, Inc.|National Semiconductor Corporation|SafeNet, Inc.|Texas Instruments Incorporated",1129446|711065|1730168|-1|-1|50863|1006240|68505|70530|1494037|97476,"Agere Systems|Applied Micro Circuits Corporation (AMCC)|Broadcom Corporation|Cavium Networks|Freescale Semiconductor, Inc.|Intel Corporation|Safenet, Inc.",1129446|711065|1730168|-1|1272547|50863|1494037
CIK1065246_10K_20061214.txt,"Agere Systems|Applied Micro Circuits Corporation|Broadcom Corporation|Cavium Networks|Freescale Technologies, Inc.|Intel Corporation|Lucent Technologies Inc.|Motorola, Inc.|National Semiconductor Corporation|SafeNet, Inc.|Texas Instruments Incorporated",1129446|711065|1730168|-1|-1|50863|1006240|68505|70530|1494037|97476,"Agere Systems|Applied Micro Circuits Corporation|Broadcom Corporation|Cavium Networks|Freescale Semiconductor, Inc.|Intel Corporation|Lucent Technologies Inc.|Motorola, Inc.|National Semiconductor Corporation|Safenet, Inc.|Texas Instruments Incorporated",1129446|711065|1730168|-1|1272547|50863|1006240|68505|70530|1494037|97476
CIK1065246_10K_20071114.txt,"AHA|Agere Systems|Applied Micro Circuits Corporation (AMCC)|Broadcom Corporation|Cavium Networks|Equallogics|Freescale Semiconductor, Inc.|Hifn|Indra Networks|Intel Corporation|LeftHand Networks|Lucent Technologies Inc.|Microsoft Corporation|Motorola, Inc.|National Semiconductor Corporation|Safenet, Inc.|Stac, Inc.|Texas Instruments Incorporated",1788028|1129446|711065|1730168|-1|-1|1272547|1065246|-1|50863|-1|1006240|789019|68505|70530|1494037|756824|97476,"AHA|Applied Micro Circuits Corporation (AMCC)|Broadcom Corporation|Cavium Networks|Equallogics|Freescale Semiconductor, Inc.|Indra Networks|Intel Corporation|LSI Logic|LeftHand Networks|Lucent Technologies Inc.|Motorola, Inc.|National Semiconductor Corporation|Safenet, Inc.|Texas Instruments Incorporated",1788028|711065|1730168|-1|-1|1272547|-1|50863|-1|-1|1006240|68505|70530|1494037|97476
CIK1065246_10K_20081114.txt,"AHA|Agere Systems|Applied Micro Circuits Corporation (AMCC)|Broadcom Corporation|Cavium Networks|Freescale Semiconductor, Inc.|Indra Networks|Intel Corporation|Lucent Technologies Inc.|Safenet, Inc.|Texas Instruments Incorporated",1788028|1129446|711065|1730168|-1|1272547|-1|50863|1006240|1494037|97476,"AHA|Applied Micro Circuits Corporation (AMCC)|Broadcom Corporation|Cavium Networks|Freescale Semiconductor, Inc.|Freescale, Inc.|Indra Networks|Intel Corporation|LSI Logic|Lucent Technologies Inc.|Safenet, Inc.|Texas Instruments Incorporated",1788028|711065|1730168|-1|1272547|1272547|-1|50863|-1|1006240|1494037|97476
CIK1069353_10K_20021217.txt,,,"Agere Systems, Inc.|Analog Devices, Inc.|Applied Micro Circuits Corporation|Broadcom, Inc.|Centillium Communications, Inc.|Exar Corporation|GlobespanVirata, Inc.|Infineon Technologies A.G.|Intel Corporation|LSI Logic Corporation|Maxim Integrated Products, Inc.|Metalink Ltd.|Microtune, Inc.|Motorola, Inc.|PC-Tel, Inc.|PMC-Sierra, Inc.|Philips Electronics N.V.|STMicroelectronics N.V.|Samsung Electronics Co. Ltd.|Texas Instruments Incorporated|TranSwitch Corporation|Vitesse Semiconductor Corporation",1129446|6281|711065|1730168|1107194|753568|1081197|1107457|50863|-1|743316|1098462|1108058|68505|-1|767920|-1|932787|-1|97476|944739|880446
CIK1069353_10K_20051208.txt,,,"Agere Systems, Inc.|Atheros Communications, Inc.|Broadcom Corporation|Centillium Communications, Inc.|Infineon Technologies AG|Intel Corporation|LSI Logic Corporation|Marvell Technology Group Ltd.|Motorola, Inc.|NEC Corporation|Philips Electronics N.V.|STMicroelectronics N.V.|Silicon Laboratories, Inc.|Texas Instruments Incorporated",1129446|1140486|1730168|1107194|1107457|50863|-1|-1|68505|72127|-1|932787|1038074|97476
CIK1069353_10K_20061213.txt,,,"Agere Systems, Inc.|Atheros Communications, Inc.|Broadcom Corporation|Centillium Communications, Inc.|Ikanos Communications, Inc.|Infineon Technologies AG|Intel Corporation|LSI Logic Corporation|Marvell Technology Group Ltd.|NEC Corporation|NXP Semiconductors|STMicroelectronics N.V.|Silicon Laboratories, Inc.|Texas Instruments Incorporated",1129446|1140486|1730168|1107194|1219210|1107457|50863|-1|-1|72127|1413447|932787|1038074|97476
CIK1071840_10K_20091215.txt,,,"AEST Incorporated|DuPont|KinergyPowerUSA|Konarka Technologies, Inc.|Sharp Corporation|United Solar Ovonic|XsunX, Inc.",-1|-1|-1|-1|800840|-1|-1
CIK1071840_10K_20101213.txt,,,"3M|AEST Incorporated|DuPont|KinergyPowerUSA|Konarka Technologies, Inc.|Sharp Corporation|Sigma Design Company|Veryst Engineering LLC|XsunX, Inc.",-1|-1|-1|-1|-1|800840|-1|-1|-1
CIK1071840_10K_20121128.txt,"BELECTRIC Solarkraftwerke GmbH|Sharp Corporation|XsunX, Inc.",-1|800840|-1,"AEST Incorporated|BELECTRIC Solarkraftwerke GmbH|Highway Energy Systems Ltd.|KinergyPowerUSA|Sharp Corporation|XsunX, Inc.",-1|-1|-1|-1|800840|-1
CIK1071840_10K_20141114.txt,"BELECTRIC Solarkraftwerke GmbH|Pythagoras Solar|Sharp Corporation|XsunX, Inc.",-1|-1|800840|-1,"AEST Incorporated|BELECTRIC Solarkraftwerke GmbH|Highway Energy Systems Ltd.|KinergyPowerUSA|Pythagoras Solar|Sharp Corporation|XsunX, Inc.",-1|-1|-1|-1|-1|800840|-1
CIK1071840_10K_20181129.txt,ONYX Solar|Sharp Corporation|Solarmer|Ubiquitous Energy,-1|800840|-1|-1,BP Solar|Dyetec Solar|Dysol|Eight19|Heliatek|Kyocera|ONYX Solar|Oxford Photovoltaics|Sanyo|Sharp Corporation|Solar World AG|Solarmer|Ubiquitous Energy,-1|-1|-1|-1|-1|57083|-1|-1|203097|800840|-1|-1|-1
CIK1071840_10K_20191118.txt,ONYX Solar|Sharp Corporation|Solarmer|Ubiquitous Energy,-1|800840|-1|-1,BP Solar|Dyetec Solar|Dysol|GE|Heliatek|Kyocera|Mitsubishi|ONYX Solar|Oxford Photovoltaics|Sanyo|Sharp|Sharp Corporation|Solar World AG|Solarmer|Solarmer Energy|Ubiquitous Energy,-1|-1|-1|40545|-1|57083|773753|-1|-1|203097|800840|800840|-1|-1|-1|-1
CIK1071840_10K_20201110.txt,Solarmer|Ubiquitous Energy,-1|-1,"BP Solar|Dyetec Solar|Dysol|GE|Heliatek|Kyocera Solar|Mitsubishi|Next Energy Technologies, Inc.|ONYX Solar|Oxford PV|Sanyo|Sharp|Solar World AG|Solarmer|Solarmer Energy|Ubiquitous Energy",-1|-1|-1|40545|-1|-1|773753|-1|-1|-1|203097|800840|-1|-1|-1|-1
CIK1071840_10K_20211104.txt,,,ARMOR|Heliatek|Next Energy Technologies|ONYX Solar|Solarmer Energy|Sunew|Ubiquitous Energy,845752|-1|-1|-1|-1|-1|-1
CIK1071840_10K_20230830.txt,,,"ASCA GmbH|Heliatek|Next Energy Technologies|ONYX Solar|Solarmer Organic Optoelectronics Technology (Beijing) Co., Ltd.|Sunew Filmes Fotovoltaicos Impressos S.A.|Ubiquitous Energy",912145|-1|-1|-1|-1|-1|-1
CIK1071840_10K_20231121.txt,,,"ASCA GmbH|Heliatek|Next Energy Technologies|ONYX Solar|Solarmer Organic Optoelectronics Technology (Beijing) Co., Ltd.|Sunew Filmes Fotovoltaicos Impressos S.A.|Ubiquitous Energy",912145|-1|-1|-1|-1|-1|-1
CIK1071840_10K_20241120.txt,,,"ASCA GmbH|Heliatek|Next Energy Technologies|ONYX Solar|Solarmer Organic Optoelectronics Technology (Beijing) Co., Ltd.|Sunew Filmes Fotovoltaicos Impressos S.A.|Ubiquitous Energy",912145|-1|-1|-1|-1|-1|-1
CIK1071840_10K_20251113.txt,,,"ASCA GmbH|Heliatek|Next Energy Technologies|ONYX Solar|Solarmer Organic Optoelectronics Technology (Beijing) Co., Ltd.|Sunew Filmes Fotovoltaicos Impressos S.A.|Ubiquitous Energy",912145|-1|-1|-1|-1|-1|-1
CIK1078858_10K_20090331.txt,Applied Materials|Atlantis|BP Solar|Cypress|Exxon|GE Solar|Imerys|Isofoton|Kyocera Corporation|Powerlight|Qcells|Schott Solar|Sharp Corporation|Shell|Solar Century|Solarworld|Sunpower|Suntech|Tenesol|Total,6951|830991|-1|716054|843499|-1|-1|-1|57083|-1|-1|-1|800840|89629|-1|-1|867773|-1|-1|803058,Alwitra|Antec|Applied Materials|Atlantis|BP Solar|Cypress|Exxon|GE Solar|Imerys|Isofoton|Kaneka|Kyocera Corporation|Mitsubishi|Mitsubishi Heavy Industries|Motech|Photowatt|Powerlight|Qcells|Renewable Energy Corporation|Sanyo|Schott Solar|Sharp Corporation|Shell|Shell Solar|Solar Century|Solarworld|Sunpower|Suntech|Tenesol|Total|Trina solar|UNI-Solar|United Solar,-1|-1|6951|830991|-1|716054|843499|-1|-1|-1|-1|57083|773753|-1|-1|1373201|-1|-1|1463258|203097|-1|800840|89629|-1|-1|-1|867773|-1|-1|803058|1382158|-1|708581
CIK1078858_10K_20100415.txt,Applied Materials|Atlantis|BP Solar|Cypress|Exxon|GE Solar|Imerys|Isofoton|Kyocera Corporation|Powerlight|Qcells|Schott Solar|Sharp Corporation|Shell|Solar Century|Solarworld|Sunpower|Suntech|Tenesol|Total,6951|830991|-1|716054|843499|-1|-1|-1|57083|-1|-1|-1|800840|89629|-1|-1|867773|-1|-1|803058,Alwitra|Antec|Applied Materials|Atlantis|BP Solar|Cypress|Exxon|GE Solar|Imerys|Isofoton|Kaneka|Kyocera Corporation|Mitsubishi|Mitsubishi Heavy Industries|Motech|Photowatt|Powerlight|Qcells|Renewable Energy Corporation|Sanyo|Schott Solar|Sharp Corporation|Shell|Shell Solar|Solar Century|Solarworld|Sunpower|Suntech|Tenesol|Total|Trina solar|UNI-Solar|United Solar,-1|-1|6951|830991|-1|716054|843499|-1|-1|-1|-1|57083|773753|-1|-1|1373201|-1|-1|1463258|203097|-1|800840|89629|-1|-1|-1|867773|-1|-1|803058|1382158|-1|708581
CIK1081078_10K_20080825.txt,"ATC Frost Magnetics, Inc.|Aeroflex Incorporated|Bel Fuse, Inc.|Data Device Corporation|EMW|Excalibur Systems|GE Fanuc Embedded Systems|Halo Electronics|Holt Integrated Circuits|International Rectifier Corp.|Knox Semiconductor|Leatherwood|Microsemi Corporation|Midcom Inc.|Pulse Engineering|S&W|SBS Technologies, Inc.|Semtech Corp.|Skyworks Solutions|Technitrol",-1|1487990|729580|-1|-1|-1|-1|-1|-1|316793|-1|-1|310568|943357|874441|1092796|880208|88941|4127|-1,"ATC Frost Magnetics, Inc.|Aeroflex Incorporated|Bel Fuse, Inc.|Data Device Corporation|EMW|Excalibur Systems|GE Fanuc Embedded Systems|Halo Electronics|Holt Integrated Circuits|International Rectifier Corp.|Knox Semiconductor|Leatherwood|Microsemi Corporation|Midcom Inc.|Pulse Engineering|S&W|SBS Technologies, Inc.|Semtech Corp.|Skyworks Solutions",-1|1487990|729580|-1|-1|-1|-1|-1|-1|316793|-1|-1|310568|943357|874441|1092796|880208|88941|4127
CIK1081078_10K_20110826.txt,,,"Aeroflex, Incorporated|Anaren Inc.|Cobham plc|Comtech EF Data Corp.|DRS.Finmeccanica|Data Devices Inc.|Ducommun Incorporated|Kratos Defense & Security Solutions, Inc.|M/A-COM Technology Solutions Inc.",1487990|6314|-1|-1|-1|-1|30305|-1|-1
CIK1081078_10K_20130212.txt,,,"Advanced Programs, Inc.|Aeroflex Incorporated|Anaren Inc.|CIS Secure Computing|Cobham plc|Comtech EF Data Corp.|DRS.Finmeccanica|Data Device Corporation|Ducommun Incorporated|Eurotempest|K&L Microwave|Kratos Defense & Security Solutions, Inc.|M/A-COM Technology Solutions Inc.",-1|1487990|6314|-1|-1|-1|-1|-1|30305|-1|-1|-1|-1
CIK1081078_10K_20140212.txt,C-MAC|CMT|RTIE|Spectrum Control,896043|1026655|-1|92769,"Advanced Programs, Inc.|Aeroflex Incorporated|Amphenol|Anaren Inc.|CIS Secure Computing|Cobham plc|DRS.Finmeccanica|Ducommun Incorporated|Eurotempest|K&L Microwave|Kratos Defense & Security Solutions, Inc.|M/A-COM Technology Solutions Inc.|Schaffner Group",-1|1487990|820313|6314|-1|-1|-1|30305|-1|-1|-1|-1|-1
CIK1081078_10K_20150210.txt,,,"Advanced Programs, Inc.|Aeroflex Incorporated|Amphenol|CIS Secure Computing|Cobham plc|DRS.Finmeccanica|Ducommun Incorporated|Eurotempest|K&L Microwave|Kratos Defense & Security Solutions, Inc.|M/A-COM Technology Solutions Inc.|Schaffner Group",-1|1487990|820313|-1|-1|-1|30305|-1|-1|-1|-1|-1
CIK1081078_10K_20160302.txt,,,"Advanced Programs, Inc.|Amphenol|CIS Secure Computing|Cobham plc|DRS.Finmeccanica|Ducommun Incorporated|Eurotempest|K&L Microwave|Kratos Defense & Security Solutions, Inc.|M/A-COM Technology Solutions Inc.|Schaffner Group",-1|820313|-1|-1|-1|30305|-1|-1|-1|-1|-1
CIK1081197_10K_20010330.txt,Alcatel|Cisco Systems|Intel Corporation|Lucent Technologies|NEC Corporation|Nokia Corporation|Nortel Networks,-1|858877|50863|1006240|72127|924613|72911,Alcatel Microelectronics|Analog Devices|Broadcom|Broadcom Corporation|Centillium Communications|Conexant Systems|Infineon Technologies|Integrated Telecom Express|Intel Corporation|MetaLink|Texas Instruments|Virata Corporation,-1|6281|1730168|1730168|1107194|1069353|1107457|1116201|50863|1098462|97476|1094371
CIK1081197_10K_20020401.txt,,,Agere Systems|Alcatel Microelectronics|Analog Devices|Broadcom|Broadcom Corporation|Centillium Communications|Conexant Systems|Infineon Technologies|Integrated Telecom Express|Intel Corporation|MetaLink|Motorola Corporation|Texas Instruments,1129446|-1|6281|1730168|1730168|1107194|1069353|1107457|1116201|50863|1098462|68505|97476
CIK1081197_10K_20030310.txt,,,"ADMTek|Adtran|Analog Devices|Aware Inc.|Broadcom Corporation|Centillium Communications|Conexant Systems|Ikanos Communications, Inc.|Infineon Technologies|Integrated Telecom Express|Intel Corporation|MetaLink|Motorola Corporation|ST Microelectronics|Samsung Electronics|Texas Instruments",-1|926282|6281|1015739|1730168|1107194|1069353|1219210|1107457|1116201|50863|1098462|68505|-1|-1|97476
CIK1090215_10K_20010329.txt,,,"Agilent Technologies|Corning Incorporated|Corvis Corporation|JDS Uniphase Corporation|Kaifa Technology, Inc.|Lucent Technologies|Nortel Networks Corporation",1090872|24741|-1|-1|-1|1006240|72911
CIK1090215_10K_20020328.txt,"Agere Systems, Inc.|Alcatel S.A.|Coherent Inc.|JDS Uniphase Corporation|Melles Griot|Newport Corporation|Nortel Networks Corporation|Thorlabs, Inc.",1129446|-1|21510|-1|-1|225263|72911|-1,"Agere Systems, Inc.|Agilent Technologies|Alcatel S.A.|Coherent Inc.|Corning Incorporated|Corvis Corporation|JDS Uniphase Corporation|Melles Griot|Newport Corporation|Nortel Networks Corporation|Thorlabs, Inc.",1129446|1090872|-1|21510|24741|-1|-1|-1|225263|72911|-1
CIK1093691_10K_20170310.txt,,,Volkswagen,839772
CIK1093691_10K_20180312.txt,,,General Electric Co.,40545
CIK1093691_10K_20190313.txt,,,"Amazon.com, Inc|Wal-Mart Stores, Inc",1018724|-1
CIK1093691_10K_20210514.txt,,,"AeroVironment, Inc.|Ambarella, Inc.|Ballard Power Systems Inc.|Bloom Energy Corp.|Brooks Automation, Inc.|Canadian Solar Inc.|Chart Industries, Inc.|Cree, Inc.|Enphase Energy, Inc.|FuelCell Energy, Inc.|Generac Holdings Inc.|Inphi Corporation|MaxLinear, Inc.|Mercury Systems, Inc.|Monolithic Power Systems, Inc.|NetScout Systems, Inc.|Power Integrations, Inc.|Rogers Corp.|Semtech Corp.|SolarEdge Technologies, Inc.",1368622|1280263|1453015|1664703|933974|1375877|892553|895419|1463101|886128|1474735|1160958|1288469|1049521|1280452|1078075|833640|84748|88941|1419612
CIK1093691_10K_20220301.txt,,,SK E&S,-1
CIK1093691_10K_20230301.txt,,,"Cryogenic Industrial Solutions, LLC|Johnson Matthey Hydrogen Technologies Limited|Joule Processing LLC",-1|-1|-1
CIK1093691_10K_20240229.txt,,,"Joule Processing, LLC|SK E&S",-1|-1
CIK1093691_10K_20250303.txt,,,Acciona|SK Innovation,-1|-1
CIK1094371_10K_20010628.txt,Alcatel Microelectronics|Analog Devices|Broadcom|Centillium Technology|GlobeSpan|Integrated Systems|Intel|Ishoni|Linux shareware|Lucent Technologies|Microsoft|Mindspeed|Motorola|Texas Instruments|Wind River Systems,-1|6281|1730168|-1|-1|775163|50863|-1|-1|1006240|789019|1224370|68505|97476|833829,Alcatel Microelectronics|Analog Devices|Broadcom|Centillium Communications|Centillium Technology|GlobeSpan|Intel|Ishoni|Linux|Lucent Technologies|Mindspeed|Motorola|Texas Instruments,-1|6281|1730168|1107194|-1|-1|50863|-1|-1|1006240|1224370|68505|97476
CIK1094959_10K_20010816.txt,,,"Avista Corp.|Ballard Power Systems Inc.|Gaz de France|Global Thermoelectric Inc.|Hydro Quebec|Hydrogenics Corporation|IdaTech Corporation|International Fuel Cells, a unit of United Technologies Corp.|Mitusi|Nuvera Fuel Cells Inc.|Plug Power Inc.",104918|1453015|-1|-1|49448|1119985|-1|-1|-1|1126124|1093691
CIK1094959_10K_20020823.txt,"Avista Corp.|Ballard Power Systems Inc.|Global Thermoelectric Inc.|Hydrogenics Corporation|IdaTech Corporation|International Fuel Cells, a unit of United Technologies Corp.|Nuvera Fuel Cells Inc.|Plug Power Inc.|Sharp Corporation|Toshiba Corporation|Toyota Motor Corporation",104918|1453015|-1|1119985|-1|-1|1126124|1093691|800840|98573|1094517,"Avista Corp.|Ballard Power Systems Inc.|ECO Fuel Cells, LLC|Global Thermoelectric Inc.|Hydrogenics Corporation|IdaTech Corporation|International Fuel Cells, a unit of United Technologies Corp.|Mitsui & Co., Ltd.|Nuvera Fuel Cells Inc.|PSA Peugeot Citroen|Plug Power Inc.|Sharp Corporation|Toshiba Corporation|Toyota Motor Corporation",104918|1453015|-1|-1|1119985|-1|-1|67099|1126124|-1|1093691|800840|98573|1094517
CIK1095270_20F_20010321.txt,,,Agere Systems Singapore Pte Ltd|Agilent Technologies Europe B.V.|Hewlett-Packard Europe B.V.|International Business Machines|Lucent Technologies Microelectronics Pte Ltd|Silicon Manufacturing Partners Pte Ltd|Taiwan Semiconductor Manufacturing Corporation|Toshiba Corporation|United Microelectronics|United Microelectronics Corporation,-1|-1|-1|51143|-1|-1|1046179|98573|1033767|1033767
CIK1095270_20F_20020311.txt,our competitors,-1,Agere Systems Singapore Pte. Ltd.|Agilent Technologies Europe B.V.|Chartered Semiconductor Manufacturing Ltd|Hewlett-Packard Europe B.V.|IBM|International Business Machines|Lucent Technologies Microelectronics Pte. Ltd.|Silicon Manufacturing Partners Pte. Ltd.|Taiwan Semiconductor Manufacturing Corporation|Toshiba Corporation|United Microelectronics Corporation,-1|-1|1095270|-1|353524|51143|-1|-1|1046179|98573|1033767
CIK1095270_20F_20030313.txt,,,Agilent Technologies Europe B.V.|Chartered|Hewlett-Packard Europe B.V.|IBM|Lucent Technologies Microelectronics Pte. Ltd.|STATS|Taiwan Semiconductor Manufacturing Corporation|Toshiba Corporation|United Microelectronics Corporation,-1|1095270|-1|353524|-1|-1|1046179|98573|1033767
CIK1095270_20F_20040303.txt,,,Taiwan Semiconductor Manufacturing Corporation|United Microelectronics Corporation,1046179|1033767
CIK1095270_20F_20050307.txt,,,Semiconductor Manufacturing International Corporation|Taiwan Semiconductor Manufacturing Corporation|United Microelectronics Corporation,1267482|1046179|1033767
CIK1095270_20F_20060301.txt,"Infineon Technologies AG|Samsung Electronics Co., Ltd",1107457|-1,IBM|Semiconductor Manufacturing International Corporation|Taiwan Semiconductor Manufacturing Corporation|United Microelectronics Corporation,353524|1267482|1046179|1033767
CIK1095270_20F_20070315.txt,"Infineon Technologies AG|International Business Machines|Samsung Electronics Co., Ltd",1107457|51143|-1,IBM|Semiconductor Manufacturing International Corporation|Taiwan Semiconductor Manufacturing Corporation|United Microelectronics Corporation,353524|1267482|1046179|1033767
CIK1095270_20F_20080310.txt,"Freescale Semiconductor, Inc.|Infineon Technologies AG|STMicroelectronics N.V.|Samsung Electronics Co., Ltd.|Toshiba Corporation",1272547|1107457|932787|-1|98573,IBM|Samsung|Semiconductor Manufacturing International Corporation|Taiwan Semiconductor Manufacturing Corporation|United Microelectronics Corporation,353524|-1|1267482|1046179|1033767
CIK1095270_20F_20090227.txt,,,"Advanced Micro Devices, Inc.|IBM|Samsung|Semiconductor Manufacturing International Corporation|Taiwan Semiconductor Manufacturing Corporation|The Foundry Company|United Microelectronics Corporation",2488|353524|-1|1267482|1046179|-1|1033767
CIK1095348_20F_20030507.txt,Linear Technology|Maxim Integrated Products|Texas Instruments,791907|743316|97476,Linear Technology|Maxim Integrated Products|Texas Instruments|Toshiba Corporation,791907|743316|97476|98573
CIK1095348_20F_20060628.txt,"Intersil Corporation|Linear Technology Corporation|Maxim Integrated Products, Inc.|Microsemi Corporation|Monolithic Power Systems, Inc.|Ricoh Company, Ltd.|Rohm Co., Ltd|Texas Instruments Incorporated",2485|791907|743316|310568|1280452|723303|-1|97476,"Asustek Computer Inc.|Beyond Innovation Technology Co., Ltd.|Clevo Computer Company|Fujitsu|Intersil Corporation|Linear Technology Corporation|Maxim Integrated Products, Inc.|Micro-Star International Co., Ltd.|Microsemi Corporation|Monolithic Power Systems, Inc.|Ricoh Company, Ltd.|Rohm Co., Ltd|Samsung Electronics Co., Ltd.|Silicon Motion, Inc.|Taiwan Sumida Electronics, Inc.|Texas Instruments Incorporated|Toshiba",-1|-1|-1|39341|2485|791907|743316|-1|310568|1280452|723303|-1|-1|1329394|-1|97476|98573
CIK1095348_20F_20070619.txt,,,"Fujitsu|Intersil Corporation|Linear Technology Corporation|Maxim Integrated Products, Inc.|Microsemi Corporation|Monolithic Power Systems|Monolithic Power Systems, Inc.|Ricoh Company, Ltd.|Rohm Co., Ltd|Texas Instruments Incorporated|Toshiba",39341|2485|791907|743316|310568|1280452|1280452|723303|-1|97476|98573
CIK1095348_20F_20080625.txt,,,"Beyond Innovation Technology Co., Ltd.|FSP Group|Fujitsu|Intersil Corporation|Lien Chang Electronic Enterprise Co., Ltd.|Linear Technology Corporation|Maxim Integrated Products, Inc.|Microsemi Corporation|Monolithic Power Systems, Inc.|Ricoh Company, Ltd.|Rohm Co., Ltd|SPI Electronic Co., Ltd.|Samsung Electronics Co., Ltd.|Sony Corporation|Texas Instruments Incorporated|Toshiba",-1|-1|39341|2485|-1|791907|743316|310568|1280452|723303|-1|-1|-1|313838|97476|98573
CIK1095348_20F_20090512.txt,,,"Fujitsu|Intersil Corporation|Linear Technology Corporation|Maxim Integrated Products, Inc.|Microsemi Corporation|Monolithic Power Systems, Inc.|Ricoh Company, Ltd.|Rohm Co., Ltd|Texas Instruments Incorporated|Toshiba",39341|2485|791907|743316|310568|1280452|723303|-1|97476|98573
CIK1095348_20F_20150430.txt,"Intersil Corporation|Linear Technology Corporation|Maxim Integrated Products, Inc.|Monolithic Power Systems, Inc.|Richtek Technology Corporation|Ricoh Company, Ltd.|Rohm Co., Ltd|Silergy Corporation|Texas Instruments Incorporated",2485|791907|743316|1280452|-1|723303|-1|-1|97476,"Fujitsu|Intersil Corporation|Linear Technology Corporation|Maxim Integrated Products, Inc.|Monolithic Power Systems, Inc.|Richtek Technology Corporation|Ricoh Company, Ltd.|Rohm Co., Ltd|Silergy Corporation|Texas Instruments Incorporated|Toshiba",39341|2485|791907|743316|1280452|-1|723303|-1|-1|97476|98573
CIK1095348_20F_20160502.txt,,,"Intersil Corporation|Linear Technology Corporation|Maxim Integrated Products, Inc.|Monolithic Power Systems, Inc.|Panasonic|Richtek Technology Corporation|Ricoh Company, Ltd.|Rohm Co., Ltd|Samsung|Silergy Corporation|Texas Instruments Incorporated",2485|791907|743316|1280452|63271|-1|723303|-1|-1|-1|97476
CIK1095348_20F_20170406.txt,,,"Intersil Corporation|Linear Technology Corporation|Maxim Integrated Products, Inc.|Monolithic Power Systems, Inc.|Panasonic|Richtek Technology Corporation|Ricoh Company, Ltd.|Rohm Co., Ltd|Samsung|Silergy Corporation|Texas Instruments Incorporated",2485|791907|743316|1280452|63271|-1|723303|-1|-1|-1|97476
CIK1095348_20F_20180419.txt,,,"Analog Devices, Inc.|Maxim Integrated Products, Inc.|Monolithic Power Systems, Inc.|Renesas Electronics Corporation|Richtek Technology Corporation|Ricoh Company, Ltd.|Rohm Co., Ltd|Silergy Corporation|Texas Instruments Incorporated",6281|743316|1280452|-1|-1|723303|-1|-1|97476
CIK1095348_20F_20190430.txt,,,"Analog Devices, Inc.|Maxim Integrated Products, Inc.|Monolithic Power Systems, Inc.|Renesas Electronics Corporation|Richtek Technology Corporation|Ricoh Company, Ltd.|Rohm Co., Ltd|Silergy Corporation|Texas Instruments Incorporated",6281|743316|1280452|-1|-1|723303|-1|-1|97476
CIK1095348_20F_20200430.txt,,,"Analog Devices, Inc.|Maxim Integrated Products, Inc.|Monolithic Power Systems, Inc.|Panasonic|Renesas Electronics Corporation|Richtek Technology Corporation|Ricoh Company, Ltd.|Rohm Co., Ltd|Samsung|Silergy Corporation|Texas Instruments Incorporated",6281|743316|1280452|63271|-1|-1|723303|-1|-1|-1|97476
CIK1095348_20F_20210517.txt,,,"Analog Devices, Inc.|Monolithic Power Systems, Inc.|Novatek Microelectronics Corp.|Panasonic|Renesas Electronics Corporation|Richtek Technology Corporation|Ricoh Company, Ltd.|Rohm Co., Ltd|Samsung|Silergy Corporation|Texas Instruments Incorporated",6281|1280452|-1|63271|-1|-1|723303|-1|-1|-1|97476
CIK1095348_20F_20220418.txt,,,"Analog Devices, Inc.|Monolithic Power Systems, Inc.|Novatek Microelectronics Corp.|Renesas Electronics Corporation|Richtek Technology Corporation|Ricoh Company, Ltd.|Rohm Co., Ltd|Samsung|Silergy Corporation|Texas Instruments Incorporated",6281|1280452|-1|-1|-1|723303|-1|-1|-1|97476
CIK1095751_10K_20090326.txt,Bosch|Dolphin Industries Inc.|Eemax Inc.|Noritz|Rinnai|Seisco International Limited|Steibel Eltron|Takagi|Titan Tankless Inc.,-1|-1|-1|-1|-1|-1|-1|-1|-1,A. O. Smith|American Standard|Bosch|Bradford-White|Dolphin Industries Inc.|Eemax Inc.|Noritz|Rheem|Rinnai|Seisco International Limited|State Industries|Steibel Eltron|Takagi|Titan Tankless Inc.,-1|5850|-1|-1|-1|-1|-1|-1|-1|-1|-1|-1|-1|-1
CIK1096325_10K_20050316.txt,,,Analog Devices Corporation|Asahi Kasei Microsystems Co. Ltd.|Linear Technology Inc.|Maxim Integrated Products Inc.|National Semiconductor Corporation|RichTek Technology Corporation|Semtech Corporation|Texas Instruments Inc.,6281|-1|791907|743316|70530|-1|88941|97476
CIK1096325_10K_20070227.txt,,,Analog Devices|Linear Technology|Maxim Integrated Products|Texas Instruments,6281|791907|743316|97476
CIK1096325_10K_20080222.txt,competitor’s,-1,Analog Devices|Linear Technology|Maxim Integrated Products|Texas Instruments,6281|791907|743316|97476
CIK1096325_10K_20090303.txt,"competitors with significantly greater financial, technical, manufacturing and marketing resources",-1,Analog Devices|Linear Technology|Maxim Integrated Products|Texas Instruments,6281|791907|743316|97476
CIK1096325_10K_20100302.txt,,,Analog Devices|Linear Technology|Maxim Integrated Products|Texas Instruments,6281|791907|743316|97476
CIK1096325_10K_20110228.txt,"competitors with significantly greater financial, technical, manufacturing and marketing resources",-1,Analog Devices|Linear Technology|Maxim Integrated Products|ON Semiconductor|Texas Instruments,6281|791907|743316|1097864|97476
CIK1096325_10K_20120224.txt,,,Analog Devices|Linear Technology|Maxim Integrated Products|ON Semiconductor|Texas Instruments,6281|791907|743316|1097864|97476
CIK1096325_10K_20130222.txt,,,"Analog Devices|Linear Technology|Maxim Integrated Products|ON Semiconductor|Techwell, Inc.|Texas Instruments",6281|791907|743316|1097864|1171529|97476
CIK1096325_10K_20160212.txt,Infineon|Linear Technology|Maxim Integrated Products|ON Semiconductor|Texas Instruments,1107457|791907|743316|1097864|97476,Analog Devices|Infineon|Linear Technology|Maxim Integrated Products|ON Semiconductor|Texas Instruments,6281|1107457|791907|743316|1097864|97476
CIK1096325_10K_20170217.txt,Infineon|Linear Technology|Maxim Integrated Products|ON Semiconductor|Texas Instruments,1107457|791907|743316|1097864|97476,Analog Devices|Infineon|Linear Technology|Maxim Integrated Products|ON Semiconductor|Texas Instruments,6281|1107457|791907|743316|1097864|97476
CIK1097864_10K_20160224.txt,"Infineon Technologies AG|Intersil Corporation|Maxim Integrated Products, Inc.|Melexis N.V.|NXP Semiconductors N.V.|Omnivision|STMicroelectronics N.V.|Samsung|Silicon Labs|Sony Semiconductor|Texas Instruments Inc.|Toshiba",1107457|2485|743316|-1|1413447|1106851|932787|-1|1038074|-1|97476|98573,"Diodes Incorporated|Fairchild|Infineon Technologies AG|Intersil Corporation|KEC Corporation|Maxim Integrated Products, Inc.|Melexis N.V.|Mitsubishi Electric|NXP Semiconductors N.V.|Omnivision|Renesas Electronics Corporation|Rohm Co., Ltd.|STMicroelectronics N.V.|Samsung|Sanken Electric|Semtech Corporation|Silicon Labs|Sony Semiconductor|Texas Instruments Inc.|Toshiba|Toshiba Corporation",29002|34257|1107457|2485|1099373|743316|-1|773753|1413447|1106851|-1|-1|932787|-1|-1|88941|1038074|-1|97476|98573|98573
CIK1097864_10K_20170228.txt,"Broadcom Limited|Diodes Incorporated|Infineon Technologies AG|KEC Corporation|Maxim Integrated|NXP Semiconductors N.V.|Rohm Semiconductor|STMicroelectronics N.V.|Semtech Corporation|Texas Instruments Inc.|Toshiba Corporation|Vishay Intertechnology, Inc.",1730168|29002|1107457|1099373|743316|1413447|-1|932787|88941|97476|98573|103730,"Broadcom Limited|Diodes Incorporated|Infineon Technologies AG|KEC Corporation|Maxim Integrated Products, Inc.|NXP Semiconductors N.V.|Omnivision Technologies|Renesas Electronics Corporation|Rohm Semiconductor|STMicroelectronics N.V.|Samsung|Semtech Corporation|Texas Instruments Inc.|Toshiba Corporation|Vishay Intertechnology, Inc.",1730168|29002|1107457|1099373|743316|1413447|1106851|-1|-1|932787|-1|88941|97476|98573|103730
CIK1097864_10K_20180221.txt,"Broadcom Limited|Diodes Incorporated|Infineon Technologies AG|KEC Corporation|NXP Semiconductors N.V.|Rohm Semiconductor|STMicroelectronics N.V.|Semtech Corporation|Texas Instruments Inc.|Toshiba Corporation|Vishay Intertechnology, Inc.",1730168|29002|1107457|1099373|1413447|-1|932787|88941|97476|98573|103730,"Broadcom Limited|Diodes Incorporated|Dongwoon Anatech|Infineon Technologies AG|KEC Corporation|Maxim Integrated Products, Inc.|NXP Semiconductors N.V.|Omnivision|Renesas Electronics Corporation|Rohm Semiconductor|STMicroelectronics N.V.|Samsung|Semtech Corporation|Sony Semiconductor|Texas Instruments Inc.|Toshiba Corporation|Vishay Intertechnology, Inc.",1730168|29002|-1|1107457|1099373|743316|1413447|1106851|-1|-1|932787|-1|88941|-1|97476|98573|103730
CIK1097864_10K_20190220.txt,"Broadcom Limited|Diodes Incorporated|Infineon Technologies AG|KEC Corporation|Maxim Integrated|Nexperia|Rohm Semiconductor|STMicroelectronics N.V.|Semtech Corporation|Texas Instruments Incorporated|Toshiba Corporation|Vishay Intertechnology, Inc.",1730168|29002|1107457|1099373|743316|-1|-1|932787|88941|97476|98573|103730,"Broadcom Limited|Diodes Incorporated|Dongwoon Anatech|Hamamatsu|Infineon Technologies AG|KEC Corporation|Maxim Integrated Products, Inc.|NXP Semiconductors N.V.|Nexperia|Omnivision|Renesas Electronics Corporation|Rohm Semiconductor|STMicroelectronics N.V.|Samsung Electronics Co., Ltd.|Semtech Corporation|Sony Semiconductor|Texas Instruments Incorporated|Toshiba Corporation|Vishay Intertechnology, Inc.",1730168|29002|-1|-1|1107457|1099373|743316|1413447|-1|1106851|-1|-1|932787|-1|88941|-1|97476|98573|103730
CIK1098462_20F_20020625.txt,,,"Broadcom Corporation|Conexant Systems, Inc.|GlobeSpan, Inc.|Infineon Technologies AG|Virata corporation",1730168|1069353|-1|1107457|1094371
CIK1098462_20F_20030630.txt,,,"Conexant Systems, Inc.|GlobeSpanVirata|Ikanos Communications Inc|Infineon Technologies AG|ST Microelectronics Inc",1069353|1081197|1219210|1107457|-1
CIK1098462_20F_20040630.txt,,,"Conexant|Conexant Systems, Inc.|GlobespanVirata|Ikanos Communications Inc.|Infineon Technologies AG|Mindspeed|ST Microelectronics",1069353|1069353|1081197|1219210|1107457|1224370|-1
CIK1098462_20F_20050623.txt,our competitors,-1,"Conexant|Conexant Systems, Inc.|Ikanos|Ikanos Communications Inc.|Infineon|Infineon Technologies AG|Mindspeed",1069353|1069353|1219210|1219210|1107457|1107457|1224370
CIK1098462_20F_20060628.txt,,,"Airgo|Airgo Networks, Inc.|Atheros|Atheros Communications, Inc.|Broadcom|Broadcom Corporation|Conexant|Conexant Systems, Inc.|Ikanos|Ikanos Communications Inc.|Infineon|Infineon Technologies AG|Intel|Intel Corporation|Marvell|Marvell Technology Group Ltd.|Mindspeed|Mindspeed Technologies, Inc.|Texas Instruments|Texas Instruments Incorporated",-1|-1|1140486|1140486|1730168|1730168|1069353|1069353|1219210|1219210|1107457|1107457|50863|50863|1058057|-1|1224370|1224370|97476|97476
CIK1098462_20F_20090629.txt,,,"Atheros|Atheros Communications, Inc.|Broadcom|Broadcom Corporation|Celeno|Conexant Systems, Inc.|Conexant/Ikanos|Ikanos Communications Inc.|Infineon|Infineon Technologies AG|Intel Corporation|Marvell|Marvell Technology Group Ltd.|Mindspeed|Mindspeed Technologies, Inc.|Qualcomm|Qualcomm Inc.|Quantenna|Ralink|Ralink Technology Corp.|Texas Instruments Incorporated",1140486|1140486|1730168|1730168|-1|1069353|-1|1219210|1107457|1107457|50863|1058057|-1|1224370|1224370|804328|804328|1370702|-1|-1|97476
CIK1098462_20F_20100630.txt,,,Atheros|Broadcom|Celeno|Ikanos|Lantiq|Marvell|Mindspeed|Qualcomm|Quantenna|Ralink,1140486|1730168|-1|1219210|-1|1058057|1224370|804328|1370702|-1
CIK1098462_20F_20180426.txt,,,Lantiq,-1
CIK1098462_20F_20200429.txt,,,Lantiq,-1
CIK1098462_20F_20210429.txt,,,Lantiq,-1
CIK1098462_20F_20220427.txt,,,Lantiq,-1
CIK1098462_20F_20230427.txt,,,Lantiq,-1
CIK1098462_20F_20240419.txt,,,Lantiq,-1
CIK1098462_20F_20250425.txt,,,Lantiq,-1
CIK1102384_20F_20030728.txt,,,"Advanced Semiconductor Engineering Inc.|Amkor Technology, Inc.|Carsem Semiconductor Sdn. Bhd.|ChipPac Inc.|Infineon AG|National Semiconductor Corporation|ST Assembly Test Services Ltd.|Siliconware Precision Industries Co., Ltd.",-1|1047127|-1|1402159|1107457|70530|-1|-1
CIK1102384_20F_20040709.txt,,,"Advanced Semiconductor Engineering, Inc.|Amkor Technology, Inc.|Carsem Semiconductor Sdn. Bhd.|ChipPAC, Inc.|ST Assembly Test Services Ltd.|Siliconware Precision Industries Co., Ltd.",-1|1047127|-1|1402159|-1|-1
CIK1102384_20F_20050802.txt,,,"Advanced Semiconductor Engineering, Inc.|Amkor Technology, Inc.|Carsem (M) Sdn. Bhd.|STATS ChipPAC Ltd.|Siliconware Precision Industries Co., Ltd.",-1|1047127|-1|1449579|-1
CIK1102384_20F_20061010.txt,,,"Advanced Semiconductor Engineering, Inc.|Amkor Technology, Inc.|Carsem (M) Sdn. Bhd.|STATS ChipPAC Ltd.|Siliconware Precision Industries Co., Ltd.",-1|1047127|-1|1449579|-1
CIK1102384_20F_20071015.txt,,,"Advanced Semiconductor Engineering, Inc.|Amkor Technology, Inc.|Carsem (M) Sdn. Bhd.|STATS ChipPAC Ltd.|Siliconware Precision Industries Co., Ltd.",-1|1047127|-1|1449579|-1
CIK1102384_20F_20081030.txt,,,"Advanced Semiconductor Engineering, Inc.|Amkor Technology, Inc.|Carsem (M) Sdn. Bhd.|STATS ChipPAC Ltd.|Siliconware Precision Industries Co., Ltd.",-1|1047127|-1|1449579|-1
CIK1103777_10K_20010329.txt,Ericsson|Lucent|Motorola|Nortel Networks,-1|1006240|68505|72911,Agilent|Alpha Industries|Anadigics|Conexant|Ericsson|Infineon|Lucent|M/A-COM|Minicircuits Laboratories|Motorola|NEC|Nortel Networks|RF Micro Devices|TriQuint Semiconductor|WJ Communications,1090872|-1|940332|1069353|-1|1107457|1006240|65771|-1|68505|72127|72911|-1|913885|105006
CIK1103777_10K_20020327.txt,Ericsson|Lucent|Motorola|Nortel Networks,-1|1006240|68505|72911,Agilent|Alpha Industries|Anadigics|Conexant|Ericsson|Infineon|Lucent|M/A-COM|Minicircuits Laboratories|Motorola|NEC|Nortel Networks|RF Micro Devices|TriQuint Semiconductor|WJ Communications,1090872|-1|940332|1069353|-1|1107457|1006240|65771|-1|68505|72127|72911|-1|913885|105006
CIK1103777_10K_20040324.txt,,,Agilent|Alps|Ericsson|Lucent|M/A-COM|Minicircuits|Motorola|NEC|Nortel Networks,1090872|883168|-1|1006240|65771|-1|68505|72127|72911
CIK1103777_10K_20050303.txt,,,Agilent|Alps|Celestica|Ericsson|Flextronics|Lucent|M/A-COM|Maxim Integrated Products|Microtune|Minicircuits|Motorola|NEC|Nokia|Nortel Networks|Philips|Sanmina|Solectron|WJ Communications,1090872|883168|1030894|-1|-1|1006240|65771|743316|1108058|-1|68505|72127|924613|72911|205778|897723|835541|105006
CIK1103777_10K_20060315.txt,,,Agilent|Alps|Ericsson|Hittite|Lucent|M/A-COM|Maxim Integrated Products|Microtune|Minicircuits|Motorola|NEC|Nokia|Nortel Networks|Philips|RecepTec|STMicroelectronics|Spectrum Control|Teledyne|WJ Communications|Wistron NeWeb,1090872|883168|-1|-1|1006240|65771|743316|1108058|-1|68505|72127|924613|72911|205778|855611|932787|92769|1094285|105006|-1
CIK1103777_10K_20070316.txt,,,Airoha|Alps|Anadigics|Analog Devices|Atheros|Atmel|Avago|DSP Group|Freescale|GCT|Hittite|Infineon|M/A-COM|Microtune|Minicircuits|NEC|Nordic|Philips|RFHIC Company|RecepTec|ST Microelectronics|Sanyo|Sitel|TRAK Microwave Corporation|Texas Instruments (Chipcon)|WJ Communications|Wistron NeWeb,-1|883168|940332|6281|1140486|872448|-1|915778|1272547|1293200|-1|1107457|65771|1108058|-1|72127|-1|205778|-1|855611|-1|203097|943820|-1|97476|105006|-1
CIK1104042_10K_20060308.txt,,,Linear Technology|Maxim Integrated Products|National Semiconductor|Semtech|Texas Instruments,791907|743316|70530|88941|97476
CIK1104042_10K_20070308.txt,,,Linear Technology|Maxim Integrated Products|National Semiconductor|Semtech|Texas Instruments,791907|743316|70530|88941|97476
CIK1104042_10K_20080304.txt,,,Intersil|Linear Technology|Maxim Integrated Products|National Semiconductor|Texas Instruments,2485|791907|743316|70530|97476
CIK1104042_10K_20090226.txt,,,"Intersil Corporation|Linear Technology Corporation|Maxim Integrated Products, Inc.|National Semiconductor Corporation|Semtech Corporation|Texas Instruments Incorporated",2485|791907|743316|70530|88941|97476
CIK1104042_10K_20100219.txt,,,"Intersil Corporation|Linear Technology Corporation|Maxim Integrated Products, Inc.|National Semiconductor Corporation|Semtech Corporation|Texas Instruments Incorporated",2485|791907|743316|70530|88941|97476
CIK1104042_10K_20110225.txt,,,"Intersil Corporation|Linear Technology Corporation|Maxim Integrated Products, Inc.|National Semiconductor Corporation|Richtek Technology Corporation|Rohm Co., LTD.|Semtech Corporation|Texas Instruments Incorporated|austriamicrosystems",2485|791907|743316|70530|-1|-1|88941|97476|-1
CIK1106714_20F_20030630.txt,,,"ASAT, Ltd.|ASE Test Limited|Advanced Semiconductor Engineering|Advanced Semiconductor Engineering, Inc.|Alphatec Semiconductor Packaging Ltd.|Alphatec Semiconductor Packaging, Ltd.|Amkor Technology, Inc.|Carsem|ChipPAC Incorporated|Cirtek Electronics Corp.|Enoch Semiconductors|Fairchild Semiconductor|Fastech Microassembly & Test, Inc.|GEM 4 Services|GEM Services|Infineon Technologies, Inc.|PT Omedata Electronics|Philips Components Philippines, Inc.|ST Assembly Test Services Pte., Ltd.|ST Assembly and Test Services Pte., Ltd.|Semiconductor Components Industries, Ltd.|Shinko Electric Industries Co. Ltd.|Siliconware Precision Industries Co., Ltd.|Team Pacific, Inc.|Tesla Sezam|Texas Instruments, Inc.",1102384|1014838|-1|-1|-1|-1|1047127|-1|1402159|-1|-1|1036960|-1|-1|-1|1107457|-1|-1|-1|-1|-1|-1|-1|-1|-1|97476
CIK1106714_20F_20040630.txt,,,"ASAT, Ltd.|ASE Test Limited|Advanced Semiconductor Engineering|Advanced Semiconductor Engineering, Inc.|Agilent Technologies|Alphatec Semiconductor Packaging Ltd.|Alphatec Semiconductor Packaging, Ltd.|Amkor Technology, Inc.|Carsem|ChipPAC Incorporated|Cirtek Electronics Corp.|Enoch Semiconductors|Fairchild Semiconductor|Fairchild Semiconductor International, Inc.|Fastech Microassembly & Test, Inc.|GEM Services|Infineon Technologies|Infineon Technologies, Inc.|PT Omedata Electronics|Philips Components Philippines, Inc.|Philips Semiconductor|Power Innovations|ST Assembly Test Services Pte., Ltd.|ST Assembly and Test Services Pte., Ltd.|ST Microelectronics|Semiconductor Components Industries, Ltd.|Shinko Electric Industries Co. Ltd.|Siliconware Precision Industries Co., Ltd.|Team Pacific, Inc.|Tesla Sezam|Texas Instruments|Texas Instruments, Inc.",1102384|1014838|-1|-1|1090872|-1|-1|1047127|-1|1402159|-1|-1|1036960|1036960|-1|-1|1107457|1107457|-1|-1|-1|-1|-1|-1|-1|-1|-1|-1|-1|-1|97476|97476
CIK1106714_20F_20050715.txt,,,"ASAT, Ltd.|ASE Test Limited|Advanced Semiconductor Engineering|Alphatec Semiconductor Packaging Ltd.|Amkor Technology, Inc.|Carsem|ChipPAC Incorporated|Cirtek Electronics Corp.|Enoch Semiconductors|Fastech Microassembly & Test, Inc.|GEM Services|Huashan Electronic Device Co.|Nantung Fujitsu|PT Omedata Electronics|ST Assembly and Test Services Pte., Ltd.|STATS ChipPAC Ltd.|Shinko Electric Industries Co. Ltd.|Siliconware Precision Industries Co., Ltd.|Team Pacific, Inc.",1102384|1014838|-1|-1|1047127|-1|1402159|-1|-1|-1|-1|-1|-1|-1|-1|1449579|-1|-1|-1
CIK1106714_20F_20060815.txt,,,"ASAT, Ltd.|ASE Test Limited|AUK Corp.|Advanced Semiconductor Engineering|Amkor Technology, Inc.|Carsem Semiconductor Co. Ltd.|Enoch Semiconductor Corp.|GEM Services|Greatek Electronics, Inc.|Huashan Electronic Devices Co.|Nantung Fujitsu, Inc.|ST Assembly and Test Services Pte., Ltd.|STATS ChipPAC Ltd.|Shinko Electric Industries Co. Ltd.|Siliconware Precision Industries Co. Ltd.",1102384|1014838|-1|-1|1047127|-1|-1|-1|-1|-1|-1|-1|1449579|-1|-1
CIK1106714_20F_20070716.txt,,,"ASAT, Ltd.|ASE Test Limited|AUK Corp.|Advanced Interconnect Technologies, Inc.|Advanced Semiconductor Engineering|Amkor Technology, Inc.|Carsem Semiconductor Co. Ltd.|Enoch Semiconductor Corp.|Fastech Microassembly & Test, Inc.|GEM Services|Greatek Electronics, Inc.|Hana Microelectronics Public Co. Ltd.|Huashan Electronic Devices Co.|Nantung Fujitsu, Inc.|Orient Semiconductor Electronics|ST Assembly and Test Services Pte., Ltd.|STATS ChipPAC Ltd.|Shinko Electric Industries Co. Ltd.|Siliconware Precision Industries Co. Ltd.",1102384|1014838|-1|-1|-1|1047127|-1|-1|-1|-1|-1|-1|-1|-1|-1|-1|1449579|-1|-1
CIK1106714_20F_20080715.txt,,,"ASAT, Ltd.|ASE Test Limited|AUK Corp.|Advanced Semiconductor Engineering|Amkor Technology, Inc.|Carsem Semiconductor Co. Ltd.|Enoch Semiconductor Corp.|GEM Services|Greatek Electronics, Inc.|Huashan Electronic Devices Co.|Nantung Fujitsu, Inc.|ST Assembly and Test Services Pte., Ltd.|STATS ChipPAC Ltd.|Shinko Electric Industries Co. Ltd.|Siliconware Precision Industries Co. Ltd.",1102384|1014838|-1|-1|1047127|-1|-1|-1|-1|-1|-1|-1|1449579|-1|-1
CIK1106851_10K_20050714.txt,CCD|CMOS,847385|893162,Agilent|Canon|Cypress|ESS|Foveon|Fuji|Fujitsu|Kodak|MagnaChip|Matsushita|Micron|Mitsubishi Electronic|NEC|PixArt|Pixelplus|STMicroelectronics|Samsung|Sanyo|Sharp|Sony|Toshiba,1090872|16988|716054|907410|-1|-1|39341|-1|1325702|-1|803512|-1|72127|-1|1331588|932787|-1|203097|800840|313838|98573
CIK1106851_10K_20060714.txt,CCD technology,-1,Avago|Canon|Cypress|ESS|Foveon|Fuji|Fujitsu|Kodak|MagnaChip|Matsushita|Micron|NEC|PixArt|Pixelplus|STMicroelectronics|Samsung|Sanyo|Sharp|Sony|Toshiba,-1|16988|716054|907410|-1|-1|39341|-1|1325702|-1|803512|72127|-1|1331588|932787|-1|203097|800840|313838|98573
CIK1106851_10K_20070629.txt,AOL|Foveon|Fuji|Google|Kodak|MagnaChip|Matsushita|Micron|NEC|PixArt|Pixelplus|Pixim|ST Microelectronics|Samsung|Sanyo|Sharp|Skype|Sony|Texas Instruments|Toshiba|Yahoo,1468516|-1|-1|-1|-1|1325702|-1|803512|72127|-1|1331588|-1|-1|-1|203097|800840|-1|313838|97476|98573|-1,Foveon|Fuji|Kodak|MagnaChip|Matsushita|Micron|NEC|PixArt|Pixelplus|Pixim|ST Microelectronics|Samsung|Sanyo|Sharp|Sony|Texas Instruments|Toshiba,-1|-1|-1|1325702|-1|803512|72127|-1|1331588|-1|-1|-1|203097|800840|313838|97476|98573
CIK1107194_10K_20050311.txt,,,"Advanced Semiconductor Engineering, Inc.|Amkor Technology, Inc.|STATS ChipPAC Ltd.|United Test and Assembly Center Limited",-1|1047127|1449579|-1
CIK1107194_10K_20060313.txt,,,Fujitsu Limited|Lucent Technologies|Ricoh Co. Ltd.,39341|1006240|723303
CIK1107194_10K_20070316.txt,,,ARION|Accton Technology Corporation|Colt|Entropia|Fujitsu Limited|Lucent Technologies|Marconi Corporation Plc|Maximus|Mustang|Palladia|Pharos|Voice Services Platform|eXtremeDSLMAX,-1|-1|1026733|-1|39341|1006240|-1|1032220|1680048|-1|-1|-1|-1
CIK1107194_10K_20080317.txt,,,"Accton Technology Corporation|Ericsson|Fujitsu Limited|Ikanos Communications, Inc.|Lucent Technologies|Ricoh Co. Ltd.",-1|-1|39341|1219210|1006240|723303
CIK1107457_20F_20011204.txt,AMCC|Agere|Agilent|Atmel|Broadcom|Conexant|Fairchild|Hitachi|Hynix|Intel|International Rectifier|Micron Technology|Mindspeed|Mitsubishi|Motorola|NEC|National Semiconductor|ON Semiconductors|PMC-Sierra|Philips|Rohm|ST Microelectronics|Samsung|Sumitomo|Texas Instruments|Toshiba|Vitesse,711065|1129446|1090872|872448|1730168|1069353|34257|47710|-1|50863|316793|723125|1224370|773753|68505|72127|70530|1097864|767920|205778|-1|-1|-1|-1|97476|98573|880446,AMCC|Agere|Agilent|Atmel|Broadcom|Conexant|Gemplus|Giesecke & Devrient|Hitachi|Hynix|Intel|Micron Technology|Mindspeed|Motorola|NEC|National Semiconductor|Oberthur Card Systems|PMC-Sierra|Philips|Rohm|ST Microelectronics|Samsung|SchlumbergerSema|Sumitomo|Texas Instruments|Toshiba|Vitesse,711065|1129446|1090872|872448|1730168|1069353|1128749|-1|47710|-1|50863|723125|1224370|68505|72127|70530|-1|767920|205778|-1|-1|-1|-1|-1|97476|98573|880446
CIK1107457_20F_20021204.txt,ADI|Atmel|Conexant|Hitachi|National Semiconductor|Philips|Rambus Inc.|Rohm|ST Microelectronics|Samsung|Texas Instruments,354609|872448|1069353|47710|70530|205778|917273|-1|-1|-1|97476,ADI|Atmel|Conexant|Hitachi|National Semiconductor|Philips|Rohm|ST Microelectronics|Samsung|Texas Instruments,354609|872448|1069353|47710|70530|205778|-1|-1|-1|97476
CIK1107457_20F_20031121.txt,AMCC|Agere|Agilent|Broadcom|ELPIDA|Finisar|GlobespanVirata|Hynix|Intel|Legerity|Micron Technology|Mindspeed|Mosaid Technologies|PMC-Sierra|Rambus Inc.|ST Microelectronics|Samsung|Texas Instruments|Vitesse,711065|1129446|1090872|1730168|-1|1094739|1081197|-1|50863|-1|723125|1224370|-1|767920|917273|-1|-1|97476|880446,AMCC|Agere|Agilent|Broadcom|ELPIDA|Finisar|GlobespanVirata|Hynix|Intel|Legerity|Micron Technology|Mindspeed|PMC-Sierra|ST Microelectronics|Samsung|Texas Instruments|Vitesse,711065|1129446|1090872|1730168|-1|1094739|1081197|-1|50863|-1|723125|1224370|767920|-1|-1|97476|880446
CIK1107457_20F_20041126.txt,MOSAID Technologies Inc.|Rambus Inc.,-1|917273,"ALTIS Semiconductor S.N.C.|Advanced Micro Devices, Inc.|Broadcom|Chartered Semiconductor|Conexant|DuPont Photomasks, Inc.|ELPIDA|Ericsson|Finisar Corporation|Freescale|Hwa-Ken Investment Inc.|Hynix|Hynix Semiconductor Inc.|IBM|Inotera Memories Inc.|International Rectifier|Legerity|MOSAID Technologies Inc.|Micron|Micron Technology Inc.|Mitsubishi|Motorola Inc.|Nanya Technology Corporation|Newlogic Technologies AG|ParoLink Technologies Co., Ltd.|Philips|Powerchip|ProMOS|Qualcomm|Rambus|Ramtron International Corp.|ST Microelectronics|Samsung|Siemens|StarCore LLC|Texas Instruments",-1|2488|1730168|1095270|1069353|1012128|-1|-1|1094739|1272547|-1|-1|-1|353524|-1|316793|-1|-1|803512|723125|773753|68505|-1|-1|-1|205778|-1|-1|804328|917273|849502|-1|-1|1135644|1301713|97476
CIK1107457_20F_20051123.txt,Ericsson|Nokia,-1|924613,Broadcom|Conexant|ELPIDA|Fairchild|Freescale|Hynix|Micron|Powerchip|Qualcomm|ST Microelectronics|Samsung|Texas Instruments|Toshiba,1730168|1069353|-1|34257|1272547|-1|803512|-1|804328|-1|-1|97476|98573
CIK1107457_20F_20061130.txt,Elpida Memory|Hynix Semiconductor|Micron Technology|Nanya|Samsung Electronics,-1|-1|723125|-1|-1,Broadcom|Conexant|Elpida Memory|Freescale|Hynix Semiconductor|Micron Technology|NXP|Nanya Technology|Qualcomm|Renesas|ST Microelectronics|Samsung Electronics|Texas Instruments|Toshiba,1730168|1069353|-1|1272547|-1|723125|1413447|-1|804328|-1|-1|-1|97476|98573
CIK1107457_20F_20081229.txt,"Atmel|Broadcom|Conexant|Elpida Memory, Inc.|Freescale|Hynix Semiconductor, Inc.|International Rectifier|Micron Technology, Inc.|Mitsubishi|NXP|Nanya Technology Corporation|Qualcomm|Renesas|ST-NXP Wireless|STMicroelectronics|Samsung Electronics, Inc.|Texas Instruments",872448|1730168|1069353|-1|1272547|-1|316793|723125|773753|1413447|-1|804328|-1|-1|932787|-1|97476,"Atmel|Broadcom|Conexant|Elpida Memory, Inc.|Freescale|Hynix Semiconductor, Inc.|International Rectifier|Micron Technology, Inc.|Mitsubishi|NXP|Nanya|Nanya Technology Corporation|Qualcomm|Renesas|ST-NXP Wireless|STMicroelectronics|Samsung Electronics, Inc.|Texas Instruments|Winbond",872448|1730168|1069353|-1|1272547|-1|316793|723125|773753|1413447|-1|-1|804328|-1|-1|932787|-1|97476|-1
CIK1108058_10K_20030731.txt,Alps|Anadigics|Analog Devices|Broadcom|Conexant|ISG Broadband|Integrant|LSI Logic|Maxim|Mitsumi|Motorola|Panasonic|Philips Electronics|Philips Sanshin|SiGe Semiconductor|Siemens/VDO|Sony|Toko|Zarlink,883168|940332|6281|1730168|1069353|-1|-1|-1|1013351|-1|68505|63271|-1|-1|1213018|-1|313838|-1|352435,Alps|Anadigics|Analog Devices|Broadcom|Conexant|ISG Broadband|Integrant|LSI Logic|Maxim|Mitsumi|Motorola|Panasonic|Philips Electronics|Philips Sanshin|Samsung|SiGe Semiconductor|Siemens/VDO|Sony|Thomson|Toko|Zarlink,883168|940332|6281|1730168|1069353|-1|-1|-1|1013351|-1|68505|63271|-1|-1|-1|1213018|-1|313838|-1|-1|352435
CIK1108058_10K_20040315.txt,Alps|Anadigics|Analog Devices|Broadcom|ISG Broadband|Integrant|LSI Logic|Maxim|Mitsumi|Panasonic|Philips Electronics|Philips Sanshin|ST Microdevices|SiGe Semiconductor|Siemens VDO Thomson|Siemens/VDO|Sony|TOKO Group|Toko|Xceive|Zarlink,883168|940332|6281|1730168|-1|-1|-1|1013351|-1|63271|-1|-1|-1|1213018|-1|-1|313838|-1|-1|-1|352435,Alps|Anadigics|Analog Devices|Broadcom|ISG Broadband|Integrant|LSI Logic|Maxim|Mitsumi|Panasonic|Philips Electronics|Philips Sanshin|ST Microdevices|SiGe Semiconductor|Siemens VDO Thomson|Sony|TOKO Group|Toko|Xceive|Zarlink,883168|940332|6281|1730168|-1|-1|-1|1013351|-1|63271|-1|-1|-1|1213018|-1|313838|-1|-1|-1|352435
CIK1108058_10K_20050311.txt,,,Alps|Anadigics|Analog Devices|Broadcom|Freescale|Integrant|LSI Logic|Maxim|Mitsumi|Panasonic|Philips Electronics|RF Magic|STMicroelectronics|Samsung|Sanshin|SiGe Semiconductor|Siemens VDO|Sirenza|Sony|Texas Instruments|Thomson|Xceive|Zarlink,883168|940332|6281|1730168|1272547|-1|-1|1013351|-1|63271|-1|-1|932787|-1|-1|1213018|-1|-1|313838|97476|-1|-1|352435
CIK1108058_10K_20060303.txt,,,Alps|Anadigics|Broadcom|DiBcom|Freescale|LG Innotek|Mitsumi|Panasonic|Philips|RF Magic|Samsung Electro-Mechanics|Sanshin|Siano|Texas Instruments|Thomson|Xceive,883168|940332|1730168|-1|1272547|-1|-1|63271|205778|-1|-1|-1|-1|97476|-1|-1
CIK1108058_10K_20070315.txt,,,Alps|Anadigics|Broadcom|DiBcom|Freescale|Infineon|Intel|Konka|LG Innotek|Maxlinear|Mitsumi|Murata|NXP|Panasonic|Qingjia|Quantek|RF Magic|Samsung Electro-mechanics|Sanshin|Sharp|Siano|Sony|TTE|Texas Instruments|Thomson|Toshiba|Xceive|Xuguang,883168|940332|1730168|-1|1272547|1107457|50863|-1|-1|1288469|-1|-1|1413447|63271|-1|-1|-1|-1|-1|800840|-1|313838|1013880|97476|-1|98573|-1|-1
CIK1108058_10K_20080228.txt,,,Alps|Anadigics|Broadcom|DiBcom|Entropic|Freescale|Infineon|Intel|LG Innotek|Maxlinear|Mitsumi|Murata|NXP Semiconductors|Panasonic|Qingjia|Quantek|Samsung Electro-Mechanics|Sanshin|Sanyo|Sharp|Sony|TTE|Thomson|Toshiba|Xceive|Xuguang,883168|940332|1730168|-1|1227930|1272547|1107457|50863|-1|1288469|-1|-1|1413447|63271|-1|-1|-1|-1|203097|800840|313838|1013880|-1|98573|-1|-1
CIK1108058_10K_20090220.txt,,,Alps|Anadigics|Broadcom|DiBcom|Entropic|Konka|LG Innotek|Maxim|Maxlinear|Mitsumi|NXP Semiconductors|NuTune|Panasonic Electronic Devices|Samsung Electro-Mechanics|Sanshin|Sanyo|Sharp|Sony|TCL|Toshiba|Xceive|Xuguang,883168|940332|1730168|-1|1227930|-1|-1|1013351|1288469|-1|1413447|-1|-1|-1|-1|203097|800840|313838|1287073|98573|-1|-1
CIK1108058_10K_20100216.txt,,,Alps|Altobeam|Anadigics|Atmel|Broadcom|DiBcom|Entropic|Guoxin|HDIC|LG|Legend Silicon|MaxScend|Maxim|Maxlinear|Mediatek/MTK|Mitsumi|MorningStar/Mstar|NXP Semiconductors|NuTune|Panasonic Electronic Devices|Renesas|SONY|STMicroelectronics|Samsung Electro-Mechanics|Sanyo|Silicon Labs|TTE|Toshiba|Trident|Xceive|Xuguang|Zoran,883168|-1|940332|872448|1730168|-1|1227930|-1|701645|857471|-1|-1|1013351|1288469|-1|-1|-1|1413447|-1|-1|-1|313838|932787|-1|203097|1038074|1013880|98573|1005128|-1|-1|1003022
CIK1109279_10K_20010629.txt,"ATI Technologies, Inc.|Broadcom Corporation|Equator Technologies, Inc.|International Business Machines Corporation|National Semiconductor|STMicroelectronics N.V.|TeleCruz Technology, Inc.|TeraLogic, Inc.",1065331|1730168|-1|51143|70530|932787|-1|-1,"ATI Technologies, Inc.|Broadcom Corporation|Equator Technologies, Inc.|International Business Machines Corporation|National Semiconductor|National Semiconductor Corporation|STMicroelectronics N.V.|TeleCruz Technology, Inc.|TeraLogic, Inc.",1065331|1730168|-1|51143|70530|70530|932787|-1|-1
CIK1110647_10K_20080905.txt,Bookham,-1,"Avanex Inc.|Finisar|Fujitsu|JDS Uniphase Corporation|Newport|Opnext, Inc.|Optium Corporation|Sumitomo|Thorlabs",1056794|1094739|39341|-1|225263|1157780|1219169|-1|-1
CIK1110647_10K_20110909.txt,vertically integrated competitors,-1,"Avago Technologies|Coherent, Inc.|DILAS Diode Lasers, Inc.|Finisar Corporation|Fujitsu Limited|JDS Uniphase Corporation|Jenoptik AG|Oplink Communications, Inc.|Opnext, Inc.|Sumitomo Electric Industries, Ltd.",-1|21510|-1|1094739|39341|-1|-1|1022225|1157780|-1
CIK1110647_10K_20120913.txt,vertically integrated competitors,-1,"Avago Technologies|Coherent, Inc.|DILAS Diode Lasers, Inc.|Finisar Corporation|Fujitsu Limited|JDS Uniphase Corporation|Jenoptik AG|Oplink Communications, Inc.|Opnext|Sumitomo Electric Industries, Ltd.",-1|21510|-1|1094739|39341|-1|-1|1022225|1157780|-1
CIK1110647_10K_20130927.txt,,,"Avago Technologies|Coherent, Inc.|DILAS Diode Lasers, Inc.|Finisar Corporation|Fujitsu Limited|JDS Uniphase Corporation|Jenoptik AG|Neophotonics Corporation|Oplink Communications, Inc.|Sumitomo Electric Industries, Ltd.",-1|21510|-1|1094739|39341|-1|-1|1227025|1022225|-1
CIK1110647_10K_20170818.txt,"ADVA|APAT Optoelectronics|Acacia Communications, Inc.|Alcatel-Lucent|Applied Optoelectronics, Inc.|Aurrion, Inc.|Avago|Broadcom Corp.|Ciena|Cisco|CyOptics, Inc.|Cyan Inc.|Emcore Corporation|FITEC Corp.|Finisar Corporation|Fujitsu Limited|InnoLight Technology Ltd.|Juniper Networks|Lightwire, Inc.|Lumentum Holdings Inc.|MRV Communications, Inc.|NeoPhotonics Corporation|Nokia|Source Photonics Inc.|Sumitomo Electric Industries, Ltd.|TeraXion|u2t Photonics AG",807732|-1|1651235|886125|1158114|-1|-1|1730168|936395|858877|-1|1391636|808326|-1|1094739|39341|-1|1043604|-1|1633978|887969|1227025|924613|1421117|-1|-1|-1,"Acacia Communications, Inc.|Applied Optoelectronics, Inc.|Finisar Corporation|Fujitsu Limited|InnoLight Technology Ltd.|Lumentum Holdings Inc.|NeoPhotonics Corporation|Source Photonics Inc.|Sumitomo Electric Industries, Ltd.",1651235|1158114|1094739|39341|-1|1633978|1227025|1421117|-1
CIK1111721_10K_20010726.txt,"Agilent Technologies, Inc.|Finisar Corporation|Infineon Technologies Corp.|International Business Machines Corporation|Lucent Technologies, Inc.|Molex, Inc.|Optical Communications Products, Inc.|Tyco International, Ltd.",1090872|1094739|1107457|51143|1006240|67472|-1|1608109,"Agilent Technologies, Inc.|Finisar Corporation|Infineon Technologies Corp.|International Business Machines Corporation|Lucent Technologies Inc.|Lucent Technologies, Inc.|Molex, Inc.|Optical Communications Products, Inc.|Tyco International, Ltd.",1090872|1094739|1107457|51143|1006240|1006240|67472|-1|1608109
CIK1111721_10K_20020729.txt,"Agilent Technologies, Inc.|Finisar Corporation|Infineon Technologies Corp.|JDS Uniphase Corporation|Lucent Technologies, Inc.|Molex, Inc.|Optical Communications Products, Inc.|Tyco International, Ltd.",1090872|1094739|1107457|-1|1006240|67472|-1|1608109,"A.T. Kearney|Agilent Technologies, Inc.|Alcatel Network Systems, Inc.|Cisco Systems, Inc.|E20, Inc.|Finisar Corporation|Infineon Technologies Corp.|JDS Uniphase Corporation|Lucent Technologies, Inc.|McData Corporation|Methode Electronics, Inc.|Molex, Inc.|Motorola Inc.|Nortel Networks Corporation|Optical Communications Products, Inc.|Paracer, Inc.|Tellabs, Inc.|Tsunami Optics, Inc.|Tyco International, Ltd.",-1|1090872|-1|858877|-1|1094739|1107457|-1|1006240|-1|65270|67472|68505|72911|-1|-1|317771|-1|1608109
CIK1111721_10K_20030729.txt,"Agilent Technologies, Inc.|Finisar Corporation|Infineon Technologies Corp.|JDS Uniphase Corporation|Molex, Inc.|OFS, Inc.|Optical Communications Products, Inc.|Tyco International, Ltd.",1090872|1094739|1107457|-1|67472|1487918|-1|1608109,"Agilent Technologies, Inc.|Finisar Corporation|Infineon Technologies Corp.|JDS Uniphase Corporation|Lucent Technologies Inc.|Molex, Inc.|OFS, Inc.|Optical Communications Products, Inc.|Tyco International, Ltd.",1090872|1094739|1107457|-1|1006240|67472|1487918|-1|1608109
CIK1111721_10K_20040729.txt,"ADC Telecommunications, Inc.|Amphenol Corporation|Huber+Suhner|ITT Cannon|Kings Electronics Co., Inc.|Molex, Inc.|Radiall, S.A.|Tyco International, Ltd.|WL Gore Associates, Inc.",61478|820313|-1|-1|55957|67472|-1|1608109|-1,"ADC Telecommunications, Inc.|Agilent Technologies, Inc.|Amphenol|Amphenol Corporation|Finisar Corporation|Huber+Suhner|ITT Cannon|JDS Uniphase Corporation|Kings Electronics Co., Inc.|Molex, Inc.|Optical Communications Products, Inc.|Radiall, S.A.|Tyco International, Ltd.|WL Gore Associates, Inc.",61478|1090872|820313|820313|1094739|-1|-1|-1|55957|67472|-1|-1|1608109|-1
CIK1111721_10K_20050729.txt,"ADC Telecommunications, Inc.|Amphenol|Amphenol Corporation|Huber+Suhner|ITT Cannon|Kings Electronics Co., Inc.|Molex, Inc.|Radiall, S.A.|Times Microwave, Inc.|Tyco International, Ltd.|WL Gore Associates, Inc.",61478|820313|820313|-1|-1|55957|67472|-1|-1|1608109|-1,"ADC Telecommunications, Inc.|Agilent Technologies, Inc.|Amphenol Corporation|Finisar Corporation|Huber+Suhner|ITT Cannon|JDS Uniphase Corporation|Kings Electronics Co., Inc.|Molex, Inc.|Optical Communications Products, Inc.|Radiall, S.A.|Times Microwave, Inc.|Tyco International, Ltd.|WL Gore Associates, Inc.",61478|1090872|820313|1094739|-1|-1|-1|55957|67472|-1|-1|-1|1608109|-1
CIK1111721_10K_20060728.txt,"ADC Telecommunications, Inc.|Amphenol Corporation|Huber+Suhner|ITT Cannon|Kings Electronics Co., Inc.|Molex, Inc.|Radiall, S.A.|Times Microwave, Inc.|Tyco International, Ltd.|WL Gore Associates, Inc.",61478|820313|-1|-1|55957|67472|-1|-1|1608109|-1,"ADC Telecommunications, Inc.|Agilent Technologies, Inc.|Amphenol Corporation|Finisar Corporation|Huber+Suhner|ITT Cannon|JDS Uniphase Corporation|Kings Electronics Co., Inc.|Molex, Inc.|Optical Communications Products, Inc.|Radiall, S.A.|Times Microwave, Inc.|Tyco International, Ltd.|WL Gore Associates, Inc.",61478|1090872|820313|1094739|-1|-1|-1|55957|67472|-1|-1|-1|1608109|-1
CIK1111721_10K_20070712.txt,"ADC Telecommunications, Inc.|Amphenol Corporation|Huber+Suhner|ITT Cannon|Kings Electronics Co., Inc.|Molex, Inc.|Radiall, S.A.|Times Microwave, Inc.|Tyco International, Ltd.|WL Gore Associates, Inc.",61478|820313|-1|-1|55957|67472|-1|-1|1608109|-1,"ADC Telecommunications, Inc.|Agilent Technologies, Inc.|Amphenol Corporation|Finisar Corporation|Huber+Suhner|ITT Cannon|JDS Uniphase Corporation|Kings Electronics Co., Inc.|Molex, Inc.|Optical Communications Products, Inc.|Radiall, S.A.|Times Microwave, Inc.|Tyco International, Ltd.|WL Gore Associates, Inc.",61478|1090872|820313|1094739|-1|-1|-1|55957|67472|-1|-1|-1|1608109|-1
CIK1111759_20F_20030627.txt,,,"ASAT, Ltd. (Hong Kong)|ASE Test Limited (Taiwan and Malaysia)|Advanced Semiconductor Engineering, Inc. (Taiwan)|Amkor Technology Inc. (USA)|Astra International (Indonesia)|Carsem Bhd. (Malaysia)|ChipPAC Incorporated (Korea)|Hana Microelectronics Public Co. Ltd. (Thailand)|Orient Semiconductor Electronics, Limited (Taiwan)|ST Assembly Test Services Ltd. (Singapore)|Shinko Electric Industries Co., Ltd. (Japan)",1102384|1014838|-1|1047127|-1|-1|1402159|-1|-1|-1|-1
CIK1111759_20F_20040628.txt,,,"ASAT, Ltd. (Hong Kong)|ASE Test Limited (Taiwan and Malaysia)|Advanced Semiconductor Engineering, Inc. (Taiwan)|Amkor Technology Inc. (USA)|Astra International (Indonesia)|Carsem Bhd. (Malaysia)|ChipPAC Incorporated (Korea)|Hana Microelectronics Public Co. Ltd. (Thailand)|Orient Semiconductor Electronics, Limited (Taiwan)|ST Assembly Test Services, Ltd. (Singapore)|Shinko Electric Industries Co., Ltd. (Japan)",1102384|1014838|-1|1047127|-1|-1|1402159|-1|-1|-1|-1
CIK1111759_20F_20050610.txt,,,"ASAT, Ltd. (Hong Kong)|ASE Test Limited (Taiwan and Malaysia)|Advanced Semiconductor Engineering, Inc. (Taiwan)|Amkor Technology Inc. (USA)|Astra International (Indonesia)|Carsem Bhd. (Malaysia)|Hana Microelectronics Public Co. Ltd. (Thailand)|Orient Semiconductor Electronics, Limited (Taiwan)|STATS ChipPAC Ltd. (Singapore)|Shinko Electric Industries Co., Ltd. (Japan)",1102384|1014838|-1|1047127|-1|-1|-1|-1|1449579|-1
CIK1111759_20F_20060629.txt,,,"ASAT, Ltd.|ASE Test Limited|Advanced Semiconductor Engineering, Inc.|Amkor Technology Inc.|Astra International|Carsem Bhd.|Hana Microelectronics Public Co. Ltd.|STATS ChipPAC Ltd.|Shinko Electric Industries Co., Ltd.",1102384|1014838|-1|1047127|-1|-1|-1|1449579|-1
CIK1111759_20F_20070620.txt,,,"ASAT, Ltd.|ASE Test Limited|Advanced Semiconductor Engineering, Inc.|Amkor Technology Inc.|Astra International|Carsem Bhd.|Hana Microelectronics Public Co. Ltd.|STATS ChipPAC Ltd.|Shinko Electric Industries Co., Ltd.",1102384|1014838|-1|1047127|-1|-1|-1|1449579|-1
CIK1111759_20F_20080528.txt,,,"ASE Test Limited|Advanced Semiconductor Engineering, Inc.|Amkor Technology Inc.|STATS ChipPAC Ltd.",1014838|-1|1047127|1449579
CIK1111759_20F_20090518.txt,,,"Advanced Semiconductor Engineering, Inc.|Amkor Technology Inc.|STATS ChipPAC Ltd.",-1|1047127|1449579
CIK1111759_20F_20100429.txt,,,"Advanced Semiconductor Engineering, Inc.|Amkor Technology Inc.|STATS ChipPAC Ltd.",-1|1047127|1449579
CIK1111759_20F_20110426.txt,,,"Advanced Semiconductor Engineering, Inc.|Amkor Technology Inc.|STATS ChipPAC Ltd.",-1|1047127|1449579
CIK1111759_20F_20120426.txt,,,"Advanced Semiconductor Engineering, Inc.|Amkor Technology Inc.|STATS ChipPAC Ltd.",-1|1047127|1449579
CIK1111759_20F_20130425.txt,,,"Advanced Semiconductor Engineering, Inc.|Amkor Technology Inc.|STATS ChipPAC Ltd.",-1|1047127|1449579
CIK1111759_20F_20140424.txt,,,"Advanced Semiconductor Engineering, Inc.|Amkor Technology Inc.|STATS ChipPAC Ltd.",-1|1047127|1449579
CIK1111759_20F_20150427.txt,,,"Advanced Semiconductor Engineering, Inc.|Amkor Technology Inc.|STATS ChipPAC Ltd.",-1|1047127|1449579
CIK1111759_20F_20160425.txt,,,"Advanced Semiconductor Engineering, Inc.|Amkor Technology Inc.|Jiangsu Changjiang Electronics Technology Co., Ltd",-1|1047127|-1
CIK1111759_20F_20170411.txt,,,"Advanced Semiconductor Engineering, Inc. (Taiwan)|Amkor Technology Inc. (USA)|Jiangsu Changjiang Electronics Technology Co., Ltd (China)",-1|1047127|-1
CIK1111759_20F_20180327.txt,,,"Advanced Semiconductor Engineering, Inc. (Taiwan)|Amkor Technology Inc. (USA)|Jiangsu Changjiang Electronics Technology Co., Ltd (China)",-1|1047127|-1
CIK1111928_10K_20190227.txt,IPG Photonics Corporation,1111928,"Coherent, Inc.|Laserline GmbH|Lumentum Holdings Inc.|Maxphotonics Co., Ltd.|Raycus Fiber Laser Technologies Co. Ltd.|Trumpf GmbH + Co. KG|nLight, Inc.",21510|-1|1633978|-1|-1|-1|-1
CIK1111928_10K_20200224.txt,,,"Coherent, Inc.|Laserline GmbH|Lumentum Holdings Inc.|Maxphotonics Co., Ltd.|Raycus Fiber Laser Technologies Co. Ltd.|Trumpf GmbH + Co. KG|nLight, Inc.",21510|-1|1633978|-1|-1|-1|-1
CIK1114068_10K_20020322.txt,Alcatel|Ciena|Cisco|JDS Uniphase|Lucent|Marconi|Nortel|ONI|Sycamore|TyCom,-1|936395|858877|-1|1006240|-1|72911|885376|1092367|1108511,Agere|Applied Micro Circuits|Broadcom|Giga|Giga (acquired by Intel)|Infineon|JDS Uniphase|Maxim|MindSpeed|Mindspeed (a Conexant company)|NEL|NTT Electronics|Nortel|Nortel (microelectronics division)|PMC-Sierra|Philips|Vitesse,1129446|711065|1730168|948263|948263|1107457|-1|1013351|1224370|1224370|70972|-1|72911|72911|767920|205778|880446
CIK1114068_10K_20030321.txt,,,Agere|Applied Micro Circuits|Broadcom|Infineon|Intel|JDS Uniphase|Maxim|MindSpeed (a Conexant company)|Mindspeed (a Conexant company)|NEL|NTT Electronics|Nortel (microelectronics division)|PMC-Sierra|Philips|Transwitch|Vitesse,1129446|711065|1730168|1107457|50863|-1|1013351|1224370|1224370|70972|-1|72911|767920|205778|944739|880446
CIK1114995_10K_20190228.txt,,,"Alien Technology Corporation|Mojix, Inc.|NXP B.V.|Phychips Inc|STMicroelectronics N.V.|Zebra Technologies Corporation|Zhikun Semiconductor Co. Ltd",1350415|-1|1413447|-1|932787|-1|-1
CIK1114995_10K_20200302.txt,,,"Alien Technology Corporation|Iotelligent|MagicRF|Mojix, Inc.|NXP B.V.|NXP Semiconductors N.V.|NXP USA, Inc.|Phychips Inc|STMicroelectronics N.V.|Zebra Technologies Corporation|Zhikun Semiconductor Co. Ltd",1350415|-1|-1|-1|1413447|1413447|-1|-1|932787|-1|-1
CIK1114995_10K_20210217.txt,,,Alien Technology Corporation|Iotelligent|MagicRF|NXP B.V.|Phychips Inc|STMicroelectronics N.V.|Zebra Technologies Corporation|Zhikun Semiconductor Co. Ltd,1350415|-1|-1|1413447|-1|932787|-1|-1
CIK1114995_10K_20220214.txt,,,Alien Technology Corporation|EM Microelectronic|Kiloway|MagicRF|NXP B.V.|Phychips Inc|STMicroelectronics N.V.|Zebra Technologies Corporation|Zhikun Semiconductor Co. Ltd,1350415|-1|-1|-1|1413447|-1|932787|-1|-1
CIK1114995_10K_20230213.txt,Arizon|Avery Dennison,-1|8818,Alien Technology Corporation|EM Microelectronic|Fudan Microelectronics Group|Kiloway|MagicRF|NXP B.V.|Phychips Inc|STMicroelectronics N.V.|Zebra Technologies Corporation|Zhikun Semiconductor Co. Ltd,1350415|-1|-1|-1|-1|1413447|-1|932787|-1|-1
CIK1114995_10K_20240212.txt,,,Alibaba|Alien Technology Corporation|CISC Semiconductor GmbH|EM Microelectronic|Kiloway|MagicRF|NXP B.V.|Phychips Inc|Quanray|Shanghai Fudan Microelectronics Group|Zebra Technologies Corporation,1577552|1350415|-1|-1|-1|-1|1413447|-1|-1|-1|-1
CIK1114995_10K_20250210.txt,,,Alibaba|Alien Technology Corporation|CISC Semiconductor GmbH|EM Microelectronic|Kiloway|MagicRF|NXP B.V.|NationRFID|Phychips Inc|Quanray|Shanghai Fudan Microelectronics Group,1577552|1350415|-1|-1|-1|-1|1413447|-1|-1|-1|-1
CIK1116581_20F_20010604.txt,,,Adtran|Ericsson|Infineon|Motorola|NEC|National Semiconductor|ST Microelectronics|Siemens|Texas Instruments,926282|-1|1107457|68505|72127|70530|-1|1135644|97476
CIK1116581_20F_20020327.txt,,,Infineon|Motorola|NEC|National Semiconductor|ST Microelectronics|Texas Instruments,1107457|68505|72127|70530|-1|97476
CIK1116581_20F_20030227.txt,,,Infineon|Motorola|NEC|National Semiconductor|ST Microelectronics|Texas Instruments,1107457|68505|72127|70530|-1|97476
CIK1116581_20F_20040312.txt,,,Infineon|Motorola|NEC|National Semiconductor|ST Microelectronics|Texas Instruments,1107457|68505|72127|70530|-1|97476
CIK1116581_20F_20050415.txt,,,Infineon|Motorola|NEC|National Semiconductor|ST Microelectronics|Texas Instruments,1107457|68505|72127|70530|-1|97476
CIK1116581_20F_20060629.txt,,,Infineon|Motif Corporation|Motorola|NEC|National Semiconductor|Optrex Corporation|ST Microelectronics|Texas Instruments,1107457|1674657|68505|72127|70530|-1|-1|97476
CIK1119602_10K_20010402.txt,"Agilent Technologies|Corning Incorporated|Finisar Corporation|Fujitsu|Infineon AG|International Business Machines Corporation|JDS Uniphase Corp.|Lucent Technologies, Inc.|Sumitomo|Tyco International, Ltd.",1090872|24741|1094739|39341|1107457|51143|-1|1006240|-1|1608109,"Agilent Technologies|Cisco Systems|Corning Incorporated|Finisar Corporation|Fujitsu|Infineon AG|International Business Machines Corporation|JDS Uniphase Corp.|Lucent Technologies, Inc.|Marconi Communications|Optronics|Ortel Corporation|Quantum|Rockwell Corporation|Sumitomo|Tyco International, Ltd.",1090872|858877|24741|1094739|39341|1107457|51143|-1|1006240|-1|-1|928878|1118847|1041024|-1|1608109
CIK1120105_10K_20080327.txt,"Afa Technologies, Inc.|Arkados Group Inc.|Atheros Communication Inc.|Broadcom Corporation|Cellnet Technology, Inc.|Conexant Systems, Inc.|Coppergate Communications, Ltd.|Design of Systems on Silicon (DS2)|Echelon Corporation|Entropic Communications, Inc.|Esco Corporation|Intel Corporation|Marvell Technology Group Ltd.|Maxim Integrated Products Inc.|Panasonic|Pulse-Link, Inc.|Realtek Semiconductor Corp.|Texas Instruments Incorporated",-1|-1|1140486|1730168|-1|1069353|-1|-1|31347|1227930|866706|50863|-1|743316|63271|-1|-1|97476,"Afa Technologies, Inc.|Arkados Group Inc.|Atheros Communication Inc.|Broadcom Corporation|Cellnet Technology, Inc.|Conexant Systems, Inc.|Coppergate Communications, Ltd.|Design of Systems on Silicon (DS2)|Echelon Corporation|Entropic Communications, Inc.|Esco Corporation|Gigle Semiconductor|Intel Corporation|Marvell Technology Group Ltd.|Maxim Integrated Products Inc.|Panasonic|Pulse-Link, Inc.|Realtek Semiconductor Corp.|SiConnect Limited|Spidcom Technologies S.A.|Texas Instruments Incorporated|Xeline Co., Ltd.",-1|-1|1140486|1730168|-1|1069353|-1|-1|31347|1227930|866706|-1|50863|-1|743316|63271|-1|-1|-1|-1|97476|-1
CIK1122342_10K_20010402.txt,,,"Avanex Corporation|Corning|DiCon Fiberoptics, Inc.|E-TEK Dynamics|Gould Electronics Inc.|JDS Uniphase|Lucent Technologies Inc.|Luminent, Inc.|New Focus, Inc.|Nortel Networks Corporation|Oplink, Inc.|SDL|Stratos Lightwave, Inc.|Tyco Electronics Corporation",1056794|24741|-1|1044007|-1|-1|1006240|1119602|1090215|72911|1022225|934741|-1|-1
CIK1122342_10K_20020327.txt,,,"Avanex|Avanex Corporation|Corning|Corning, Inc.|DiCon Fiberoptics|DiCon Fiberoptics, Inc.|E-TEK Dynamics|Gould|Gould Electronics Inc.|JDS Uniphase|Lucent|Lucent Technologies Inc.|Luminent (merged into MRV Communications, Inc.)|Luminent, Inc.|MRV Communications, Inc.|New Focus|New Focus, Inc.|Nortel|Nortel Networks Corporation|Oplink|Oplink, Inc.|SDL|Stratos Lightwave|Stratos Lightwave, Inc.|Tyco Electronics|Tyco Electronics Corporation",1056794|1056794|24741|24741|-1|-1|1044007|42765|-1|-1|1006240|1006240|1119602|1119602|887969|1090215|1090215|72911|72911|1022225|1022225|934741|-1|-1|-1|-1
CIK1122342_10K_20060324.txt,,,"Avanex Corporation|DiCon Fiberoptics, Inc.|JDS Uniphase Corp.|Oplink Communications, Inc.|Stratos International, Inc.|Tyco Electronics Corporation",1056794|-1|-1|1022225|1111721|-1
CIK1122342_10K_20070323.txt,,,"Avanex Corporation|DiCon Fiberoptics, Inc.|JDS Uniphase Corp.|Oplink Communications, Inc.|Stratos International, Inc.|Tyco Electronics Corporation",1056794|-1|-1|1022225|1111721|-1
CIK1122411_20F_20010628.txt,,,"ASE Test Limited|ISE Labs, Inc.|Motorola, Inc.|Taiwan Semiconductor Manufacturing Company Limited|Universal Scientific Industrial Co., Ltd.|VIA Technologies, Inc.",1014838|-1|68505|1046179|-1|-1
CIK1122411_20F_20020628.txt,,,"ASE Test Limited|Advantest Corporation|Agilent Technologies, Inc.|Credence Systems Corporation|Flip Chip Technologies|Fujitsu Limited|Kulicke & Soffa Industries Inc.|LSI Logic Corporation|LTX Corporation|Motorola, Inc.|Schlumberger Limited|TSMC|Teradyne, Inc.|Tessera Inc.|Universal Scientific",1014838|1158838|1090872|893162|-1|39341|56978|-1|-1|68505|87347|1046179|97210|-1|-1
CIK1122411_20F_20030630.txt,,,"Advantest Corporation|Agilent Technologies, Inc.|Credence Systems Corporation|Fujitsu Limited|ISE Labs|Kulicke & Soffa Industries Inc.|LSI Logic Corporation|LTX Corporation|Motorola|Motorola, Inc.|NP Test Inc.|TSMC|Teradyne, Inc.|Tessera Inc.|Universal Scientific",1158838|1090872|893162|39341|-1|56978|-1|-1|68505|68505|-1|1046179|97210|-1|-1
CIK1122411_20F_20040630.txt,,,"ASE Chung Li|ASE Korea|ASE Material|ASE Test|ATI Technologies, Inc.|Advantest Corporation|Agilent Technologies, Inc.|Altera Corporation|Compeq Manufacturing Co. Ltd.|Conexant Systems, Inc.|Credence Systems Corporation|Flip Chip Technologies, L.L.C.|Fujitsu Limited|IBM Corporation|ISE Labs|Koninklijke Philips Electronics N.V.|Kulicke & Soffa Industries Inc.|LSI Logic Corporation|LTX Corporation|Motorola, Inc.|NEC|NP Test Inc.|NVIDIA Corporation|ON Semiconductor Corp.|Qualcomm Incorporated|RF Micro Devices, Inc.|STMicroelectronics N.V.|Silicon Integrated Systems Corp.|Sunplus Technology Co., Ltd.|TSMC|Teradyne, Inc.|Tessera Inc.|Universal Scientific|VIA Technologies, Inc.",-1|-1|-1|1014838|1065331|1158838|1090872|768251|-1|1069353|893162|-1|39341|353524|-1|-1|56978|-1|-1|68505|72127|-1|1045810|1097864|804328|-1|932787|-1|-1|1046179|97210|-1|-1|-1
CIK1122411_20F_20050623.txt,,,"ASE Japan|ASE Korea|ASE Test Malaysia|ATI Technologies, Inc.|Agilent Technologies, Inc.|Altera Corporation|Conexant Systems, Inc.|Credence Systems Corporation|Flip Chip International, L.L.C.|Freescale Semiconductor, Inc.|Fujitsu Limited|IBM Corporation|ISE Labs|Kulicke & Soffa Industries Inc.|LSI Logic Corporation|LTX Corporation|Motorola, Inc.|NEC Electronics Corporation|NVIDIA Corporation|ON Semiconductor Corp.|Philips Semiconductors Inc.|RF Micro Devices, Inc.|STMicroelectronics N.V.|Silicon Integrated Systems Corp.|Sunplus Technology Co., Ltd.|TSMC|Teradyne, Inc.|Tessera Inc.|Universal Scientific|VIA Technologies, Inc.",-1|-1|-1|1065331|1090872|768251|1069353|893162|-1|1272547|39341|353524|-1|56978|-1|-1|68505|-1|1045810|1097864|-1|-1|932787|-1|-1|1046179|97210|-1|-1|-1
CIK1122411_20F_20060619.txt,Daeduck Electronics Technology Co. Ltd.|Kinsus Interconnect Technology Corporation|Nanya Printed Circuit Board Corporation|Phoenix Precision Technology Corporation|SMI Electronic Devices Inc.|Tessera Inc.,-1|-1|-1|-1|-1|-1,ASE (U.S.) Inc.|Compeq Manufacturing Co. Ltd.|Tessera Inc.,1122411|-1|-1
CIK1122411_20F_20070625.txt,fabless semiconductor design companies|independent semiconductor packaging and testing companies|integrated device manufacturers,-1|-1|-1,NXP Semiconductors|TSMC|Tessera Inc.,1413447|1046179|-1
CIK1122411_20F_20090624.txt,fabless semiconductor design companies|independent semiconductor packaging and testing companies|integrated device manufacturers,-1|-1|-1,TSMC|Tessera Inc.,1046179|-1
CIK1122411_20F_20100611.txt,"Hon Hai Precision Ind. Co., Ltd",-1,"ATI Technologies, Inc.|Atmel Corporation|Broadcom Corporation|Hon Hai Precision Ind. Co., Ltd|NEC Electronics Corporation|NVIDIA Corporation|NXP Semiconductors",1065331|872448|1730168|-1|-1|1045810|1413447
CIK1122411_20F_20150318.txt,"Hon Hai Precision Ind. Co., Ltd.",-1,"Hon Hai Precision Ind. Co., Ltd.|TSMC",-1|1046179
CIK1122411_20F_20160429.txt,"Jiangsu Changjiang Electronics Technology Co., Ltd.",-1,"Advanced Micro Devices, Inc.|Amkor Technology, Inc.|Avago Technologies Ltd.|Hon Hai Precision Ind. Co., Ltd.|Intel Corporation|Jiangsu Changjiang Electronics Technology Co., Ltd.|MediaTek, Inc.|NXP Semiconductors N.V.|Nantong Fujitsu Microelectronics Co., Ltd.|ON Semiconductor Corporation|STATS ChipPAC Ltd.|Siliconware Precision Industries Co., Ltd.|TDK Corporation|TSMC|Tessera, Inc.|Universal Scientific Industrial Co., Ltd.",2488|1047127|-1|-1|50863|-1|-1|1413447|-1|1097864|1449579|-1|203383|1046179|-1|-1
CIK1122411_20F_20170421.txt,"Jiangsu Changjiang Electronics Technology Co., Ltd.",-1,"Advanced Micro Devices, Inc.|Amkor Technology, Inc.|Avago Technologies Ltd.|Broadcom Corporation|Fairchild Semiconductor International, Inc.|Freescale Semiconductor, Inc.|Hon Hai Precision Ind. Co., Ltd.|Intel Corporation|Jiangsu Changjiang Electronics Technology Co., Ltd.|Kinsus Interconnect Technology Corporation|LG Innotek Co., Ltd.|MediaTek, Inc.|NXP Semiconductors N.V.|Nantong Fujitsu Microelectronics Co., Ltd.|Nanya Printed Circuit Board Corporation|ON Semiconductor Corporation|STATS ChipPAC Ltd.|Siliconware Precision Industries Co., Ltd.|TSMC|Taiwan Semiconductor Manufacturing Company Limited|Unimicron Technology Corp.|Universal Scientific Industrial Co., Ltd.",2488|1047127|-1|1730168|1036960|1272547|-1|50863|-1|-1|-1|-1|1413447|-1|-1|1097864|1449579|-1|1046179|1046179|-1|-1
CIK1122411_20F_20180328.txt,"Jiangsu Changjiang Electronics Technology Co., Ltd.",-1,"Altera Corporation|Amkor Technology, Inc.|Avago Technologies Ltd.|Broadcom Corporation|Fairchild Semiconductor International, Inc.|Freescale Semiconductor, Inc.|Hon Hai Precision Ind. Co., Ltd.|Intel Corporation|Jiangsu Changjiang Electronics Technology Co., Ltd.|MediaTek, Inc.|NXP Semiconductors N.V.|ON Semiconductor Corporation|TSMC",768251|1047127|-1|1730168|1036960|1272547|-1|50863|-1|-1|1413447|1097864|1046179
CIK1122411_20F_20190426.txt,"Jiangsu Changjiang Electronics Technology Co., Ltd.",-1,"ASE Electronics|ASE Shanghai|Altera Corporation|Atmel Corporation|Avago Technologies Ltd.|Bain Capital|Broadcom Corporation|Broadcom Limited|Fairchild Semiconductor International, Inc.|Freescale Semiconductor, Inc.|Hon Hai Precision Ind. Co., Ltd.|Intel Corporation|Jiangsu Changjiang Electronics Technology Co., Ltd.|MediaTek, Inc.|Microchip Technology Inc.|Microsemi Corporation|NXP Semiconductors N.V.|ON Semiconductor Corporation|Qualcomm Incorporated|Toshiba Corporation|Tsinghua Unigroup Ltd.|Universal Scientific Industrial",-1|-1|768251|872448|-1|-1|1730168|1730168|1036960|1272547|-1|50863|-1|-1|827054|310568|1413447|1097864|804328|98573|-1|-1
CIK1122411_20F_20200331.txt,"Jiangsu Changjiang Electronics Technology Co., Ltd.",-1,"Advanced Micro Devices, Inc.|Altera Corporation|Amkor Technology, Inc.|Atmel Corporation|Avago Technologies Ltd.|Bain Capital|Broadcom Corporation|Broadcom Limited|Cypress|Fairchild Semiconductor International, Inc.|Freescale Semiconductor, Inc.|Hon Hai Precision Ind. Co., Ltd.|Infineon|Intel Corporation|J-Devices Corporation|Jiangsu Changjiang Electronics Technology Co., Ltd.|MediaTek, Inc.|Microchip Technology Inc.|Microsemi Corporation|NXP Semiconductors N.V.|Nantong Fujitsu Microelectronics Co., Ltd.|ON Semiconductor Corporation|Qualcomm Incorporated|STATS ChipPAC Ltd.|TSMC|Toshiba Corporation",2488|768251|1047127|872448|-1|-1|1730168|1730168|716054|1036960|1272547|-1|1107457|50863|-1|-1|-1|827054|310568|1413447|-1|1097864|804328|1449579|1046179|98573
CIK1122411_20F_20210406.txt,"Jiangsu Changjiang Electronics Technology Co., Ltd.",-1,"ARM Limited|ASE (U.S.) Inc.|ASE Inc.|ASTEELFLASH TECHNOLOGIE|Advanced Micro Devices, Inc.|Altera Corporation|Amkor Technology, Inc.|Analog Devices, Inc.|Atmel Corporation|Avago Technologies Ltd.|Bain Capital|Broadcom|Broadcom Corporation|Cypress|DECA|Fairchild Semiconductor International, Inc.|Flip Chip International, L.L.C.|Freescale Semiconductor, Inc.|Fujitsu Limited|Hon Hai Precision Ind. Co., Ltd.|Infineon|Infineon Technologies AG|Intel Corporation|J-Devices Corporation|Jiangsu Changjiang Electronics Technology Co., Ltd.|Marvell|Maxim Integrated Products, Inc.|MediaTek, Inc.|Microchip Technology Inc.|Microsemi Corporation|NVIDIA|NXP Semiconductors|NXP Semiconductors N.V.|Nantong Fujitsu Microelectronics Co., Ltd.|ON Semiconductor Corporation|Qualcomm Incorporated|Quantenna|SPIL|STATS ChipPAC Ltd.|Siliconware USA, Inc.|TDK Corporation|TSMC|Tessera|Tianshui Huatian Technology|Toshiba Corporation|Unisem|Universal Scientific Industrial (Shanghai) Co., Ltd.",1057997|1122411|1122411|-1|2488|768251|1047127|6281|872448|-1|-1|1730168|1730168|716054|319693|1036960|-1|1272547|39341|-1|1107457|1107457|50863|-1|-1|1058057|743316|-1|827054|310568|1045810|1413447|1413447|-1|1097864|804328|1370702|1111759|1449579|-1|203383|1046179|-1|-1|98573|-1|-1
CIK1122411_20F_20220329.txt,"DECA Technologies Inc.|Jiangsu Changjiang Electronics Technology Co., Ltd.",-1|-1,"AMD|ARM Limited|Altera Corporation|Analog Devices, Inc.|Atmel Corporation|Avago Technologies Ltd.|Bain Capital|Broadcom Corporation|Cypress|Fairchild Semiconductor International, Inc.|Freescale Semiconductor, Inc.|Hon Hai Precision Ind. Co., Ltd.|Infineon|Intel Corporation|Jiangsu Changjiang Electronics Technology Co., Ltd.|Marvell|Maxim Integrated Products, Inc.|MediaTek, Inc.|Microchip Technology Inc.|Microsemi Corporation|NVIDIA|NXP Semiconductors N.V.|ON Semiconductor Corporation|Qualcomm Incorporated|TSMC|Toshiba Corporation|Xilinx",2488|1057997|768251|6281|872448|-1|-1|1730168|716054|1036960|1272547|-1|1107457|50863|-1|1058057|743316|-1|827054|310568|1045810|1413447|1097864|804328|1046179|98573|743988
CIK1122411_20F_20230410.txt,"Jiangsu Changjiang Electronics Technology Co., Ltd.",-1,"AMD|Amkor|Hon Hai Precision Industry Co., Ltd.|J-Devices|Jiangsu Changjiang Electronics Technology Co., Ltd.|Nantong Fujitsu Microelectronics|STATS ChipPAC|TSMC|Taiwan Semiconductor Manufacturing Company Limited|Tianshui Huatian Technology|Unisem",2488|1047127|-1|-1|-1|-1|1449579|1046179|1046179|-1|-1
CIK1122411_20F_20240403.txt,"Jiangsu Changjiang Electronics Technology Co., Ltd.",-1,"AMD|ARM Limited|Altera Corporation|Amkor|Analog Devices|Atmel Corporation|Avago Technologies|Bain Capital|Beijing Zhiguangxin Holding|Broadcom Corporation|Cypress|Fairchild Semiconductor International|Freescale Semiconductor|Hon Hai Precision Industry Co., Ltd.|Infineon|Intel Corporation|Jiangsu Changjiang Electronics Technology Co., Ltd.|Marvell|Maxim Integrated Products|MediaTek|Microchip Technology|Microsemi Corporation|NVIDIA|NXP Semiconductors|Nantong Fujitsu Microelectronics|ON Semiconductor Corporation|Qualcomm Incorporated|STATS ChipPAC|SoftBank Group|Tianshui Huatian Technology|Toshiba Corporation|Tsinghua Unigroup|Unisem|Xilinx",2488|1057997|768251|1047127|6281|872448|-1|-1|-1|1730168|716054|1036960|1272547|-1|1107457|50863|-1|1058057|743316|-1|827054|310568|1045810|1413447|-1|1097864|804328|1449579|-1|-1|98573|-1|-1|743988
CIK1122411_20F_20250327.txt,"Jiangsu Changjiang Electronics Technology Co., Ltd.",-1,"AMD|ARM Limited|Altera Corporation|Analog Devices|Atmel Corporation|Avago Technologies|Bain Capital|Beijing Zhiguangxin Holding|Broadcom|Broadcom Corporation|Cypress|Fairchild Semiconductor International|Freescale Semiconductor|Hon Hai Precision Industry Co., Ltd.|Infineon|Intel Corporation|Jiangsu Changjiang Electronics Technology Co., Ltd.|Marvell|Maxim Integrated Products|MediaTek|Microchip Technology|Microsemi Corporation|NVIDIA|NXP Semiconductors|ON Semiconductor Corporation|Pensando|Qualcomm Incorporated|TSMC|Toshiba Corporation|Tsinghua Unigroup|VMware|Xilinx",2488|1057997|768251|6281|872448|-1|-1|-1|1730168|1730168|716054|1036960|1272547|-1|1107457|50863|-1|1058057|743316|-1|827054|310568|1045810|1413447|1097864|-1|804328|1046179|98573|-1|-1|743988
CIK1122668_10K_20011221.txt,,,"Agere Systems|Agilent Technologies|Alcatel|Cisco Systems|ExceLight Communications|Finisar|Furukawa|IBM|Infineon Technologies|Infineon Technologies Corporation|JDS Uniphase|Luminent|Methode Electronics, Inc.|Stratos Lightwave|Stratos Lightwave, Inc.|Tyco International",1129446|1090872|-1|858877|-1|1094739|-1|353524|1107457|1107457|-1|1119602|65270|-1|-1|1608109
CIK1122668_10K_20021227.txt,,,Agilent Technologies|Alcatel|ExceLight Communications|Finisar|Fujitsu|Infineon Technologies|JDS Uniphase|MRV Communications|Molex Fiber Optics|Picolight|Stratos Lightwave,1090872|-1|-1|1094739|39341|1107457|-1|887969|-1|-1|-1
CIK1122668_10K_20031224.txt,,,"Agilent Technologies|Cielo Communications, Inc.|ExceLight Communications|Finisar|Fujitsu|Gore Photonics|Infineon Technologies|JDS Uniphase|MRV Communications|OpNext|Picolight|Stratos Lightwave|Stratos Lightwave, Inc.",1090872|-1|-1|1094739|39341|-1|1107457|-1|887969|1157780|-1|-1|-1
CIK1122668_10K_20041229.txt,,,"Agilent Technologies|Cielo Communications, Inc.|ExceLight Communications|Finisar|Gore Photonics|Infineon Technologies|JDS Uniphase|MRV Communications|OpNext|Picolight|Stratos Lightwave",1090872|-1|-1|1094739|-1|1107457|-1|887969|1157780|-1|-1
CIK1122668_10K_20051229.txt,,,Alcatel|Avago Technologies|Cisco Systems|ExceLight Communications|Finisar|JDSU|MRV Communications|OpNext|Picolight|Stratos Lightwave,-1|-1|858877|-1|1094739|-1|887969|1157780|-1|-1
CIK1126741_10K_20130604.txt,Cisco Systems,858877,Cypress Semiconductor|Cypress Semiconductor Corporation|Integrated Device Technology|Integrated Silicon Solution|REC,791915|791915|703361|854701|82523
CIK1126741_10K_20140611.txt,Powerchip Technology Corporation,-1,Cypress Semiconductor|Cypress Semiconductor Corporation|Integrated Silicon Solution|REC|Sony Corporation,791915|791915|854701|82523|313838
CIK1126741_10K_20150611.txt,Powerchip Technology Corporation,-1,Alcatel-Lucent|Cisco Systems|Cypress Semiconductor|Cypress Semiconductor Corporation|Integrated Silicon Solution|Micron|Powerchip|REC|Sony Corporation|TSMC,886125|858877|791915|791915|854701|803512|-1|82523|313838|1046179
CIK1126741_10K_20160610.txt,Powerchip Technology Corporation,-1,Alcatel-Lucent|Cisco Systems|Cypress Semiconductor|Cypress Semiconductor Corporation|Integrated Silicon Solution|Micron|REC,886125|858877|791915|791915|854701|803512|82523
CIK1126741_10K_20170605.txt,,,Cisco Systems|Cypress Semiconductor|Cypress Semiconductor Corporation|Integrated Silicon Solution|Micron|NVIDIA Corporation|Nokia (Alcatel-Lucent)|REC,858877|791915|791915|854701|803512|1045810|924613|82523
CIK1126741_10K_20180601.txt,,,Cisco Systems|Cypress Semiconductor|Cypress Semiconductor Corporation|Integrated Silicon Solution|Intel Corporation|Micron|NVIDIA Corporation|REC,858877|791915|791915|854701|50863|803512|1045810|82523
CIK1126741_10K_20190613.txt,,,Cypress Semiconductor|Integrated Silicon Solution|Intel Corporation|Micron|NVIDIA Corporation|REC,791915|854701|50863|803512|1045810|82523
CIK1126741_10K_20200605.txt,other suppliers,-1,Cypress Semiconductor|Integrated Silicon Solution|Intel Corporation|Micron|NVIDIA Corporation|REC,791915|854701|50863|803512|1045810|82523
CIK1126741_10K_20210604.txt,nearest competition|other suppliers,-1|-1,Cypress Semiconductor (Infineon Technologies AG)|Integrated Silicon Solution|Intel Corporation|Micron|NVIDIA Corporation|REC,791915|854701|50863|803512|1045810|82523
CIK1126741_10K_20250618.txt,ChatGPT,-1,Infineon Technologies AG|Integrated Silicon Solution|Intel Corporation|NVIDIA Corporation|Renesas Electronics Corporation,1107457|854701|50863|1045810|-1
CIK1129446_10K_20011210.txt,,,"3Com Corp.|Agilent Technologies|Alcatel|Analog Devices, Inc.|Applied Micro Circuits Corp.|BreezeCOM Ltd.|Broadcom Corp.|Chartered Semiconductor Manufacturing Ltd.|Cisco Systems, Inc.|Conexant|Corning Inc.|Fujitsu Ltd.|Infineon Technologies AG|Intel Corp.|Intersil Corporation|JDS Uniphase Corp.|LSI Logic Corp.|Lattice Semiconductor Corporation|Lucent Technologies Inc.|Marvel Technologies, Inc.|Motorola, Inc.|NEC Corp.|Nokia Corp.|Nortel Networks Corp.|PMC-Sierra, Inc.|Proxim, Inc.|QUALCOMM Inc.|STMicroelectronics AG|Symbol Technologies, Inc.|Texas Instruments Incorporated|TranSwitch Corporation|Vitesse Semiconductor Corporation",-1|1090872|-1|6281|711065|-1|1730168|1095270|858877|1069353|24741|39341|1107457|50863|2485|-1|-1|855658|1006240|-1|68505|72127|924613|72911|767920|1112263|804328|932787|278352|97476|944739|880446
CIK1129446_10K_20021212.txt,"Conexant Systems, Inc.|Infineon Technologies AG|Intersil Holding Corp.|Koninklijke Philips Electronics AG|LSI Logic Corp.|Marvell Communications Corp.|Motorola, Inc.|PCTel, Inc.|QUALCOMM Inc.|STMicroelectronics N.V.|Skyworks Solutions, Inc.|Texas Instruments Incorporated",1069353|1107457|-1|-1|-1|-1|68505|1057083|804328|932787|4127|97476,"Applied Micro Circuits Corp.|Broadcom Corp.|Conexant Systems, Inc.|IBM Corp.|Infineon Technologies AG|Intel Corp.|Intersil Holding Corp.|Koninklijke Philips Electronics AG|LSI Logic Corp.|Marvell Communications Corp.|Motorola, Inc.|PCTel, Inc.|PMC-Sierra, Inc.|QUALCOMM Inc.|STMicroelectronics N.V.|Skyworks Solutions, Inc.|Texas Instruments Incorporated|Vitesse Semiconductor Corporation",711065|1730168|1069353|353524|1107457|50863|-1|-1|-1|-1|68505|1057083|767920|804328|932787|4127|97476|880446
CIK1129446_10K_20061201.txt,"Applied Micro Circuits Corp.|Broadcom Corp.|Conexant Systems|Freescale Semiconductor, Inc.|Infineon Technologies AG|Marvell Technology Group Ltd.|NXP Semiconductors|PMC-Sierra, Inc.|QUALCOMM Inc.|Silicon Laboratories Inc.|Telefonaktiebolaget LM Ericsson|Texas Instruments Incorporated|Vitesse Semiconductor Corporation",711065|1730168|1069353|1272547|1107457|-1|1413447|767920|804328|1038074|-1|97476|880446,"Applied Micro Circuits Corp.|Broadcom Corp.|Conexant Systems|Freescale Semiconductor, Inc.|Infineon Technologies AG|Marvell Technology Group Ltd.|NXP Semiconductors|PMC-Sierra, Inc.|QUALCOMM Inc.|STMicroelectronics N.V.|Silicon Laboratories Inc.|Telefonaktiebolaget LM Ericsson|Texas Instruments Incorporated|Vitesse Semiconductor Corporation",711065|1730168|1069353|1272547|1107457|-1|1413447|767920|804328|932787|1038074|-1|97476|880446
CIK1130626_10K_20050325.txt,"LG Electronics Inc.|Nokia Corporation|Philips MDS|Samsung Electronics Co., Ltd.|Samsung SDI Co.",-1|924613|-1|-1|-1,"NEC Corporation|Novatek Microelectronics Corp., Ltd.|Philips Semiconductor (a division of Philips Electronics, N.V.)|Renesas Technology Corp.|Samsung Electronics Co., Ltd.|Seiko Epson Corporation|Sharp Electronics Corporation|Solomon Systech Limited|Toshiba Corporation",72127|-1|-1|-1|-1|-1|-1|-1|98573
CIK1130626_10K_20060315.txt,,,"Himax Technologies, Ltd.|MagnaChip Semiconductor Ltd.|NEC Corporation|Novatek Microelectronics Corp., Ltd.|Philips Electronics, N.V.|Renesas Technology Corp.|Samsung Electronics Co., Ltd.|Seiko Epson Corporation|Sharp Electronics Corporation|Sitronix Technology Corporation|Solomon Systech Limited|Toshiba Corporation",1342338|1325702|72127|-1|-1|-1|-1|-1|-1|-1|-1|98573
CIK1130626_10K_20090331.txt,"Advanced Analogic Technologies, Inc.|Atmel Corporation|Cypress Semiconductor|Linear Technology Corporation|Maxim Integrated Products, Inc.|Micrel Incorporated|National Semiconductor Corporation|RichTech Co., Ltd.|Synaptics Incorporated|Texas Instruments Incorporated",1104042|872448|791915|791907|743316|932111|70530|-1|817720|97476,"Advanced Analogic Technologies, Inc.|Atmel Corporation|Cypress Semiconductor|Himax Technologies, Ltd.|Linear Technology Corporation|MagnaChip Semiconductor Ltd.|Maxim Integrated Products, Inc.|Micrel Incorporated|National Semiconductor Corporation|Novatek Microelectronics Corp., Ltd.|Renesas Technology Corp.|RichTech Co., Ltd.|Samsung Electronics Co., Ltd.|Seiko Epson Corporation|Sharp Electronics Corporation|Sitronix Technology Corporation|Solomon Systech Limited|Synaptics Incorporated|Texas Instruments Incorporated|Toshiba Corporation",1104042|872448|791915|1342338|791907|1325702|743316|932111|70530|-1|-1|-1|-1|-1|-1|-1|-1|817720|97476|98573
CIK1130866_10K_20090227.txt,Analog Devices|Avago|Cobham|Eudyna|Linear Technology|NEC|RFMD|Skyworks|TriQuint Semiconductor|United Monolithic Semiconductor,6281|-1|-1|-1|791907|72127|-1|4127|913885|-1,Analog Devices|Avago|Cobham|Eudyna|Linear Technology|NEC|Narda|RFMD|Skyworks|TriQuint Semiconductor|UMS,6281|-1|-1|-1|791907|72127|-1|-1|4127|913885|-1
CIK1133478_20F_20030630.txt,,,"ASAT Limited|ASE Test Limited|Advanced Semiconductor Engineering Inc.|Best Home Corp. Ltd.|Billion-Create TECHNOLOGIES Inc.|CHANTEK ELECTRONIC CO. LTD.|CHANTEK ELECTRONIC CO., LTD.|Chantek|ChipPAC Incorporated|DenMOS TECHNOLOGY Inc.|DenMOS Technology Inc.|Elite Semiconductor Technology Inc.|Fujitsu Ltd.|Giant Haven Investment Ltd.|Microchip Technology Taiwan|Modern Mind Technology Limited.|Mosel Vitelic Inc.|PlusMOS|PlusMOS TECHNOLOGIES INC.|Powerchip|ProMOS TECHNOLOGIES INC.|Ron How Investment Corp.|ST Assembly Test Services Ltd.|Sharp Corp.|Siliconware Precision|Siliconware Precision Industries Co. Ltd.|Tessera Inc.|ThaiLin|ThaiLin Semiconductor Corp.|Ultima Electronics Corp.|Vanguard|Vigour Technology Corp.|Yuan Shan Investment Corp.",1102384|1014838|-1|-1|-1|-1|-1|-1|1402159|-1|-1|-1|39341|-1|-1|-1|-1|-1|-1|-1|-1|-1|-1|800840|1111759|-1|-1|-1|-1|-1|1045829|-1|-1
CIK1133478_20F_20040617.txt,,,"ASAT Limited|ASE Test Limited|Advanced Semiconductor Engineering Inc.|Amkor Technology, Inc.|ChipPAC, Inc.|King Yuan Electronics Co., Ltd.|ST Assembly Test Services Ltd.|Siliconware Precision",1102384|1014838|-1|1047127|1402159|-1|-1|1111759
CIK1133478_20F_20050629.txt,,,"ASAT Limited|ASE Test Limited|Advanced Semiconductor Engineering Inc.|Amkor Technology, Inc.|King Yuan Electronics Co., Ltd.|STATS ChipPAC Ltd.|Siliconware Precision",1102384|1014838|-1|1047127|-1|1449579|1111759
CIK1133478_20F_20060510.txt,,,"ASAT Limited|ASE Test Limited|Advanced Semiconductor Engineering Inc.|Amkor Technology, Inc.|International Semiconductor Technology Ltd.|King Yuan Electronics Co., Ltd.|Powertech Technology Inc.|STATS ChipPAC Ltd|Siliconware Precision|United Test and Assembly Center Ltd",1102384|1014838|-1|1047127|-1|-1|-1|1449579|1111759|-1
CIK1133478_20F_20070608.txt,,,"ASAT Limited|ASE Test Limited|Advanced Semiconductor Engineering Inc.|Amkor Technology, Inc.|International Semiconductor Technology Ltd.|King Yuan Electronics Co., Ltd.|Powertech Technology Inc.|STATS ChipPAC Ltd.|Siliconware Precision|United Test and Assembly Center Ltd.",1102384|1014838|-1|1047127|-1|-1|-1|1449579|1111759|-1
CIK1133478_20F_20080606.txt,,,"ASE Test Limited|Advanced Semiconductor Engineering Inc.|Amkor Technology, Inc.|International Semiconductor Technology Ltd.|King Yuan Electronics Co., Ltd.|Powertech Technology Inc.|STATS ChipPAC Ltd.|Siliconware Precision|United Test and Assembly Center Ltd.",1014838|-1|1047127|-1|-1|-1|1449579|1111759|-1
CIK1133478_20F_20090604.txt,,,"Advanced Semiconductor Engineering Inc.|Amkor Technology, Inc.|International Semiconductor Technology Ltd.|King Yuan Electronics Co., Ltd.|Powertech Technology Inc.|STATS ChipPAC Ltd.|Siliconware Precision|United Test and Assembly Center Ltd.",-1|1047127|-1|-1|-1|1449579|1111759|-1
CIK1133478_20F_20100604.txt,,,"Advanced Semiconductor Engineering Inc.|Amkor Technology, Inc.|Chipbond Technology Corporation|King Yuan Electronics Co., Ltd.|Powertech Technology Inc.|STATS ChipPAC Ltd.|Siliconware Precision|United Test and Assembly Center Ltd.",-1|1047127|-1|-1|-1|1449579|1111759|-1
CIK1133478_20F_20110603.txt,,,"Advanced Semiconductor Engineering Inc.|Amkor Technology, Inc.|Chipbond Technology Corporation|King Yuan Electronics Co., Ltd.|Powertech Technology Inc.|STATS ChipPAC Ltd.|Siliconware Precision|United Test and Assembly Center Ltd.",-1|1047127|-1|-1|-1|1449579|1111759|-1
CIK1133478_20F_20120426.txt,,,"Advanced Semiconductor Engineering Inc.|Amkor Technology, Inc.|Chipbond Technology Corporation|King Yuan Electronics Co., Ltd.|Powertech Technology Inc.|STATS ChipPAC Ltd.|Siliconware Precision|United Test and Assembly Center Ltd.",-1|1047127|-1|-1|-1|1449579|1111759|-1
CIK1133478_20F_20130426.txt,,,"Advanced Semiconductor Engineering Inc.|Amkor Technology, Inc.|Chipbond Technology Corporation|King Yuan Electronics Co., Ltd.|Powertech Technology Inc.|STATS ChipPAC Ltd.|Siliconware Precision|United Test and Assembly Center Ltd.",-1|1047127|-1|-1|-1|1449579|1111759|-1
CIK1133478_20F_20140425.txt,,,"Advanced Semiconductor Engineering Inc.|Amkor Technology, Inc.|Chipbond Technology Corporation|King Yuan Electronics Co., Ltd.|Powertech Technology Inc.|STATS ChipPAC Ltd.|Siliconware Precision|United Test and Assembly Center Ltd.",-1|1047127|-1|-1|-1|1449579|1111759|-1
CIK1133478_20F_20150424.txt,,,"Advanced Semiconductor Engineering Inc.|Amkor Technology, Inc.|Chipbond Technology Corporation|King Yuan Electronics Co., Ltd.|Powertech Technology|STATS ChipPAC Ltd.|Siliconware Precision|United Test and Assembly Center Ltd.",-1|1047127|-1|-1|-1|1449579|1111759|-1
CIK1133478_20F_20160418.txt,,,"Advanced Semiconductor Engineering Inc.|Amkor Technology, Inc.|Chipbond Technology Corporation|King Yuan Electronics Co., Ltd.|Powertech Technology|STATS ChipPAC Ltd.|Siliconware Precision|United Test and Assembly Center Ltd.",-1|1047127|-1|-1|-1|1449579|1111759|-1
CIK1135711_10K_20060228.txt,"Integrated Device Technology, Inc.|Renesas Technology, Corp.|Sensory Networks, Inc.|Tarari, Inc.",703361|-1|-1|-1,"IDT|Integrated Device Technology, Inc.|Renesas Technology, Corp.|Sensory Networks, Inc.|Tarari, Inc.",1005731|703361|-1|-1|-1
CIK1138830_10K_20080229.txt,,,"Atmel Corporation|Atrua, Inc.|Fidelicia Microsystems, Inc.|Fujitsu Semiconductor|Lite-on Technology Group|Mitsumi Electronic Co., Ltd.|Symwave, Inc.|UPEK, Inc.|Validity Sensors, Inc.",872448|-1|-1|-1|-1|-1|-1|-1|-1
CIK1138830_10K_20090318.txt,,,"Atrua, Inc.|EgisTec, Inc.|Fujitsu Semiconductor|Mitsumi Electronic Co., Ltd.|Symwave, Inc.|UPEK, Inc.|Validity Sensors, Inc.",-1|-1|-1|-1|-1|-1|-1
CIK1140486_10K_20050311.txt,,,"Broadcom Corporation|Conexant Systems, Inc.|Intel Corporation|Marvell Technology Group Ltd.|Texas Instruments Incorporated",1730168|1069353|50863|-1|97476
CIK1140486_10K_20060310.txt,,,"Broadcom Corporation|Conexant Systems, Inc.|Intel Corporation|Marvell Technology Group Ltd.|Texas Instruments Incorporated",1730168|1069353|50863|-1|97476
CIK1140486_10K_20070301.txt,,,"Broadcom Corporation|Conexant Systems, Inc.|Intel Corporation|Marvell Technology Group Ltd.|Realtek Semiconductor Corp.|Texas Instruments Incorporated",1730168|1069353|50863|-1|-1|97476
CIK1140486_10K_20080228.txt,,,Broadcom Corporation|Cambridge Silicon Radio|Intel Corporation|Marvell Technology Group Ltd.|MediaTek Inc.|Ralink Technology Corporation|Realtek Semiconductor Corp|SiRF Technology Holdings,1730168|-1|50863|-1|-1|-1|-1|1163943
CIK1140486_10K_20090213.txt,,,"Broadcom Corporation|Cambridge Silicon Radio|Intel Corporation|Marvell Technology Group Ltd.|MediaTek Inc.|Ralink Technology Corporation|Realtek Semiconductor Corp|SiRF Technology Holdings, Inc.",1730168|-1|50863|-1|-1|-1|-1|1163943
CIK1140486_10K_20100212.txt,,,"Atheros Communications, Inc.|Attansic|Broadcom Corporation|CSR plc|Intel Corporation|Intellon|Marvell Technology Group Ltd.|Ralink Technology Corporation|Realtek Semiconductor Corp.|Texas Instruments, Incorporated|u-Nav",1140486|-1|1730168|928329|50863|1120105|-1|-1|-1|97476|-1
CIK1140486_10K_20110211.txt,,,"Broadcom Corporation|CSR plc|Intel Corporation|Lantiq|Marvell Technology Group Ltd.|PMC-Sierra Inc.|QUALCOMM|Ralink Technology Corporation|Realtek Semiconductor Corp.|Texas Instruments, Incorporated",1730168|928329|50863|-1|-1|767920|804328|-1|-1|97476
CIK1157780_10K_20080616.txt,"Arima|Avago|Avanex|Bookham|Emcore|Finisar|Fujitsu|Hitachi Cable, Ltd.|JDS Uniphase|Mitsubishi|Optium|QSI|Sanyo|Sony|Sumitomo",-1|-1|1056794|-1|808326|1094739|39341|-1|-1|773753|1219169|869886|203097|313838|-1,Arima|Avago|Avanex|Bookham|Emcore|Finisar|Fujitsu|JDS Uniphase|Mitsubishi|Optium|QSI|Sanyo|Sony|Sumitomo,-1|-1|1056794|-1|808326|1094739|39341|-1|773753|1219169|869886|203097|313838|-1
CIK1157780_10K_20090615.txt,Avago|Bookham|Emcore|Finisar|Fujitsu|JDS Uniphase|Mitsubishi|Sumitomo,-1|-1|808326|1094739|39341|-1|773753|-1,Arima|Avago|Bookham|Emcore|Finisar|Fujitsu|JDS Uniphase|Mitsubishi|QSI|Sanyo|Sony|Sumitomo,-1|-1|-1|808326|1094739|39341|-1|773753|869886|203097|313838|-1
CIK1158114_10K_20170309.txt,"Arris Group, Inc.|Cisco Systems, Inc.",-1|858877,"Amazon|Arris|Cisco|EMCORE Corporation|Finisar Corporation|Foxconn Interconnect Technology Ltd.|Lumentum Holding, Inc.|Microsoft|Mitsubishi|Molex, LLC|Oclaro, Inc.|Source Photonics|Sumitomo Electric Industries, Ltd.",1018724|1645494|858877|808326|1094739|-1|1633978|789019|773753|67472|1110647|1421117|-1
CIK1158114_10K_20180228.txt,"Arris Group, Inc.|Cisco Systems, Inc.",-1|858877,"Amazon|Applied Optoelectronics, Inc.|Arris|Cisco|EMCORE Corporation|Facebook|Finisar Corporation|Foxconn Interconnect Technology Ltd.|InnoLight Technology (Suzhou) Ltd.|Lumentum Holding, Inc.|Microsoft|Mitsubishi|Molex, LLC|Oclaro, Inc.|Source Photonics, Inc.|Sumitomo Electric Industries, Ltd.",1018724|1158114|1645494|858877|808326|1326801|1094739|-1|-1|1633978|789019|773753|67472|1110647|1421117|-1
CIK1158114_10K_20190226.txt,,,"Amazon|Arris|EMCORE Corporation|Facebook|Finisar Corporation|Foxconn Interconnect Technology Ltd.|InnoLight Technology (Suzhou) Ltd.|Intel Corporation|Lumentum Holdings, Inc.|Microsoft|Mitsubishi|Molex, LLC|Source Photonics, Inc.|Sumitomo Electric Industries, Ltd.",1018724|1645494|808326|1326801|1094739|-1|-1|50863|1633978|789019|773753|67472|1421117|-1
CIK1158114_10K_20200228.txt,,,"EMCORE Corporation|Finisar Corporation|Foxconn Interconnect Technology Ltd.|InnoLight Technology (Suzhou) Ltd.|Intel Corporation|Lumentum Holdings, Inc.|Mitsubishi|Molex, LLC|Source Photonics, Inc.|Sumitomo Electric Industries, Ltd.",808326|1094739|-1|-1|50863|1633978|773753|67472|1421117|-1
CIK1158114_10K_20210225.txt,AOI,777358,"Amazon.com|Cisco Systems, Inc.|EMCORE Corporation|Finisar Corporation|Foxconn Interconnect Technology Ltd.|II-VI Incorporated|InnoLight Technology (Suzhou) Ltd.|Intel Corporation|Lumentum Holdings, Inc.|Microsoft Corp|Mitsubishi|Molex, LLC|Source Photonics, Inc.|Sumitomo Electric Industries, Ltd.",1018724|858877|808326|1094739|-1|820318|-1|50863|1633978|789019|773753|67472|1421117|-1
CIK1158114_10K_20220224.txt,,,"EMCORE Corporation|Finisar Corporation|Foxconn Interconnect Technology Ltd.|II-VI Incorporated|InnoLight Technology (Suzhou) Ltd.|Intel Corporation|Lumentum Holdings, Inc.|Mitsubishi|Molex, LLC|Source Photonics, Inc.|Sumitomo Electric Industries, Ltd.",808326|1094739|-1|820318|-1|50863|1633978|773753|67472|1421117|-1
CIK1158114_10K_20230227.txt,"Cisco Systems, Inc.|CommScope",858877|1035884,"EMCORE Corporation|Finisar Corporation|Foxconn Interconnect Technology Ltd.|II-VI Incorporated|InnoLight Technology (Suzhou) Ltd.|Intel Corporation|Lumentum Holdings, Inc.|Mitsubishi|Molex, LLC|Source Photonics, Inc.|Sumitomo Electric Industries, Ltd.",808326|1094739|-1|820318|-1|50863|1633978|773753|67472|1421117|-1
CIK1158114_10K_20240223.txt,,,"Finisar Corporation|Foxconn Interconnect Technology Ltd.|II-VI Incorporated|InnoLight Technology (Suzhou) Ltd.|Intel Corporation|Lumentum Holdings, Inc.|Mitsubishi|Molex, LLC|Source Photonics, Inc.|Sumitomo Electric Industries, Ltd.",1094739|-1|820318|-1|50863|1633978|773753|67472|1421117|-1
CIK1158114_10K_20250228.txt,,,"Coherent Corporation|Foxconn Interconnect Technology Ltd.|InnoLight Technology (Suzhou) Ltd.|Intel Corporation|Lumentum Holdings, Inc.|Mitsubishi|Molex, LLC|Source Photonics, Inc.|Sumitomo Electric Industries, Ltd.",21510|-1|-1|50863|1633978|773753|67472|1421117|-1
CIK1160958_10K_20110307.txt,,,"Broadcom Corporation|Hittite Microwave Corporation|Integrated Device Technology, Inc.|NetLogic Microsystems, Inc.|Texas Instruments Incorporated",1730168|1130866|703361|1135711|97476
CIK1160958_10K_20120315.txt,competitors,-1,"Broadcom Corporation|Hittite Microwave Corporation|Integrated Device Technology, Inc.|Semtech Corp.|Texas Instruments Incorporated|Triquint Semiconductor",1730168|1130866|703361|88941|97476|913885
CIK1160958_10K_20130307.txt,competitors’ standard designs,-1,"Broadcom Corporation|Hittite Microwave Corporation|Integrated Device Technology, Inc.|M/A-COM Technology Solutions Inc.|Semtech Corp.|Texas Instruments Incorporated|Triquint Semiconductor",1730168|1130866|703361|-1|88941|97476|913885
CIK1160958_10K_20140305.txt,competitors’ standard designs,-1,"Broadcom Corporation|Hittite Microwave Corporation|Integrated Device Technology, Inc.|M/A-COM Technology Solutions Inc.|Semtech Corp.|Texas Instruments Incorporated|Triquint Semiconductor",1730168|1130866|703361|-1|88941|97476|913885
CIK1160958_10K_20150310.txt,competitors’ standard designs,-1,"AMD|Alcatel-Lucent|Analog Devices, Inc.|Avago Technologies Ltd.|Broadcom Corporation|Ciena|Cisco|Dell|Integrated Device Technology, Inc.|Intel|Juniper|M/A-COM Technology Solutions Inc.|Micron|Montage Technology Group Limited|Neophotonics|Oracle|PMC-Sierra, Inc.|RF Micro Devices, Inc.|SK Hynix|Samsung|Semtech Corp.|Texas Instruments Incorporated",2488|886125|6281|-1|1730168|936395|858877|1571996|703361|50863|864921|-1|803512|1375514|1227025|1341439|767920|-1|-1|-1|88941|97476
CIK1160958_10K_20160229.txt,competitors’ standard designs,-1,"AMD|ARM Ltd.|Avago Technologies Ltd.|Broadcom Corporation|Ciena|Cisco|Dell Incorporated|GigOptix Inc.|Huawei|Integrated Device Technology, Inc.|Intel|Juniper|M/A-COM Technology Solutions Inc.|Maxim Integrated|Maxlinear, Inc.|Micron|Microsemi Corporation|Montage Technology Group Limited|Neophotonics|Nokia|PMC-Sierra, Inc.|Qorvo Inc.|SK Hynix|Samsung|Semtech Corp.|Texas Instruments Incorporated",2488|1057997|-1|1730168|936395|858877|1571996|-1|-1|703361|50863|864921|-1|743316|1288469|803512|310568|1375514|1227025|924613|767920|1604778|-1|-1|88941|97476
CIK1160958_10K_20170301.txt,competitors’ standard designs,-1,"Acacia Communications, Inc.|Broadcom Ltd.|GigaPeak Inc.|M/A-COM Technology Solutions Inc.|Maxlinear, Inc.|Microsemi Corporation|NTT Electronics Corporation|Qorvo Inc.|Semtech Corp.",1651235|1730168|-1|-1|1288469|310568|-1|1604778|88941
CIK1160958_10K_20180228.txt,competitors’ standard designs,-1,"Acacia Communications, Inc.|Broadcom Ltd.|Ciena Corporation|Integrated Device Technology, Inc.|M/A-COM Technology Solutions Inc.|MaxLinear, Inc.|Microsemi Corporation|NTT Electronics Corporation|Qorvo, Inc.|Semtech Corp.",1651235|1730168|936395|703361|-1|1288469|310568|-1|1604778|88941
CIK1160958_10K_20190228.txt,competitors’ standard designs,-1,"Acacia Communications, Inc.|Broadcom Ltd.|Integrated Device Technology, Inc.|M/A-COM Technology Solutions Inc.|MaxLinear, Inc.|Microchip Technology Incorporated|NTT Electronics Corporation|Qorvo, Inc.|Semtech Corp.",1651235|1730168|703361|-1|1288469|827054|-1|1604778|88941
CIK1160958_10K_20200302.txt,competitors’ standard designs,-1,"Acacia Communications, Inc.|Broadcom Ltd.|Integrated Device Technology, Inc.|M/A-COM Technology Solutions Inc.|MaxLinear, Inc.|NTT Electronics Corporation|Qorvo, Inc.|Semtech Corp.",1651235|1730168|703361|-1|1288469|-1|1604778|88941
CIK1160958_10K_20210225.txt,competitors’ standard designs,-1,"Acacia Communications, Inc.|Broadcom Ltd.|M/A-COM Technology Solutions Inc.|MaxLinear, Inc.|NTT Electronics Corporation|Qorvo, Inc.|Renesas Electronics Corporation|Semtech Corp.",1651235|1730168|-1|1288469|-1|1604778|-1|88941
CIK1161396_10K_20020701.txt,"Macronix International Co., Ltd.|Media Reality Technologies, Inc.|Philips Semiconductors, a division of Philips Electronics N.V.|Pixelworks, Inc.|ST Microelectronics, Inc.|Silicon Image, Inc.|SmartASIC Inc.|Trident Microsystems, Inc.|Trumpion Microelectronics, Inc.",1009680|-1|-1|1040161|-1|1003214|-1|859475|-1,"Alliance Semiconductor.|Macronix International Co.|Macronix International Co., Ltd.|Media Reality Technologies, Inc.|Paradise Electronics Inc.|Philips Semiconductors|Philips Semiconductors, a division of Philips Electronics N.V.|Pixelworks, Inc.|ST Microelectronics, Inc.|Sage, Inc.|Silicon Image, Inc.|SmartASIC Inc.|Tower Semiconductor.|Trident Microsystems Inc.|Trident Microsystems, Inc.|Trumpion Microelectronics, Inc.|VM Labs, Inc.",-1|1009680|1009680|-1|-1|-1|-1|1040161|-1|1063662|1003214|-1|928876|859475|859475|-1|-1
CIK1161396_10K_20030620.txt,"Mstar Semiconductor, Inc.|Philips Semiconductors|Pixelworks, Inc.|Realtek Semiconductor Corp.|ST Microelectronics, Inc.|Silicon Image, Inc.|SmartASIC Inc.|Topro Technology Inc.|Trident Microsystems, Inc.|Trumpion Microelectronics, Inc.",-1|-1|1040161|-1|-1|1003214|-1|-1|859475|-1,"Macronix International Co., Ltd.|Media Reality Technologies, Inc.|Micronas AG|Mstar Semiconductor, Inc.|Philips Semiconductors, a division of Philips Electronics N.V.|Pixelworks, Inc.|Realtek Semiconductor Corp.|ST Microelectronics, Inc.|Sage, Inc.|Silicon Image, Inc.|SmartASIC Inc.|Topro Technology Inc.|Trident Microsystems, Inc.|Trumpion Microelectronics, Inc.|VM Labs, Inc.",1009680|-1|-1|-1|-1|1040161|-1|-1|1063662|1003214|-1|-1|859475|-1|-1
CIK1161396_10K_20040610.txt,"Topro Technology Inc.|Trident Microsystems, Inc.|Trumpion Microelectronics, Inc.",-1|859475|-1,"ATI Technologies|Media Reality Technologies, Inc.|Micronas Semiconductor Holding AG|Mstar Semiconductor, Inc.|NovaTek Microelectronics|Philips Semiconductors, a division of Philips Electronics N.V.|Pixelworks, Inc.|Realtek Semiconductor Corp.|ST Microelectronics, Inc.|Silicon Image, Inc.|Topro Technology Inc.|Trident Microsystems, Inc.|Trumpion Microelectronics, Inc.|Zoran Corporation",1065331|-1|-1|-1|-1|-1|1040161|-1|-1|1003214|-1|859475|-1|1003022
CIK1161396_10K_20050609.txt,"ST Microelectronics, Inc.|Trident Microsystems, Inc.|Zoran Corporation",-1|859475|1003022,"ATI Technologies|Broadcom Corp.|Intel Corp.|LSI Logic Corp.|Media Reality Technologies, Inc.|Mediatek Corp.|Micronas Semiconductor Holding AG|Mstar Semiconductor, Inc.|Novatek Microelectronics|Philips Semiconductors|Pixelworks, Inc.|Realtek Semiconductor Corp.|ST Microelectronics, Inc.|Silicon Image, Inc.|Trident Microsystems, Inc.|Zoran Corporation",1065331|1730168|50863|-1|-1|-1|-1|-1|-1|-1|1040161|-1|-1|1003214|859475|1003022
CIK1161396_10K_20060614.txt,"ST Microelectronics, Inc.|Trident Microsystems, Inc.|Vastview|Zoran Corporation",-1|859475|-1|1003022,"ATI Technologies|Broadcom Corp.|Intel Corp.|LSI Logic Corp.|Mediatek Corp.|Micronas Semiconductor Holding AG|Mstar Semiconductor, Inc.|National Semiconductor|Novatek Microelectronics|Philips Semiconductors|Pixelworks, Inc.|Realtek Semiconductor Corp.|ST Microelectronics, Inc.|Silicon Image, Inc.|Trident Microsystems, Inc.|Vastview|Zoran Corporation",1065331|1730168|50863|-1|-1|-1|-1|70530|-1|-1|1040161|-1|-1|1003214|859475|-1|1003022
CIK1161396_10K_20070612.txt,"AMD (ATI Technologies)|Broadcom Corporation|LSI Corporation|MStar Semiconductor, Inc.|Mediatek Inc.|Micronas Semiconductor Holding AG|NXP Semiconductors|National Semiconductor Corporation|Novatek Microelectronics Corp.|Pixelworks, Inc.|Realtek Semiconductor Corp.|Renesas Technology Corp.|ST Microelectronics, N.V.|Silicon Image, Inc.|Trident Microsystems, Inc.|Zoran Corporation",2488|1730168|703360|-1|-1|-1|1413447|70530|-1|1040161|-1|-1|-1|1003214|859475|1003022,"AMD (ATI Technologies)|Broadcom Corporation|LSI Corporation|MStar Semiconductor, Inc.|Mediatek Inc.|Micronas Semiconductor Holding AG|NXP Seminconductors|National Semiconductor Corporation|Novatek Microelectronics Corp.|Pixelworks, Inc.|Realtek Semiconductor Corp.|Renesas Technology Corp.|ST Microelectronics, N.V.|Silicon Image, Inc.|Trident Microsystems, Inc.|Zoran Corporation",2488|1730168|703360|-1|-1|-1|-1|70530|-1|1040161|-1|-1|-1|1003214|859475|1003022
CIK1161963_10K_20040324.txt,,,Altera|Elmos|IBM|LSI Logic|Linear Technology|Maxim|Microchip|STMicroelectronics|Texas Instruments|Xilinx|Zarlink,768251|-1|353524|-1|791907|1013351|827054|932787|97476|743988|352435
CIK1161963_10K_20070228.txt,,,Altera|Elmos|Gennum|IBM|LSI Logic|Linear Technology|Maxim|Microchip|STMicroelectronics|Texas Instruments|Xilinx|Zarlink,768251|-1|-1|353524|-1|791907|1013351|827054|932787|97476|743988|352435
CIK1161963_10K_20080226.txt,,,"Alcatel|Boston Scientific|Dspfactory Ltd.|Elmos|Flextronics International USA Inc.|General Electric|Gennum|Hella|IBM|Linear Technology|Maxim|MicroSemi Corporation|Microchip|NanoAmp Solutions, Inc.|ON Semiconductor Corporation|Ricoh Company, Ltd.|STMicroelectronics|Schneider|Siemens|Starkey|Synopsys, Inc.|Texas Instruments|Zarlink",-1|885725|-1|-1|-1|40545|-1|-1|353524|791907|1013351|310568|827054|-1|1097864|723303|932787|1692063|1135644|-1|883241|97476|352435
CIK1162816_10K_20110113.txt,,,EKO Vehicles|Electric Car Company|Hobie Cat Company,-1|-1|-1
CIK1162816_10K_20120103.txt,,,EKO Vehicles|Hobie Cat Company,-1|-1
CIK1172494_20F_20040505.txt,,,Chi Mei Optoelectronics|Chunghwa Picture Tubes|Hannstar Display|Hitachi|Innolux Display|LG.Philips LCD|Quanta Display|Samsung Electronics|Sharp|Toppoly Optoelectronics|Toshiba Matsushita Display Technology|Tottori Sanyo,-1|-1|-1|47710|-1|-1|-1|-1|800840|-1|-1|-1
CIK1172494_20F_20060601.txt,BOE-OT|LG. Philips LCD|Long-Teng Corporation|QDI|SVA-NEC|Samsung Electronics,-1|-1|-1|914252|-1|-1,BOE-OT|LG. Philips LCD|Long-Teng Corporation|SVA-NEC|Samsung Electronics,-1|-1|-1|-1|-1
CIK1172494_20F_20070629.txt,QDI,914252,BOE-OT|Chi Mei Optoelectronics|Chunghwa Picture Tubes|Hannstar Display|Hitachi|Innolux Display|LG. Philips LCD|Long-Teng Corporation|SVA-NEC|Samsung|Sharp|Toppoly Optoelectronics|Toshiba Matsushita Display Technology|Tottori Sanyo,-1|-1|-1|-1|47710|-1|-1|-1|-1|-1|800840|-1|-1|-1
CIK1172494_20F_20080603.txt,Fujitsu Display Technologies Corporation|Qisda|Siemens AG,-1|-1|1135644,"BOE-OT|Chi Mei Optoelectronics|Chunghwa Picture Tubes|Giantplus Technology|Hannstar Display|IPS-Alpha|IVO Corporation|Innolux Display|LG Display Co., Ltd.|SVA-NEC|Samsung|Sharp|Tinama|Toppoly Optoelectronics|Toshiba Matsushita Display Technology|Tottori Sanyo|Wintek Corporation",-1|-1|-1|-1|-1|-1|-1|-1|1290109|-1|-1|800840|-1|-1|-1|-1|-1
CIK1172494_20F_20090527.txt,,,"BOE Technology Group Co., Ltd.|Century Corporation Co., Ltd. China|Chi Mei Optoelectronics|Chunghwa Picture Tubes|Giantplus Technology|Hannstar Display|IPS Alpha Technology, Ltd.|IVO Corporation|Innolux Display|LG Display Co., Ltd.|Prime View International Co., Ltd.|Samsung|Shanghai SVA NEC Liquid Crystal Display Co., Ltd.|Shanghai Tianma Micro Electronics Co., Ltd.|Sharp|Shenzhen Tianma Micro Electronics Co., Ltd.|Toppoly Optoelectronics|Toshiba Matsushita Display Technology|Tottori Sanyo|Wintek Corporation",-1|-1|-1|-1|-1|-1|-1|-1|-1|1290109|-1|-1|-1|-1|800840|-1|-1|-1|-1|-1
CIK1172494_20F_20100511.txt,,,"AT&T Corp|BOE Technology Group Co., Ltd.|Century Corporation Co., Ltd. China|Chimei Innolux Corp.|Chunghwa Picture Tubes, Ltd.|Giantplus Technology Co., Ltd.|Hannstar Display Corporation|Hitachi|IPS Alpha Technology, Ltd.|InfoVision Optoelectronics (Kunshan) Co., Ltd.|LG Display Co., Ltd.|Motorola Inc.|Nokia Corporation|Prime View International Co., Ltd.|Samsung|Shanghai SVA NEC Liquid Crystal Display Co., Ltd.|Shanghai Tianma Micro Electronics Co., Ltd.|Sharp|Shenzhen Tianma Micro Electronics Co., Ltd.|Toshiba|Wintek Corporation",732717|-1|-1|-1|-1|-1|-1|47710|-1|-1|1290109|68505|924613|-1|-1|-1|-1|800840|-1|98573|-1
CIK1172494_20F_20110503.txt,Sharp,800840,"BOE Technology Group Co., Ltd.|Century Corporation Co., Ltd. China|Chimei Innolux Corp.|Chunghwa Picture Tubes, Ltd.|Giantplus Technology Co., Ltd.|Hannstar Display Corporation|Hitachi|IPS Alpha Technology, Ltd.|InfoVision Optoelectronics (Kunshan) Co., Ltd.|LG Display Co., Ltd.|Nanjing CEC-PANDA LCD Technology Co., Ltd.|Prime View International Co., Ltd.|Samsung|Shanghai Tianma Micro Electronics Co., Ltd.|Sharp|Shenzhen China Star Optoelectronics Technology Co., Ltd.|Shenzhen Tianma Micro Electronics Co., Ltd.|Toshiba|Wintek Corporation",-1|-1|-1|-1|-1|-1|47710|-1|-1|1290109|-1|-1|-1|-1|800840|-1|-1|98573|-1
CIK1172494_20F_20120427.txt,,,"BOE Technology Group Co., Ltd.|Century Corporation Co., Ltd. China|Chimei Innolux Corp.|Chunghwa Picture Tubes, Ltd.|E-Ink Holdings Inc.|Fujitsu Display Technologies Corp.|Giantplus Technology Co., Ltd.|Hannstar Display Corporation|Hitachi|IPS Alpha Technology, Ltd.|InfoVision Optoelectronics (Kunshan) Co., Ltd.|Japan Display Inc.|LG Display Co., Ltd.|M. Setek Co., Ltd.|Nanjing CEC-PANDA LCD Technology Co., Ltd.|Samsung|Semiconductor Energy Laboratory Co., Ltd.|Shanghai Tianma Micro Electronics Co., Ltd.|Sharp|Shenzhen China Star Optoelectronics Technology Co., Ltd.|Shenzhen Tianma Micro Electronics Co., Ltd.|SunPower Technology, Ltd.|Toppan|Toshiba|Wintek Corporation",-1|-1|-1|-1|-1|-1|-1|-1|47710|-1|-1|-1|1290109|-1|-1|-1|-1|-1|800840|-1|-1|-1|-1|98573|-1
CIK1172494_20F_20130315.txt,AUO|Samsung,-1|-1,"BOE Technology Group Co., Ltd.|Century Corporation Co., Ltd.|Chunghwa Picture Tubes, Ltd.|E Ink Holdings Inc.|Giantplus Technology Co., Ltd.|Hannstar Display Corporation|Innolux Corporation|Japan Display Inc.|LG Display Co., Ltd.|Nanjing CEC-PANDA LCD Technology Co., Ltd.|Panasonic Liquid Crystal Display, Co., Ltd.|Samsung Display Corporation|Shanghai Tianma Micro Electronics Co., Ltd.|Sharp Corporation|Shenzhen China Star Optoelectronics Technology Co., Ltd.|Shenzhen Tianma Micro Electronics Co., Ltd.|TPK Holding Co Ltd|Wintek Corporation",-1|1019055|-1|-1|-1|-1|-1|-1|1290109|-1|-1|-1|-1|800840|-1|-1|-1|-1
CIK1172494_20F_20150324.txt,BOE|CEC-PANDA LCD Technology|Century|China Star Optoelectronics Technology|Chunghwa Picture Tubes|Hannstar Display|Innolux|Japan Display|LG Display|Panasonic LCD|Samsung Display|Sharp|Tianma,1320375|-1|1019055|-1|-1|-1|-1|-1|1290109|-1|-1|800840|-1,"AU Optronics Corp.|AU Optronics Singapore Pte. Ltd.|Acer Display Technology, Inc.|BOE|BenQ Corporation|CEC-PANDA LCD Technology|Century|China Star Optoelectronics Technology|Chunghwa Picture Tubes|Copytele Inc.|Fujitsu Display Technologies Corporation|Hannstar Display|Innolux|Japan Display|LG Display|LG Display Co., Ltd.|Motorola Inc.|Nokia Corporation|Panasonic LCD|Qisda Corporation|Quanta Display Inc.|Raydium Semiconductor Corporation|Samsung Display|Samsung Electronics Co., Ltd.|Sharp|Sharp Corporation|SunPower Technology, Ltd.|Tianma",1172494|-1|-1|1320375|-1|-1|1019055|-1|-1|-1|-1|-1|-1|-1|1290109|1290109|68505|924613|-1|-1|-1|-1|-1|-1|800840|800840|-1|-1
CIK1172494_20F_20160321.txt,Eidos,1731831,"Acer Display Technology, Inc.|BOE|BenQ Corporation|BenQ Materials Corp.|CEC-PANDA LCD Technology|Century|China Star Optoelectronics Technology|Chunghwa Picture Tubes|E Ink Holdings Inc.|Eidos Display, LLC|Eidos III, LLC|EverDisplay Optronics|Fujitsu Display Technologies Corporation|Fujitsu Limited|Hannstar Display|Hydis Technologies Co., Ltd.|Innolux|Japan Display|Japan Display Inc.|LG Display|LG Display Co., Ltd.|Motorola Inc.|Nokia Corporation|Panasonic LCD|Panasonic Liquid Crystal Display Co., Ltd.|Qisda Corporation|Quanta Display Inc.|Raydium Semiconductor Corporation|Samsung Display|Samsung Electronics Co., Ltd.|Seiko Epson Corporation|Semiconductor Energy Laboratory Co., Ltd.|Sharp|Sharp Corporation|Taiwan CFI Co., Ltd.|Tianma|Toshiba Mobile Display Co., Ltd.",-1|1320375|-1|-1|-1|1019055|-1|-1|-1|-1|-1|-1|-1|39341|-1|-1|-1|-1|-1|1290109|1290109|68505|924613|-1|-1|-1|-1|-1|-1|-1|-1|-1|800840|800840|-1|-1|-1
CIK1172494_20F_20170330.txt,"AUO|Costco Wholesale Corporation|SunPower Technology, Ltd.",-1|909832|-1,"ACER Incorporated|AOPEN Inc.|AU Optronics (Kunshan) Co., Ltd.|AU Optronics Corporation America|AU Optronics Singapore Pte. Ltd.|AUSP|Acer Display Technology, Inc.|BMC|BOE|BenQ Corporation|BenQ Materials Corp.|CEC-PANDA LCD Technology|Century|China Star Optoelectronics Technology|Chunghwa Picture Tubes|EverDisplay Optronics|Forhouse Corporation|Fujitsu Display Technologies Corp.|Fujitsu Display Technologies Corporation|Hannstar Display|Hydis Technologies Co., Ltd.|Innolux|Japan Display|Japan Display Inc.|LG Display|LG Display Co., Ltd.|M.Setek Co., Ltd.|Panasonic LCD|Panasonic Liquid Crystal Display Co., Ltd.|Qisda (Suzhou) Co., Ltd.|Qisda Corporation|Quanta Display Inc.|Raydium Semiconductor Corporation|Samsung Display|Samsung Electronics Co., Ltd.|Seiko Epson Corporation|Semiconductor Energy Laboratory Co., Ltd.|Sharp|Sharp Corporation|SunPower Corporation|SunPower Technology, Ltd.|Sustainable Circulation Economy Development Association|Tianma|Toppan Printing Co., Ltd.|Truly Semiconductors Ltd|Visionox|Windbond Electronics Corp.|Wistron Information Technology & Services Corp.|Wistron NeWeb Corporation|iD SoftCapital Inc.",1069308|-1|1172494|-1|-1|-1|-1|355975|1320375|-1|-1|-1|1019055|-1|-1|-1|-1|-1|-1|-1|-1|-1|-1|-1|1290109|1290109|-1|-1|-1|-1|-1|-1|-1|-1|-1|-1|-1|800840|800840|867773|-1|-1|-1|-1|-1|-1|-1|-1|-1|-1
CIK1172494_20F_20180329.txt,"AUO|AUUS|Shenzhen China Star Optoelectronics|SunPower Corporation|SunPower Technology, Ltd.",-1|-1|-1|867773|-1,"AU Optronics (Kunshan) Co., Ltd.|AU Optronics (Suzhou) Corp., Ltd.|AU Optronics Corporation America|AUO SunPower Sdn. Bhd.|Acer Display Technology, Inc.|BOE|BenQ Corporation|BriView (Hefei) Co., Ltd.|BriView (L) Corp.|BriView (Xiamen) Corp.|CEC-Panda LCD Technology|Century|ChampionGen Power Corporation|China Star Optoelectronics Technology|Chunghwa Picture Tubes|Darwin Precisions (Chengdu) Corp.|Darwin Precisions (Hong Kong) Limited|Darwin Precisions (L) Corp.|Darwin Precisions (Slovakia) s.r.o.|Darwin Precisions (Suzhou) Corp.|Darwin Precisions (Xiamen) Corp.|EverDisplay Optronics|Force International Holding Ltd.|Forefront Corporation|Forhouse Corporation|Forhouse Electronics (Suzhou) Co., Ltd.|Forhouse International Holding Ltd.|Fortech Electronics (Kunshan) Co., Ltd.|Fortech Electronics (Suzhou) Co., Ltd.|Fortech International Corp.|Fortech Optronics (Xiamen) Co., Ltd.|Forward Optronics International Corp.|Fujitsu Display Technologies Corp.|Fujitsu Display Technologies Corporation|Full Luck (Wujiang) Precisions Co., Ltd.|Full Luck Precisions Co., Ltd.|HKC|Hannstar Display|Hydis Technologies Co., Ltd.|Innolux|Japan Display|Japan Display Inc.|Konly Venture Corp.|LG Display|LG Display Co., Ltd.|LiGen Power Corporation|M.Setek Co., Ltd.|NVIDIA|Panasonic LCD|Panasonic Liquid Crystal Display Co., Ltd.|Prime Forward International Ltd.|Qisda Corporation|Quanta Display Inc.|Raydium Semiconductor Corporation|Ronly Venture Corp.|Samsung Display|Samsung Display Co., Ltd.|Samsung Electronics Co., Ltd.|Sanda Materials Corporation|Seiko Epson Corporation|Semiconductor Energy Laboratory Co., Ltd.|Sharp|Sharp Corporation|Shenzhen China Star Optoelectronics Technology Co., Ltd.|Space Money Inc.|SunPower Technology, Ltd.|Suzhou Forplax Optronics Co., Ltd.|Tianma|Toppan Printing Co., Ltd.|Truly Semiconductors Ltd|U-Fresh Technology Inc.|Visionox|Xianyang CaiHong Optoelectronics Technology",1172494|1172494|-1|-1|-1|1320375|-1|-1|-1|-1|-1|1019055|-1|-1|-1|-1|-1|-1|-1|-1|-1|-1|-1|1103121|-1|-1|-1|-1|-1|-1|-1|-1|-1|-1|-1|-1|1052262|-1|-1|-1|-1|-1|-1|1290109|1290109|-1|-1|1045810|-1|-1|-1|-1|-1|-1|-1|-1|-1|-1|-1|-1|-1|800840|800840|-1|-1|-1|-1|-1|-1|-1|-1|-1|-1
CIK1172494_20F_20190329.txt,AUUS,-1,"Acer Display Technology, Inc.|Acer Incorporated|Apacer Technology Inc.|BOE|BenQ Corporation|BenQ Materials Corp.|CEC-Panda LCD Technology|Century|China Star Optoelectronics Technology|Chunghwa Picture Tubes|Darwin Precisions Corporation|EverDisplay Optronics|Fujitsu Display Technologies Corporation|HKC|Hannstar Display|Hydis Technologies Co., Ltd.|Innolux|Japan Display|LG Display|LG Display Co., Ltd.|M.Setek Co., Ltd.|Panasonic LCD|Qisda Corporation|Quanta Display Inc.|Raydium Semiconductor Corporation|Samsung Display|Samsung Display Co., Ltd.|Samsung Electronics Co., Ltd.|Seiko Epson Corporation|Sharp|Sharp Corporation|Shenzhen China Star Optoelectronics Technology Co., Ltd.|Star Shining Energy Corp.|Tianma|Truly Semiconductors Ltd|Visionox|Windbond Electronics Corp.|Wistron Corporation|Xianyang CaiHong Optoelectronics Technology",-1|1069308|-1|1320375|-1|-1|-1|1019055|-1|-1|-1|-1|-1|1052262|-1|-1|-1|-1|1290109|1290109|-1|-1|-1|-1|-1|-1|-1|-1|-1|800840|800840|-1|-1|-1|-1|-1|-1|-1|-1
CIK1172494_20F_20200327.txt,,,"Acer Display Technology, Inc.|BOE|BenQ Corporation|CEC-Panda LCD Technology|Century|China Star Optoelectronics Technology|EverDisplay Optronics|Fujitsu Limited|HKC|Hannstar Display|Hydis Technologies Co., Ltd.|Innolux|Japan Display|LG Display|LG Display Co., Ltd.|Panasonic LCD|Qisda Corporation|Quanta Display Inc.|Raydium Semiconductor Corporation|Samsung Display|Samsung Electronics Co., Ltd.|Seiko Epson Corporation|Sharp|Sharp Corporation|Tianma|Truly Semiconductors Ltd|Visionox|Xianyang CaiHong Optoelectronics Technology",-1|1320375|-1|-1|1019055|-1|-1|39341|1052262|-1|-1|-1|-1|1290109|1290109|-1|-1|-1|-1|-1|-1|-1|800840|800840|-1|-1|-1|-1
CIK1172631_10K_20090715.txt,,,Savi Technology,-1
CIK1172631_10K_20100415.txt,,,Savi Technology,-1
CIK1172631_10K_20150331.txt,,,traditional utilities,-1
CIK1172631_10K_20160314.txt,,,traditional utilities,-1
CIK1172631_10K_20170329.txt,,,"Elite Solar Acquisition, Inc.|MD Energy, LLC|Plan B Enterprises, Inc.|traditional utilities",-1|-1|-1|-1
CIK1172631_10K_20180328.txt,,,traditional utilities,-1
CIK1172631_10K_20190329.txt,,,traditional utilities,-1
CIK1172631_10K_20200330.txt,,,"Plan B Enterprises, Inc.|traditional utilities",-1|-1
CIK1172631_10K_20210326.txt,,,traditional utilities,-1
CIK1172631_10K_20220311.txt,,,"Solcius Holdings, LLC",-1
CIK1172631_10K_20230310.txt,,,Auxin Solar,-1
CIK1176193_10K_20080915.txt,Atlantis Energy|BP Solar|GE Solar|GSS Solar|Kyocera|MSK|Mitsubishi Electric|Nanosolar SolarPly|REC|Sanyo|Schuko|Sharp|Solar Integrated Technologies|Solar Nova|Spire Solar|Sunpower Corporation|Suntech|Swiss Sustainable Systems,-1|-1|-1|-1|57083|914596|773753|-1|82523|203097|-1|800840|-1|-1|-1|867773|-1|-1,"Atlantis Energy|BP Solar|Conergy Inc.|Dome-Tech Group|Eastwood Energy|GE Energy|GE Solar|GSS Solar|Global Solar Energy, Inc.|Kyocera|MSK|Mitsubishi Electric|Nanosolar SolarPly|Powerlight|REC|SPG Solar, Inc.|Sanyo|Schuko|Sharp|Solar Integrated Technologies|Solar Nova|Spire Solar|Sun Edison LLC|Sunpower Corporation|Suntech|Swiss Sustainable Systems",-1|-1|-1|-1|-1|-1|-1|-1|-1|57083|914596|773753|-1|-1|82523|-1|203097|-1|800840|-1|-1|-1|-1|867773|-1|-1
CIK1201663_10K_20130304.txt,,,"DSP Group, Inc.|Maxim Integrated Products, Inc.|ON Semiconductor Corporation|Qualcomm Incorporated|Texas Instruments Incorporated|Wolfson Microelectronics plc|Yamaha Corporation",915778|743316|1097864|804328|97476|-1|-1
CIK1201663_10K_20140314.txt,,,Cirrus Logic|Fortemedia|Maxim|NXP|Qualcomm Incorporated|Texas Instruments|Wolfson|Yamaha,772406|-1|1013351|1413447|804328|97476|-1|-1
CIK1201663_10K_20150309.txt,,,Cirrus Logic|DSP Group|Fortemedia|Hillcrest Labs|InvenSense|Maxim|NXP|Qualcomm|Texas Instruments,772406|915778|-1|-1|1294924|1013351|1413447|804328|97476
CIK1219210_10K_20070307.txt,Realtek Semiconductor Corp|STMicroelectronics N.V.|Sarnoff Corporation|Texas Instruments Incorporated,-1|932787|-1|97476,"Broadcom Corporation|Centillium Communications, Inc.|Conexant Systems, Inc.|Freescale Semiconductor, Inc.|Infineon Technologies A.G.|Intel Corporation|Marvell Technology Group Ltd.|Metalink Ltd.|PMC-Sierra, Inc.|Realtek Semiconductor Corp|STMicroelectronics N.V.|Sarnoff Corporation|Texas Instruments Incorporated",1730168|1107194|1069353|1272547|1107457|50863|-1|1098462|767920|-1|932787|-1|97476
CIK1219210_10K_20080222.txt,"Conexant Systems, Inc.|Freescale Semiconductor, Inc.|Infineon Technologies A.G.|Intel Corporation|Marvell Technology Group Ltd.|PMC-Sierra, Inc.|Realtek Semiconductor Corp.|Teknovus|Thomson S.A.|TrendChip Technologies Corp.",1069353|1272547|1107457|50863|-1|767920|-1|-1|-1|-1,"Aware, Inc.|Broadcom Corporation|Broadlight|Cavium Networks|Conexant Systems, Inc.|Freescale Semiconductor, Inc.|Infineon Technologies A.G.|Intel Corporation|Marvell Technology Group Ltd.|PMC-Sierra, Inc.|Realtek Semiconductor Corp.|Teknovus|Thomson S.A.|TrendChip Technologies Corp.",1015739|1730168|-1|-1|1069353|1272547|1107457|50863|-1|767920|-1|-1|-1|-1
CIK1219210_10K_20090311.txt,"Conexant Systems, Inc.|Freescale Semiconductor, Inc.|Infineon Technologies A.G.|Intel Corporation|Marvell Technology Group Ltd.|PMC-Sierra, Inc.|Realtek Semiconductor Corp.|Teknovus|Thomson S.A.|TrendChip Technologies Corp.",1069353|1272547|1107457|50863|-1|767920|-1|-1|-1|-1,"Aware, Inc.|Broadcom Corporation|Broadlight|Cavium Networks|Conexant Systems, Inc.|Freescale Semiconductor, Inc.|Infineon Technologies A.G.|Intel Corporation|Marvell Technology Group Ltd.|PMC-Sierra, Inc.|Realtek Semiconductor Corp.|Teknovus|Thomson S.A.|TrendChip Technologies Corp.",1015739|1730168|-1|-1|1069353|1272547|1107457|50863|-1|767920|-1|-1|-1|-1
CIK1219210_10K_20100318.txt,all our competitors combined,-1,"BroadLight|Broadcom Corporation|Cavium Networks, Inc.|Freescale Semiconductor, Inc.|Lantiq Deutschland GmbH|Marvell Technology Group Ltd.|PMC-Sierra, Inc.|Realtek Semiconductor Corp.|Thomson S.A.|TrendChip Technologies Corp.",-1|1730168|-1|1272547|-1|-1|767920|-1|-1|-1
CIK1219210_10K_20110310.txt,,,"BroadLight|Broadcom Corporation|Cavium Networks, Inc.|Freescale Semiconductor, Inc.|Lantiq Deutschland GmbH|Marvell Technology Group Ltd.|PMC-Sierra, Inc.|Ralink Corp.|Realtek Semiconductor Corp.",-1|1730168|-1|1272547|-1|-1|767920|-1|-1
CIK1219210_10K_20120223.txt,,,"BroadLight|Broadcom Corporation|Cavium Networks, Inc.|Freescale Semiconductor, Inc.|Lantiq Deutschland GmbH|Marvell Technology Group Ltd.|MediaTek Inc.|PMC-Sierra, Inc.|Realtek Semiconductor Corp.",-1|1730168|-1|1272547|-1|-1|-1|767920|-1
CIK1219210_10K_20130228.txt,,,"Alcatel Lucent|BroadLight, Inc.|Broadcom Corporation|Cavium Networks, Inc.|Cortina Systems, Inc.|Freescale Semiconductor, Inc.|Lantiq Deutschland GmbH|Marvell Technology Group Ltd.|MediaTek Inc.|Metanoia Communication|Mindspeed Technologies, Inc.|PMC-Sierra, Inc.|QUALCOMM Incorporated|Realtek Semiconductor Corp.",886125|-1|1730168|-1|-1|1272547|-1|-1|-1|-1|1224370|767920|804328|-1
CIK1219210_10K_20140228.txt,"Alcatel•Lucent|Broadcom Corporation|Cavium, Inc.|Cortina Systems, Inc.|Lantiq Deutschland GmbH|M/A-COM Technology Solutions Holdings, Inc.|Marvell Technology Group Ltd.|MediaTek Inc.|Metanoia Communication|PMC-Sierra, Inc.|QUALCOMM Incorporated|Realtek Semiconductor Corp.",-1|1730168|1175609|-1|-1|-1|-1|-1|-1|767920|804328|-1,"Alcatel•Lucent|Broadcom Corporation|Cavium, Inc.|Cortina Systems, Inc.|Freescale Semiconductor, Inc.|Lantiq Deutschland GmbH|M/A-COM Technology Solutions Holdings, Inc.|Marvell Technology Group Ltd.|MediaTek Inc.|Metanoia Communication|PMC-Sierra, Inc.|QUALCOMM Incorporated|Realtek Semiconductor Corp.",-1|1730168|1175609|-1|1272547|-1|-1|-1|-1|-1|767920|804328|-1
CIK1219210_10K_20150320.txt,"Broadcom Corporation|Cavium, Inc.|Freescale Semiconductor, Inc.|Lantiq Deutschland GmbH|Marvell Technology Group Ltd.|MediaTek Inc.|PMC-Sierra, Inc.|Realtek Semiconductor Corp.",1730168|1175609|1272547|-1|-1|-1|767920|-1,"Broadcom Corporation|Cavium, Inc.|Cortina Systems, Inc.|Freescale Semiconductor, Inc.|Huawei|Intel Corporation|Lantiq Deutschland GmbH|M/A-COM Technology Solutions Holdings, Inc.|Marvell Technology Group Ltd.|MediaTek Inc.|Metanoia Communication|PMC-Sierra, Inc.|QUALCOMM Incorporated|Realtek Semiconductor Corp.|Sckipio Technologies",1730168|1175609|-1|1272547|-1|50863|-1|-1|-1|-1|-1|767920|804328|-1|-1
CIK1224370_10K_20111118.txt,"Cavium Networks Inc.|Freescale Semiconductor, Inc.|Gennum Corporation|Maxim Integrated Products, Inc.|PMC-Sierra, Inc.|Texas Instruments Inc.|Vitesse Semiconductor Corporation",-1|1272547|-1|743316|767920|97476|880446,"Alcatel-Lucent|Cavium Networks Inc.|Cisco Systems, Inc.|Freescale Semiconductor, Inc.|Gennum Corporation|Hitachi Ltd.|Huawei Technologies Co. Ltd.|LM Ericsson Telephone Company|Maxim Integrated Products, Inc.|Mitsubishi Electric Corporation|Nokia Siemens Networks|PMC-Sierra, Inc.|Texas Instruments Inc.|Vitesse Semiconductor Corporation|Zhongxing Telecom Equipment Corp.",886125|-1|858877|1272547|-1|47710|-1|-1|743316|773753|-1|767920|97476|880446|-1
CIK1224370_10K_20121212.txt,"Broadcom Corporation|Cavium Networks Inc.|Freescale Semiconductor, Inc.|Maxim Integrated Products, Inc.|PMC-Sierra, Inc.|Qualcomm Incorporated|Semtech Corporation|Texas Instruments Inc.|Vitesse Semiconductor Corporation",1730168|-1|1272547|743316|767920|804328|88941|97476|880446,"Alcatel-Lucent SA|Broadcom Corporation|Cavium Networks Inc.|Cisco Systems, Inc.|Freescale Semiconductor, Inc.|Hitachi Ltd.|Huawei Technologies Co. Ltd.|LM Ericsson Telephone Company|Maxim Integrated Products, Inc.|Mitsubishi Electric Corporation|Nokia Siemens Networks|PMC-Sierra, Inc.|Qualcomm Incorporated|Semtech Corporation|Texas Instruments Inc.|Vitesse Semiconductor Corporation|Zhongxing Telecom Equipment Corp.",886125|1730168|-1|858877|1272547|47710|-1|-1|743316|773753|-1|767920|804328|88941|97476|880446|-1
CIK1224370_10K_20131216.txt,"Broadcom Corporation|Cavium Networks Inc.|Freescale Semiconductor, Inc.|Maxim Integrated Products, Inc.|PMC-Sierra, Inc.|Qualcomm Incorporated|Semtech Corporation|Texas Instruments Inc.|Vitesse Semiconductor Corporation",1730168|-1|1272547|743316|767920|804328|88941|97476|880446,"Broadcom Corporation|Cavium Networks Inc.|Freescale Semiconductor, Inc.|MACOM|Maxim Integrated Products, Inc.|Mindspeed|PMC-Sierra, Inc.|Qualcomm Incorporated|Semtech Corporation|Texas Instruments Inc.|Vitesse Semiconductor Corporation",1730168|-1|1272547|-1|743316|1224370|767920|804328|88941|97476|880446
CIK1227025_10K_20140604.txt,"Accelink Technologies Co., Ltd.|Avago Technologies Limited|Emcore Corporation|Finisar Corporation|JDS Uniphase Corporation|NTT Electronics Corporation|Oclaro, Inc.|Source Photonics, Inc.|Sumitomo Electric Device Innovations, Inc.",-1|-1|808326|1094739|-1|-1|1110647|1421117|-1,"ADVA AG Optical Networking Ltd.|ANADIGICS, Inc.|AXT, Inc.|Accelink Technologies Co., Ltd.|Alcatel-Lucent SA|Anaren, Inc.|Avago Technologies Limited|Aviat Networks, Inc.|Bandwidth9, Inc.|Bel Fuse, Inc.|Broadcom Corporation|CalAmp Corporation|Calix, Inc.|Ciena Corporation|Cirrus Logic|Cisco Systems, Inc.|Comtech Communications, Inc.|Coriant Gmbh & Co. KG|Digi International, Inc.|ECI Telecom Ltd.|EMCORE Corporation|Emcore Corporation|Entropic Communications, Inc.|Extreme Networks, Inc.|FiberHome Technologies Group|Finisar Corporation|Fujitsu Limited|GSI Group, Inc.|Huawei Technologies|Hutchinson Technology, Inc.|IBM's T.J. Watson Research Center|Inphi Corporation|Integrated Silicon Solutions, Inc.|JCP Photonics, Inc.|JDS Uniphase Corporation|Juniper Networks, Inc.|Kendin Communications|Lightwave Microsystems Corporation|MRV Communications, Inc.|Micrel, Inc.|Mindspeed Technologies, Inc.|Mitsubishi Electric Corporation|NEC Corporation|NTT Electronics Corporation|Oclaro, Inc.|Oplink Communications, Inc.|Paxera Corporation|Philips Semiconductor|Raychem Corporation|SAE Magnetics (HK) Ltd.|Sipex Corporation|Source Photonics, Inc.|Sumitomo Electric Device Innovations, Inc.|Telefonaktiebolaget LM Ericsson|Tellabs|Vitesse Semiconductor Corporation|Xros|ZTE Corporation|iWatt",-1|940332|1051627|-1|886125|6314|-1|1377789|-1|729580|1730168|730255|1406666|936395|772406|858877|-1|-1|854775|701544|808326|808326|1227930|1078271|-1|1094739|39341|1050925|-1|772897|-1|1160958|854701|-1|-1|1043604|-1|-1|887969|932111|1224370|773753|72127|-1|1110647|1022225|-1|-1|82206|-1|1007800|1421117|-1|-1|317771|880446|-1|-1|-1
CIK1227025_10K_20150316.txt,"Accelink Technologies Co., Ltd.|Avago Technologies Limited|Finisar Corporation|JDS Uniphase Corporation|NTT Electronics Corporation|Oclaro, Inc.|Source Photonics, Inc.|Sumitomo Electric Device Innovations, Inc.",-1|-1|1094739|-1|-1|1110647|1421117|-1,"Accelink Technologies Co., Ltd.|Alcatel-Lucent SA|Avago Technologies Limited|Ciena Corporation|Cisco Systems, Inc.|Finisar Corporation|Huawei Technologies Co., Ltd.|JDS Uniphase Corporation|MRV Communications, Inc.|NTT Electronics Corporation|Oclaro, Inc.|Oplink Communications, Inc.|Source Photonics, Inc.|Sumitomo Electric Device Innovations, Inc.",-1|886125|-1|936395|858877|1094739|-1|-1|887969|-1|1110647|1022225|1421117|-1
CIK1227025_10K_20160315.txt,"Accelink Technologies Co., Ltd.|Broadcom Limited|Finisar Corporation|Innolight Technology Corporation|Lumentum Holdings, Inc.|NTT Electronics Corporation|Oclaro, Inc.|Source Photonics, Inc.|Sumitomo Electric Device Innovations, Inc.",-1|1730168|1094739|-1|1633978|-1|1110647|1421117|-1,"Accelink Technologies Co., Ltd.|Alcatel-Lucent SA|Broadcom Limited|Ciena Corporation|Cisco Systems, Inc.|EMCORE|EigenLight Corporation|Finisar Corporation|HiSilicon Technologies, Ltd.|Huawei Technologies Co., Ltd.|Innolight Technology Corporation|Lumentum Holdings, Inc.|MRV Communications, Inc.|NTT Electronics Corporation|NeoPhotonics Semiconductor|Oclaro, Inc.|Oplink Communications, Inc.|Source Photonics, Inc.|Sumitomo Electric Device Innovations, Inc.",-1|886125|1730168|936395|858877|808326|-1|1094739|-1|-1|-1|1633978|887969|-1|-1|1110647|1022225|1421117|-1
CIK1227025_10K_20170316.txt,"Accelink Technologies Co., Ltd.|Broadcom|Finisar|Fujitsu Optical Components Limited|Furukawa Co., Ltd.|InnoLight Technology Corporation|Lumentum Holdings Inc.|M/A-Com, Inc.|NTT Electronics Corporation|Oclaro, Inc.|Source Photonics, Inc.|Sumitomo",-1|1730168|1094739|-1|-1|-1|1633978|65771|-1|1110647|1421117|-1,"Accelink Technologies Co., Ltd.|Broadcom|Ciena Corporation|Cisco Systems, Inc.|EMCORE|EMCORE Corporation|EigenLight Corporation|Finisar|Finisar Corporation|Fujitsu Optical Components Limited|Furukawa Co., Ltd.|HiSilicon Technologies Co., Ltd.|HiSilicon Technologies, Ltd.|Huawei|Huawei Technologies Co., Ltd.|InnoLight Technology Corporation|LAPIS Semiconductor Co., Ltd.|Lumentum|Lumentum Holdings Inc.|M/A-Com, Inc.|NTT Electronics Corporation|NeoPhotonics Semiconductor|Nokia|Oclaro, Inc.|Santur Corporation|Source Photonics, Inc.|Sumitomo",-1|1730168|936395|858877|808326|808326|-1|1094739|1094739|-1|-1|-1|-1|-1|-1|-1|-1|1633978|1633978|65771|-1|-1|924613|1110647|-1|1421117|-1
CIK1227025_10K_20180309.txt,"Accelink Technologies Co., Ltd.|Broadcom|Finisar|Fujitsu Optical Components Limited|Furukawa Co., Ltd.|InnoLight Technology Corporation|Lumentum Holdings Inc.|M/A-Com, Inc.|NTT Electronics Corporation|Oclaro, Inc.|Source Photonics, Inc.|Sumitomo",-1|1730168|1094739|-1|-1|-1|1633978|65771|-1|1110647|1421117|-1,"Accelink Technologies Co., Ltd.|Broadcom|Finisar|Fujitsu Optical Components Limited|Furukawa Co., Ltd.|InnoLight Technology Corporation|Lumentum|Lumentum Holdings Inc.|M/A-Com, Inc.|NTT Electronics Corporation|Oclaro, Inc.|Source Photonics, Inc.|Sumitomo",-1|1730168|1094739|-1|-1|-1|1633978|1633978|65771|-1|1110647|1421117|-1
CIK1227025_10K_20190308.txt,"Accelink Technologies Co., Ltd.|Broadcom|Finisar|Fujitsu Optical Components Limited|Furukawa Co., Ltd.|HiSilicon|Huawei|InnoLight Technology Corporation|Lumentum Holdings Inc.|M/A-Com, Inc.|NTT Electronics Corporation|Source Photonics, Inc.|Sumitomo Electric Industries, Ltd",-1|1730168|1094739|-1|-1|-1|-1|-1|1633978|65771|-1|1421117|-1,"Accelink Technologies Co., Ltd.|Broadcom|Finisar|Fujitsu Optical Components Limited|Furukawa Co., Ltd.|InnoLight Technology Corporation|Lumentum|Lumentum Holdings Inc.|M/A-Com, Inc|M/A-Com, Inc.|NTT Electronics Corporation|Source Photonics, Inc.|Sumitomo Electric Industries|Sumitomo Electric Industries, Ltd",-1|1730168|1094739|-1|-1|-1|1633978|1633978|65771|65771|-1|1421117|-1|-1
CIK1227025_10K_20220225.txt,Fiberhome|Huawei,-1|-1,"Fiberhome|Huawei|Lumentum Holdings, Inc.",-1|-1|1633978
CIK1227930_10K_20080303.txt,,,Actiontec|Jabil Circuit|Motorola|STMicroelectronics,-1|-1|68505|932787
CIK1227930_10K_20090223.txt,,,Broadcom Corporation,1730168
CIK1227930_10K_20100204.txt,,,"Amkor Technology, Inc.|Broadcom Corporation|Giga Solution Tech Co., Ltd.|Taiwan Semiconductor Manufacturing Company|Tower Semiconductor Ltd.",1047127|1730168|-1|1046179|928876
CIK1227930_10K_20110203.txt,Broadcom Corporation,1730168,"Broadcom Corporation|Cisco|Intel Corporation|STMicroelectronics N.V.|Sigma Designs, Inc.|Trident Microsystems, Inc.|Vixs Systems, Inc.",1730168|858877|50863|932787|790715|859475|1226120
CIK1227930_10K_20120203.txt,Broadcom Corporation,1730168,"Broadcom Corporation|Cisco Systems, Inc.|Intel Corporation|Lantiq Deutschland GmbH|Marvell Technology Group Ltd.|MaxLinear, Inc.|NXP Semiconductors N.V.|PLX Technology, Inc.|Qualcomm Incorporated|STMicroelectronics N.V.|Sigma Designs, Inc.|Trident Microsystems, Inc.|Vixs Systems, Inc.",1730168|858877|50863|-1|-1|1288469|1413447|850579|804328|932787|790715|859475|1226120
CIK1227930_10K_20130301.txt,Broadcom Corporation|HiSilicon|MediaTek|ST Microelectronics,1730168|-1|-1|-1,Broadcom Corporation|HiSilicon|Intel Corporation|Lantiq Deutschland|MStar Semiconductor|Marvell Technology Group|MaxLinear|MediaTek|Qualcomm Incorporated|ST Microelectronics|Sigma Designs|Vixs Systems,1730168|-1|50863|-1|-1|-1|1288469|-1|804328|-1|790715|1226120
CIK1227930_10K_20140224.txt,"AMlogic|Abilis|Broadcom Corporation|HiSilicon|Intel|MStar Semiconductor, Inc.|Marvell|MaxLinear|MediaTek|NXP Semiconductors N.V.|Qualcomm|ST Microelectronics N.V.|Sigma Designs, Inc.|Vixs|Vixs Systems, Inc.",-1|-1|1730168|-1|50863|-1|1058057|1288469|-1|1413447|804328|-1|790715|1226120|1226120,"AMlogic|Abilis|Broadcom Corporation|HiSilicon|Intel Corporation|Lantiq Deutschland GmbH|MStar Semiconductor, Inc.|Marvell Technology Group Ltd.|MaxLinear|MediaTek|NXP Semiconductors N.V.|Qualcomm Incorporated|ST Microelectronics N.V.|Sigma Designs, Inc.|Vixs Systems, Inc.",-1|-1|1730168|-1|50863|-1|-1|-1|1288469|-1|1413447|804328|-1|790715|1226120
CIK1227930_10K_20150224.txt,"AMlogic|Abilis|Broadcom Corporation|HiSilicon|Intel|MStar Semiconductor, Inc.|Marvell|MaxLinear, Inc.|MediaTek|Qualcomm|ST Microelectronics N.V.|Sigma Designs, Inc.|Vixs",-1|-1|1730168|-1|50863|-1|1058057|1288469|-1|804328|-1|790715|1226120,"Broadcom Corporation|HiSilicon Technologies|Intel Corporation|Lantiq Deutschland GmbH|MStar Semiconductor, Inc.|Marvell Technology Group Ltd.|MaxLinear, Inc.|MediaTek Inc.|NXP Semiconductors N.V.|Qualcomm Incorporated|ST Microelectronics N.V.|Sigma Designs, Inc.|Vixs Systems, Inc.",1730168|-1|50863|-1|-1|-1|1288469|-1|1413447|804328|-1|790715|1226120
CIK1267482_20F_20050628.txt,,,"Chartered Semiconductor|Chartered Semiconductor Manufacturing Ltd.|Fujitsu Limited|Hynix|IBM|Infineon|Integrated Silicon Solution, Inc.|MagnaChip|Motorola (China) Electronics Limited|Motorola, Inc.|Rambus Inc.|Samsung Electronics Co., Ltd.|Shanghai Industrial Holdings Limited|TSMC|Taiwan Semiconductor Manufacturing Company, Ltd.|Taiwan Semiconductor Manufacturing Corporation, Ltd.|Toshiba|UMC|United Microelectronics Corporation",1095270|1095270|39341|-1|353524|1107457|854701|1325702|-1|68505|917273|-1|-1|1046179|1046179|1046179|98573|831460|1033767
CIK1267482_20F_20060629.txt,,,"Chartered Semiconductor Manufacturing Ltd.|Fujitsu Limited|Hynix|IBM|MagnaChip|Samsung Electronics Co., Ltd.|TSMC|Toshiba|United Microelectronics Corporation",1095270|39341|-1|353524|1325702|-1|1046179|98573|1033767
CIK1267482_20F_20070629.txt,,,"Chartered Semiconductor Manufacturing Ltd.|Fujitsu Limited|Hynix|IBM|MagnaChip|Samsung Electronics Co., Ltd.|TSMC|Toshiba|United Microelectronics Corporation",1095270|39341|-1|353524|1325702|-1|1046179|98573|1033767
CIK1267482_20F_20080627.txt,,,"Chartered Semiconductor Manufacturing Ltd.|Fujitsu Limited|Hynix|IBM|MagnaChip|Samsung Electronics Co., Ltd.|TSMC|Toshiba|United Microelectronics Corporation",1095270|39341|-1|353524|1325702|-1|1046179|98573|1033767
CIK1267482_20F_20090622.txt,"Cension Semiconductor Manufacturing Corporation|Elpida Memory, Inc.|TSMC|Wuhan Xinxin Semiconductor Manufacturing Corporation",-1|-1|1046179|-1,"Chartered Semiconductor Manufacturing Ltd.|Fujitsu Limited|IBM|Samsung Electronics Co., Ltd.|TSMC|Toshiba|United Microelectronics Corporation",1095270|39341|353524|-1|1046179|98573|1033767
CIK1267482_20F_20100629.txt,"Fujitsu Limited|GlobalFoundries|IBM|Samsung Electronics Co., Ltd.|TSMC|Toshiba|UMC",39341|-1|353524|-1|1046179|98573|831460,"Fujitsu Limited|GlobalFoundries|IBM|Samsung Electronics Co., Ltd.|TSMC|Toshiba|UMC|United Microelectronics Corporation",39341|-1|353524|-1|1046179|98573|831460|1033767
CIK1267482_20F_20110628.txt,,,"DBS Ltd.|Fujitsu Limited|GlobalFoundries|J.P. Morgan Chase Bank|Samsung Electronics|Samsung Electronics Co., Ltd.|TSMC|Taiwan Semiconductor Manufacturing Company, Ltd.|The Royal Bank of Scotland N.V.|Toshiba|UMC|United Microelectronics Corporation",857502|39341|-1|-1|-1|-1|1046179|1046179|-1|98573|831460|1033767
CIK1267482_20F_20130415.txt,,,Fujitsu Limited|Global Foundries|IBM|Samsung Electronics|Taiwan Semiconductor Manufacturing Company Ltd.|United Microelectronics Corporation,39341|-1|353524|-1|1046179|1033767
CIK1267482_20F_20150428.txt,"Fujitsu Limited|Global Foundries|Samsung Electronics Co., Ltd.|TSMC|UMC",39341|-1|-1|1046179|831460,"Fujitsu Limited|Global Foundries|Samsung Electronics Co., Ltd.|Taiwan Semiconductor Manufacturing Company Ltd.|United Microelectronics Corporation",39341|-1|-1|1046179|1033767
CIK1267482_20F_20160425.txt,,,"Beijing industrial Developing Investment Management Co., Ltd|Changjiang Electronics Technology Co., Ltd.|China Integrated Circuit Industry Investment Fund Co., Ltd.|China Integrated Circuit Investment Fund Co., Ltd.|Country Hill Limited|Datang Telecom Technology & Industry Holdings Co., Ltd.|Fujitsu Limited|Global Foundries|Huawei Technologies Co., Ltd.|IMEC International|JCET|Qualcomm Global Trading Pte. Ltd.|SJ Semiconductor (Jiangyin) Corporation|STATS ChipPAC|Samsung Electronics Co. Ltd.|Samsung Electronics Co., Ltd.|Semiconductor Manufacturing International (Beijing) Corporation|Sino IC Leasing Co., Ltd.|TSMC|Taiwan Semiconductor Manufacturing Company Ltd.|UMC|United Microelectronics Corporation|Zhongguancun Development Group",-1|-1|-1|-1|-1|-1|39341|-1|-1|-1|-1|-1|-1|1449579|-1|-1|1267482|-1|1046179|1046179|831460|1033767|-1
CIK1267482_20F_20170427.txt,,,"Beijing Wu Jin Venture Investment Center (Limited Partnership)|Brite Semiconductor Corporation|Changjiang Xinke|China Fortune-Tech Capital Co., Ltd|China Integrated Circuit Industry Investment Fund Co., Ltd.|Country Hill Limited|Datang Telecom Technology & Industry Holdings Co., Ltd.|Fujitsu Limited|Global Foundries|Huawei Technologies Co., Ltd.|IMEC International|JCET|Jiangsu Changjiang Electronics Technology Co., Ltd|Juyuan Juxin Integrated Circuit Fund|Qualcomm Global Trading Pte. Ltd.|SJ Semiconductor Corporation|STATS ChipPAC Limited|Samsung Electronics Co. Ltd.|Samsung Electronics Co., Ltd.|Semiconductor Manufacturing North China (Beijing) Corporation|Shanghai Fortune-Tech Qitai Invest Center (Limited Partnership)|Shanghai Fortune-Tech Zaixing Invest Center (Limited Partnership)|Sino IC Leasing|Sino IC Leasing Co., Ltd.|Suzhou Changjiang Electric Xinke Investment Co., Ltd.|Suzhou Fortune-Tech Oriental Invest Fund Center (Limited Partnership)|TSMC|Taiwan Semiconductor Manufacturing Company Ltd.|Toppan SMIC Electronic (Shanghai) Co., Ltd|UMC|United Microelectronics Corporation|Zhongxin Xiecheng Investment (Beijing) Co., Ltd",-1|-1|-1|-1|-1|-1|-1|39341|-1|-1|-1|-1|-1|-1|-1|-1|1449579|-1|-1|-1|-1|-1|-1|-1|-1|-1|1046179|1046179|-1|831460|1033767|-1
CIK1267482_20F_20180427.txt,,,"AAC Technologies Holdings Inc.|ARM Holdings plc|Aquantia Corp.|Beijing E-Town International Investment & Development Co., Ltd.|Beijing Industrial Development Investment Management Co., Ltd.|Beijing Semiconductor Manufacturing and Equipment Equity Investment Centre (Limited Partnership)|Brite Semiconductor (Shanghai) Corporation|Cadence Design Systems, Inc.|Chartered Semiconductor Manufacturing|China Integrated Circuit Industry Investment Fund Co., Ltd.|Datang Telecom Technology & Industry Holdings Co., Ltd.|Fujitsu Limited|Global Foundries|GlobalFoundries|Hewlett Packard Enterprise|Jiangsu Changjiang Electronics Technology Co., Ltd. (JCET)|Juyuan Juxin Integrated Circuit Fund|LFoundry Europe GmbH|Lenovo Group Limited|Marsica Innovation S.p.A|Marvell Technology Group|Quantenna Communications, Inc.|SMIC|Samsung Electronics Co. Ltd.|Samsung Electronics Co., Ltd.|Sino IC Capital|Sino IC Leasing Co., Ltd.|Sino IC-Leasing Co., Ltd.|Suzhou Changjiang Electric Xinke Investment Co., Ltd.|TSMC|Taiwan Semiconductor Manufacturing Company Ltd.|Toppan SMIC Electronic (Shanghai) Co., Ltd.|UMC|United Microelectronics Corporation|Zhongguancun Development Group|Zhongxin Xiecheng Investment (Beijing) Co., Ltd.",-1|1057997|1316016|-1|-1|-1|-1|813672|1095270|-1|-1|39341|-1|-1|1645590|-1|-1|-1|-1|-1|-1|1370702|89415|-1|-1|-1|-1|-1|-1|1046179|1046179|-1|831460|1033767|-1|-1
CIK1267482_20F_20190430.txt,,,"China Fortune-Tech Capital Co., Ltd|China IC Capital (Ningbo) Co., Ltd|China IC Capital Co., Ltd|Fujitsu Limited|Global Foundries|JCET|Jiangsu Changjiang Electronics Technology Co., Ltd.|LFoundry S.r.l.|Ningbo Semiconductor International Corporation|North China IC Innovation Center (Beijing) Co., Ltd|SJ Semiconductor (HK) Limited|SJ Semiconductor (Jiangyin) Corporation|SJ Semiconductor USA Co.|SMIC (Sofia) EOOD|SMIC Innovation Design Center (Ningbo) Co., Ltd.|Samsung Electronics Co. Ltd.|Samsung Electronics Co., Ltd.|Semiconductor Global Solutions|Semiconductor Manufacturing Electronics (Shaoxing) Corporation|Semiconductor Manufacturing North China (Beijing) Corporation|Semiconductor Manufacturing South China Corporation|Shanghai Hexin Investment Management Limited Partnership|Sino IC Leasing Co., Ltd.|TSMC|Taiwan Semiconductor Manufacturing Company Ltd.|UMC|United Microelectronics Corporation",-1|-1|-1|39341|-1|-1|-1|-1|-1|-1|-1|-1|-1|-1|-1|-1|-1|-1|-1|-1|-1|-1|-1|1046179|1046179|831460|1033767
CIK1272547_10K_20050302.txt,"Analog Devices, Inc.|Bosch|Fujitsu Ltd.|Infineon|Microchip Technology Incorporated|NEC Corporation|Philips Electronics|Renesas|STMicroelectronics|Texas Instruments",6281|-1|39341|1107457|827054|72127|-1|-1|932787|97476,"Agere|Analog Devices, Inc.|Bosch|Broadcom Corporation|Conexant Systems Inc.|Fujitsu Ltd.|Infineon|Intel|Intel Corporation|International Business Machines Corporation|Marvell Technology Group Ltd.|Microchip Technology Incorporated|NEC Corporation|PMC-Sierra, Inc.|Philips Electronics|QUALCOMM|RF Microdevices, Inc.|Renesas|Renesas Technology Corporation|STMicroelectronics|Skyworks Solutions, Inc.|Texas Instruments|Texas Instruments Incorporated|Vitesse Semiconductor Corporation",1129446|6281|-1|1730168|1069353|39341|1107457|50863|50863|51143|-1|827054|72127|767920|-1|804328|-1|-1|-1|932787|4127|97476|97476|880446
CIK1272547_10K_20100205.txt,"Analog Devices Incorporated|Atmel Corporation|Broadcom Corporation|Cavium Networks, Inc.|Infineon Technologies AG|Intel Corporation|Microchip Technology Incorporated|NEC Electronics Corporation|Renesas Technology Corporation|STMicroelectronics|Texas Instruments Incorporated",6281|872448|1730168|-1|1107457|50863|827054|-1|-1|932787|97476,"Analog Devices Incorporated|Atmel Corporation|Broadcom Corporation|Cavium Networks, Inc.|Infineon Technologies AG|Intel Corporation|Microchip Technology Incorporated|Renesas Technology Corporation|STMicroelectronics|Texas Instruments Incorporated",6281|872448|1730168|-1|1107457|50863|827054|-1|932787|97476
CIK1274494_10K_20190222.txt,First Solar,1274494,,
CIK1274494_10K_20220301.txt,crystalline silicon module manufacturers|module manufacturers,-1|-1,TOPCon module manufacturers|conventional solar module manufacturers|crystalline silicon module manufacturers|module manufacturers|n-type mono-crystalline module manufacturers,-1|-1|-1|-1|-1
CIK1274494_10K_20230228.txt,crystalline silicon module manufacturers|module manufacturers,-1|-1,certain module manufacturers|crystalline silicon module manufacturers|existing or future module manufacturers|module manufacturers,-1|-1|-1|-1
CIK1275014_10K_20140312.txt,,,"Celestica|Flextronics International Ltd.|Fox Semicon Integrated Technology Inc.|Ichor Systems, Inc.",1030894|-1|-1|-1
CIK1275014_10K_20150311.txt,,,"Celestica|Flextronics International Ltd.|Foxsemicon Integrated Technology Inc.|Ichor Systems, Inc.",1030894|-1|-1|-1
CIK1275014_10K_20160309.txt,,,"Celestica|Flextronics International Ltd.|Foxsemicon Integrated Technology Inc.|Ichor Systems, Inc.",1030894|-1|-1|-1
CIK1275014_10K_20170315.txt,,,"ASM International, Inc.|Applied Materials, Inc.|Celestica Inc.|Flex Ltd.|Foxsemicon Integrated Technology Inc.|Ichor Systems, Inc.|Lam Research Corporation",351483|6951|1030894|866374|-1|-1|707549
CIK1275014_10K_20180314.txt,,,"Celestica Inc.|Flex Ltd.|Foxsemicon Integrated Technology Inc.|Ichor Systems, Inc.",1030894|866374|-1|-1
CIK1275014_10K_20190322.txt,,,"Celestica Inc.|ChemTrace|Cinos Co., Ltd.|Cleanpart|Flex Ltd.|Foxsemicon Integrated Technology Inc.|Ichor Systems, Inc.|KoMiCo|Pentagon Technologies|QuantumClean",1030894|-1|-1|-1|866374|-1|-1|-1|-1|-1
CIK1275014_10K_20200311.txt,,,"Balazs|Celestica Inc.|Cerium Labs|Cleanpart|Flex Ltd.|Foxsemicon Integrated Technology Inc.|Ichor Systems, Inc.|KoMiCo|Pentagon Technologies",-1|1030894|-1|-1|866374|-1|-1|-1|-1
CIK1275014_10K_20210223.txt,,,"Balazs|Celestica Inc.|Cerium Labs|Cleanpart|Flex Ltd.|Foxsemicon Integrated Technology Inc.|Fujikin Incorporated|Ichor Systems, Inc.|Jabil, Inc.|KoMiCo|Pentagon Technologies|Sanmina Corporation|VDL ETG",-1|1030894|-1|-1|866374|-1|-1|-1|898293|-1|-1|897723|-1
CIK1275014_10K_20220301.txt,,,"Balazs|Celestica Inc.|Cerium Labs|Cleanpart|Flex Ltd.|Foxsemicon Integrated Technology Inc.|Fujikin Incorporated|Ichor Systems, Inc.|Jabil, Inc.|KoMiCo|Parker Hannifin|Pentagon Technologies|Sanmina Corporation|Swagelok|VDL ETG|Watlow",-1|1030894|-1|-1|866374|-1|-1|-1|898293|-1|76334|-1|897723|-1|-1|-1
CIK1275014_10K_20230228.txt,,,"Applied Materials, Inc.|Balazs|Celestica Inc.|Cerium Labs|Cleanpart|Flex Ltd.|Foxsemicon Integrated Technology Inc.|Fujikin Incorporated|Ichor Systems, Inc.|Jabil, Inc.|KoMiCo|Lam Research Corporation|Parker Hannifin|Pentagon Technologies|Sanmina Corporation|Swagelok|VDL ETG|Watlow",6951|-1|1030894|-1|-1|866374|-1|-1|-1|898293|-1|707549|76334|-1|897723|-1|-1|-1
CIK1275014_10K_20240306.txt,,,"Balazs|Celestica Inc.|Cerium Labs|Cleanpart|Flex Ltd.|Foxsemicon Integrated Technology Inc.|Fujikin Incorporated|Ichor Systems, Inc.|Jabil, Inc.|KoMiCo|Parker Hannifin|Pentagon Technologies|Sanmina Corporation|Swagelok|VDL ETG|Watlow",-1|1030894|-1|-1|866374|-1|-1|-1|898293|-1|76334|-1|897723|-1|-1|-1
CIK1275014_10K_20250225.txt,,,"Balazs (an Air Liquide company)|Celestica Inc.|Cerium Labs|Cleanpart|Flex Ltd.|Foxsemicon Integrated Technology Inc.|Fujikin Incorporated|Ichor Systems, Inc.|Jabil, Inc.|KoMiCo|Parker Hannifin|Pentagon Technologies|Sanmina Corporation|Swagelok|VDL ETG|Watlow",-1|1030894|-1|-1|866374|-1|-1|-1|898293|-1|76334|-1|897723|-1|-1|-1
CIK1280263_10K_20160325.txt,"Allwinner Technology Co., Ltd.|Alpha Imaging Technology Corp.|Axis Communications AB|Broadcom Corporation|Core Logic, Inc.|Geo Semiconductor, Inc.|Grain Media, Inc.|HiSilicon Technologies Co., Ltd.|Intel Corporation|Magnum Semiconductor, Inc.|MediaTek, Inc.|Movidius Ltd.|NVIDIA Corporation|Novatek Microelectronics Corp.|Panasonic Corporation|Qualcomm Incorporated|Realtek Semiconductor Corp.|Samsung|Socionext Inc.|Sony Corporation|Sunplus Technology Co. Ltd.|Texas Instruments Incorporated",-1|-1|-1|1730168|-1|-1|-1|-1|50863|-1|-1|-1|1045810|-1|63271|804328|-1|-1|-1|313838|-1|97476,"Allwinner Technology Co., Ltd.|Alpha Imaging Technology Corp.|Broadcom Corporation|Core Logic, Inc.|Geo Semiconductor, Inc.|Grain Media, Inc.|HiSilicon Technologies Co., Ltd.|Intel|Intel Corporation|Magnum Semiconductor, Inc.|MediaTek, Inc.|Movidius Ltd.|NVIDIA Corporation|Novatek Microelectronics Corp.|Panasonic Corporation|Qualcomm Incorporated|Realtek Semiconductor Corp.|Samsung Electronics Co., Ltd.|Socionext Inc.|Sony Corporation|Sunplus Technology Co. Ltd.|Texas Instruments Incorporated",-1|-1|1730168|-1|-1|-1|-1|50863|50863|-1|-1|-1|1045810|-1|63271|804328|-1|-1|-1|313838|-1|97476
CIK1280263_10K_20170330.txt,"Allwinner Technology Co., Ltd.|Alpha Imaging Technology Corp.|Axis Communications AB|Core Logic, Inc.|Geo Semiconductor, Inc.|Grain Media, Inc.|HiSilicon Technologies Co., Ltd.|Intel Corporation|Magnum Semiconductor, Inc.|Movidius Ltd.|NVIDIA Corporation|NXP Semiconductors N.V.|Novatek Microelectronics Corp.|OmniVision Technologies, Inc.|Panasonic Corporation|Qualcomm Incorporated|Realtek Semiconductor Corp.|Socionext Inc.|Sony Corporation|Sunplus Technology Co. Ltd.|Texas Instruments Incorporated",-1|-1|-1|-1|-1|-1|-1|50863|-1|-1|1045810|1413447|-1|1106851|63271|804328|-1|-1|313838|-1|97476,"Allwinner Technology Co., Ltd.|Alpha Imaging Technology Corp.|Core Logic, Inc.|Geo Semiconductor, Inc.|GoPro, Inc.|Grain Media, Inc.|HiSilicon Technologies Co., Ltd.|Intel Corporation|Magnum Semiconductor, Inc.|Movidius Ltd.|NVIDIA Corporation|NXP Semiconductors N.V.|Novatek Microelectronics Corp.|OmniVision Technologies, Inc.|Panasonic Corporation|Qualcomm Incorporated|Realtek Semiconductor Corp.|Socionext Inc.|Sony Corporation|Sunplus Technology Co. Ltd.|Texas Instruments Incorporated",-1|-1|-1|-1|1500435|-1|-1|50863|-1|-1|1045810|1413447|-1|1106851|63271|804328|-1|-1|313838|-1|97476
CIK1280263_10K_20180330.txt,"Allwinner Technology Co., Ltd.|Alpha Imaging Technology Corp.|Axis Communications AB|Core Logic, Inc.|Fullhan Microelectronics Co., Ltd.|Geo Semiconductor, Inc.|GigPeak, Inc.|Grain Media, Inc.|HiSilicon Technologies Co., Ltd.|Intel Corporation|Movidius Ltd.|NVIDIA Corporation|NXP Semiconductors N.V.|Novatek Microelectronics Corp.|OmniVision Technologies, Inc.|Panasonic Corporation|Qualcomm Incorporated|Realtek Semiconductor Corp.|Renesas Electronics Corporation|Socionext Inc.|Sony Corporation|Sunplus Technology Co. Ltd.|Texas Instruments Incorporated",-1|-1|-1|-1|-1|-1|1432150|-1|-1|50863|-1|1045810|1413447|-1|1106851|63271|804328|-1|-1|-1|313838|-1|97476,"Allwinner Technology Co., Ltd.|Alpha Imaging Technology Corp.|Axis Communications AB|Core Logic, Inc.|DJI|Dajiang Innovation Technology Inc.|Fullhan Microelectronics Co., Ltd.|Geo Semiconductor, Inc.|GigPeak, Inc.|GoPro, Inc.|Grain Media, Inc.|HiSilicon Technologies Co., Ltd.|Intel Corporation|Movidius Ltd.|NVIDIA Corporation|NXP Semiconductors N.V.|Novatek Microelectronics Corp.|OmniVision Technologies, Inc.|Panasonic Corporation|Qualcomm Incorporated|Realtek Semiconductor Corp.|Renesas Electronics Corporation|Socionext Inc.|Sony Corporation|Sunplus Technology Co. Ltd.|Texas Instruments Incorporated",-1|-1|-1|-1|1456787|-1|-1|-1|1432150|1500435|-1|-1|50863|-1|1045810|1413447|-1|1106851|63271|804328|-1|-1|-1|313838|-1|97476
CIK1280263_10K_20190329.txt,"AMLogic Inc.|Allwinner Technology Co., Ltd.|Alpha Imaging Technology Corp.|Axis Communications AB|Core Logic, Inc.|Fujitsu Ltd.|Fullhan Microelectronics Co., Ltd.|Geo Semiconductor, Inc.|HiSilicon Technologies Co., Ltd.|Ingenic Semiconductor Co., Ltd.|Intel Corporation|Movidius Ltd.|NVIDIA Corporation|NXP Semiconductors N.V.|Novatek Microelectronics Corp.|OmniVision Technologies, Inc.|Panasonic Corporation|Qualcomm Incorporated|Realtek Semiconductor Corp.|Renesas Electronics Corporation|SigmaStar Technology Corp.|Socionext Inc.|Sony Corporation|Sunplus Technology Co. Ltd.|Texas Instruments Incorporated|Xilinx Inc.",-1|-1|-1|-1|-1|39341|-1|-1|-1|-1|50863|-1|1045810|1413447|-1|1106851|63271|804328|-1|-1|-1|-1|313838|-1|97476|743988,"AMLogic Inc.|Advanced Semiconductor Engineering, Inc.|Allwinner Technology Co., Ltd.|Alpha Imaging Technology Corp.|Axis Communications AB|Cadence Design Systems, Inc.|Core Logic, Inc.|DJI|Fullhan Microelectronics Co., Ltd.|Geo Semiconductor, Inc.|Global UniChip Corporation|GoPro|HiSilicon Technologies Co., Ltd.|Ingenic Semiconductor Co., Ltd.|Intel Corporation|King Yuan Electronics Co., Ltd.|Mentor Graphics Corporation|Movidius Ltd.|NXP Semiconductors N.V.|Novatek Microelectronics Corp.|OmniVision Technologies, Inc.|Powertech Technology Inc.|Qualcomm Incorporated|Realtek Semiconductor Corp.|Renesas Electronics Corporation|STATS ChipPAC Ltd.|Samsung|SigmaStar Technology Corp.|Signetics Corporation|Socionext Inc.|Sony Corporation|Sunplus Technology Co. Ltd.|Synopsys, Inc.|TSMC|Texas Instruments Incorporated|VisLab S.r.l.|Xilinx Inc.",-1|-1|-1|-1|-1|813672|-1|1456787|-1|-1|-1|1500435|-1|-1|50863|-1|701811|-1|1413447|-1|1106851|-1|804328|-1|-1|1449579|-1|-1|1397051|-1|313838|-1|883241|1046179|97476|-1|743988
CIK1280263_10K_20200327.txt,"AMLogic Inc.|Allwinner Technology Co., Ltd.|Alpha Imaging Technology Corp.|Axis Communications AB|Core Logic, Inc.|Fujitsu Ltd.|Fullhan Microelectronics Co., Ltd.|Geo Semiconductor, Inc.|Hanwha Techwin|HiSilicon Technologies Co., Ltd.|Ingenic Semiconductor Co., Ltd.|Intel Corporation|Mobileye|Movidius Ltd.|NVIDIA Corporation|NXP Semiconductors N.V.|Novatek Microelectronics Corp.|OmniVision Technologies, Inc.|Panasonic Corporation|Qualcomm Incorporated|Realtek Semiconductor Corp.|Renesas Electronics Corporation|SigmaStar Technology Corp.|Socionext Inc.|Sony Corporation|Sunplus Technology Co. Ltd.|Texas Instruments Incorporated|Xilinx Inc.",-1|-1|-1|-1|-1|39341|-1|-1|-1|-1|-1|50863|1607310|-1|1045810|1413447|-1|1106851|63271|804328|-1|-1|-1|-1|313838|-1|97476|743988,"AMLogic Inc.|Advanced Semiconductor Engineering, Inc.|Allwinner Technology Co., Ltd.|Alpha Imaging Technology Corp.|Axis Communications AB|Cadence Design Systems, Inc.|Core Logic, Inc.|DJI|Dajiang Innovation Technology Inc.|Fullhan Microelectronics Co., Ltd.|Geo Semiconductor, Inc.|Global UniChip Corporation|Hanwha Techwin|HiSilicon Technologies Co., Ltd.|Ingenic Semiconductor Co., Ltd.|Intel Corporation|King Yuan Electronics Co., Ltd.|Mentor Graphics Corporation|Mobileye|Movidius Ltd.|NXP Semiconductors N.V.|Novatek Microelectronics Corp.|OmniVision Technologies, Inc.|Powertech Technology Inc.|Qualcomm Incorporated|Realtek Semiconductor Corp.|Renesas Electronics Corporation|STATS ChipPAC Ltd.|Samsung|SigmaStar Technology Corp.|Signetics Corporation|Socionext Inc.|Sony Corporation|Sunplus Technology Co. Ltd.|Synopsys, Inc.|TSMC|Texas Instruments Incorporated|WPG Holdings Co.|Xilinx Inc.",-1|-1|-1|-1|-1|813672|-1|1456787|-1|-1|-1|-1|-1|-1|-1|50863|-1|701811|1607310|-1|1413447|-1|1106851|-1|804328|-1|-1|1449579|-1|-1|1397051|-1|313838|-1|883241|1046179|97476|-1|743988
CIK1280263_10K_20210331.txt,"AMLogic Inc.|Allwinner Technology Co., Ltd.|Axis|Fuzhou Rockchip Electronics Co., Ltd.|Google LLC|Hanwha Techwin|HiSilicon Technologies Co., Ltd.|Horizon Robotics Inc.|Ingenic Semiconductor Co., Ltd.|Mobileye|Movidius Ltd.|NVIDIA Corporation|NXP Semiconductors N.V.|Novatek Microelectronics Corp.|OmniVision Technologies, Inc.|Qualcomm Incorporated|Renesas Electronics Corporation|SigmaStar Technology Corp.|Socionext Inc.|Texas Instruments Incorporated|Xilinx Inc.|iCatch Technology, Inc.",-1|-1|1214816|-1|-1|-1|-1|-1|-1|1607310|-1|1045810|1413447|-1|1106851|804328|-1|-1|-1|97476|743988|-1,"AMLogic Inc.|Allwinner Technology Co., Ltd.|Dajiang Baiwang|Fuzhou Rockchip Electronics Co., Ltd.|HiSilicon Technologies Co., Ltd.|Horizon Robotics Inc.|Ingenic Semiconductor Co., Ltd.|Mobileye|Movidius Ltd.|NVIDIA Corporation|NXP Semiconductors N.V.|Novatek Microelectronics Corp.|OmniVision Technologies, Inc.|Qualcomm Incorporated|Renesas Electronics Corporation|SigmaStar Technology Corp.|Socionext Inc.|Texas Instruments Incorporated|Xilinx Inc.|iCatch Technology, Inc.",-1|-1|-1|-1|-1|-1|-1|1607310|-1|1045810|1413447|-1|1106851|804328|-1|-1|-1|97476|743988|-1
CIK1280263_10K_20220401.txt,"AMLogic Inc.|Allwinner Technology Co., Ltd.|Fuzhou Rockchip Electronics Co., Ltd.|HiSilicon Technologies Co., Ltd.|Horizon Robotics Inc.|Ingenic Semiconductor Co., Ltd.|Mobileye|NVIDIA Corporation|NXP Semiconductors N.V.|Novatek Microelectronics Corp.|OmniVision Technologies, Inc.|Qualcomm Incorporated|Renesas Electronics Corporation|SigmaStar Technology Corp.|Socionext Inc.|Texas Instruments|iCatch Technology, Inc.",-1|-1|-1|-1|-1|-1|1607310|1045810|1413447|-1|1106851|804328|-1|-1|-1|97476|-1,"AMLogic Inc.|Allwinner Technology Co., Ltd.|Dahua|Fuzhou Rockchip Electronics Co., Ltd.|HiSilicon Technologies Co., Ltd.|Hikvision|Horizon Robotics Inc.|Ingenic Semiconductor Co., Ltd.|Mobileye|NVIDIA Corporation|NXP Semiconductors N.V.|Novatek Microelectronics Corp.|OmniVision Technologies, Inc.|Qualcomm|Qualcomm Incorporated|Renesas Electronics Corporation|SigmaStar Technology Corp.|Socionext Inc.|Texas Instruments|iCatch Technology, Inc.",-1|-1|-1|-1|-1|-1|-1|-1|1607310|1045810|1413447|-1|1106851|804328|804328|-1|-1|-1|97476|-1
CIK1280263_10K_20230331.txt,"AMLogic Inc.|Allwinner Technology Co., Ltd.|Fuzhou Rockchip Electronics Co., Ltd.|HiSilicon Technologies Co., Ltd.|Horizon Robotics Inc.|Ingenic Semiconductor Co., Ltd.|Mobileye|NVIDIA Corporation|NXP Semiconductors N.V.|Novatek Microelectronics Corp.|OmniVision Technologies, Inc.|Qualcomm Incorporated|Renesas Electronics Corporation|Sigmastar Technology Ltd.|Socionext Inc.|Texas Instruments|iCatch Technology, Inc.",-1|-1|-1|-1|-1|-1|1607310|1045810|1413447|-1|1106851|804328|-1|-1|-1|97476|-1,"AMLogic Inc.|Allwinner Technology Co., Ltd.|Fuzhou Rockchip Electronics Co., Ltd.|Hangzhou Hikvision Digital Technology Co., Ltd|HiSilicon Technologies Co., Ltd.|Horizon Robotics Inc.|Ingenic Semiconductor Co., Ltd.|Mobileye|NVIDIA Corporation|NXP Semiconductors N.V.|Novatek Microelectronics Corp.|OmniVision Technologies, Inc.|Qualcomm Incorporated|Renesas Electronics Corporation|Samsung Electronics Corporation|Shenzhen Dajiang Baiwang Technology Co., Ltd.|SigmaStar Technology Corp.|Sigmastar Technology Ltd.|Socionext Inc.|Sony Corporation|Texas Instruments|Zhejiang Dahua Technology Co., Ltd.|iCatch Technology, Inc.",-1|-1|-1|-1|-1|-1|-1|1607310|1045810|1413447|-1|1106851|804328|-1|-1|-1|-1|-1|-1|313838|97476|-1|-1
CIK1280263_10K_20240329.txt,"AMLogic Inc.|Allwinner Technology Co., Ltd.|Fuzhou Rockchip Electronics Co., Ltd.|HiSilicon Technologies Co., Ltd.|Horizon Robotics Inc.|Ingenic Semiconductor Co., Ltd.|Mobileye|NVIDIA Corporation|NXP Semiconductors N.V.|Novatek Microelectronics Corp.|OmniVision Technologies, Inc.|Qualcomm Incorporated|Renesas Electronics Corporation|Sigmastar Technology Ltd.|Socionext Inc.|Texas Instruments|iCatch Technology, Inc.",-1|-1|-1|-1|-1|-1|1607310|1045810|1413447|-1|1106851|804328|-1|-1|-1|97476|-1,"AMLogic Inc.|Allwinner Technology Co., Ltd.|Fuzhou Rockchip Electronics Co., Ltd.|HiSilicon Technologies Co., Ltd.|Horizon Robotics Inc.|Ingenic Semiconductor Co., Ltd.|Mobileye|NVIDIA Corporation|NXP Semiconductors N.V.|Novatek Microelectronics Corp.|OmniVision Technologies, Inc.|Qualcomm Incorporated|Renesas Electronics Corporation|SigmaStar Technology Corp.|Sigmastar Technology Ltd.|Socionext Inc.|Texas Instruments|iCatch Technology, Inc.",-1|-1|-1|-1|-1|-1|1607310|1045810|1413447|-1|1106851|804328|-1|-1|-1|-1|97476|-1
CIK1280263_10K_20250328.txt,"AMLogic Inc.|Allwinner Technology Co., Ltd.|Fuzhou Rockchip Electronics Co., Ltd.|HiSilicon Technologies Co., Ltd.|Horizon Robotics Inc.|Ingenic Semiconductor Co., Ltd.|Mobileye|NVIDIA Corporation|NXP Semiconductors N.V.|Novatek Microelectronics Corp.|OmniVision Technologies, Inc.|Qualcomm Incorporated|Renesas Electronics Corporation|Sigmastar Technology Ltd.|Socionext Inc.|Texas Instruments|iCatch Technology, Inc.",-1|-1|-1|-1|-1|-1|1607310|1045810|1413447|-1|1106851|804328|-1|-1|-1|97476|-1,"AMLogic Inc.|Allwinner Technology Co., Ltd.|Fuzhou Rockchip Electronics Co., Ltd.|HiSilicon Technologies Co., Ltd.|Horizon Robotics Inc.|Ingenic Semiconductor Co., Ltd.|Mobileye|NVIDIA Corporation|NXP Semiconductors N.V.|Novatek Microelectronics Corp.|OmniVision Technologies, Inc.|Qualcomm Incorporated|Renesas Electronics Corporation|SigmaStar Technology Corp.|Sigmastar Technology Ltd.|Socionext Inc.|Texas Instruments|iCatch Technology, Inc.",-1|-1|-1|-1|-1|-1|1607310|1045810|1413447|-1|1106851|804328|-1|-1|-1|-1|97476|-1
CIK1280452_10K_20190301.txt,,,Analog Devices|Infineon Technologies|Maxim Integrated Products|NXP Semiconductors|ON Semiconductor|Power Integrations|ROHM Semiconductor|Renesas Electronics|Semtech|Texas Instruments,6281|1107457|743316|1413447|1097864|833640|-1|-1|88941|97476
CIK1280452_10K_20200228.txt,,,Analog Devices|Infineon Technologies|Maxim Integrated Products|NXP Semiconductors|ON Semiconductor|Power Integrations|ROHM Semiconductor|Renesas Electronics|Semtech|Texas Instruments,6281|1107457|743316|1413447|1097864|833640|-1|-1|88941|97476
CIK1280452_10K_20210301.txt,,,Analog Devices|Infineon Technologies|Maxim Integrated Products|NXP Semiconductors|ON Semiconductor|Power Integrations|ROHM Semiconductor|Renesas Electronics|Semtech|Texas Instruments,6281|1107457|743316|1413447|1097864|833640|-1|-1|88941|97476
CIK1280452_10K_20220225.txt,,,Analog Devices|Infineon Technologies|NXP Semiconductors|ON Semiconductor|Power Integrations|ROHM Semiconductor|Renesas Electronics|Semtech|Texas Instruments,6281|1107457|1413447|1097864|833640|-1|-1|88941|97476
CIK1280452_10K_20230224.txt,,,Analog Devices|Infineon Technologies|NXP Semiconductors|ON Semiconductor|Power Integrations|ROHM Semiconductor|Renesas Electronics|Semtech|Texas Instruments,6281|1107457|1413447|1097864|833640|-1|-1|88941|97476
CIK1280452_10K_20240229.txt,,,Analog Devices|Infineon Technologies|NXP Semiconductors|ON Semiconductor|Power Integrations|ROHM Semiconductor|Renesas Electronics|STMicroelectronics|Semtech|Texas Instruments,6281|1107457|1413447|1097864|833640|-1|-1|932787|88941|97476
CIK1280452_10K_20250303.txt,,,Analog Devices|Infineon Technologies|NXP Semiconductors|ON Semiconductor|Power Integrations|ROHM Semiconductor|Renesas Electronics|STMicroelectronics|Semtech|Texas Instruments,6281|1107457|1413447|1097864|833640|-1|-1|932787|88941|97476
CIK1282631_10K_20150327.txt,,,"AgigA Tech|Diablo Technologies|Google, Inc.|IDT|Inphi|Inphi Corporation|Micron|Montage|SK Hynix|SMART Modular Technologies, Inc.|STEC|Samsung|SanDisk|SanDisk Corporation|Smart Modular, Inc.|Texas Instruments|Viking Interworks, a division of Sanmina-SCI Corporation",-1|-1|-1|1005731|1160958|1160958|803512|1375514|-1|1326973|1102741|-1|1000180|1000180|1326973|97476|-1
CIK1282631_10K_20160304.txt,,,"Diablo Technologies|Google, Inc.|HP|IBM|Inphi Corporation|Samsung Electronics Co., Ltd.|SanDisk Corporation|Smart Modular, Inc.",-1|-1|47217|353524|1160958|-1|1000180|1326973
CIK1282631_10K_20170331.txt,DRAM suppliers|logic suppliers|memory module providers,-1|-1|-1,"Google, Inc.|Inphi Corporation|SK hynix|SK hynix Inc.|Samsung Electronics Co., Ltd.|SanDisk Corporation|Smart Modular, Inc.",-1|1160958|-1|-1|-1|1000180|1326973
CIK1282631_10K_20180330.txt,,,"Google, Inc.|Inphi Corporation|SK Hynix Inc.|SK hynix|SK hynix Inc.|Samsung|Samsung Electronics Co., Ltd.|Smart Modular, Inc.",-1|1160958|-1|-1|-1|-1|-1|1326973
CIK1282631_10K_20190322.txt,,,"Google, Inc.|Inphi Corporation|SK hynix|SK hynix Inc.|Samsung|Samsung Electronics Co., Ltd|Samsung Electronics Co., Ltd.|SanDisk Corporation|Smart Modular, Inc.",-1|1160958|-1|-1|-1|-1|-1|1000180|1326973
CIK1282631_10K_20200310.txt,,,DRAM suppliers|logic suppliers|memory module providers,-1|-1|-1
CIK1282631_10K_20220301.txt,,,DRAM suppliers|SK hynix|Samsung|logic suppliers|memory module providers,-1|-1|-1|-1|-1
CIK1282631_10K_20230228.txt,,,DRAM suppliers|logic suppliers|memory module providers,-1|-1|-1
CIK1282631_10K_20240223.txt,,,"Google, Inc.|Micron Technology, Inc.|Samsung",-1|723125|-1
CIK1282631_10K_20250328.txt,,,DRAM suppliers|Google Inc.|Micron|SK hynix|Samsung|logic suppliers|memory module providers,-1|-1|803512|-1|-1|-1|-1
CIK1287950_20F_20080630.txt,,,"Broadcom Corporation|Freescale Semiconductor, Inc.|Infineon Technologies AG|MediaTek, Inc.|NXP Semiconductors|Qualcomm Incorporated|Texas Instruments Incorporated",1730168|1272547|1107457|-1|1413447|804328|97476
CIK1287950_20F_20090630.txt,,,"Broadcom Corporation|Chongqing Chongyou Information Technology (Group) Co., Ltd.|Datang Mobile Communications|Infineon Technologies AG|MediaTek, Inc.|NXP Semiconductors|Qualcomm Incorporated|T3G Technology Co., Ltd.|Texas Instruments Incorporated",1730168|-1|-1|1107457|-1|1413447|804328|-1|97476
CIK1287950_20F_20100507.txt,,,"Broadcom Corporation|Infineon Technologies AG|Leadcore Technology Co., Ltd.|Marvell Technologies|MediaTek, Inc.|Qualcomm Incorporated|ST Ericsson|T3G Technology Co., Ltd.",1730168|1107457|-1|1058057|-1|804328|-1|-1
CIK1287950_20F_20120410.txt,,,"Broadcom|Broadcom Corporation|Coolsand|Coolsand Holding Co., Ltd.|Ericsson|IMC|Intel Mobile Communications GmbH|Leadcore|Leadcore Technology Co., Ltd.|MStar|MStar Semiconductor Inc.|Marvell|Marvell Technology Group Ltd.|MediaTek|MediaTek, Inc.|MobilePeak|MobilePeak Holdings, Ltd.|Qualcomm|Qualcomm Incorporated|RDA Microelectronics, Inc.|ST-Ericsson|Siemens|Telegent|Telegent Systems, Inc.|Washington Research Foundation",1730168|1730168|-1|-1|-1|820626|-1|-1|-1|-1|-1|1058057|-1|-1|-1|-1|-1|804328|804328|-1|-1|1135644|1296612|1296612|-1
CIK1287950_20F_20130426.txt,MobilePeak|Telegent,-1|1296612,"Broadcom|Broadcom Corporation|Ericsson|Infineon|Infineon Technologies AG|Leadcore|Leadcore Technology Co., Ltd.|MStar|MStar Semiconductor Inc.|Marvell|Marvell Technology Group Ltd.|MediaTek|MediaTek, Inc.|MobilePeak|Qualcomm|Qualcomm Incorporated|RDA|RDA Microelectronics, Inc.|ST-Ericsson|ST-Ericsson SA|Siemens|Telegent|Washington Research Foundation",1730168|1730168|-1|1107457|1107457|-1|-1|-1|-1|1058057|-1|-1|-1|-1|804328|804328|1493637|-1|-1|-1|1135644|1296612|-1
CIK1288469_10K_20170209.txt,"Analog Devices|Broadcom Corporation|Broadcom Ltd|Inphi|M/A-COM|Microsemi|Microsemi Corporation|NXP B.V.|Qorvo|RDA Microelectronics|Rafael Microelectronics, Inc.|Semtech|Silicon Laboratories|Silicon Labs|Texas Instruments",6281|1730168|1730168|1160958|65771|310568|310568|1413447|1604778|-1|-1|88941|1038074|1038074|97476,"Analog Devices|Broadcom Corporation|Inphi|M/A-COM|Microsemi|NXP B.V.|Qorvo|RDA Microelectronics|Rafael Microelectronics, Inc.|Semtech|Silicon Laboratories|Texas Instruments",6281|1730168|1160958|65771|310568|1413447|1604778|-1|-1|88941|1038074|97476
CIK1289814_20F_20110525.txt,,,"Advanced Analog Technology, Inc.|Diodes, Inc.|Fairchild Semiconductor International, Inc.|Global Mixed-Mode Technology Inc.|Micrel, Inc.|Monolithic Power Systems, Inc.|National Semiconductor Corporation|O2Micro International Limited|ON Semiconductor Corporation|Power Integrations, Inc.|Richtek Technology Corporation|Rohm Co., Ltd.|STMicroelectronics N.V.|Texas Instruments Incorporated",-1|29002|1036960|-1|932111|1280452|70530|1095348|1097864|833640|-1|-1|932787|97476
CIK1289814_20F_20120425.txt,,,"Advanced Analog Technology, Inc.|Diodes, Incorporated|Fairchild Semiconductor International, Inc.|Global Mixed-Mode Technology Inc.|Micrel, Inc.|Monolithic Power Systems, Inc.|National Semiconductor Corporation|O2Micro International Limited|ON Semiconductor Corporation|On-Bright Electronics Co., Ltd.|Power Integrations, Inc.|Richtek Technology Corporation|Rohm Co., Ltd.|STMicroelectronics N.V.|Texas Instruments Incorporated",-1|29002|1036960|-1|932111|1280452|70530|1095348|1097864|-1|833640|-1|-1|932787|97476
CIK1294924_10K_20120619.txt,"MEMSIC, Inc.|Maxim Integrated Products, Inc.|Murata Manufacturing Co., Ltd.|Panasonic Corporation|Robert Bosch GmbH|STMicroelectronics N.V.|Sensor Dynamics, Inc.|Sony Corporation|VTI Technologies, Inc.",1386198|743316|-1|63271|-1|932787|-1|313838|-1,"Analog Devices, Inc.|Epson Toyocom Corporation|Kionix, Inc. (a wholly owned subsidiary of Rohm Co., Ltd.)|MEMSIC, Inc.|Murata Manufacturing Co., Ltd. (Murata)|Panasonic Corporation|Robert Bosch GmbH|STMicroelectronics N.V. (STMicro)|Sensor Dynamics, Inc. (recently acquired by Maxim Integrated Products, Inc.)|Sony Corporation|VTI Technologies, Inc. (recently acquired by Murata)",6281|-1|-1|1386198|-1|63271|-1|932787|-1|313838|-1
CIK1294924_10K_20140529.txt,"Analog Devices, Inc.|Epson Toyocom Corporation|Kionix, Inc.|MEMSIC, Inc.|Murata Manufacturing Co., Ltd.|Panasonic Corporation|Robert Bosch GmbH|STMicroelectronics N.V.|Sensor Dynamics, Inc.|Sony Corporation",6281|-1|-1|1386198|-1|63271|-1|932787|-1|313838,"Analog Devices, Inc.|Bosch Sensortec|Epson Toyocom Corporation|Kionix, Inc.|MEMSIC, Inc.|Murata Manufacturing Co., Ltd.|Panasonic Corporation|Robert Bosch GmbH|STMicroelectronics N.V.|Sensor Dynamics, Inc.|Sony Corporation",6281|-1|-1|-1|1386198|-1|63271|-1|932787|-1|313838
CIK1294924_10K_20150528.txt,"Analog Devices, Inc.|Epson Toyocom Corporation|Kionix, Inc.|Knowles Corporation|MEMSIC, Inc.|Maxim Integrated Products, Inc.|Murata Manufacturing Co., Ltd.|Panasonic Corporation|Robert Bosch GmbH|STMicroelectronics N.V.|Sony Corporation",6281|-1|-1|1587523|1386198|743316|-1|63271|-1|932787|313838,"Analog Devices, Inc.|Bosch Sensortec|Epson Toyocom Corporation|Kionix, Inc.|Knowles Corporation|MEMSIC, Inc.|Maxim Integrated Products, Inc.|Murata Manufacturing Co., Ltd.|Panasonic Corporation|Robert Bosch GmbH|STMicroelectronics N.V.|Sony Corporation",6281|-1|-1|-1|1587523|1386198|743316|-1|63271|-1|932787|313838
CIK1294924_10K_20160525.txt,,,"Analog Devices, Inc.|Bosch Sensortec|Epson Toyocom Corporation|Kionix, Inc.|Knowles Corporation|MEMSIC, Inc.|Murata Manufacturing Co., Ltd.|Panasonic Corporation|Robert Bosch GmbH|STMicroelectronics N.V.|Sony Corporation",6281|-1|-1|-1|1587523|1386198|-1|63271|-1|932787|313838
CIK1297627_20F_20060411.txt,"Hynix Semiconductor|Intel Corporation|STMicroelectronics|Samsung Electronics Co. Ltd.|SanDisk|Sharp Electronics Corporation|Silicon Storage Technologies, Inc.|Spansion|Toshiba Corporation",-1|50863|932787|-1|1000180|-1|855906|1322705|98573,"Hynix Semiconductor|Infineon Technologies|Intel Corporation|STMicroelectronics|Samsung Electronics Co. Ltd.|SanDisk Corporation|Sharp Electronics Corporation|Silicon Storage Technologies, Inc.|Spansion|Toshiba Corporation",-1|1107457|50863|932787|-1|1000180|-1|855906|1322705|98573
CIK1297627_20F_20070402.txt,"Hynix Semiconductor Inc.|Intel|M-Systems, Ltd.|Micron Technology Inc.|SST, Inc.|STMicroelectronics|Samsung|SanDisk Corporation|Silicon Storage Technologies, Inc.|Spansion|Toshiba Corporation",-1|50863|-1|723125|821530|932787|-1|1000180|855906|1322705|98573,"Hynix Semiconductor|Intel Corporation|Micron Technology Inc.|STMicroelectronics|Samsung Electronics Co. Ltd.|SanDisk Corporation|Silicon Storage Technologies, Inc.|Silicon Storage Technology (SST) Inc.|Spansion|Toshiba Corporation",-1|50863|723125|932787|-1|1000180|855906|855906|1322705|98573
CIK1301991_10K_20131011.txt,,,Gemalto|Giesecke & Devrient|Oberthur Card Systems,-1|-1|-1
CIK1301991_10K_20141014.txt,,,Gemalto|Giesecke & Devrient|Oberthur Card Systems,-1|-1|-1
CIK1301991_10K_20151005.txt,,,Gemalto|Giesecke & Devrient|Oberthur Card Systems,-1|-1|-1
CIK1301991_10K_20160928.txt,,,Gemalto|Giesecke & Devrient|Oberthur Card Systems|Zwipe,-1|-1|-1|-1
CIK1301991_10K_20171013.txt,,,Gemalko|Giesecke & Devrient|MasterCard|Oberthur Card Systems|Visa,-1|-1|1141391|-1|1403161
CIK1301991_10K_20181012.txt,,,Gemalko|Giesecke & Devrient|MaterCard|Oberthur Card Systems|Visa,-1|-1|-1|-1|1403161
CIK1301991_10K_20190930.txt,,,Gemalto|Giesecke & Devrient|IDEMIA,-1|-1|-1
CIK1301991_10K_20201020.txt,,,Gemalto|Giesecke & Devrient|IDEMIA,-1|-1|-1
CIK1301991_10K_20211012.txt,,,Gemalto|Giesecke & Devrient|IDEMIA,-1|-1|-1
CIK1301991_10K_20221014.txt,,,Gemalto|Giesecke & Devrient|IDEMIA,-1|-1|-1
CIK1301991_10K_20231013.txt,,,Gemalto|Giesecke & Devrient|IDEMIA,-1|-1|-1
CIK1301991_10K_20241223.txt,,,Gemalto|Giesecke & Devrient|IDEMIA,-1|-1|-1
CIK1311241_10K_20120316.txt,,,ATMI|Elpida|GLOBALFOUNDRIES|SanDisk Corporation|Toshiba Corporation,1041577|-1|-1|1000180|98573
CIK1311241_10K_20130304.txt,,,ATMI|Elpida|GLOBALFOUNDRIES,1041577|-1|-1
CIK1311241_10K_20140310.txt,,,"First Solar, Inc.|GLOBALFOUNDRIES Singapore Pte. Ltd|Guardian Industries Corp.|Micron Technology, Inc.|SanDisk Corporation|Taiwan Semiconductor Manufacturing Company|Toshiba Corporation|Ulyanovsk Center for Technology Transfer of the Russian Federation",1274494|-1|944691|723125|1000180|1046179|98573|-1
CIK1311241_10K_20160328.txt,,,"ATMI|First Solar|GLOBALFOUNDRIES|Guardian Industries Corp.|Micron Technology, Inc.|SK Hynix",1041577|1274494|-1|944691|723125|-1
CIK1311241_10K_20170303.txt,,,"GLOBALFOUNDRIES|Guardian Industries Corp.|Micron Technology, Inc.|SK Hynix|Samsung",-1|944691|723125|-1|-1
CIK1316016_10K_20180307.txt,Broadcom|Marvell,1730168|1058057,Aruba|Broadcom|Brocade|Cisco|Dell|Hewlett-Packard Enterprise|Huawei|Intel|Juniper|Marvell|Oracle|Ruckus,1173752|1730168|1009626|858877|1571996|1645590|-1|50863|864921|1058057|1341439|1294016
CIK1322705_10K_20080228.txt,"Hynix Semiconductor Inc.|IM Flash Technology LLC|Intel Corporation|Micron Technology, Inc.|Numonyx|STMicroelectronics|Samsung Electronics Co., Ltd.|SanDisk Corporation|Toshiba Corporation",-1|-1|50863|723125|-1|932787|-1|1000180|98573,"Hynix Semiconductor Inc.|IM Flash Technology LLC|Intel Corporation|Macronix International Co., Ltd.|Micron Technology, Inc.|Numonyx|STMicroelectronics|Samsung Electronics Co., Ltd.|SanDisk Corporation|Sharp Electronics Corp.|Silicon Storage Technology, Inc.|Toshiba Corporation",-1|-1|50863|1009680|723125|-1|932787|-1|1000180|-1|855906|98573
CIK1322705_10K_20090513.txt,,,"Hynix Semiconductor Inc.|IM Flash Technology LLC|Intel Corporation|Macronix International Co., Ltd.|Micron Technology, Inc.|Numonyx B.V.|Samsung Electronics Co., Ltd.|SanDisk Corporation|Sharp Electronics Corp.|Silicon Storage Technology, Inc.|Toshiba Corporation",-1|-1|50863|1009680|723125|-1|-1|1000180|-1|855906|98573
CIK1322705_10K_20100212.txt,,,"Hynix Semiconductor Inc.|IM Flash Technology LLC|Intel Corporation|Macronix International Co., Ltd.|Micron Technology, Inc.|Numonyx B.V.|Samsung Electronics Co., Ltd.|SanDisk Corporation|Toshiba Corporation",-1|-1|50863|1009680|723125|-1|-1|1000180|98573
CIK1322705_10K_20110223.txt,,,"Atmel Corporation|EON Silicon Solution Inc.|Elpida Memory, Inc.|Hynix Semiconductor Inc.|Intel Corporation|Macronix International Co., Ltd.|Microchip Technology Inc.|Micron Technology, Inc.|Powerchip Technology Corporation|Samsung Electronics Co., Ltd.|Sandisk Corporation|Toshiba Corporation|Toshiba Semiconductor Company|Winbond Electronics Corp.",872448|-1|-1|-1|50863|1009680|827054|723125|-1|-1|1000180|98573|-1|-1
CIK1322705_10K_20120223.txt,,,"Atmel Corporation|Elpida Memory, Inc.|Eon Silicon Solution Inc.|Hynix Semiconductor, Inc.|Intel Corporation|Macronix International Co., Ltd.|Microchip Technology Inc.|Micron Technology, Inc.|Powerchip Technology Corporation|Samsung Electronics Co., Ltd.|Sandisk Corporation|Toshiba Semiconductor Company|Winbond Electronics Corp.",872448|-1|-1|-1|50863|1009680|827054|723125|-1|-1|1000180|-1|-1
CIK1322705_10K_20140225.txt,,,"Analog Devices, Inc.|Beats Electronics LLC|Delphi Automotive PLC|Delphi Automotive Systems, LLC|Freescale Semiconductor, Inc.|Harman Becker Automotive Systems GmbH|Harman Becker Automotive Systems, Inc.|Harman International Industries, Inc.|Infineon Technologies Corporation|Intel Corporation|Macronix International Co., Ltd.|Maxim Integrated Products, Inc.|Microchip Technology Inc.|Micron Technology, Inc.|Nintendo Co., Ltd.|Renesas Electronics Corp.|Ruckus Wireless, Inc.|SK Hynix Inc.|ST Microelectronics N.V.|Tellabs, Inc.|Toshiba Semiconductor Company Inc.|Winbond Electronics Corporation",6281|-1|-1|-1|1272547|-1|-1|-1|1107457|50863|1009680|743316|827054|723125|852937|-1|1294016|-1|-1|317771|-1|-1
CIK1322705_10K_20150211.txt,"Altera Corp.|Atmel Corp.|Cadence Design Systems Inc.|Cypress Semiconductor Corp.|Fairchild Semiconductor International Inc.|International Rectifier Corp.|Intersil Corp/DE|Mentor Graphics Corp.|Microchip Technology Inc.|Microsemi Corp.|PMC Sierra Inc.|RF Micro Devices Inc.|Skyworks Solutions, Inc.|Synopsys Inc.|Teradyne Inc.",768251|872448|813672|791915|1036960|316793|-1|701811|827054|310568|767920|-1|4127|883241|97210,"ADT Corporation|ASRock America, Inc.|ASRock Inc.|ASUS Computer International|ASUS Computer International (America)|ASUSTek Computer Inc.|Acer America Corporation|Acer Inc.|Aerohive Networks, Inc.|Allied Telesis, Inc.|Amazon.com, Inc.|Analog Devices Inc.|Analog Devices, Inc.|Atmel Corp.|Belkin International, Inc.|Cadence Design Systems Inc.|Ciena Corporation|Cypress Semiconductor Corporation|D-Link Corporation|D-Link Systems, Inc.|Delphi Automotive PLC|Delphi Automotive Systems, LLC|Fairchild Semiconductor International Inc.|Freescale Semiconductor, Inc.|Fujitsu Semiconductor Limited|Harman Becker Automotive Systems, Inc.|Harman International Industries, Inc.|Infineon Technologies Corporation|Intel Corporation|International Rectifier Corp.|Intersil Corp/DE|LSI Corporation|Leap Motion, Inc.|Lowe’s Companies, Inc.|Lowe’s Home Centers, Inc.|Macronix America, Inc.|Macronix International Co., Ltd.|Maxim Integrated Products|Maxim Integrated Products, Inc.|Mentor Graphics Corp.|Microchip Technology Inc.|Microchip Technology, Inc.|Micron Technology, Inc.|Microsemi Corp.|Microsoft Corp.|Netgear Inc.|Nintendo Co., Ltd.|Nintendo of America, Inc.|PMC Sierra Inc.|Polycom, Inc.|RF Micro Devices Inc.|Renesas Electronics Corp.|Ruckus Wireless, Inc.|SK Hynix|ST Microelectronics N.V.|Sercomm Corp.|ShoreTel Inc.|Skyworks Solutions, Inc.|Synopsys Inc.|Tellabs North America, Inc.|Tellabs, Inc.|Teradyne Inc.|TiVo Inc.|Toshiba Semiconductor Company Inc.|Vonage America Inc.|Vonage Holdings Corp.|Vonage Marketing LLC|Winbond Electronics Corporation",1703056|-1|-1|-1|-1|-1|-1|1069308|1372414|-1|1018724|6281|6281|872448|-1|813672|936395|791915|-1|-1|-1|-1|1036960|1272547|-1|-1|-1|1107457|50863|316793|-1|703360|-1|-1|-1|-1|1009680|743316|743316|701811|827054|827054|723125|310568|789019|1122904|852937|-1|767920|1010552|-1|-1|1294016|-1|-1|-1|1388133|4127|883241|-1|317771|97210|1088825|-1|-1|1272830|-1|-1
CIK1325702_10K_20080331.txt,,,LG.Philips LCD|Samsung|Sharp,-1|-1|800840
CIK1325702_10K_20130222.txt,,,"ARM Limited|Silicon Works Co., Ltd.",1057997|-1
CIK1325702_10K_20150212.txt,,,"ARM Limited|Silicon Works Co., Ltd.",1057997|-1
CIK1325702_10K_20160222.txt,,,"ARM Limited|Silicon Works Co., Ltd.",1057997|-1
CIK1325702_10K_20190222.txt,,,"ARM Limited|Silicon Works Co., Ltd.",1057997|-1
CIK1326973_10K_20091109.txt,Artesyn|BiTMICRO|ELO Technologies|Fusion-io|Hitachi|Hynix|Intel|Kontron|Kortek|Micron|Mtron|NetList|Pliant|Radisys|SSI|STEC|Samsung|SanDisk|Sanmina-SCI|Seagate|Toshiba|Tovis|Unigen|Viking InterWorks|Wells Gardner|Western Digital|Wintec,23071|-1|-1|1383729|47710|-1|50863|-1|-1|803512|-1|1282631|1049442|873044|1455982|1102741|-1|1000180|-1|1137789|98573|-1|-1|-1|-1|106040|-1,Apacer|Artesyn|BiTMICRO|ELO Technologies|Fusion-io|Hitachi|Hynix|Intel|Kontron|Kortek|Micron|Mtron|NetList|PQI|Pliant|Radisys|SSI (Western Digital)|STEC|Samsung|SanDisk|Seagate|Toshiba|Tovis|Transcend|Unigen|Viking InterWorks|Wells Gardner|Western Digital|Wintec,-1|23071|-1|-1|1383729|47710|-1|50863|-1|-1|803512|-1|1282631|352706|1049442|873044|1455982|1102741|-1|1000180|1137789|98573|-1|858452|-1|-1|-1|106040|-1
CIK1326973_10K_20101103.txt,BiTMICRO|Elpida|Fusion-io|Hitachi|Hynix|Intel|Kingston|Micron|Nanya|NetList|Pliant|STEC|Samsung|SanDisk|Seagate|SuperTalent|Toshiba|Unigen|Viking InterWorks (a Sanmina-SCI company)|Western Digital|Wintec,-1|-1|1383729|47710|-1|50863|810837|803512|-1|1282631|1049442|1102741|-1|1000180|1137789|-1|98573|-1|-1|106040|-1,Apacer|BiTMICRO|Elpida|Fusion-io|Hitachi|Hynix|Intel|Kingston|Micron|Nanya|NetList|PQI|Pliant|STEC|Samsung|SanDisk|Seagate|SuperTalent|Toshiba|Transcend|Unigen|Viking InterWorks (a Sanmina-SCI company)|Western Digital|Wintec,-1|-1|-1|1383729|47710|-1|50863|810837|803512|-1|1282631|352706|1049442|1102741|-1|1000180|1137789|-1|98573|858452|-1|-1|106040|-1
CIK1329394_20F_20060630.txt,,,ATI|Cypress|Genesys|Hyperstone AG|Incomm|NVIDIA|Panasonic|Phison|PortalPlayer|Renesas|Samsung|SanDisk|SigmaTel|Silicon Storage Technology|Skymedi|Sunplus|Telechips|Toshiba|USBest,929245|716054|1036436|-1|-1|1045810|63271|-1|1297633|-1|-1|1000180|1043639|855906|-1|-1|873979|98573|-1
CIK1329394_20F_20070702.txt,,,ALi|AMD|Actions|Alcor Micro|Analog Devices|Chipsbank|Genesys|Incomm|Infineon|NVIDIA|NXP|Phison|Qualcomm|RFMD|Rockchip|Samsung|SigmaTel|Skymedi|Skyworks|USBest|Vimicro,863928|2488|-1|-1|6281|-1|1036436|-1|1107457|1045810|1413447|-1|804328|-1|-1|-1|1043639|-1|4127|-1|1341088
CIK1329394_20F_20080512.txt,,,ALi|AMD|Actions|Alcor Micro|Analog Devices|Broadcom|Chipsbank|DiBcom|Genesys|Incomm|Infineon|NVIDIA|NXP|Newport Media|Phison|Qualcomm|RFMD|Rockchip|Samsung|Siano|SigmaTel|Skymedi|Skyworks|USBest|Vimicro,863928|2488|-1|-1|6281|1730168|-1|-1|1036436|-1|1107457|1045810|1413447|-1|-1|804328|-1|-1|-1|-1|1043639|-1|4127|-1|1341088
CIK1329394_20F_20090714.txt,,,ALi|AMD|Actions|Alcor Micro|Analog Devices|Chipsbank|DiBcom|Freescale|Frontier Silicon|Fujitsu|GCT Semiconductor|Genesys|Hyperstone|I&C Technology|Incomm|J-Micron|Maxlinear|Murata|Nexilon|Novatek|Phison|Qualcomm|Rockchip|Samsung|Siano|Skymedi|Solid State Systems|Sonix|Toshiba|USBest|Vimicro|XGI,863928|2488|-1|-1|6281|-1|-1|1272547|-1|39341|-1|1036436|-1|-1|-1|-1|1288469|-1|-1|832334|-1|804328|-1|-1|-1|-1|-1|-1|98573|-1|1341088|721176
CIK1329394_20F_20100625.txt,,,AMD|Actions|Alcor Micro|Analog Devices|Chipsbank|DiBcom|Freescale|Frontier Silicon|Fujitsu|GCT Semiconductor|Hyperstone|I&C Technology|ITE|J-Micron|Maxlinear|Murata|Nexilon|Novatek|Phison|Qualcomm|Rockchip|Samsung|Siano|Skymedi|Solid State Systems|Sonix|Toshiba|Vimicro|XGI,2488|-1|-1|6281|-1|-1|1272547|-1|39341|-1|-1|-1|1116201|-1|1288469|-1|-1|832334|-1|804328|-1|-1|-1|-1|-1|-1|98573|1341088|721176
CIK1329394_20F_20110630.txt,,,Alcor Micro|GCT|I&C|ITE|J-Micron|Newport Media|Phison|Raontech|Siano|Skymedi|Solid State Systems|Toshiba|XGI,-1|1293200|51497|1116201|-1|-1|-1|-1|-1|-1|-1|98573|721176
CIK1329394_20F_20120430.txt,,,AMD|ASolid|Alcor Micro|GCT|I&C|ITE|NVIDIA|Newport Media|Phison|Raontech|SiS|Siano|Skymedi|Solid State Systems,2488|-1|-1|1293200|51497|1116201|1045810|-1|-1|-1|719113|-1|-1|-1
CIK1329394_20F_20130430.txt,,,Alcor Micro|GCT|I&C|ITE|Newport Media|Phison|Raontech|Skymedi,-1|1293200|51497|1116201|-1|-1|-1|-1
CIK1329394_20F_20140430.txt,,,ASolid|Alcor Micro|I&C|LSI|Marvell|Phison|Raontech|Samsung|Skymedi,-1|-1|51497|703360|1058057|-1|-1|-1|-1
CIK1329394_20F_20150430.txt,,,ASolid|Alcor Micro|Fujitsu|Marvell|Phison|Raontech|Samsung,-1|-1|39341|1058057|-1|-1|-1
CIK1329394_20F_20160429.txt,,,ASolid|Alcor Micro|Marvell|Phison|Raontech|Socionext,-1|-1|1058057|-1|-1|-1
CIK1329394_20F_20170428.txt,,,Marvell|Phison,1058057|-1
CIK1329394_20F_20180430.txt,,,Marvell,1058057
CIK1329394_20F_20190515.txt,,,Marvell,1058057
CIK1329394_20F_20200612.txt,,,Marvell,1058057
CIK1329394_20F_20210512.txt,,,Marvell,1058057
CIK1329394_20F_20220425.txt,,,Marvell|Phison,1058057|-1
CIK1329394_20F_20230428.txt,,,Marvell|Phison,1058057|-1
CIK1329394_20F_20240430.txt,,,Marvell|Phison,1058057|-1
CIK1329394_20F_20250430.txt,,,Microchip|Phison,827054|-1
CIK1331588_20F_20060626.txt,,,"MagnaChip|Matsushita Electric Industrial Co., Ltd.|Micron Technology Inc.|OmniVision Technologies, Inc.|STMicroelectronics N.V.|Samsung Electronics Co., Ltd.|Sony Corporation|Toshiba Corporation",1325702|-1|723125|1106851|932787|-1|313838|98573
CIK1331588_20F_20070629.txt,CMOS image sensor designs and end-products,-1,"MagnaChip Semiconductor, Ltd.|Matsushita Electric Industrial Co., Ltd.|Micron Technology Inc.|OmniVision Technologies, Inc.|STMicroelectronics N.V.|Samsung Electronics Co., Ltd.|Sony Corporation|Toshiba Corporation",1325702|-1|723125|1106851|932787|-1|313838|98573
CIK1331588_20F_20080630.txt,,,"MagnaChip|Matsushita Electric Industrial Co., Ltd.|Micron Technology Inc.|OmniVision Technologies, Inc.|STMicroelectronics N.V.|Samsung Electronics Co., Ltd.|Samsung LSI|Sony Corporation|Toshiba Corporation",1325702|-1|723125|1106851|932787|-1|-1|313838|98573
CIK1333822_10K_20121213.txt,"Citizen Electronics Co., Ltd.|Cree|Epistar Corporation|Genesis Photonics Inc.|Micron Technology, Inc.|Nichia Corporation|Philips (Lumileds)|Samsung Electronics Co., Ltd.|Sharp Ltd.|Showa Denko K.K.|Siemens (Osram) GmbH|Taiwan Semiconductor Manufacturing Co.|Toyoda Gosei Co., Ltd.",-1|895419|-1|-1|723125|-1|205778|-1|800840|-1|1135644|1046179|-1,"China SemiLEDs|Citizen Electronics Co., Ltd.|Cree|Cree, Inc.|Epistar Corporation|Genesis Photonics Inc.|Micron Technology, Inc.|Nichia Corporation|Philips (Lumileds)|Samsung Electronics Co., Ltd.|Sharp Ltd.|Showa Denko K.K.|Siemens (Osram) GmbH|Taiwan SemiLEDs|Taiwan Semiconductor Manufacturing Co.|Toyoda Gosei Co., Ltd.",-1|-1|895419|895419|-1|-1|723125|-1|205778|-1|800840|-1|1135644|-1|1046179|-1
CIK1333822_10K_20131126.txt,"Citizen Electronics Co., Ltd.|Cree|Edison Opto Corporation|Epistar Corporation|Genesis Photonics Inc.|LG Innotek Co., Ltd.|Nichia Corporation|Ning Xiang|Philips (Lumileds)|Samsung Electronics Co., Ltd.|Sharp Ltd.|Showa Denko K.K.|Siemens (Osram) GmbH|Taiwan Semiconductor Manufacturing Co.|Toyoda Gosei Co., Ltd.",-1|895419|-1|-1|-1|-1|-1|-1|205778|-1|800840|-1|1135644|1046179|-1,"Citizen Electronics Co., Ltd.|Cree|Edison Opto Corporation|Epistar Corporation|Genesis Photonics Inc.|LG Innotek Co., Ltd.|Nichia Corporation|Philips (Lumileds)|Samsung Electronics Co., Ltd.|Seoul Semiconductor Co., Ltd.|Sharp Ltd.|Showa Denko K.K.|Siemens (Osram) GmbH|Taiwan Semiconductor Manufacturing Co.|Toyoda Gosei Co., Ltd.",-1|895419|-1|-1|-1|-1|-1|205778|-1|-1|800840|-1|1135644|1046179|-1
CIK1333822_10K_20141212.txt,"Citizen Electronics Co., Ltd.|Cree|Edison Opto Corporation|Epistar Corporation|Genesis Photonics Inc.|LG Innotek Co., Ltd.|Nichia Corporation|Philips (Lumileds)|Samsung Electronics Co., Ltd.|Sharp Ltd.|Showa Denko K.K.|Siemens (Osram) GmbH|Taiwan Semiconductor Manufacturing Co.|Toyoda Gosei Co., Ltd.",-1|895419|-1|-1|-1|-1|-1|205778|-1|800840|-1|1135644|1046179|-1,"Citizen Electronics Co., Ltd.|Cree|Edison Opto Corporation|Epistar Corporation|Genesis Photonics Inc.|LG Innotek Co., Ltd.|Nichia Corporation|Ning Xiang|Philips (Lumileds)|Samsung Electronics Co., Ltd.|Seoul Semiconductor Co., Ltd.|Sharp Ltd.|Showa Denko K.K.|Siemens (Osram) GmbH|Taiwan Semiconductor Manufacturing Co.|Toyoda Gosei Co., Ltd.",-1|895419|-1|-1|-1|-1|-1|-1|205778|-1|-1|800840|-1|1135644|1046179|-1
CIK1333822_10K_20161121.txt,"Cree|Edison Opto Corporation|Everlight|LED Engin|LG Innotek Co., Ltd.|LiteOn|Nichia Corporation|Osram-OS GmbH|Philips (Lumileds)|Samsung Electronics Co., Ltd.|Seoul Viosys Co. Ltd.",895419|-1|-1|-1|-1|-1|-1|-1|205778|-1|-1,"Beijing Xiaoqing Environmental Protection Group|Cree|Edison Opto Corporation|Everlight|LED Engin|LG Innotek Co., Ltd.|LiteOn|Nichia Corporation|Osram-OS GmbH|Philips (Lumileds)|Samsung Electronics Co., Ltd.|Seoul Viosys Co. Ltd.",-1|895419|-1|-1|-1|-1|-1|-1|-1|205778|-1|-1
CIK1333822_10K_20231128.txt,,,Chinese manufacturers|LED chip manufacturers|LED packaging manufacturers,-1|-1|-1
CIK1333822_10K_20241127.txt,,,Chinese manufacturers|LED chip manufacturers|LED packaging manufacturers,-1|-1|-1
CIK1333822_10K_20251128.txt,,,SemiLEDs,1333822
CIK1337675_10K_20070316.txt,Chartered Semiconductor Manufacturing Ltd.|IBM|International Corporation|Taiwan Semiconductor Manufacturing Company,1095270|353524|89089|1046179,Chartered Semiconductor Manufacturing Ltd.|IBM|Semiconductor Manufacturing International Corporation|Taiwan Semiconductor Manufacturing Company|United Microelectronics Corporation,1095270|353524|1267482|1046179|1033767
CIK1337675_10K_20080324.txt,Al Corporation|Chartered Semiconductor Manufacturing Ltd.|IBM|Taiwan Semiconductor Manufacturing Company,783425|1095270|353524|1046179,Chartered Semiconductor Manufacturing Ltd.|IBM|Semiconductor Manufacturing International Corporation|Taiwan Semiconductor Manufacturing Company|United Microelectronics Corporation,1095270|353524|1267482|1046179|1033767
CIK1337675_10K_20090223.txt,Chartered Semiconductor Manufacturing Ltd.|IBM|Taiwan Semiconductor Manufacturing Company|al Corporation,1095270|353524|1046179|-1,Chartered Semiconductor Manufacturing Ltd.|IBM|Semiconductor Manufacturing International Corporation|Taiwan Semiconductor Manufacturing Company|United Microelectronics Corporation,1095270|353524|1267482|1046179|1033767
CIK1337675_10K_20100323.txt,Chartered Semiconductor Manufacturing Ltd.|Conexant|IBM|Manufacturing International Corporation|Taiwan Semiconductor Manufacturing Company,1095270|1069353|353524|1267482|1046179,Agere/LSI Corporation|Chartered Semiconductor Manufacturing Ltd.|IBM|Semiconductor Manufacturing International Corporation|Taiwan Semiconductor Manufacturing Company|Tower Semiconductor Ltd.|United Microelectronics Corporation,-1|1095270|353524|1267482|1046179|928876|1033767
CIK1337675_10K_20110222.txt,Chartered Semiconductor Manufacturing Ltd.|Conexant|IBM|Manufacturing International Corporation|Taiwan Semiconductor Manufacturing Company,1095270|1069353|353524|1267482|1046179,Chartered Semiconductor Manufacturing Ltd.|IBM|Semiconductor Manufacturing International Corporation|Taiwan Semiconductor Manufacturing Company|United Microelectronics Corporation,1095270|353524|1267482|1046179|1033767
CIK1337675_10K_20120330.txt,Chartered Semiconductor Manufacturing Ltd.|Conexant|IBM|Manufacturing International Corporation|Taiwan Semiconductor Manufacturing Company,1095270|1069353|353524|1267482|1046179,Chartered Semiconductor Manufacturing Ltd.|IBM|Semiconductor Manufacturing International Corporation|Taiwan Semiconductor Manufacturing Company|United Microelectronics Corporation,1095270|353524|1267482|1046179|1033767
CIK1337675_10K_20130329.txt,Chartered Semiconductor Manufacturing Ltd.|Conexant|IBM|Manufacturing International Corporation|Taiwan Semiconductor Manufacturing Company,1095270|1069353|353524|1267482|1046179,Chartered Semiconductor Manufacturing Ltd.|IBM|Semiconductor Manufacturing International Corporation|Taiwan Semiconductor Manufacturing Company|United Microelectronics Corporation,1095270|353524|1267482|1046179|1033767
CIK1337675_10K_20140303.txt,Chartered Semiconductor Manufacturing Ltd.|Conexant|IBM|Manufacturing International Corporation|Taiwan Semiconductor Manufacturing Company,1095270|1069353|353524|1267482|1046179,Chartered Semiconductor Manufacturing Ltd.|IBM|Semiconductor Manufacturing International Corporation|Taiwan Semiconductor Manufacturing Company|United Microelectronics Corporation,1095270|353524|1267482|1046179|1033767
CIK1337675_10K_20150410.txt,Taiwan Semiconductor Manufacturing Company,1046179,Dong Bu|Global Foundries|IBM|ST|Semiconductor Manufacturing International Corporation|Taiwan Semiconductor Manufacturing Company|United Microelectronics Corporation|Vanguard|X-Fab,-1|-1|353524|934596|1267482|1046179|1033767|1045829|-1
CIK1342068_20F_20060428.txt,,,Philips Semiconductor|PortalPlayer|Samsung|SigmaTel|Sunplus|Telechips|Texas Instruments,-1|1297633|-1|1043639|-1|873979|97476
CIK1342068_20F_20070424.txt,,,ALi|Broadcom|Philips Semiconductor|PortalPlayer|Rockchip|Samsung|SigmaTel|Sunplus|Telechips|Texas Instruments,863928|1730168|-1|1297633|-1|-1|1043639|-1|873979|97476
CIK1342068_20F_20120420.txt,,,ALi|AllWinner|Amlogic|Anyka|BestRely|Buildwin|Freescale|General Plus|Infotmic|Ingenic|JieLI|MVSilicon|Rockchips|Sunplus|Top Wise|Vmicro|WonderMedia,863928|-1|-1|-1|-1|-1|1272547|-1|-1|-1|-1|-1|-1|-1|-1|-1|-1
CIK1342068_20F_20130425.txt,,,ALi|AllWinner|Amlogic|Anyka|BestRely|Buildwin|Freescale|General Plus|Infotmic|Ingenic|JieLI|MVSilicon|MediaTek|Rockchips|Vmicro|WonderMedia,863928|-1|-1|-1|-1|-1|1272547|-1|-1|-1|-1|-1|-1|-1|-1|-1
CIK1342068_20F_20140424.txt,,,ALi|Actions Semiconductor (Zhuhai)|AllWinner|Amlogic|Anyka|Artek Microelectronics (Shenzhen)|BestRely|Buildwin|Freescale|General Plus|Infotmic|Ingenic|Intel|JieLI|MVSilicon|MediaTek|Rockchips|Vmicro|WonderMedia,863928|-1|-1|-1|-1|-1|-1|-1|1272547|-1|-1|-1|50863|-1|-1|-1|-1|-1|-1
CIK1342068_20F_20150424.txt,,,ALi|Actions Semiconductor (Zhuhai)|AllWinner|Amlogic|Anyka|Artek Microelectronics (Shenzhen)|BestRely|Buildwin/Appotek|CSR|Freescale|ISSC|Infotmic|Intel|JieLI|MVSilicon|MediaTek|RDA|Rockchip|WonderMedia,863928|-1|-1|-1|-1|-1|-1|-1|928329|1272547|836690|-1|50863|-1|-1|-1|1493637|-1|-1
CIK1342068_20F_20160428.txt,,,"Actions Semiconductor (Zhuhai)|Airoha|AllWinner|Amlogic|Anyka|Artek Microelectronics (Shenzhen)|BeKen|BestRely|Buildwin/Appotek|CSR|Freescale|GeneralPlus|HiSilicon|ISSC|Infotmic|Intel|JieLI|MVSilicon|Mavrix Technology (H.K.) Co., Limited|Mavrix Technology, Inc.|MediaTek|Mstar|RDA|Rockchip|Shanghai Mavrix Electronics, Ltd.|SunPlus|ViMicro|WonderMedia",-1|-1|-1|-1|-1|-1|-1|-1|-1|928329|1272547|-1|-1|836690|-1|50863|-1|-1|-1|-1|-1|-1|1493637|-1|-1|-1|1341088|-1
CIK1342338_20F_20070622.txt,"Advanced Micro Devices, Inc.|Broadcom Corporation|Displaytech Inc.|Genesis Microchip, Inc.|MStar Semiconductor, Inc.|MagnaChip Semiconductor Ltd.|Matsushita Electric Works, Ltd.|Mediatek Corp.|Micronas Semiconductor Holding AG|Microvision, Inc.|NEC Electronics Corporation|NXP Semiconductor|Oki Electric Industry Co. Ltd.|Pixelworks Inc.|Renesas Technology Corp.|STMicroelectronics|Samsung Electronics Co., Ltd.|Seiko Epson Corporation|Sharp Corporation|SmartASIC Technology, Inc.|Solomon Systech Limited|Sony Corporation|Texas Instruments Incorporated|Toshiba Corporation|Trident Microsystems, Inc.|Victor Company of Japan, Limited|Wisepal Technologies, Inc.|Zoran Corporation",2488|1730168|821256|1161396|-1|1325702|-1|-1|-1|65770|-1|1413447|-1|1040161|-1|932787|-1|-1|800840|-1|-1|313838|97476|98573|859475|-1|-1|1003022,"Advanced Micro Devices, Inc.|Broadcom Corporation|Chartered Semiconductor Manufacturing Ltd.|Cheertek Incorporation|DenMOS Technology Inc.|Displaytech Inc.|Fitipower Integrated Technology, Inc.|Genesis Microchip, Inc.|Ili Technology Corp.|Leadis Technology, Inc.|Lite-on Semiconductor Corp.|MStar Semiconductor, Inc.|Macronix International Co., Ltd.|MagnaChip Semiconductor Ltd.|Matsushita Electric Works, Ltd.|Mediatek Corp.|Micronas Semiconductor Holding AG|Microvision, Inc.|NEC Electronics Corporation|NXP Semiconductor|Novatek Microelectronics Corp., Ltd.|Oki Electric Industry Co. Ltd.|Orise Technology Co., Ltd.|Pixelworks Inc.|Powerchip Semiconductor Corp.|Raydium Semiconductor Corporation|Renesas Technology Corp.|STMicroelectronics|Samsung Electronics Co., Ltd.|Seiko Epson Corporation|Sharp Corporation|Sitronix Technology Co., Ltd.|SmartASIC Technology, Inc.|Solomon Systech Limited|Sony Corporation|Taiwan Semiconductor Manufacturing Company|Texas Instruments Incorporated|Toshiba Corporation|Trident Microsystems, Inc.|United Microelectronics Corporation|Vanguard International Semiconductor Corporation|Victor Company of Japan, Limited|Zoran Corporation",2488|1730168|1095270|-1|-1|821256|-1|1161396|-1|1130626|-1|-1|1009680|1325702|-1|-1|-1|65770|-1|1413447|-1|-1|-1|1040161|-1|-1|-1|932787|-1|-1|800840|-1|-1|-1|313838|1046179|97476|98573|859475|1033767|-1|-1|1003022
CIK1342338_20F_20080620.txt,"Advanced Micro Devices, Inc.|Broadcom Corporation|Displaytech Inc.|Huaya Microelecronics Inc.|MStar Semiconductor, Inc.|MagnaChip Semiconductor Ltd.|Matsushita Electric Works, Ltd.|Maxchip Electronics Corp.|Mediatek Corp.|Micronas Semiconductor Holding AG|Microvision, Inc.|NEC Electronics Corporation|NXP Semiconductor|Novatek Microelectronics Corp.|Oki Electric Industry Co. Ltd.|Pixelworks Inc.|Realtek Semiconductor Corp.|Renesas Technology Corp.|STMicroelectronics|Samsung Electronics Co., Ltd.|Seiko Epson Corporation|Sharp Corporation|Silicon Manufacturing Partners Pte Ltd.|Sony Corporation|Sunplus Technology Co.|Texas Instruments Incorporated|Toshiba Corporation|Trident Microsystems, Inc.|Victor Company of Japan, Limited|Zoran Corporation",2488|1730168|821256|-1|-1|1325702|-1|-1|-1|-1|65770|-1|1413447|-1|-1|1040161|-1|-1|932787|-1|-1|800840|-1|313838|-1|97476|98573|859475|-1|1003022,"Advanced Micro Devices, Inc.|Broadcom Corporation|Chartered Semiconductor Manufacturing Ltd.|Cheertek Incorporation|DenMOS Technology Inc.|Displaytech Inc.|Fitipower Integrated Technology, Inc.|Huaya Microelecronics Inc.|Ili Technology Corp.|Leadis Technology, Inc.|Lite-on Semiconductor Corp.|MStar Semiconductor, Inc.|Macronix International Co., Ltd.|MagnaChip Semiconductor Ltd.|Matsushita Electric Works, Ltd.|Maxchip Electronics Corp.|Mediatek Corp.|Micronas Semiconductor Holding AG|Microvision, Inc.|NEC Electronics Corporation|NXP Semiconductor|Novatek Microelectronics Corp., Ltd.|Oki Electric Industry Co. Ltd.|Orise Technology Co., Ltd.|Pixelworks Inc.|Raydium Semiconductor Corporation|Realtek Semiconductor Corp.|Renesas Technology Corp.|STMicroelectronics|Samsung Electronics Co., Ltd.|Seiko Epson Corporation|Sharp Corporation|Silicon Manufacturing Partners Pte Ltd.|Sitronix Technology Co., Ltd.|SmartASIC Technology, Inc.|Solomon Systech Limited|Sony Corporation|Sunplus Technology Co.|Taiwan Semiconductor Manufacturing Company|Texas Instruments Incorporated|Toshiba Corporation|Trident Microsystems, Inc.|United Microelectronics Corporation|Vanguard International Semiconductor Corporation|Victor Company of Japan, Limited|Zoran Corporation",2488|1730168|1095270|-1|-1|821256|-1|-1|-1|1130626|-1|-1|1009680|1325702|-1|-1|-1|-1|65770|-1|1413447|-1|-1|-1|1040161|-1|-1|-1|932787|-1|-1|800840|-1|-1|-1|-1|313838|-1|1046179|97476|98573|859475|1033767|-1|-1|1003022
CIK1342338_20F_20090515.txt,"Advanced Analog Technology, Inc.|Advanced Micro Devices, Inc.|Aptina Imaging Corporation|Broadcom Corporation|Displaytech Inc.|Global Mixed-mode Technology Inc.|Huaya Microelecronics Inc.|MStar Semiconductor, Inc.|MagnaChip Semiconductor Ltd.|Matsushita Electric Works, Ltd.|Maxim Integrated Products, Inc.|Mediatek Corp.|Micronas Semiconductor Holding AG|Microvision, Inc.|NEC Electronics Corporation|NXP Semiconductor|Novatek Microelectronics Corp.|Omnivision Technologies Inc.|Pixelworks Inc.|Realtek Semiconductor Corp.|Renesas Technology Corp.|Richtek Technology Corporation|Rohm Co., Ltd.|STMicroelectronics|Samsung Electronics Co., Ltd.|Sanyo Electric Co., Ltd.|Seiko Epson Corporation|Sharp Corporation|SmartASIC Technology, Inc.|Solomon Systech Limited|Sony Corporation|Sunplus Technology Co.|Texas Instruments Incorporated|Toshiba Corporation|Trident Microsystems, Inc.|Zoran Corporation",-1|2488|-1|1730168|821256|-1|-1|-1|1325702|-1|743316|-1|-1|65770|-1|1413447|-1|1106851|1040161|-1|-1|-1|-1|932787|-1|800863|-1|800840|-1|-1|313838|-1|97476|98573|859475|1003022,"Advanced Analog Technology, Inc.|Advanced Micro Devices, Inc.|Aptina Imaging Corporation|Broadcom Corporation|DenMOS Technology Inc.|Displaytech Inc.|Fitipower Integrated Technology, Inc.|Global Mixed-mode Technology Inc.|Huaya Microelecronics Inc.|Ili Technology Corp.|Leadis Technology, Inc.|MStar Semiconductor, Inc.|MagnaChip Semiconductor Ltd.|Matsushita Electric Works, Ltd.|Maxim Integrated Products, Inc.|Mediatek Corp.|Micronas Semiconductor Holding AG|Microvision, Inc.|NEC Electronics Corporation|NXP Semiconductor|Novatek Microelectronics Corp., Ltd.|Omnivision Technologies Inc.|Orise Technology Co., Ltd.|Pixelworks Inc.|Raydium Semiconductor Corporation|Realtek Semiconductor Corp.|Renesas Technology Corp.|Richtek Technology Corporation|Rohm Co., Ltd.|STMicroelectronics|Samsung Electronics Co., Ltd.|Sanyo Electric Co., Ltd.|Seiko Epson Corporation|Sharp Corporation|Sitronix Technology Co., Ltd.|SmartASIC Technology, Inc.|Solomon Systech Limited|Sony Corporation|Sunplus Technology Co.|Texas Instruments Incorporated|Toshiba Corporation|Trident Microsystems, Inc.|Zoran Corporation",-1|2488|-1|1730168|-1|821256|-1|-1|-1|-1|1130626|-1|1325702|-1|743316|-1|-1|65770|-1|1413447|-1|1106851|-1|1040161|-1|-1|-1|-1|-1|932787|-1|800863|-1|800840|-1|-1|-1|313838|-1|97476|98573|859475|1003022
CIK1342338_20F_20100603.txt,"Advanced Analog Technology, Inc.|Anteryon|Aptina Imaging Corporation|Broadcom Corporation|CMO|Chimei Innolux|Dynamic Digital Depth Group plc|Global Mixed-mode Technology Inc.|Heptagon|Huaya Microelecronics Inc.|In-three, Inc.|Innolux|MStar Semiconductor, Inc.|MagnaChip Semiconductor Ltd.|Mediatek Corp.|Micron Technology|Microvision, Inc.|NEC Electronics Corporation|NXP Semiconductor|Nemotek Technologies|Novatek Microelectronics Corp.|Omnivision Technologies Inc.|Panasonic Corporation|Prime Focus Ltd.|Q-Technology Ltd.|Realtek Semiconductor Corp.|Renesas Technology Corp.|Richtek Technology Corporation|Rohm Co., Ltd.|STMicroelectronics|Samsung Electronics Co., Ltd.|Sanyo Electric Co., Ltd.|Sassoon Film Design|Seiko Epson Corporation|Sharp Corporation|Sitronix Technology Co., Ltd.|Solomon Systech Limited|Sony Corporation|Sunplus Technology Co.|Syndiant Inc.|TPO|Texas Instruments Incorporated|Toshiba Corporation|Trident Microsystems, Inc.|Visera Technologies Company Ltd.|Zoran Corporation",-1|-1|-1|1730168|766701|-1|-1|-1|-1|-1|-1|-1|-1|1325702|-1|723125|65770|-1|1413447|-1|-1|1106851|63271|-1|-1|-1|-1|-1|-1|932787|-1|800863|-1|-1|800840|-1|-1|313838|-1|-1|721380|97476|98573|859475|-1|1003022,"Advanced Analog Technology, Inc.|Aptina Imaging Corporation|Broadcom Corporation|Chartered Semiconductor Manufacturing Ltd.|Chipbond Technology Corporation|Dynamic Digital Depth Group plc|Fitipower Integrated Technology, Inc.|Global Mixed-mode Technology Inc.|Globalfoundries|Huaya Microelecronics Inc.|Ili Technology Corp.|In-three, Inc.|International Semiconductor Technology Ltd.|Lite-on Semiconductor Corp.|Lusem Co., Ltd|MStar Semiconductor, Inc.|Macronix International Co., Ltd.|MagnaChip Semiconductor Ltd.|Maxchip Electronics Corp.|Mediatek Corp.|Micron Technology|Microvision, Inc.|NEC Electronics Corporation|NXP Semiconductor|Novatek Microelectronics Corp., Ltd.|Omnivision Technologies Inc.|Orise Technology Co., Ltd.|Panasonic Corporation|Prime Focus Ltd.|Raydium Semiconductor Corporation|Realtek Semiconductor Corp.|Renesas Technology Corp.|Richtek Technology Corporation|Rohm Co., Ltd.|STMicroelectronics|Samsung Electronics Co., Ltd.|Samsung Electronics Taiwan Co., Ltd.|Sanyo Electric Co., Ltd.|Sassoon Film Design|Seiko Epson Corporation|Shanghai Hua Hong NEC Electronics Company, Ltd.|Sharp Corporation|Silicon Manufacturing Partners Pte., Ltd.|Sitronix Technology Co., Ltd.|Solomon Systech Limited|Sony Corporation|Sunplus Technology Co.|Syndiant Inc.|Taiwan Semiconductor Manufacturing Company Limited|Texas Instruments Incorporated|Toshiba Corporation|Trident Microsystems, Inc.|United Microelectronics Corporation|Vanguard International Semiconductor Corporation|Zoran Corporation",-1|-1|1730168|1095270|-1|-1|-1|-1|-1|-1|-1|-1|-1|-1|-1|-1|1009680|1325702|-1|-1|723125|65770|-1|1413447|-1|1106851|-1|63271|-1|-1|-1|-1|-1|-1|932787|-1|-1|800863|-1|-1|-1|800840|-1|-1|-1|313838|-1|-1|1046179|97476|98573|859475|1033767|-1|1003022
CIK1342338_20F_20110520.txt,"Advanced Analog Technology, Inc.|Anteryon|Aptina Imaging Corporation|Atmel Corp.|Broadcom Corporation|CMO|Chimei Innolux|Cypress Semiconductor Corp.|Global Mixed-mode Technology Inc.|Heptagon|Huaya Microelectronics Inc.|Innolux|MStar Semiconductor, Inc.|MagnaChip Semiconductor Ltd.|Maxim Integrated Products, Inc.|Mediatek Corp.|Micron Technology|Microvision, Inc.|NEC Electronics Corporation|NXP Semiconductor|Nemotek Technologies|Novatek Microelectronics Corp.|Omnivision Technologies Inc.|Panasonic Corporation|Q-Technology Ltd.|Realtek Semiconductor Corp.|Renesas Technology Corp.|Rohm Co., Ltd.|STMicroelectronics|Samsung Electronics Co., Ltd.|Sanyo Electric Co., Ltd.|Seiko Epson Corporation|Sharp Corporation|Sony Corporation|Sunplus Technology Co.|Synaptics Inc.|Syndiant Inc.|TPO|Texas Instruments Incorporated|Trident Microsystems, Inc.|Visera Technologies Company Ltd.|Zoran Corporation",-1|-1|-1|872448|1730168|766701|-1|791915|-1|-1|-1|-1|-1|1325702|743316|-1|723125|65770|-1|1413447|-1|-1|1106851|63271|-1|-1|-1|-1|932787|-1|800863|-1|800840|313838|-1|817720|-1|721380|97476|859475|-1|1003022,"Aptina Imaging Corporation|Atmel Corp.|Broadcom Corporation|CMO|Chipbond Technology Corporation|Cypress Semiconductor Corp.|DongBu Electronics|Fitipower Integrated Technology, Inc.|Globalfoundries|Huaya Microelectronics Inc.|Ili Technology Corp.|Innolux|International Semiconductor Technology Ltd.|Lite-on Semiconductor Corp.|Lusem Co., Ltd|MStar Semiconductor, Inc.|Macronix International Co., Ltd.|MagnaChip Semiconductor Ltd.|Maxchip Electronics Corp.|Mediatek Corp.|Micron Technology|Microvision, Inc.|NEC Electronics Corporation|NXP Semiconductor|Novatek Microelectronics Corp.|Omnivision Technologies Inc.|Orise Technology Co., Ltd.|Panasonic Corporation|Raydium Semiconductor Corporation|Realtek Semiconductor Corp.|Renesas Technology Corp.|Rohm Co., Ltd.|STMicroelectronics|Samsung Electronics Co., Ltd.|Sanyo Electric Co., Ltd.|Seiko Epson Corporation|Semiconductor Manufacturing International Corporation|Shanghai Hua Hong NEC Electronics Company, Ltd.|Sharp Corporation|Silicon Works Co. Ltd.|Siliconware Precision Industries Co., Ltd.|Sitronix Technology Co., Ltd.|Solomon Systech Limited|Sony Corporation|Sunplus Technology Co.|Synaptics Inc.|Syndiant Inc.|TPO|Taiwan Semiconductor Manufacturing Company Limited|Texas Instruments Incorporated|Toshiba Corporation|Trident Microsystems, Inc.|United Microelectronics Corporation|Vanguard International Semiconductor Corporation|Zoran Corporation",-1|872448|1730168|766701|-1|791915|-1|-1|-1|-1|-1|-1|-1|-1|-1|-1|1009680|1325702|-1|-1|723125|65770|-1|1413447|-1|1106851|-1|63271|-1|-1|-1|-1|932787|-1|800863|-1|1267482|-1|800840|-1|-1|-1|-1|313838|-1|817720|-1|721380|1046179|97476|98573|859475|1033767|-1|1003022
CIK1342338_20F_20120501.txt,Chimei Innolux,-1,"Advanced Analog Technology, Inc.|Anteryon|Aptina Imaging Corporation|Atmel Corp.|Chartered Semiconductor Manufacturing Ltd.|Chi Mei Optoelectronics Corp.|Chimei Innolux Corporation|Chipbond Technology Corporation|Cypress Semiconductor Corp.|DongBu Electronics|Fitipower Integrated Technology, Inc.|Global Mixed-mode Technology Inc.|Globalfoundries|Heptagon|Ili Technology Corp.|Innolux Display Corporation|International Semiconductor Technology Ltd.|Lite-on Semiconductor Corp.|Lusem Co., Ltd|MStar Semiconductor, Inc.|Macronix International Co., Ltd.|MagnaChip Semiconductor Ltd.|Maxchip Electronics Corp.|Mediatek Corp.|Mitsui Micro Circuits Taiwan Co., Ltd.|NEC Electronics Corporation|NXP Semiconductor|Nemotek Technologies|Novatek Microelectronics Corp.|Omnivision Technologies Inc.|Orise Technology Co., Ltd.|Panasonic Corporation|Q-Technology Ltd.|Raydium Semiconductor Corporation|Realtek Semiconductor Corp.|Renesas Technology Corp.|Richtek Technology Corporation|Rohm Co., Ltd.|STMicroelectronics|Samsung Electronics Co., Ltd.|Samsung Techwin Co., Ltd|Sanyo Electric Co., Ltd.|Seiko Epson Corporation|Semiconductor Manufacturing International Corporation|Shanghai Hua Hong NEC Electronics Company, Ltd.|Shanghai SVA-NEC Liquid Crystal Display Co. Ltd.|Sharp Corporation|Silicon Works Co. Ltd.|Siliconware Precision Industries Co., Ltd.|Sitronix Technology Co., Ltd.|Solomon Systech Limited|Sony Corporation|Synaptics Inc.|TPO Displays Corporation|Taiwan Semiconductor Manufacturing Company Limited|Texas Instruments Incorporated|Toshiba Corporation|United Microelectronics Corporation|Vanguard International Semiconductor Corporation|Visera Technologies Company Ltd.",-1|-1|-1|872448|1095270|-1|-1|-1|791915|-1|-1|-1|-1|-1|-1|-1|-1|-1|-1|-1|1009680|1325702|-1|-1|-1|-1|1413447|-1|-1|1106851|-1|63271|-1|-1|-1|-1|-1|-1|932787|-1|-1|800863|-1|1267482|-1|-1|800840|-1|-1|-1|-1|313838|817720|-1|1046179|97476|98573|1033767|-1|-1
CIK1342338_20F_20130430.txt,,,"Advanced Analog Technology, Inc.|Anteryon|Aptina Imaging Corporation|Atmel Corp.|Chang Wah Electromaterials Inc.|Chartered Semiconductor Manufacturing Ltd.|Chi Lin Optoelectronics Co., Ltd.|Chi Lin Technology Co. Ltd.|Chipbond Technology Corporation|Cypress Semiconductor Corp.|Epson 3LCD technology|Fitipower Integrated Technology, Inc.|Global Mixed-mode Technology Inc.|GlobalFoundries|Globalfoundries Singapore Pte., Ltd.|Heptagon|Ili Technology Corp.|Innolux|International Semiconductor Technology Ltd.|Jetronics International Corp.|Lusem Co., Ltd|MStar Semiconductor, Inc.|Macronix International Co., Ltd.|MagnaChip Semiconductor Ltd.|Maxchip Electronics Corp.|Maxim Integrated Products, Inc.|Mediatek Corp.|Microvision, Inc.|Mitsui Micro Circuits Taiwan Co., Ltd.|NEC Electronics Corporation|NemotekTechnologies|Novatek Microelectronics Corp.|Oculon Optoelectronics Inc.|OmniVision|Omnivision Technologies Inc.|Orise Technology Co., Ltd.|Panasonic Corporation|Powerchip Technology Corporation|Q-Technology Ltd.|Raydium Semiconductor Corporation|Realtek Semiconductor Corp.|Renesas Technology Corp.|Richtek Technology Corporation|Rohm Co., Ltd.|SK Hynix Inc.|Samsung Electronics Co., Ltd.|Samsung Techwin Co., Ltd|Sanyo Electric Co., Ltd.|Seiko Epson Corporation|Semiconductor Manufacturing International Corporation|Shanghai Hua Hong NEC Electronics Company, Ltd.|Sharp Corporation|Shinyoptics Corp.|Silicon Works Co. Ltd.|Siliconware Precision Industries Co., Ltd.|Sitronix Technology Co., Ltd.|Solomon Systech Limited|Spatial Photonics, Inc.|Synaptics Inc.|Syndiant Inc.|Taiwan Semiconductor Manufacturing Company Limited|Texas Instruments|Texas Instruments Incorporated|Toshiba Corporation|United Microelectronics Corporation|Vanguard International Semiconductor Corporation|eTurboTouch Technology Inc.",-1|-1|-1|872448|-1|1095270|-1|-1|-1|791915|-1|-1|-1|-1|-1|-1|-1|-1|-1|-1|-1|-1|1009680|1325702|-1|743316|-1|65770|-1|-1|-1|-1|-1|1106851|1106851|-1|63271|-1|-1|-1|-1|-1|-1|-1|-1|-1|-1|800863|-1|1267482|-1|800840|-1|-1|-1|-1|-1|-1|817720|-1|1046179|97476|97476|98573|1033767|-1|-1
CIK1342338_20F_20140415.txt,"Advanced Analog Technology, Inc|Anteryon|Atmel Corp.|Cypress Semiconductor Corp.|Galaxycore Shanghai Limited Corporation|Global Mixed-mode Technology Inc.|Heptagon|Kopin Corporation Inc.|MagnaChip Semiconductor Ltd.|Maxchip Electronics Corp.|Mediatek Corp.|MicroOLED|Microvision Inc.|Mstar Semiconductor, Inc.|NEC Electronics Corporation|Nemotek Technologies|Novatek Microelectronics Corp.|OmniVision|Omnivision Technologies Inc.|On-Bright Electronics Co.|Panasonic Corporation|Q-Technology Ltd.|Realtek Semiconductor Corp.|Renesas Technology Corp.|Richtek Technology Corporation|Rohm Co., Ltd.|SK Hynix Inc.|Samsung Electronics Co., Ltd.|Sanyo Electric Co., Ltd.|Seiko Epson Corporation|Semiconductor Manufacturing International Corporation|Shanghai Hua Hong NEC Electronics Company, Ltd.|Sharp Corporation|Silicon Works Co. Ltd.|Solomon Systech Limited|Sony|Synaptics Inc.|Syndiant Inc.|Texas Instruments Incorporated|Toshiba Corporation|UMC|eMagin",-1|-1|872448|791915|-1|-1|-1|771266|1325702|-1|-1|-1|65770|-1|-1|-1|-1|1106851|1106851|-1|63271|-1|-1|-1|-1|-1|-1|-1|800863|-1|1267482|-1|800840|-1|-1|313838|817720|-1|97476|98573|831460|-1,"Advanced Analog Technology, Inc.|Anteryon|Atmel Corp.|Cypress Semiconductor Corp.|Fitipower Integrated Technology, Inc.|Galaxycore Shanghai Limited Corporation|Global Mixed-mode Technology Inc.|Heptagon|Ili Technology Corp.|Kopin Corporation Inc.|Lusem Co., Ltd.|MagnaChip Semiconductor Ltd.|Mediatek Corp.|MicroOLED|Microvision Inc.|Mstar Semiconductor, Inc.|NEC Electronics Corporation|Nemotek Technologies|Novatek Microelectronics Corp.|OmniVision|Omnivision Technologies Inc.|On-Bright Electronics Co.|Orise Technology Co., Ltd.|Panasonic Corporation|Q-Technology Ltd.|Raydium Semiconductor Corporation|Realtek Semiconductor Corp.|Renesas Technology Corp.|Richtek Technology Corporation|Rohm Co., Ltd.|SK Hynix Inc.|Samsung Electronics Co., Ltd.|Sanyo Electric Co., Ltd.|Seiko Epson Corporation|Sharp Corporation|Silicon Works Co. Ltd.|Sitronix Technology Co., Ltd.|Solomon Systech Limited|Sony|Synaptics Inc.|Syndiant Inc.|Texas Instruments Incorporated|Toshiba Corporation|eMagin",-1|-1|872448|791915|-1|-1|-1|-1|-1|771266|-1|1325702|-1|-1|65770|-1|-1|-1|-1|1106851|1106851|-1|-1|63271|-1|-1|-1|-1|-1|-1|-1|-1|800863|-1|800840|-1|-1|-1|313838|817720|-1|97476|98573|-1
CIK1342338_20F_20150415.txt,,,"Advanced Analog Technology, Inc|Anteryon|Atmel Corp.|CMO|Chartered Semiconductor Manufacturing Ltd.|Chipbond Technology Corporation|Cypress Semiconductor Corp.|Fitipower Integrated Technology, Inc.|Galaxycore Shanghai Limited Corporation|Global Mixed-mode Technology Inc.|GlobalFoundries|Heptagon|Himax Display, Inc.|Ili Technology Corp.|Innolux Corporation|International Semiconductor Technology Ltd.|Kopin Corporation Inc.|Lusem Co., Ltd|Macronix International Co., Ltd.|MagnaChip Semiconductor Ltd.|Maxchip Electronics Corp.|Mediatek Corp.|MicroOLED|Microvision Inc.|Mitsui Micro Circuits Taiwan Co., Ltd.|Mstar Semiconductor, Inc.|NEC Electronics Corporation|Nemotek Technologies|Novatek Microelectronics Corp.|OmniVision|Omnivision Technologies Inc.|On-Bright Electronics Co.|Orise Technology Co., Ltd.|Panasonic Corporation|Powerchip Technology Corporation|Q-Technology Ltd.|Raydium Semiconductor Corporation|Realtek Semiconductor Corp.|Renesas Technology Corp.|Richtek Technology Corporation|Rohm Co., Ltd.|SK Hynix|SK Hynix Inc.|Samsung Electronics Co., Ltd.|Samsung Techwin Co., Ltd|Sanyo Electric Co., Ltd.|Seiko Epson Corporation|Semiconductor Manufacturing International Corporation|Shanghai Hua Hong NEC Electronics Company, Ltd.|Sharp Corporation|Silicon Works Co. Ltd.|Siliconware Precision Industries Co., Ltd.|Simpal Electronics Co., Ltd.|Sitronix Technology Co., Ltd.|Solomon Systech Limited|Sony|Spatial Photonics, Inc.|Synaptics Inc.|Syndiant Inc.|TPO|Taiwan Semiconductor Manufacturing Company Limited|Texas Instruments Incorporated|Toshiba Corporation|United Microelectronics Corporation|Vanguard International Semiconductor Corporation|eMagin",-1|-1|872448|766701|1095270|-1|791915|-1|-1|-1|-1|-1|-1|-1|-1|-1|771266|-1|1009680|1325702|-1|-1|-1|65770|-1|-1|-1|-1|-1|1106851|1106851|-1|-1|63271|-1|-1|-1|-1|-1|-1|-1|-1|-1|-1|-1|800863|-1|1267482|-1|800840|-1|-1|-1|-1|-1|313838|-1|817720|-1|721380|1046179|97476|98573|1033767|-1|-1
CIK1342338_20F_20160413.txt,,,"Advanced Analog Technology, Inc|Anteryon|Atmel Corp.|CMO|Chartered Semiconductor Manufacturing Ltd.|Chipbond Technology Corporation|Cypress Semiconductor Corp.|Epson’s 3LCD technology|Fitipower Integrated Technology, Inc.|FocalTech Systems Co., Ltd.|Global Mixed-mode Technology Inc.|GlobalFoundries|Heptagon|Himax Semiconductor, Inc.|Ili Technology Corp.|Innolux Corporation|International Semiconductor Technology Ltd.|Kopin Corporation Inc.|Lusem Co., Ltd.|Macronix International Co., Ltd.|MagnaChip Semiconductor Ltd.|Maxchip Electronics Corp.|Mediatek Corp.|MicroOLED|Microvision Inc.|Mitsui Micro Circuits Taiwan Co., Ltd.|Mstar Semiconductor, Inc.|NEC Electronics Corporation|Nemotek Technologies|Novatek Microelectronics Corp.|OmniVision|OmniVision Technologies Inc.|On-Bright Electronics|Panasonic Corporation|Powerchip Technology Corporation|Q-Technology Ltd.|Raydium Semiconductor Corporation|Realtek Semiconductor Corp.|Renesas Technology Corp.|Richtek Technology Corporation|Rohm Co., Ltd.|SK Hynix|Samsung Electronics Co., Ltd.|Samsung Techwin Co., Ltd.|Sanyo Electric Co., Ltd.|Seiko Epson Corporation|Semiconductor Manufacturing International Corporation|Shanghai Hua Hong NEC Electronics Company, Ltd.|Sharp Corporation|Shenzhen Huiding Technology Co., Ltd.|Silicon Works Co. Ltd.|Siliconware Precision Industries Co., Ltd.|Simpal Electronics Co., Ltd.|Sitronix Technology Co., Ltd.|Solomon Systech Limited|Sony|Synaptics Inc.|Syndiant Inc.|TI’s DLP|TPO|Taiwan Semiconductor Manufacturing Company Limited|Toshiba Corporation|United Microelectronics Corporation|Vanguard International Semiconductor Corporation|eMagin",-1|-1|872448|766701|1095270|-1|791915|-1|-1|-1|-1|-1|-1|-1|-1|-1|-1|771266|-1|1009680|1325702|-1|-1|-1|65770|-1|-1|-1|-1|-1|1106851|1106851|-1|63271|-1|-1|-1|-1|-1|-1|-1|-1|-1|-1|800863|-1|1267482|-1|800840|-1|-1|-1|-1|-1|-1|313838|817720|-1|-1|721380|1046179|98573|1033767|-1|-1
CIK1342338_20F_20170412.txt,,,"Advanced Analog Technology, Inc|CMO|Chipbond Technology Corporation|Cypress Semiconductor Corp.|Epson’s 3LCD technology|Fitipower Integrated Technology, Inc.|FocalTech Systems Co., Ltd.|FocalTech Systems Limited|Global Mixed-mode Technology Inc.|Globalfoundries Singapore Pte., Ltd.|Himax Imaging Corp.|Himax Korea|Himax Semiconductor|Himax Semiconductor, Inc.|Himax Taiwan|Himax Technologies (Shenzhen) Co., Ltd.|Himax Technologies (Suzhou) Co., Ltd.|Himax Technologies Japan Ltd.|Himax Technologies Korea Ltd.|Innolux Corporation|Kopin Corporation Inc.|Lusem Co., Ltd|Macronix International Co., Ltd.|MagnaChip Semiconductor Ltd.|Maxchip Electronics Corp.|Maxim Integrated Products, Inc.|Mediatek Corp.|MicroOLED|Microvision Inc.|Mitsui Micro Circuits Taiwan Co., Ltd.|Mstar Semiconductor, Inc.|NEC Electronics Corporation|Novatek Microelectronics Corp.|OmniVision|On-Bright Electronics Co.|Panasonic Corporation|Powerchip Technology Corporation|Raydium Semiconductor Corporation|Realtek Semiconductor Corp.|Rohm Co., Ltd.|SK Hynix|Samsung Electronics Co., Ltd.|Samsung Techwin Co., Ltd.|Sanyo Electric Co., Ltd.|Seiko Epson Corporation|Semiconductor Manufacturing International Corporation|Shanghai Hua Hong NEC Electronics Company, Ltd.|Sharp Corporation|Shenzhen Huiding Technology Co., Ltd.|Silicon Works Co. Ltd.|Siliconware Precision Industries Co., Ltd.|Simpal Electronics Co., Ltd.|Sitronix Technology Co., Ltd.|Solomon Systech Limited|Sony|Synaptics Inc|Syndiant Inc.|TI’s DLP|TPO|Taiwan Semiconductor Manufacturing Company Limited|Texas Instruments Incorporated|Toshiba Corporation|United Microelectronics Corporation|Vanguard International Semiconductor Corporation|eMagin",-1|766701|-1|791915|-1|-1|-1|-1|-1|-1|-1|-1|-1|-1|-1|1342338|1342338|-1|-1|-1|771266|-1|1009680|1325702|-1|743316|-1|-1|65770|-1|-1|-1|-1|1106851|-1|63271|-1|-1|-1|-1|-1|-1|-1|800863|-1|1267482|-1|800840|-1|-1|-1|-1|-1|-1|313838|817720|-1|-1|721380|1046179|97476|98573|1033767|-1|-1
CIK1342338_20F_20180328.txt,,,"CMO|Chipbond Technology Corporation|Citizen|Compound Photonics|Cypress Semiconductor Corp.|Fitipower Integrated Technology, Inc.|FocalTech Systems Co., Ltd.|Globalfoundries Singapore Pte., Ltd.|Himax Imaging Corp.|Himax Semiconductor|Himax Semiconductor, Inc.|Himax Technologies (Shenzhen) Co., Ltd.|Himax Technologies (Suzhou) Co., Ltd.|Himax Technologies Japan Ltd.|Himax Technologies Korea Ltd.|Innolux|Jasper|Kopin|Macronix International Co., Ltd.|Mantis Vision|Maxchip Electronics Corp.|Mediatek Corp.|Mstar Semiconductor, Inc.|Novatek Microelectronics Corp.|OmniVision|Orbbec|Powerchip Technology Corporation|RAONTECH|Raydium Semiconductor Corporation|Realtek Semiconductor Corp.|Rohm Co., Ltd.|SK Hynix|Semiconductor Manufacturing International Corporation|Shanghai Hua Hong NEC Electronics Company, Ltd.|Shenzhen Huiding Technology Co., Ltd.|Silicon Works Co. Ltd.|Simpal Electronics Co., Ltd.|Sitronix Technology Co., Ltd.|Sony|Synaptics Incorporated|Syndiant|TPO|Taiwan Semiconductor Manufacturing Company Limited|Texas Instruments|United Microelectronics Corporation|Vanguard International Semiconductor Corporation|ams AG",766701|-1|-1|-1|791915|-1|-1|-1|-1|-1|-1|1342338|1342338|-1|-1|-1|-1|771266|1009680|-1|-1|-1|-1|-1|1106851|-1|-1|-1|-1|-1|-1|-1|1267482|-1|-1|-1|-1|-1|313838|817720|-1|721380|1046179|97476|1033767|-1|-1
CIK1342338_20F_20190328.txt,,,"Advanced Analog Technology, Inc|CMO|Chipbond Technology Corporation|Citizen|Compound Photonics|Cypress Semiconductor Corp.|Fitipower Integrated Technology, Inc.|FocalTech Systems Co., Ltd.|Global Mixed-mode Technology Inc.|Globalfoundries Singapore Pte., Ltd.|Heptagon|Himax Semiconductor, Inc.|Innolux Corporation|Jasper|Kopin|Macronix International Co., Ltd.|Mantis Vision|Maxim Integrated Products, Inc.|Mediatek Corp.|Mstar Semiconductor, Inc.|Novatek Microelectronics Corp.|OmniVision|OmniVision Technologies Inc.|On-Bright Electronics|Orbbec|Powerchip Semiconductor Manufacturing Company|Powerchip Technology Corporation|RAONTECH|Raydium Semiconductor Corporation|Realtek Semiconductor Corp.|Rohm Co., Ltd.|SK hynix system ic|Semiconductor Manufacturing International Corporation|Shenzhen Huiding Technology Co., Ltd.|Silicon Works Co. Ltd.|Simpal Electronics Co., Ltd.|Sitronix Technology Co., Ltd.|Sony Corporation|Synaptics Incorporated|Syndiant|TPO|Taiwan Semiconductor Manufacturing Company Limited|Texas Instruments Incorporated|United Microelectronics Corporation|Vanguard International Semiconductor Corporation|ams AG",-1|766701|-1|-1|-1|791915|-1|-1|-1|-1|-1|-1|-1|-1|771266|1009680|-1|743316|-1|-1|-1|1106851|1106851|-1|-1|-1|-1|-1|-1|-1|-1|-1|1267482|-1|-1|-1|-1|313838|817720|-1|721380|1046179|97476|1033767|-1|-1
CIK1342338_20F_20200325.txt,,,"Bosch|CMO|Chipone|Citizen|Compound Photonics|ESWIN|Emza Visual Sense Ltd.|Fitipower Integrated Technology, Inc.|FocalTech Systems Co., Ltd.|Himax Semiconductor, Inc.|Hisilicon|Ilitek Corp.|Innolux|Jasper|Kopin|Newvision|Novatek Microelectronics Corp.|OmniVision|Qualcomm|R DJ|RAONTECH|Raydium Semiconductor Corporation|Rohm Co., Ltd.|Silicon Works Co. Ltd.|Sitronix Technology Co., Ltd.|Sony|Spatial Photonics|Synaptics Incorporated|Syndiant|TPO|Texas Instruments|Wisepal|ams AG",-1|766701|-1|-1|-1|-1|-1|-1|-1|-1|-1|-1|-1|-1|771266|-1|-1|1106851|804328|-1|-1|-1|-1|-1|-1|313838|-1|817720|-1|721380|97476|-1|-1
CIK1342338_20F_20210331.txt,Korean companies,-1,"Angstrong Tech|Bosch|Chipone|Citizen|Compound Photonics|ESWIN|Eta Computing|Fitipower Integrated Technology, Inc.|FocalTech Systems Co., Ltd.|Focaltech System Co., Ltd.|Heptagon|Hisilicon|Ilitek Corp.|Innolux Corporation|Jasper|Kopin|Lattice|Newvision|Novatek Microelectronics Cop.|Novatek Microelectronics Corp.|Nuvoton|OmniVision|OmniVision Technologies Inc.|Orbbec|Pixart Imaging Inc.|Qualcomm|R DJ|RAONTECH|Raydium Semiconductor Corporation|Rohm Co., Ltd.|Silicon Works Co. Ltd.|Sitronix Technology Co., Ltd.|Sony|Sony Corporation|Synaptics Inc.|Synaptics Incorporated|Syndiant|Texas Instruments|Yuguang Science and Technology Development Co.|ams AG",-1|-1|-1|-1|-1|-1|-1|-1|-1|-1|-1|-1|-1|-1|-1|771266|350644|-1|-1|-1|-1|1106851|1106851|-1|-1|804328|-1|-1|-1|-1|-1|-1|313838|313838|817720|817720|-1|97476|-1|-1
CIK1342338_20F_20220323.txt,Korean companies,-1,"Altek|Bosch|Chipone|Citizen|Compound Photonics|ESWIN|Eta Computing|Fitipower Integrated Technology, Inc.|FocalTech Systems Co., Ltd.|Global Mixed-mode Technology Inc.|Heptagon|Hisilicon|Ilitek Corp.|Jasper|Kopin|Lattice|Newvision|Novatek Microelectronics Corp.|Nuvoton|OmniVision|Orbbec|Pixart Imaging Inc.|Qualcomm|RAONTECH|Raydium Semiconductor Corporation|Ribbon Display Japan|Richtek Technology Corp.|Rohm Co., Ltd.|Silergy Corp.|Silicon Works Co. Ltd.|Sitronix Technology Co., Ltd.|Sony|Synaptics Incorporated|Syndiant|Texas Instruments|ams AG",-1|-1|-1|-1|-1|-1|-1|-1|-1|-1|-1|-1|-1|-1|771266|350644|-1|-1|-1|1106851|-1|-1|804328|-1|-1|-1|-1|-1|-1|-1|-1|313838|817720|-1|97476|-1
CIK1342338_20F_20230406.txt,Chinese panel makers|Korean companies,-1|-1,"Altek|Bosch|Chipone|Citizen|ESWIN|Eta Computing|Fitipower Integrated Technology, Inc.|FocalTech Systems Co., Ltd.|Hisilicon|Ilitek Corp.|Jasper|Kopin|LX Semicon.|Lattice|Newvision|Novatek Microelectronics Corp.|Nuvoton|OmniVision|Orbbec|Qualcomm|RAONTECH|Raydium Semiconductor Corporation|Ribbon Display Japan|Rohm Co., Ltd.|Silergy Corp.|Sitronix Technology Co., Ltd.|Sony|Synaptics Incorporated|Syndiant|Texas Instruments|ams AG",-1|-1|-1|-1|-1|-1|-1|-1|-1|-1|-1|771266|-1|350644|-1|-1|-1|1106851|-1|804328|-1|-1|-1|-1|-1|-1|313838|817720|-1|97476|-1
CIK1342338_20F_20240402.txt,,,"Altek|Bosch|Chipone|ESWIN|Eta Computing|Fitipower Integrated Technology, Inc.|FocalTech Systems Co., Ltd.|Galaxycore|Global Mixed-mode Technology Inc.|Heptagon|Hisilicon|Ilitek Corp.|Kopin|LX Semicon.|Lattice|Newvision|Novatek Microelectronics Corp.|Nuvoton|OmniVision|Orbbec|Pixart Imaging Inc.|Qualcomm|RAONTECH|Raydium Semiconductor Corporation|Ribbon Display Japan|Richtek Technology Corp.|Rohm Co., Ltd.|Silergy Corp.|Silicon Optronics, Inc (SOI)|Sitronix Technology Co., Ltd.|Smartsens Technology (Shanghai) Co. LTD.|Sony|Synaptics Incorporated|Syndiant|Texas Instruments|ams AG",-1|-1|-1|-1|-1|-1|-1|-1|-1|-1|-1|-1|771266|-1|350644|-1|-1|-1|1106851|-1|-1|804328|-1|-1|-1|-1|-1|-1|-1|-1|-1|313838|817720|-1|97476|-1
CIK1342338_20F_20250402.txt,,,"Altek|Chipone|ESWIN|Eta Computing|Fitipower Integrated Technology, Inc.|FocalTech Systems Co., Ltd.|Galaxycore|Global Mixed-mode Technology Inc.|Heptagon|Hisilicon|Ilitek Corp.|JBD|Kopin|LX Semicon.|Lattice|Newvision|Novatek Microelectronics Corp.|Nuvoton|OmniVision|Orbbec|Pixart Imaging Inc.|Qualcomm|RAONTECH|Raydium Semiconductor Corporation|Ribbon Display Japan|Richtek Technology Corp.|Rohm Co., Ltd.|Silergy Corp.|Silicon Optronics, Inc (SOI)|Sitronix Technology Co., Ltd.|Smartsens Technology (Shanghai) Co. LTD.|Sony|Synaptics Incorporated|Syndiant|Texas Instruments|ams AG",-1|-1|-1|-1|-1|-1|-1|-1|-1|-1|-1|-1|771266|-1|350644|-1|-1|-1|1106851|-1|-1|804328|-1|-1|-1|-1|-1|-1|-1|-1|-1|313838|817720|-1|97476|-1
CIK1342803_20F_20060427.txt,BP|Q-Cells|Sanyo Group|Sharp Corporation|SolarWorld AG,313807|-1|-1|800840|-1,BP Solar|Q-Cells|Sanyo Group|Sharp Corporation|SolarWorld AG,-1|-1|-1|800840|-1
CIK1342803_20F_20070618.txt,,,BP Solar|Q-Cells AG|Renewable Energy Corporation|Royal Sanyo Group|Sharp Corporation|SolarWorld AG,-1|-1|1463258|-1|800840|-1
CIK1342803_20F_20080328.txt,,,Q-Cells AG|Renewable Energy Corporation|Royal Sanyo Group|Sharp Corporation|SolarWorld AG,-1|1463258|-1|800840|-1
CIK1342803_20F_20120427.txt,"First Solar, Inc.|JA Solar|MEMC Electronics Materials, Inc.|Samsung Corporation|Sharp Corporation|SunPower Corporation|Trina Solar|Yingli Solar",1274494|1385598|-1|-1|800840|867773|1382158|-1,"First Solar, Inc.|JA Solar|Samsung Corporation|Sharp Corporation|SunPower Corporation|Trina Solar|Yingli Solar",1274494|1385598|-1|800840|867773|1382158|-1
CIK1350102_10K_20080314.txt,"AVANCIS GmbH & Co. KG|First Solar, Inc.|Global Solar Energy, Inc.|HelioVolt Corporation|Honda Soltec Co. Ltd.|MiaSolé|NanoSolar, Inc.|SoloPower, Inc.|United Solar Ovonic LLC|Würth Solar GmbH & Co.",-1|1274494|-1|-1|-1|-1|-1|-1|-1|-1,"AVANCIS GmbH & Co. KG|First Solar, Inc.|Global Solar Energy, Inc.|HelioVolt Corporation|Honda Soltec Co. Ltd.|MiaSolé|Motech Industries, Inc.|NanoSolar, Inc.|Q-cells|Sanyo Electric Co. Ltd.|Sharp|SoloPower, Inc.|Suntech Power Holdings Co., Ltd.|United Solar Ovonic LLC|Würth Solar GmbH & Co.",-1|1274494|-1|-1|-1|-1|-1|-1|-1|800863|800840|-1|1342803|-1|-1
CIK1350102_10K_20100316.txt,,,"AVANCIS GmbH & Co. KG|Energy Conversion Devices, Inc.|First Solar, Inc.|Global Solar Energy, Inc.|HelioVolt Corporation|JA Solar Holdings Co., Ltd.|MiaSolé|NanoSolar, Inc.|Q-cells SE|Sharp|Showa Shell|Solarion|SoloPower, Inc.|Solyndra|Suntech Power Holdings Co., Ltd.|Würth Solar GmbH & Co.|Yingli Green Energy Holding Co. Ltd.",-1|-1|1274494|-1|-1|1385598|-1|-1|-1|800840|-1|-1|-1|1443115|1342803|-1|1394029
CIK1350102_10K_20110228.txt,,,"AVANCIS GmbH & Co. KG|Energy Conversion Devices, Inc.|First Solar, Inc.|Global Solar Energy, Inc.|HelioVolt Corporation|JA Solar Holdings Co., Ltd.|MiaSolé|NanoSolar, Inc.|Q-cells SE|Sharp|Showa Shell|Solar Frontier|Solarion|SoloPower, Inc.|Solyndra|Suntech Power Holdings Co., Ltd.|Würth Solar GmbH & Co.|Yingli Green Energy Holding Co. Ltd.",-1|-1|1274494|-1|-1|1385598|-1|-1|-1|800840|-1|-1|-1|-1|1443115|1342803|-1|1394029
CIK1350102_10K_20130314.txt,"A-Solar|Alta Devices|Avancis GmbH & Co. KG|Flisom AG|Global Solar Energy, Inc.|Goal Zero|HelioVolt Corporation|MiaSole|Nanosolar, Inc.|Nuvosun, Inc.|Odersun AG|PowerFilm|PowerTraveller|RDK Products|Solar Components|Solar Frontier|Solarion AG|Solibro GmbH|Solio|SoloPower, Inc.|Stion|Trony|Voltaic",-1|-1|-1|-1|-1|-1|-1|-1|-1|-1|-1|-1|-1|-1|-1|-1|-1|-1|-1|-1|-1|1474844|-1,"A-Solar|Alta Devices|Avancis GmbH & Co. KG|Flisom AG|Global Solar Energy (Sunlinq brand)|Global Solar Energy, Inc.|Goal Zero|HelioVolt Corporation|MiaSole|Nanosolar, Inc.|Nuvosun, Inc.|Odersun AG|PowerFilm|PowerTraveller|RDK Products|Solar Components|Solar Frontier|Solarion AG|Solibro GmbH|Solio|SoloPower, Inc.|Stion|Trony|Voltaic",-1|-1|-1|-1|-1|-1|-1|-1|-1|-1|-1|-1|-1|-1|-1|-1|-1|-1|-1|-1|-1|-1|1474844|-1
CIK1350102_10K_20210129.txt,EnerPlex,-1,First Solar|Global Ichiban Limited|Solar Frontier,1274494|-1|-1
CIK1350102_10K_20210514.txt,thin film competitors,-1,First Solar|Solar Frontier,1274494|-1
CIK1350102_10K_20220314.txt,thin film competitors,-1,First Solar|Flisom|Global Solar|MiaSolé|PowerFilm Solar|Solar Frontier,1274494|-1|-1|-1|-1|-1
CIK1350102_10K_20230310.txt,,,First Solar|Flisom|Global Solar|MiaSolé|PowerFilm Solar,1274494|-1|-1|-1|-1
CIK1350102_10K_20240221.txt,thin film competitors,-1,First Solar|Global Solar|MiaSolé|PowerFilm Solar,1274494|-1|-1|-1
CIK1350102_10K_20250331.txt,thin film competitors,-1,c-Si manufacturers|concentrated PV technologies|solar thermal companies|thin film manufacturers,-1|-1|-1|-1
CIK1356104_10K_20100305.txt,Broadcom Corporation|Emulex Corporation|Intel|Myricom|QLogic Corporation,1730168|350917|50863|-1|918386,Broadcom Corporation|Cisco Systems|Emulex Corporation|Intel|Marvell Technology Group|Myricom|QLogic Corporation|Sun Microsystems|Voltaire,1730168|858877|350917|50863|-1|-1|918386|709519|1401678
CIK1356104_10K_20170217.txt,Arista|Broadcom Corporation|Broadcom Limited|Brocade|Cavium|Cisco|Intel Corporation|Juniper|Marvell Technology Group,1498122|1730168|1730168|1009626|1175609|858877|50863|864921|-1,Arista|Broadcom Corporation|Brocade|Cavium|Cisco|Intel Corporation|Juniper|Marvell Technology Group,1498122|1730168|1009626|1175609|858877|50863|864921|-1
CIK1356104_10K_20180216.txt,,,"Arista Networks, Inc.|Broadcom Limited|Cavium|Cisco Systems, Inc.|Intel Corporation|Juniper Networks, Inc.|Marvell Technology Group",1596532|1730168|1175609|858877|50863|1043604|-1
CIK1356104_10K_20200220.txt,"AOI|Arista Networks|Barefoot Networks|Broadcom Limited|Chelsio|Cisco Systems, Inc|Cray|II-VI|Innolight|Innovium|Intel Corporation|Juniper Networks, Inc|Lumentum|Marvell Technology Group|Netronome|SolarFlare|Xilinx",777358|1596532|-1|1730168|-1|858877|949158|820318|-1|-1|50863|1043604|1633978|-1|-1|-1|743988,"AOI|Barefoot Networks|Broadcom Limited|Chelsio|Cisco Systems, Inc|Cray|II-VI|Innolight|Innovium|Intel Corporation|Lumentum|Marvell Technology Group|Netronome|SolarFlare|Xilinx",777358|-1|1730168|-1|858877|949158|820318|-1|-1|50863|1633978|-1|-1|-1|743988
CIK13606_10K_20021223.txt,"Aeroflex Corporation|Austin Semiconductor|Simple Technology, Inc.|Smart Module Technology",1487990|-1|-1|-1,"Aeroflex Corporation|Austin Semiconductor|PMC Global Inc.|Planar|Polarvision|Sharp Electronics Corporation|Simple Technology, Inc.|Smart Module Technology|Solectron Corp.",1487990|-1|-1|722392|-1|-1|-1|-1|835541
CIK13606_10K_20031224.txt,,,Aeroflex Corporation|Austin Semiconductor|Global Display Solutions|Planar Systems|Polarvision a division of E. I. Du Pont De Nemours & Co.|Simple Technology|Smart Module Technology|Solectron Corp|Teledyne Microelectronics Group,1487990|-1|-1|722392|-1|-1|-1|835541|-1
CIK13606_10K_20041216.txt,,,"Aeroflex Corporation|Austin Semiconductor|Crucial Technology, a division of Micron Semiconductor|Global Display Solutions|Planar Systems|Polarvision, a division of E. I. Du Pont De Nemours & Co.|Samsung Memory Modules, a division of Samsung|Simple Technology|Smart Module Technology|Teledyne Microelectronics Group",1487990|-1|-1|-1|722392|-1|-1|-1|-1|-1
CIK13606_10K_20051215.txt,"Electronic Designs, Inc.",853258,Aeroflex Corporation|Austin Semiconductor|Crucial Technology|Durell|Global Display Solutions|Micron Semiconductor|Molex|Planar Systems|Polarvision|Samsung Memory Modules|Simple Technology|Smart Module Technology|Teledyne Microelectronics Group,1487990|-1|-1|-1|-1|-1|67472|722392|-1|-1|-1|-1|-1
CIK13606_10K_20061214.txt,,,"Aeroflex Corporation|Austin Semiconductor|Crucial Technology, a division of Micron Semiconductor|Durell|Global Display Solutions|Molex|Planar Systems|Polarvision, a division of E. I. Du Pont De Nemours & Co.|Samsung Memory Modules, a division of Samsung|Simple Technology|Smart Module Technology|Teledyne Microelectronics Group",1487990|-1|-1|-1|-1|67472|722392|-1|-1|-1|-1|-1
CIK1368358_20F_20100315.txt,SiRF,1163943,Dell|Google|HTC|Nokia|Palm|RIM,1571996|-1|1386858|924613|1100389|1026595
CIK1368358_20F_20110316.txt,,,"ARM Holdings plc|ASML Holding N.V.|Acer, Inc.|Analog Devices, Inc.|Apple Computer, Inc.|Apple, Inc.|Broadcom|Broadcom Corporation|Cirrus Logic, Inc.|Conexant Systems, Inc.|Dell, Inc.|Hewlett-Packard Development Company L.P.|Infineon Technology AG|Intel Corporation|LEGO Systems, Inc.|Logitech International SA|Lucent Technologies Inc|Marvell Technology Group Ltd|Motorola Inc|Motorola, Inc.|National Semiconductor Corporation|Nokia Oyj|PMC-Sierra, Inc.|Plantronics, Inc.|QUALCOMM Incorporated|STMicroelectronics N.V.|Samsung Mobile|Silicon Laboratories Inc.|Skyworks Solutions, Inc.|Sony Computer Entertainment America|Sony Electronics, Inc.|Spirent plc|Synopsys Inc.|Taiwan Semiconductor Manufacturing Company Limited|Teradyne, Inc.|Texas Instruments Incorporated|Wi-LAN Inc.|Wolfson Microelectronics plc|austriamicrosystems AG",1057997|937966|1069308|6281|-1|320193|1730168|1730168|772406|1069353|1571996|-1|1107457|50863|-1|1032975|1006240|-1|68505|68505|70530|924613|767920|914025|804328|932787|-1|1038074|4127|-1|-1|1130498|883241|1046179|97210|97476|-1|-1|-1
CIK1368358_20F_20130328.txt,,,"Samsung Electronics Co., Ltd|Zoran Corporation",-1|1003022
CIK1368358_20F_20150320.txt,,,ASE|Microchip Technology Incorporated|Qualcomm|Qualcomm Incorporated|TSMC,1122411|827054|804328|804328|1046179
CIK1369377_20F_20061121.txt,many of our competitors,-1,Elpida Memory|Hynix Semiconductor|Micron Technology|Nanya Technology Corporation|Samsung Electronics,-1|-1|723125|-1|-1
CIK1369377_20F_20071116.txt,"Elpida Memory, Inc.|Hynix Semiconductor, Inc.|Micron Technology, Inc.|Nanya Technology Corporation|Samsung Electronics",-1|-1|723125|-1|-1,"Elpida Memory|Elpida Memory, Inc.|Hynix Semiconductor|Hynix Semiconductor, Inc.|Micron Technology|Micron Technology, Inc.|Nanya Technology Corporation|Samsung Electronics",-1|-1|-1|-1|723125|723125|-1|-1
CIK1371541_20F_20070702.txt,,,"BP Solar|China Sunergy Co., Ltd.|Kyocera Corporation|Mitsubishi Electric Corporation|Motech Industries Inc.|Q-Cells AG|Sanyo Electric Co., Ltd.|Sharp Corporation|Sunpower Corporation|Suntech Power Holding’s Co., Ltd.|Trina Solar Limited|Yingli Green Energy Holding Company Limited",-1|1396247|57083|773753|-1|-1|800863|800840|867773|-1|1382158|1394029
CIK1371541_20F_20090625.txt,,,"BP Solar|Baoding Tianwei Yingli New Energy Resources Co., Ltd.|China Sunergy Co., Ltd.|Gintech Corporation|JA Solar Holdings Co., Ltd.|Mitsubishi Electric Corporation|Motech Industries Inc.|Q-Cells AG|Sanyo Electric Co., Ltd.|Sharp Corporation|Sunpower Corporation|Suntech Power Holdings Co., Ltd.|Trina Solar Ltd.",-1|-1|1396247|-1|1385598|773753|-1|-1|800863|800840|867773|1342803|1382158
CIK1371541_20F_20100525.txt,"LDK Solar Hi-Tech Co., Ltd.",-1,"Canadian Solar Inc.|Mitsubishi Electric Corporation|Sharp Corporation|Sunpower Corporation|Suntech Power Holdings Co., Ltd.|Trina Solar Ltd.|Yingli Green Energy Holdings Co., Ltd.",1375877|773753|800840|867773|1342803|1382158|1394029
CIK1371541_20F_20110603.txt,,,"Canadian Solar Inc.|Mitsubishi Electric Corporation|Sharp Corporation|Sunpower Corporation|Suntech Power Holdings Co., Ltd.|Trina Solar Ltd.|Yingli Green Energy Holdings Co., Ltd.",1375877|773753|800840|867773|1342803|1382158|1394029
CIK1371541_20F_20120430.txt,LDK,1385424,"Canadian Solar Inc.|Mitsubishi Electric Corporation|Sharp Corporation|Sunpower Corporation|Suntech Power Holdings Co., Ltd.|Trina Solar Ltd.|Yingli Green Energy Holdings Co., Ltd.",1375877|773753|800840|867773|1342803|1382158|1394029
CIK1371541_20F_20130429.txt,LDK,1385424,"Canadian Solar Inc.|Jinko Solar Co., Ltd|Mitsubishi Electric Corporation|Sharp Corporation|Sunpower Corporation|Suntech Power Holding Co., Ltd|Trina Solar Ltd.|Yingli Green Energy Holdings Co., Ltd.",1375877|-1|773753|800840|867773|1342803|1382158|1394029
CIK1371541_20F_20140414.txt,,,"Canadian Solar Inc.|Jinko Solar Co., Ltd.|Trina Solar Ltd.|Yingli Green Energy Holdings Co., Ltd.",1375877|-1|1382158|1394029
CIK1371541_20F_20150417.txt,"SunPower Corporation|s Co., Ltd.",867773|-1,"Canadian Solar Inc.|First Solar, Inc.|JA Solar Holdings Co., Ltd.|JinkoSolar Holding Co., Ltd.|SunPower Corporation|Trina Solar Limited|Yingli Green Energy Holding Co., Ltd.",1375877|1274494|1385598|1481513|867773|1382158|1394029
CIK1371541_20F_20160427.txt,"First Solar, Inc.|SunPower Corporation",1274494|867773,"Canadian Solar Inc.|First Solar, Inc.|JA Solar Holdings Co., Ltd.|JinkoSolar Holding Co., Ltd.|SunPower Corporation|Trina Solar Limited",1375877|1274494|1385598|1481513|867773|1382158
CIK1371541_20F_20170501.txt,,,"Canadian Solar Inc.|First Solar, Inc.|Hanwha Q CELLS Hong Kong|Hanwha Q CELLS Qidong|Hanwha SolarOne|Hoku Corporation|Hoku Materials, Inc.|JA Solar Holdings Co., Ltd.|JinkoSolar Holding Co., Ltd.|Konca Solar Cells Co. Ltd.|Q CELLS|SolarWorld Americas, Inc.|SunPower Corporation|Trina Solar Limited",1375877|1274494|-1|-1|-1|1178336|-1|1385598|1481513|-1|-1|-1|867773|1382158
CIK1371541_20F_20180427.txt,"First Solar, Inc.|SunPower Corporation",1274494|867773,"Canadian Solar Inc.|Changzhou Trina Solar Energy Co., Ltd.|First Solar, Inc.|Hanwha SolarOne|JA Solar Holdings Co., Ltd.|JinkoSolar Holding Co., Ltd.|SolarWorld Americas, Inc.|SunPower Corporation|Trina Solar Limited",1375877|-1|1274494|-1|1385598|1481513|-1|867773|1382158
CIK1375877_20F_20070529.txt,"ATS Automation Tooling Systems Inc.|BP Solar International Inc.|ICP Global Technologies Inc.|Sharp Solar Corporation|SolarWorld AG|Suntech Power Holdings Co., Ltd.",1394832|-1|-1|-1|-1|1342803,"BP Solar International Inc.|Sharp Solar Corporation|SolarWorld AG|Suntech Power Holdings Co., Ltd.",-1|-1|-1|1342803
CIK1375877_20F_20120427.txt,"First Solar|Hanwha Group|Samsung Corporation|Sanyo Electric Co., Ltd.|Sharp Solar|SunPower|Suntech|Trina|Yingli",1274494|-1|-1|800863|-1|867773|-1|1382158|-1,"First Solar, Inc.|Hanwha Group|Samsung Corporation|Sanyo Electric Co., Ltd.|Sharp Solar Corporation|SunPower Corporation|Suntech Power Holdings Co. Ltd.|Trina Solar Limited|Yingli Green Energy Holding Company Limited",1274494|-1|-1|800863|-1|867773|1342803|1382158|1394029
CIK1375877_20F_20130426.txt,First Solar|Sharp Solar|SunPower|Suntech|Trina|Yingli,1274494|-1|867773|-1|1382158|-1,"First Solar, Inc.|Sharp Solar Corporation|SunPower|Suntech Power Holdings Co. Ltd.|Trina Solar Limited|Yingli Green Energy Holding Company Limited",1274494|-1|867773|1342803|1382158|1394029
CIK1375877_20F_20150423.txt,First Solar|JA Solar|Jinko|SunPower|Trina|Yingli,1274494|1385598|-1|867773|1382158|-1,"First Solar, Inc.|JA Solar Co., Limited|JinkoSolar Holding Co., Limited|SunPower Corporation|Trina Solar Limited|Yingli Green Energy Holding Company Limited",1274494|1385598|1481513|867773|1382158|1394029
CIK1375877_20F_20160420.txt,First Solar|Hanwha Q Cells|JA Solar|Jinko|SunPower|Trina,1274494|1371541|1385598|-1|867773|1382158,"First Solar, Inc.|Hanwha Q Cells Co., Ltd.|JA Solar Co., Limited|JinkoSolar Holding Co., Limited|SunPower Corporation|Trina Solar Limited",1274494|1371541|1385598|1481513|867773|1382158
CIK1375877_20F_20170427.txt,First Solar|Hanwha Q Cells|JA Solar|Jinko|SunPower|Trina,1274494|1371541|1385598|-1|867773|1382158,"First Solar, Inc.|Hanwha Q Cells Co., Ltd.|JA Solar Co., Limited|JinkoSolar Holding Co., Limited|SunPower Corporation|Trina Solar Limited",1274494|1371541|1385598|1481513|867773|1382158
CIK1375877_20F_20180426.txt,First Solar|Hanwha Q Cells|JA Solar|Jinko|SunPower|Trina,1274494|1371541|1385598|-1|867773|1382158,"First Solar, Inc.|Hanwha Q Cells Co., Ltd.|JA Solar Co., Limited|JinkoSolar Holding Co., Limited|SunPower Corporation|Trina Solar Limited",1274494|1371541|1385598|1481513|867773|1382158
CIK1375877_20F_20190425.txt,First Solar|Hanwha Q Cells|JA Solar|Jinko|SunPower|Trina,1274494|1371541|1385598|-1|867773|1382158,"First Solar, Inc.|Hanwha Q Cells Co., Ltd.|JA Solar Co., Limited|JinkoSolar Holding Co., Limited|SunPower Corporation|Trina Solar Limited",1274494|1371541|1385598|1481513|867773|1382158
CIK1375877_20F_20200428.txt,,,"First Solar, Inc.|Hanwha Q Cells Co., Ltd.|JA Solar Co., Limited|JinkoSolar Holding Co., Limited|LONGI Green Energy Technology Co. Ltd.|SunPower Corporation|Trina Solar Limited",1274494|1371541|1385598|1481513|-1|867773|1382158
CIK1375877_20F_20210419.txt,,,"First Solar, Inc.|Hanwha Q Cells Co., Ltd.|JA Solar Co., Limited|JinkoSolar Holding Co., Limited|LONGI Green Energy Technology Co. Ltd.|Maxeon Solar Technologies, Ltd.|SunPower Corporation|Trina Solar Limited",1274494|1371541|1385598|1481513|-1|1796898|867773|1382158
CIK1375877_20F_20220428.txt,,,"First Solar, Inc.|Hanwha Q Cells Co., Ltd.|JA Solar Co., Limited|JinkoSolar Holding Co., Limited|LONGI Green Energy Technology Co. Ltd.|Trina Solar Limited",1274494|1371541|1385598|1481513|-1|1382158
CIK1375877_20F_20230418.txt,,,"BYD|First Solar, Inc.|Hanwha Q Cells Co., Ltd.|JA Solar Co., Limited|JinkoSolar Holding Co., Limited|LONGI Green Energy Technology Co. Ltd.|Sungrow|Trina Solar Limited",1445162|1274494|1371541|1385598|1481513|-1|-1|1382158
CIK1375877_20F_20240426.txt,,,"First Solar, Inc.|Fluence Energy, Inc.|JA Solar Co., Limited|JinkoSolar Holding Co., Limited|LONGI Green Energy Technology Co. Ltd.|Sungrow Power Supply Co., Ltd.|Tesla, Inc.|Tongwei Solar Co., Ltd.|Trina Solar Limited",1274494|-1|1385598|1481513|-1|-1|1318605|-1|1382158
CIK1375877_20F_20250430.txt,,,"First Solar, Inc.|Fluence Energy, Inc.|JA Solar Co., Limited|JinkoSolar Holding Co., Limited|LONGi Green Energy Technology Co. Ltd.|Sungrow Power Supply Co., Ltd.|Tesla, Inc.|Tongwei Solar Co., Ltd.|Trina Solar Limited",1274494|-1|1385598|1481513|-1|-1|1318605|-1|1382158
CIK1382158_20F_20090430.txt,,,"Mitsubishi Electric Corporation|Renewable Energy Corporation ASA|Sharp Electronic Corporation|SolarWorld AG|Suntech Power Holdings Co., Ltd.|Yingli Green Energy Holding Co., Ltd.",773753|1463258|-1|-1|1342803|1394029
CIK1382158_20F_20100317.txt,,,"Canadian Solar Inc.|Mitsubishi Electric Corporation|Renewable Energy Corporation ASA|Sharp Electronic Corporation|SolarWorld AG|Suntech Power Holdings Co., Ltd.|Yingli Green Energy Holding Co., Ltd.",1375877|773753|1463258|-1|-1|1342803|1394029
CIK1382158_20F_20110418.txt,,,"Canadian Solar Inc.|Mitsubishi Electric Corporation|Renewable Energy Corporation ASA|Sharp Electronic Corporation|SolarWorld AG|Suntech Power Holdings Co., Ltd.|Yingli Green Energy Holding Co., Ltd.",1375877|773753|1463258|-1|-1|1342803|1394029
CIK1382158_20F_20120329.txt,"First Solar, Inc.|GCL Solar Energy Technology Holdings Inc.|Renewable Energy Corporation ASA|Sharp Electronic Corporation|SolarWorld AG|Suntech Power Holdings Co., Ltd.|Yingli Green Energy Holding Co., Ltd.",1274494|-1|1463258|-1|-1|1342803|1394029,"First Solar, Inc.|GCL Solar Energy Technology Holdings Inc.|Mitsubishi Electric Corporation|Renewable Energy Corporation ASA|Sharp Electronic Corporation|SolarWorld AG|Suntech Power Holdings Co., Ltd.|Yingli Green Energy Holding Co., Ltd.",1274494|-1|773753|1463258|-1|-1|1342803|1394029
CIK1383006_10K_20081114.txt,"AEC Illuminazione|Art Metal|Aura Light|BP Solar|Beta|Boeing|CU Phosco|Cooper Lighting division of Cooper Industries|First Solar|General Electric|Industria|Kyocera|LED Lighting Fixtures|LEDdynamics|LEDtronics, Inc.|Matsushita Electric Industrial Co.|Nanosolar|NeoPac|Nexxus LED Lighting|Osram Sylvania|Philips|Phillips Electronics|Pierlite|Rexel|Sanyo|Schreder|Sharp|Siemens|Sun Power|Svetlina AD|Thorn|Tungsram|Westinghouse",-1|-1|-1|-1|-1|12927|-1|-1|1274494|40545|-1|57083|-1|-1|-1|-1|-1|-1|-1|-1|205778|-1|-1|107203|203097|-1|800840|1135644|-1|-1|1021263|-1|106412,"AEC Illuminazione, Italy.|Art Metal, Poland.|Aura Light, Sweden.|BP Solar|Beta|Boeing|CU Phosco|Cooper Lighting division of Cooper Industries|First Solar|GEC (General Electric)|Industria, the Netherlands.|Kyocera|LED Lighting Fixtures|LEDdynamics|LEDtronics, Inc.|Matsushita Electric Industrial Co., Japan|Nanosolar|NeoPac, Taiwan|Nexxus LED Lighting|Osram Sylvania|Philips|Phillips Electronics|Pierlite|Rexel|Sanyo, Japan|Schreder, Belgium.|Sharp|Siemens, Germany.|Sun Power|Svetlina AD, Bulgaria.|Thorn|Tungsram, Hungary|Westinghouse|compact fluorescent fixture",-1|-1|-1|-1|-1|12927|-1|-1|1274494|277795|-1|57083|-1|-1|-1|-1|-1|-1|-1|-1|205778|-1|-1|107203|-1|-1|800840|-1|-1|-1|1021263|-1|106412|-1
CIK1383006_10K_20120330.txt,EvoLucia,1383006,,
CIK1383395_20F_20120330.txt,,,"Altair|Broadcom Corporation|GCT Semiconductor, Inc.|Innofidei|Intel Corporation|MediaTek Inc.|Qualcomm Incorporated|ST-Ericsson N.V.|Samsung Electronics Co. Ltd.|Spreadtrum",1016546|1730168|-1|-1|50863|-1|804328|-1|-1|-1
CIK1383395_20F_20130329.txt,Altair|Broadcom Corporation|GCT Semiconductor|Innofidei|Intel Corporation|MediaTek Inc.|Qualcomm Incorporated|ST-Ericsson N.V.|Samsung Electronics Co. Ltd.|Spreadtrum,1016546|1730168|-1|-1|50863|-1|804328|-1|-1|-1,"Altair|Broadcom Corporation|GCT Semiconductor|GCT Semiconductor, Inc.|Innofidei|Intel Corporation|Marvell Technology Group Ltd.|MediaTek Inc.|NVIDIA Corporation|Qualcomm Incorporated|Renesas Mobile Corporation|ST-Ericsson N.V.|Samsung Electronics Co. Ltd.|Spreadtrum",1016546|1730168|-1|-1|-1|50863|-1|-1|1045810|804328|-1|-1|-1|-1
CIK1383395_20F_20140331.txt,,,"Altair Semiconductor|Broadcom Corporation|GCT Semiconductor|GCT Semiconductor, Inc.|HiSilicon Technologies|Intel Corporation|Marvell Technology Group|Qualcomm Incorporated|Samsung Electronics Co. Ltd.|Spreadtrum",-1|1730168|-1|-1|-1|50863|-1|804328|-1|-1
CIK1383395_20F_20150421.txt,,,Altair Semiconductor|GCT Semiconductor|HiSilicon Technologies|Intel Corporation|Marvell Technology Group|Mediatek|Qualcomm Incorporated|Samsung Electronics Co. Ltd.|Spreadtrum,-1|-1|-1|50863|-1|-1|804328|-1|-1
CIK1383395_20F_20160429.txt,,,Altair Semiconductor|GCT Semiconductor|HiSilicon Technologies|Intel Corporation|Marvell Technology Group|Mediatek|Qualcomm Incorporated|Samsung Electronics Co. Ltd.|Spreadtrum,-1|-1|-1|50863|-1|-1|804328|-1|-1
CIK1383395_20F_20200330.txt,Altair Semiconductor|GCT Semiconductor|HiSilicon Technologies|Huawei|Intel Corporation|Mediatek|Nordic Semiconductor|Qualcomm Incorporated|RDA|Samsung Electronics Co. Ltd.|Sony Corporation|Spreadtrum,-1|-1|-1|-1|50863|-1|-1|804328|1493637|-1|313838|-1,Altair Semiconductor (a Sony Corporation subsidiary)|GCT Semiconductor|HiSilicon Technologies (a Huawei subsidiary)|Huawei|Intel Corporation|Mediatek|Nordic Semiconductor|Qualcomm Incorporated|RDA|Samsung Electronics Co. Ltd.|Spreadtrum,-1|-1|-1|-1|50863|-1|-1|804328|1493637|-1|-1
CIK1383395_20F_20230331.txt,Altair Semiconductor|GCT Semiconductor|HiSilicon Technologies|Huawei HiSilicon|Mediatek|Nordic Semiconductor|Qualcomm Incorporated|RDA|Samsung Electronics Co. Ltd.|Unisoc|uBlox,-1|-1|-1|-1|-1|-1|804328|1493637|-1|-1|-1,Altair Semiconductor|GCT Semiconductor|HiSilicon Technologies|Mediatek|Nordic Semiconductor|Qualcomm Incorporated|RDA|Samsung Electronics Co. Ltd.|Unisoc,-1|-1|-1|-1|-1|804328|1493637|-1|-1
CIK1385424_20F_20080407.txt,"BP Solar|Deutsche Solar AG|Ersol Solar Energy AG|Evergreen Solar Inc.|Glory Silicon Energy Co., Ltd.|Green Energy Technology, Inc.|JFE Steel Corporation|Jiangsu Shunda PV-Tech Co., Ltd.|Jinggong P-D Shaoxing Solar Energy Technology Co., Ltd.|Jinglong Industry and Commerce Group., Ltd.|Kyocera Corporation|M.SETEK Co. Ltd.|MEMC Electronic Materials, Inc.|Motech|NorSun AS|PV Crystalox Solar AG|Q-Cells AG|ReneSola Ltd.|Renewable Energy Corporation ASA|Sino-American Silicon Products Inc.|SolarWorld AG|Solargiga Energy Holdings Limited|Sumitomo Mitsubishi Silicon Corporation|Tianwei Yingli New Energy Resources Co., Ltd.|Trina Solar Limited|Wacker Chemie AG|Wacker Schott Solar GmbH",-1|-1|-1|947397|-1|-1|-1|-1|-1|-1|57083|-1|-1|-1|-1|-1|-1|1417892|1463258|-1|-1|-1|-1|-1|1382158|-1|-1,"BP Solar|Deutsche Solar AG|Ersol Solar Energy AG|Evergreen Solar Inc.|Glory Silicon Energy Co., Ltd|Green Energy Technology, Inc.|JFE Steel Corporation|Jiangsu Shunda PV-Tech Co., Ltd.|Jinggong P-D Shaoxing Solar Energy Technology Co., Ltd.|Jinglong Industry and Commerce Group., Ltd.|Kyocera Corporation|M.SETEK Co. Ltd.|MEMC Electronic Materials, Inc.|Motech|NorSun AS|PV Crystalox Solar AG|Q-Cells AG|ReneSola Ltd.|Renewable Energy Corporation ASA|Sino-American Silicon Products Inc.|Solargiga Energy Holdings Limited|Sumitomo Mitsubishi Silicon Corporation|Tianwei Yingli New Energy Resources Co., Ltd.|Trina Solar Limited|Wacker Chemie AG|Wacker Schott Solar GmbH",-1|-1|-1|947397|-1|-1|-1|-1|-1|-1|57083|-1|-1|-1|-1|-1|-1|1417892|1463258|-1|-1|-1|-1|1382158|-1|-1
CIK1385424_20F_20090522.txt,"BP Solar|Deutsche Solar AG|Ersol Solar Energy AG|Evergreen Solar Inc.|Glory Silicon Energy Co., Ltd.|Green Energy Technology, Inc.|JFE Steel Corporation|Jiangsu Shunda PV-Tech Co., Ltd.|Jinggong P-D Shaoxing Solar Energy Technology Co., Ltd.|Jinglong Industry and Commerce Group., Ltd.|Kyocera Corporation|M.SETEK Co. Ltd.|MEMC Electronic Materials, Inc.|Motech|NorSun AS|PV Crystalox Solar AG|Q-Cells|ReneSola Ltd.|Renewable Energy Corporation ASA|Sino-American Silicon Products Inc.|Solargiga Energy Holdings Limited|Sumitomo Mitsubishi Silicon Corporation|Tianwei Yingli New Energy Resources Co., Ltd.|Trina Solar Limited|Wacker Schott Solar GmbH",-1|-1|-1|947397|-1|-1|-1|-1|-1|-1|57083|-1|-1|-1|-1|-1|-1|1417892|1463258|-1|-1|-1|-1|1382158|-1,BP Solar|Deutsche Solar|Ersol|Evergreen Solar|Glory Silicon|Green Energy|JFE|Jinggong P-D|Kyocera|M.SETEK|MEMC|Motech|NorSun|PV Crystalox|Q-Cells|REC|Renesola|SUMCO|Shunda|Sino-American Silicon|Tianwei Yingli|Trina Solar Limited|Wacker Schott Solar,-1|-1|-1|947397|-1|-1|-1|-1|57083|-1|-1|-1|-1|-1|-1|82523|1417892|-1|-1|-1|-1|1382158|-1
CIK1385424_20F_20100630.txt,"Glory Silicon Energy Co., Ltd|Jiangsu Shunda PV-Tech Co., Ltd.|Jinggong P-D Shaoxing Solar Energy Technology Co., Ltd.|MEMC Electronic Materials, Inc.|Motech|NorSun AS|Q-Cells|Renesola Ltd.|Silicon Products Inc.|Sumitomo Mitsubishi Silicon Corporation|Tianwei Yingli New Energy Resources Co., Ltd.|Trina Solar Limited|Wacker Schott Solar GmbH",-1|-1|-1|-1|-1|-1|-1|1417892|-1|-1|-1|1382158|-1,"BP Solar|Deutsche Solar AG|Ersol Solar Energy AG|Evergreen Solar Inc.|Glory Silicon Energy Co., Ltd|Green Energy Technology, Inc.|JFE Steel Corporation|Jiangsu Shunda PV-Tech Co., Ltd.|Jinggong P-D Shaoxing Solar Energy Technology Co., Ltd.|Kyocera Corporation|M.SETEK Co. Ltd.|MEMC Electronic Materials, Inc.|Motech|NorSun AS|PV Crystalox Solar AG|Q-Cells|Renesola Ltd.|Renewable Energy Corporation ASA|Sino-American Silicon Products Inc.|Sumitomo Mitsubishi Silicon Corporation|Tianwei Yingli New Energy Resources Co., Ltd.|Trina Solar Limited|Wacker Schott Solar GmbH",-1|-1|-1|947397|-1|-1|-1|-1|-1|57083|-1|-1|-1|-1|-1|-1|1417892|1463258|-1|-1|-1|1382158|-1
CIK1385424_20F_20120515.txt,,,AU Optronics|CSI|DAQO New Energy Corp.|First Solar|GCL-Poly Energy Holdings Limited|Hemlock Semiconductor Group|JA Solar|M.SETEK|MEMC|OCI Company Ltd.|REC|ReneSola|Samsung|Suntech Power|TSMC|Trina|Wacker Chemie|Yingli,1172494|1117326|1477641|1274494|-1|-1|1385598|-1|-1|350737|82523|1417892|-1|1342803|1046179|1382158|-1|-1
CIK1385424_20F_20130513.txt,,,AU Optronics|CSI|DAQO New Energy Corp.|First Solar|GCL-Poly Energy Holdings Limited|Hemlock Semiconductor Group|JA Solar|M.SETEK|MEMC|OCI Company Ltd.|REC|ReneSola|Samsung|Suntech Power|TSMC|Trina|Wacker Chemie|Yingli,1172494|1117326|1477641|1274494|-1|-1|1385598|-1|-1|350737|82523|1417892|-1|1342803|1046179|1382158|-1|-1
CIK1385424_20F_20141105.txt,,,"Solar Power, Inc.|Sunways AG",-1|-1
CIK1385424_20F_20150511.txt,,,"Guangdong Aiko Solar Energy Technology Co., Ltd.|Jiansu Shunfeng Photovoltaic Technology Co., Ltd.|Jilin Qingda New Energy Power Co., Ltd.|Solar Power, Inc.|Sunways AG",-1|-1|-1|-1|-1
CIK1385598_20F_20070601.txt,,,"BP Solar International Inc.|China Sunergy Co., Ltd.|E-Ton Solar Tech Co., Ltd.|Jiangyin Jetion Science & Technology Co., Ltd.|Mitsubishi Electric Corporation|Motech Industries, Inc.|Q-Cells AG|Sanyo Electric Co., Ltd.|Schott AG|Sharp Corporation|SolarWorld AG|Solarfun Power Holdings Co., Ltd.|Suntech Power Co., Ltd.|Yingli Green Energy Holding Company, Limited",-1|1396247|-1|-1|773753|-1|-1|800863|-1|800840|-1|-1|1342803|1394029
CIK1385598_20F_20080509.txt,GCL|M.SETEK|ReneSola|Shunda,1439969|-1|1417892|-1,"BP Solar International Inc.|China Sunergy Co., Ltd.|E-Ton Solar Tech Co., Ltd.|Jiangyin Jetion Science & Technology Co., Ltd.|Mitsubishi Electric Corporation|Motech Industries, Inc.|Q-Cells AG|Sanyo Electric Co., Ltd.|Schott AG|Sharp Corporation|SolarWorld AG|Solarfun Power Holdings Co., Ltd.|Suntech Power Co., Ltd.|Yingli Green Energy Holding Company Limited",-1|1396247|-1|-1|773753|-1|-1|800863|-1|800840|-1|-1|1342803|1394029
CIK1385598_20F_20090625.txt,,,GCL|M. SETEK,1439969|-1
CIK1385598_20F_20100503.txt,"Suntech Power Holdings Co., Ltd.|Trina Solar Limited",1342803|1382158,"GCL|Jiangsu Zhongneng Silicon Technology Development Co., Ltd.|Shunda|Suntech Power Holdings Co., Ltd.|Trina Solar Limited",1439969|-1|-1|1342803|1382158
CIK1385598_20F_20110426.txt,,,"GCL-Poly Energy Holdings Limited|Gintech Energy Corp.|M.SETEK Co., Ltd.|Motech Industries Inc.|Neo Solar Power Corp.|Suntech Power Holdings Co., Ltd.|Trina Solar Limited|Wacker Chemie AG|Yingli Green Energy",-1|-1|-1|-1|-1|1342803|1382158|-1|1394029
CIK1386198_10K_20080314.txt,,,"Analog Devices|Analog Devices, Inc.",6281|6281
CIK1386198_10K_20090331.txt,,,Analog Devices,6281
CIK1386198_10K_20100331.txt,,,Analog Devices,6281
CIK1386198_10K_20110325.txt,,,"Analog Devices|Autoliv, Inc.|Crossbow Technology|Crossbow Technology, Inc.",6281|1034670|-1|-1
CIK1386198_10K_20120316.txt,,,"Analog Devices|Autoliv, Inc.|Crossbow Technology",6281|1034670|-1
CIK1386198_10K_20130322.txt,,,"Analog Devices|Autoliv, Inc.|Crossbow Technology",6281|1034670|-1
CIK1387467_20F_20100902.txt,,,"Advanced Power Electronics Corp.|Anpec Electronics Corporation|Diodes Incorporated|Fairchild Semiconductor International, Inc.|Global Mixed-mode Technology Inc.|Infineon Technologies AG|International Rectifier Corporation|Monolithic Power Systems, Inc.|National Semiconductor Corporation|Niko Semiconductor Co., Ltd.|ON Semiconductor Corporation|Renesas Technology Corp.|Richtek Technology Corp.|STMicroelectronics N.V.|Semtech Corporation|Texas Instruments Incorporated|Toshiba Corporation|Vishay Intertechnology, Inc.|Volterra Semiconductor Corporation",-1|-1|29002|1036960|-1|1107457|316793|1280452|70530|-1|1097864|-1|-1|932787|88941|97476|98573|103730|1050550
CIK1392522_10K_20100205.txt,"Analog Devices Incorporated|Atmel Corporation|Broadcom Corporation|Cavium Networks, Inc.|Infineon Technologies AG|Intel Corporation|Microchip Technology Incorporated|NEC Electronics Corporation|Renesas Technology Corporation|STMicroelectronics|Texas Instruments Incorporated",6281|872448|1730168|-1|1107457|50863|827054|-1|-1|932787|97476,"Analog Devices Incorporated|Atmel Corporation|Broadcom Corporation|Cavium Networks, Inc.|Infineon Technologies AG|Intel Corporation|Microchip Technology Incorporated|Renesas Technology Corporation|STMicroelectronics|Texas Instruments Incorporated",6281|872448|1730168|-1|1107457|50863|827054|-1|932787|97476
CIK1394029_20F_20100625.txt,"Renewable Energy Corporation|SolarWorld AG|Suntech Power Holdings Co., Ltd.|Trina Solar Limited",1463258|-1|1342803|1382158,"BP Solar|Renewable Energy Corporation|Sharp Corporation|SolarWorld AG|SunPower Corporation|Suntech Power Holdings Co., Ltd.|Trina Solar Limited",-1|1463258|800840|-1|867773|1342803|1382158
CIK1394029_20F_20140411.txt,"First Solar, Inc.|Renewable Energy Corporation|SolarWorld AG|Trina Solar Limited",1274494|1463258|-1|1382158,"First Solar, Inc.|Renewable Energy Corporation|Sharp Corporation|SolarWorld AG|SunPower Corporation|Trina Solar Limited",1274494|1463258|800840|-1|867773|1382158
CIK1394029_20F_20150515.txt,Tianwei Baobian|Tianwei Group,-1|-1,"First Solar, Inc.|Renewable Energy Corporation|Sharp Corporation|SolarWorld AG|SunPower Corporation|Trina Solar Limited",1274494|1463258|800840|-1|867773|1382158
CIK1394029_20F_20160516.txt,,,"Canadian Solar|Energy Conversion Devices Liquidation Trust|First Solar, Inc.|Renewable Energy Corporation|Solar World|SolarWorld AG|Solyndra, LLC|SunPower Corporation|Suntech Power Holdings Co., Ltd.|Trina|Trina Solar Limited|Trina Solar Ltd.",1375877|-1|1274494|1463258|-1|-1|1443115|867773|1342803|1382158|1382158|1382158
CIK1394029_20F_20170516.txt,,,"Amtech Systems, Inc.|Daqo|Energy Conversion Devices Liquidation Trust|First Solar, Inc.|Hemlock|OCI|Renewable Energy Corporation|SolarWorld AG|Solyndra, LLC|SunPower Corporation|Suntech Power Holdings Co., Ltd.|Tianwei Baobian Electric Co., Ltd.|Tianwei Group|Trina Solar Limited|Trina Solar Ltd.|Wacker",720500|-1|-1|1274494|-1|350737|1463258|-1|1443115|867773|1342803|-1|-1|1382158|1382158|-1
CIK1394029_20F_20180430.txt,,,"Amtech Systems, Inc.|Daqo|First Solar, Inc.|Hemlock|JinkoSolar Holding Co., Ltd.|OCI|Renewable Energy Corporation|SolarWorld AG|SunPower Corporation|Suniva, Inc.|Trina Solar Limited|Wacker",720500|-1|1274494|-1|1481513|350737|1463258|-1|867773|-1|1382158|-1
CIK1394029_20F_20190430.txt,Yingli,-1,"First Solar, Inc.|JinkoSolar Holding Co., Ltd.|Renewable Energy Corporation|SolarWorld AG|SunPower Corporation|Suniva, Inc.|Trina Solar Limited",1274494|1481513|1463258|-1|867773|-1|1382158
CIK1394954_10K_20110525.txt,"ALD Vacuum Technologies AG|Advanced RenewableEnergy Company, LLC|Centrotherm Elektrische Anlagen GmbH & Co.|Ferrotec Corporation|Hemlock Semiconductor Corporation|JYT Corporation|Jing Gong Technology|Kyocera International Inc.|MEMC Electronic Materials, Inc.|MSA Apparatus Construction for Chemical Equipment Ltd|Monocrystal|Morimatsu Industry Co. Ltd.|Namiki Precision Jewel Co. Ltd.|PVA TePla AG|Poly Plant Project, Inc.|Renewable Energy Corporation ASA|Rubicon Technology, Inc.|Sapphire Technology Co. Ltd. (Korea)|Thermal Technology LLC|Tokuyama Corporation|Wacker Chemie AG|Zhejiang Jingsheng Mechanical & Electrical Co., Ltd.",-1|-1|-1|-1|-1|-1|-1|-1|-1|-1|-1|-1|-1|-1|-1|1463258|1410172|-1|-1|-1|-1|-1,"ALD Vacuum Technologies AG|Advanced RenewableEnergy Company, LLC|Baoding Tianwei Yingli New Energy Resources Co., Ltd.|Centrotherm Elektrische Anlagen GmbH & Co.|Changzhou Trina Solar Energy Co., Ltd.|Ferrotec Corporation|GCL—Poly Energy Holdings Limited|Green Energy Technology|Hemlock Semiconductor Corporation|JYT Corporation|Jing Gong Technology|Kyocera International Inc.|MEMC Electronic Materials, Inc.|MSA Apparatus Construction for Chemical Equipment Ltd|Monocrystal|Morimatsu Industry Co. Ltd.|Namiki Precision Jewel Co. Ltd.|Nexolon Co., Ltd.|PVA TePla AG|Poly Plant Project, Inc.|Renewable Energy Corporation ASA|Rubicon Technology, Inc.|Sapphire Technology Co. Ltd.|Solar Co., Ltd.|Thermal Technology LLC|Tokuyama Corporation|Wacker Chemie AG|Zhejiang Jingsheng Mechanical & Electrical Co., Ltd.",-1|-1|-1|-1|-1|-1|-1|-1|-1|-1|-1|-1|-1|-1|-1|-1|-1|-1|-1|-1|1463258|1410172|-1|312033|-1|-1|-1|-1
CIK1394954_10K_20120525.txt,"ALD Vacuum Technologies AG|Centrotherm Elektrische Anlagen GmbH & Co.|Ferrotec Corporation|Gavish Inc|Hemlock Semiconductor Corporation|JYT Corporation|Jing Gong Technology|Kyocera International Inc.|MEMC Electronic Materials, Inc.|MSA Apparatus Construction for Chemical Equipment Ltd|Monocrystal|Morimatsu Industry Co. Ltd.|PVA TePla AG|Poly Plant Project, Inc.|Renewable Energy Corporation ASA|Rubicon Technology, Inc.|Saint-Gobain|Sapphire Technology Co. Ltd. (Korea)|Wacker Chemie AG|Zhejiang Jingsheng Mechanical & Electrical Co., Ltd.",-1|-1|-1|-1|-1|-1|-1|-1|-1|-1|-1|-1|-1|-1|1463258|1410172|-1|-1|-1|-1,"ALD Vacuum Technologies AG|Advanced RenewableEnergy Company, LLC|Centrotherm Elektrische Anlagen GmbH & Co.|Ferrotec Corporation|Gavish Inc|Hemlock Semiconductor Corporation|JYT Corporation|Jing Gong Technology|Kyocera International Inc.|MEMC Electronic Materials, Inc.|MSA Apparatus Construction for Chemical Equipment Ltd|Monocrystal|Morimatsu Industry Co. Ltd.|PVA TePla AG|Poly Plant Project, Inc.|Renewable Energy Corporation ASA|Rubicon Technology, Inc.|Saint-Gobain|Sapphire Technology Co. Ltd. (Korea)|Thermal Technology LLC|Wacker Chemie AG|Zhejiang Jingsheng Mechanical & Electrical Co., Ltd.",-1|-1|-1|-1|-1|-1|-1|-1|-1|-1|-1|-1|-1|-1|-1|1463258|1410172|-1|-1|-1|-1|-1
CIK1395848_10K_20180313.txt,"Cypress Semiconductor Corporation|Macronix International Co. Ltd.|Micron Technology, Inc.|Winbond Electronics Corp.",791915|1009680|723125|-1,"Atmel|Cypress Semiconductor Corporation|Macronix International Co. Ltd.|Micron Technology, Inc.|Winbond Electronics Corp.",872448|791915|1009680|723125|-1
CIK1395848_10K_20200316.txt,"Ansem|Cadence Design Systems|Cypress Semiconductor Corporation|Faraday|Freescale Semiconductor|GigaDevices|Global Unichip Corp. (GUC)|Intel Corporation|Macronix International Co. Ltd.|Maxim Integrated Products|Megachips|Micron Technology, Inc.|Microsemi (a Microchip company)|NXP|On Semiconductor|Open-Silicon|STMicroelectronics|Semtech|Socionext|Synopsys|Texas Instruments|Toshiba|Winbond Electronics Corp.|eASIC",-1|813672|791915|34495|1272547|-1|-1|50863|1009680|743316|-1|723125|310568|1413447|1097864|-1|932787|88941|-1|883241|97476|98573|-1|-1,"Ansem|Cadence Design Systems|Cree Inc.|Cypress Semiconductor Corporation|Digi International|Faraday|Freescale Semiconductor|General Electric|GigaDevice Semiconductor|GigaDevices|Global Unichip Corp. (GUC)|IC Sense|Intel Corporation|Macronix International Co. Ltd.|Maxim Integrated Products|Megachips|Microchip Technology Inc.|Micron Technology, Inc.|Microsemi (a Microchip company)|NXP|On Semiconductor|Open-Silicon (now SiFive)|Philips|STMicroelectronics|Semtech|Siemens|Silver Spring Networks|Socionext|Synopsys|Telensa|Texas Instruments|Toshiba|Tridium|Verisilicon|Winbond Electronics Corp.|eASIC",-1|813672|895419|791915|854775|34495|1272547|40545|-1|-1|-1|-1|50863|1009680|743316|-1|827054|723125|310568|1413447|1097864|-1|205778|932787|88941|1135644|1180079|-1|883241|-1|97476|98573|-1|-1|-1|-1
CIK1396247_20F_20080609.txt,vertically integrated competitors,-1,"BP Solar|JA Solar Holdings Co., Ltd.|Kyocera|Motech Industries Inc.|Q-Cells AG|Renewable Energy Corporation ASA|Sanyo|Sharp Corporation|Solarfun Power Holdings Co., Ltd.|Suntech Power Holdings Co., Ltd.",-1|1385598|57083|-1|-1|1463258|203097|800840|-1|1342803
CIK1396247_20F_20110429.txt,,,"Canadian Solar Inc.|Hanwha SolarOne Ltd.|JA Solar Holdings Co., Ltd.|Jinko Solar Holding Co., Ltd.|Motech Industries Inc.|Q-Cells AG|Sharp Corporation|Solarfun Power Holdings Co., Ltd.|Sunpower Corp|Suntech Power Holdings Co., Ltd.|Trina Solar Ltd.|Yingli Green Energy Holding Co., Ltd.",1375877|-1|1385598|-1|-1|-1|800840|-1|867773|1342803|1382158|1394029
CIK1396247_20F_20120426.txt,"China Sunergy Co., Ltd.",1396247,"Canadian Solar Inc.|Hanwha SolarOne Ltd.|JA Solar Holdings Co., Ltd.|Jinko Solar Holding Co., Ltd.|Motech Industries Inc.|Q-Cells AG|REC SiTech AS|Sharp Corporation|SolarMax Technology, Inc.|Solarfun Power Holdings Co., Ltd.|Sunpower Corp|Suntech Power Holdings Co., Ltd.|Trina Solar Ltd.|Yingli Green Energy Holding Co., Ltd.",1375877|-1|1385598|-1|-1|-1|-1|800840|-1|-1|867773|1342803|1382158|1394029
CIK1396247_20F_20130426.txt,,,"Canadian Solar Inc.|Hanwha SolarOne Co., Ltd.|JA Solar Holdings Co., Ltd.|Jinko Solar Holding Co., Ltd.|Motech Industries Inc.|Q-Cells AG|ReneSola Ltd.|Sharp Corporation|Solarfun Power Holdings Co., Ltd.|SunPower Corporation|Suntech Power Holdings Co., Ltd.|Trina Solar Limited|Yingli Green Energy Holding Company Limited",1375877|-1|1385598|-1|-1|-1|1417892|800840|-1|867773|1342803|1382158|1394029
CIK1396247_20F_20140429.txt,,,"Canadian Solar Inc.|Hanwha SolarOne Co., Ltd.|JA Solar Holdings Co., Ltd.|Jinko Solar Holding Co., Ltd.|Motech Industries Inc.|Q-Cells AG|ReneSola Ltd.|Solarfun Power Holdings Co., Ltd.|SunPower Corporation|Trina Solar Limited|Yingli Green Energy Holding Company Limited",1375877|-1|1385598|-1|-1|-1|1417892|-1|867773|1382158|1394029
CIK1396247_20F_20150709.txt,,,"Canadian Solar Inc.|Hanwha SolarOne Co., Ltd.|JA Solar Holdings Co., Ltd.|Jinko Solar Holding Co., Ltd.|Motech Industries Inc.|Q-Cells AG|ReneSola Ltd.|Solarfun Power Holdings Co., Ltd.|SunPower Corporation|Trina Solar Limited|Yingli Green Energy Holding Company Limited",1375877|-1|1385598|-1|-1|-1|1417892|-1|867773|1382158|1394029
CIK1396247_20F_20170118.txt,,,"Canadian Solar Inc.|Hanwha SolarOne Co., Ltd.|JA Solar Holdings Co., Ltd.|Jinko Solar Holding Co., Ltd.|Motech Industries Inc.|Q-Cells AG|ReneSola Ltd.|Solarfun Power Holdings Co., Ltd.|SunPower Corporation|Trina Solar Limited|Yingli Green Energy Holding Company Limited",1375877|-1|1385598|-1|-1|-1|1417892|-1|867773|1382158|1394029
CIK1410172_10K_20150313.txt,,,GT Advanced Technologies Inc.,1394954
CIK1410172_10K_20160314.txt,,,Nanjing J-crystal Photoelectric Technology Co.|Osram Opto Semiconductors|Peregrine Semiconductor Corporation|Tera Xtal Technology Corp.|Zhejiang Crystal Optech Co. Ltd.,-1|-1|880177|-1|-1
CIK1410172_10K_20170316.txt,,,larger companies with which we compete|new and potential entrants into our markets|other established providers of similar products,-1|-1|-1
CIK1410172_10K_20180320.txt,,,new and potential entrants into our markets|other established providers of similar products,-1|-1
CIK1410172_10K_20190322.txt,,,new and potential entrants into our markets|other established providers of similar products,-1|-1
CIK1410172_10K_20200323.txt,,,new and potential entrants into our markets|other established providers of similar products,-1|-1
CIK1410172_10K_20210323.txt,,,new and potential entrants into our markets|other established providers of similar products,-1|-1
CIK1410172_10K_20220328.txt,,,Rubicon DTP LLC|Rubicon Sapphire Technology (Malaysia) SDN BHD|Rubicon Technology Worldwide LLC,-1|-1|-1
CIK1413447_20F_20120313.txt,,,"Analog Devices Inc.|Atmel Corporation|Entropic Communications Inc.|Fairchild Semiconductors International Inc.|Freescale|Infineon|International Rectifier Corporation|Linear Technology Corporation|MaxLinear, Inc.|Maxim Integrated Products, Inc.|Microtune Inc.|NEC Corporation|National Semiconductor|ON Semiconductor Corporation|Power Integrations Inc.|ROHM Co., Ltd.|STMicroelectronics|Samsung|Silicon Laboratories Inc.|Texas Instruments Incorporated",6281|872448|1227930|1036960|1272547|1107457|316793|791907|1288469|743316|1108058|72127|70530|1097864|833640|-1|932787|-1|1038074|97476
CIK1413447_20F_20130301.txt,,,"Analog Devices Inc.|Atmel Corporation|Entropic Communications Inc.|Fairchild Semiconductors International Inc.|Freescale|Infineon|International Rectifier Corporation|Linear Technology Corporation|MaxLinear|Maxim Integrated Products, Inc.|ON Semiconductor Corporation|Power Integrations Inc.|ROHM Co., Ltd.|Renesas|STMicroelectronics|Silicon Laboratories Inc.|Texas Instruments Incorporated",6281|872448|1227930|1036960|1272547|1107457|316793|791907|1288469|743316|1097864|833640|-1|-1|932787|1038074|97476
CIK1413447_20F_20140228.txt,,,"Analog Devices Inc.|Atmel Corporation|Entropic Communications Inc.|Fairchild Semiconductors International Inc.|Freescale|Infineon|International Rectifier Corporation|Linear Technology Corporation|MaxLinear|Maxim Integrated Products, Inc.|ON Semiconductor Corporation|Power Integrations Inc.|ROHM Co., Ltd.|Renesas|STMicroelectronics|Silicon Laboratories Inc.|Texas Instruments Incorporated",6281|872448|1227930|1036960|1272547|1107457|316793|791907|1288469|743316|1097864|833640|-1|-1|932787|1038074|97476
CIK1413447_20F_20150306.txt,,,"Analog Devices Inc.|Atmel Corporation|Entropic Communications Inc.|Fairchild Semiconductors International Inc.|Freescale|Infineon|Linear Technology Corporation|MaxLinear|Maxim Integrated Products, Inc.|ON Semiconductor Corporation|Power Integrations Inc.|ROHM Co., Ltd.|Renesas|STMicroelectronics|Silicon Laboratories Inc.|Texas Instruments Incorporated",6281|872448|1227930|1036960|1272547|1107457|791907|1288469|743316|1097864|833640|-1|-1|932787|1038074|97476
CIK1413447_20F_20160226.txt,,,Analog Devices Inc.|Atmel Corporation|Broadcom|Cavium|Diodes|Fairchild Semiconductors|Infineon|Intel|Linear Technology|Maxim Integrated Products|ON Semiconductor Corporation|Power Integrations|ROHM|Renesas|STMicroelectronics|Silicon Laboratories|Texas Instruments,6281|872448|1730168|1175609|29002|1036960|1107457|50863|791907|743316|1097864|833640|-1|-1|932787|1038074|97476
CIK1413447_20F_20170303.txt,,,Analog Devices Inc.|Broadcom|Cavium|Infineon|Intel|Linear Technology|Maxim Integrated Products|Microchip|Power Integrations|Renesas|STMicroelectronics|Silicon Laboratories|Texas Instruments,6281|1730168|1175609|1107457|50863|791907|743316|827054|833640|-1|932787|1038074|97476
CIK1413447_20F_20180411.txt,,,Analog Devices Inc.|Broadcom|Cavium|Infineon|Intel|Maxim Integrated Products|Microchip|Power Integrations|Renesas|STMicroelectronics|Silicon Laboratories|Texas Instruments,6281|1730168|1175609|1107457|50863|743316|827054|833640|-1|932787|1038074|97476
CIK1413447_20F_20190301.txt,,,"Analog Devices Inc.|Broadcom|Freescale Semiconductor, Ltd.|Infineon|Intel|Marvell|Maxim Integrated Products|Microchip|Power Integrations|Qualcomm Incorporated|Renesas|STMicroelectronics|Silicon Laboratories|Taiwan Semiconductor Manufacturing Company Limited|Texas Instruments",6281|1730168|1272547|1107457|50863|1058057|743316|827054|833640|804328|-1|932787|1038074|1046179|97476
CIK1419612_10K_20150820.txt,emerging technology companies|microinverter manufacturers|traditional inverter manufacturers,-1|-1|-1,"ABB Ltd.|Enphase Energy, Inc.|KACO new energy GmbH|SMA Solar Technology AG",1091587|1463101|-1|-1
CIK1419612_10K_20160817.txt,low-cost Asian manufacturers|microinverter manufacturers|traditional inverter manufacturers,-1|-1|-1,"ABB Ltd.|Enphase Energy, Inc.|Huawei Technologies Co. Ltd.|SMA Solar Technology AG",1091587|1463101|-1|-1
CIK1419612_10K_20180220.txt,low-cost Asian manufacturers|microinverter manufacturers|traditional inverter manufacturers,-1|-1|-1,"ABB Ltd.|Enphase Energy, Inc.|Huawei Technologies Co. Ltd.|SMA Solar Technology AG|low-cost Asian manufacturers|microinverter manufacturers|traditional inverter manufacturers",1091587|1463101|-1|-1|-1|-1|-1
CIK1419612_10K_20190228.txt,SMA Solar Technology AG,-1,"ABB Ltd.|BYD|Eaton|Emerson|Enphase Energy, Inc.|Huawei Technologies Co. Ltd.|Huawei Technologies Co., Ltd.|Huawei Technologies Düsseldorf GmbH|LG Chem|Panasonic|SMA Solar Technology AG|Samsung SDI|Schneider Electric|WATTKRAFT Solar GmbH",1091587|1445162|1551182|1017794|1463101|-1|-1|-1|-1|63271|-1|-1|-1|-1
CIK1419612_10K_20200227.txt,,,"ABB Ltd.|BYD|Dana Incorporated|Eaton|Enphase Energy|Enphase Energy, Inc.|Ford|General Motors|Honda|Huawei Technologies Co. Ltd.|Huawei Technologies Co., Ltd.|Huawei Technologies Düsseldorf GmbH|LG Chem|Magna International|Panasonic|Robert Bosch GmbH|SMA Solar Technology AG|Samsung SDI|Schneider Electric|SolarCity Corporation|SunPower|Tesla|Tesla Motors|Toyota|Vertiv|WATTKRAFT Solar GmbH|ZF Friedrichshafen AG",1091587|1445162|26780|1551182|1463101|1463101|857775|1467858|-1|-1|-1|-1|-1|749098|63271|-1|-1|-1|-1|1408356|867773|1318605|-1|-1|1674101|-1|-1
CIK1419612_10K_20210219.txt,,,"ABB Ltd.|BYD|Dana Incorporated|Eaton|Enphase Energy, Inc.|Ford|General Motors|Honda|Huawei Technologies Co. Ltd.|Huawei Technologies Co., Ltd.|Huawei Technologies Düsseldorf GmbH|LG Chem|Magna International|Panasonic|Robert Bosch GmbH|SMA Solar Technology AG|Samsung SDI|Schneider Electric|Tesla|Toyota|Vertiv|WATTKRAFT Solar GmbH|ZF Friedrichshafen AG",1091587|1445162|26780|1551182|1463101|857775|1467858|-1|-1|-1|-1|-1|749098|63271|-1|-1|-1|-1|1318605|-1|1674101|-1|-1
CIK1419612_10K_20220222.txt,"Huawei Technologies Co., Ltd.|SMA Solar Technology AG",-1|-1,"ABB Ltd.|BYD|CATL|Dana Incorporated|Eaton|Enphase Energy, Inc.|Ford|General Motors|Honda|Huawei Technologies Co. Ltd.|Huawei Technologies Co., Ltd.|LG Energy Solutions|Magna International|Panasonic|Robert Bosch GmbH|SMA Solar Technology AG|Samsung SDI|Schneider Electric|Sunrun|Tesla|Toyota|Vertiv|Vivint Solar|ZF Friedrichshafen AG",1091587|1445162|-1|26780|1551182|1463101|857775|1467858|-1|-1|-1|-1|749098|63271|-1|-1|-1|-1|1469367|1318605|-1|1674101|1607716|-1
CIK1419612_10K_20240226.txt,emerging technology companies offering alternative MLPE products|microinverter manufacturers|traditional inverter manufacturers,-1|-1|-1,"AlsoEnergy|Ampt LLC|BYD|CATL|Enphase Energy, Inc.|Huawei Technologies Co. Ltd.|LG Energy Solutions|SMA Solar Technology AG|Samsung SDI|Stem Inc.|Sungrow Power Supply Co., Ltd.|Sunrun|Tesla Motors Inc.|Vivint Solar",-1|-1|1445162|-1|1463101|-1|-1|-1|-1|1176356|-1|1469367|-1|1607716
CIK1419612_10K_20250225.txt,SolarEdge,1419612,"AlsoEnergy|BYD Company Limited|Enphase Energy, Inc.|Huawei Technologies Co. Ltd.|LG Energy solutions Ltd.|SMA Solar Technology AG|Stem Inc.|Sungrow Power Supply Co., Ltd.|Sunrun|Tesla Inc.|Vivint Solar",-1|1445162|1463101|-1|-1|-1|1176356|-1|1469367|1318605|1607716
CIK1420520_10K_20180306.txt,,,"Synopsys, Inc.|TSI Semiconductors America LLC",883241|-1
CIK1420520_10K_20190311.txt,,,Asahi Kasei Microdevices|STMicroelectronics,-1|932787
CIK1420520_10K_20200313.txt,,,"Asahi Kasei Microdevices|STMicroelectronics|Synopsys, Inc.",-1|932787|883241
CIK1420520_10K_20210219.txt,,,Asahi Kasei Microdevices|STMicroelectronics,-1|932787
CIK1420520_10K_20220215.txt,,,Asahi Kasei Microdevices|STMicroelectronics,-1|932787
CIK1420520_10K_20230215.txt,,,Asahi Kasei Microdevices|STMicroelectronics,-1|932787
CIK1420520_10K_20240215.txt,,,"AKM|ST|Synopsys, Inc.",-1|934596|883241
CIK1420520_10K_20250304.txt,,,"AKM|ST|Synopsys, Inc.",-1|934596|883241
CIK1432150_10K_20090331.txt,Avanex|Fujitsu|Gennum|IPtronics|InPhi|JDSUniphase|OKI|Sumitomo|Triquint|Vitesse|Zarlink,1056794|39341|-1|-1|1160958|-1|-1|-1|913885|880446|352435,Avanex|Fujitsu|Gennum|IPtronics|InPhi|JDSUniphase|Mimix|Northrop Grumman|OKI|Sumitomo|Triquint|Vitesse|Zarlink,1056794|39341|-1|-1|1160958|-1|-1|1133421|-1|-1|913885|880446|352435
CIK1432150_10K_20100331.txt,Avago|Avanex|Finisar|Fujitsu|Gennum|IPtronics|InPhi|JDSU|OKI|Oclaro|Sumitomo|Triquint|Vitesse|Zarlink,-1|1056794|1094739|39341|-1|-1|1160958|-1|-1|1110647|-1|913885|880446|352435,Actel Corporation|Avago|Avanex|Faraday|Finisar|Fujitsu|Gennum|IPtronics|InPhi|JDSU|Lattice Semiconductor|Mimix|Northrop Grumman|OKI|Oclaro|On-Semiconductor|Open Silicon|Sumitomo|Toshiba|Triquint|Vitesse|Zarlink|eASIC|eSilicon,907687|-1|1056794|34495|1094739|39341|-1|-1|1160958|-1|855658|-1|1133421|-1|1110647|1097864|-1|-1|98573|913885|880446|352435|-1|-1
CIK1432150_10K_20110303.txt,Avago|Emcore|Gennum|InPhi|Iptronics|Rohm|Triquint|Tyco Electronics|Vitesse,-1|808326|-1|1160958|-1|-1|913885|-1|880446,Actel Corporation|Avago|Emcore|Faraday|Fujitsu|Gennum|Hittite|InPhi|Iptronics|JDSU|Lattice Semiconductor|Mimix|Northrop Grumman|Oclaro|Oki|On Semiconductor|Open Silicon|Rohm|Sumitomo|Toshiba|Triquint|Tyco Electronics|Vitesse|eASIC|eSilicon,907687|-1|808326|34495|39341|-1|-1|1160958|-1|-1|855658|-1|1133421|1110647|-1|1097864|-1|-1|-1|98573|913885|-1|880446|-1|-1
CIK1432150_10K_20120327.txt,Actel Corporation|Avago|Centellax|Emcore|Faraday|Fujitsu|Gennum|Hittite|InPhi|JDSU|Lattice Semiconductor|M/A-Com|Northrop Grumman|Oclaro|Oki|On-Semiconductor|Open Silicon|RFMD|Rohm|Semtech|Sumitomo|Toshiba|TriQuint|Vitesse|eASIC|eSilicon,907687|-1|-1|808326|34495|39341|-1|-1|1160958|-1|855658|65771|1133421|1110647|-1|1097864|-1|-1|-1|88941|-1|98573|913885|880446|-1|-1,Actel Corporation|Avago|Centellax|Emcore|Faraday|Fujitsu|Gennum|Hittite|IPtronics|InPhi|JDSU|Lattice Semiconductor|M/A-Com|Northrop Grumman|Oclaro|Oki|On-Semiconductor|Open Silicon|RFMD|Rohm|Semtech|Sumitomo|Toshiba|TriQuint|Tyco Electronics|Vitesse|eASIC|eSilicon,907687|-1|-1|808326|34495|39341|-1|-1|-1|1160958|-1|855658|65771|1133421|1110647|-1|1097864|-1|-1|-1|88941|-1|98573|913885|-1|880446|-1|-1
CIK1432150_10K_20170315.txt,ADI|Actel Corporation|Ambarella|Broadcom Limited|Faraday|Finisar|InPhi|Intel|Lattice Semiconductor|M/A-Com|MaxLinear|Mellanox|MicroSemi|Northrop Grumman|ON Semiconductor|Open Silicon|Qorvo|RFMD|Semtech|Sumitomo|TE Connectivity|Toshiba|Vitesse|Xilinx|eASIC|eSilicon,354609|907687|1280263|1730168|34495|1094739|1160958|50863|855658|65771|1288469|1356104|310568|1133421|1097864|-1|1604778|-1|88941|-1|1385157|98573|880446|743988|-1|-1,ADI|Ambarella|Broadcom Limited|Faraday|Finisar|InPhi|M/A-Com|MaxLinear|Mellanox|MicroSemi|Northrop Grumman|ON Semiconductor|Open Silicon|Qorvo|RFMD|Semtech|Sumitomo|TE Connectivity|Toshiba|Vitesse|eASIC|eSilicon,354609|1280263|1730168|34495|1094739|1160958|65771|1288469|1356104|310568|1133421|1097864|-1|1604778|-1|88941|-1|1385157|98573|880446|-1|-1
CIK1437424_20F_20160317.txt,,,Indium Phosphide technology|silicon photonics,-1|-1
CIK1437424_20F_20170418.txt,,,LightCounting Integrated Optical Devices,-1
CIK1437424_20F_20180430.txt,,,BB Photonics|BB Photonics Inc.|DenseLight Semiconductor Pte. Ltd.|OPEL Solar,-1|-1|-1|-1
CIK1437424_20F_20200430.txt,,,BB Photonics Inc.|BB Photonics UK Ltd.|DenseLight Semiconductor Pte. Ltd.,-1|-1|-1
CIK1437424_20F_20210409.txt,,,BB Photonics Inc.|DenseLight Semiconductor Pte. Ltd.|Sanan Integrated Circuit Co. Ltd.,-1|-1|-1
CIK1437424_20F_20220427.txt,,,BB Photonics Inc.|DenseLight Semiconductor Pte. Ltd.|Sanan IC|Sanan Integrated Circuit Co. Ltd.,-1|-1|-1|-1
CIK1437424_20F_20230331.txt,,,"BB Photonics Inc.|DenseLight Semiconductor Pte. Ltd.|Sanan Integrated Circuit Co. Ltd.|Sanan Optoelectronics Co., Ltd.",-1|-1|-1|-1
CIK1437424_20F_20240328.txt,,,"Agere Systems|Arista Networks|BB Photonics Inc.|Bookham/Oclaro|Cisco|Corning Inc|DenseLight Semiconductor Pte. Ltd.|Force10 Networks|Freescale Semiconductor|GigOptix|GlobalFoundries|Huawei|JDS Uniphase|JDSU Optical Division|Kotura|Lucent Technologies|MACOM|Mellanox Technologies|Mitel Networks Corporation|Nexvave Photonics Technology Co.|OpNext|Optomai Inc.|Qorvo|Rennova Health, Inc.|Sanan Integrated Circuit Co. Ltd.|Sanan Optoelectronics Co., Ltd.|Tegal Corporation|TriQuint",1129446|1596532|-1|-1|858877|24741|-1|1096241|1272547|-1|-1|-1|-1|-1|-1|1006240|-1|1356104|1170534|-1|1157780|-1|1604778|931059|-1|-1|-1|913885
CIK1437424_20F_20250401.txt,,,Arista Networks|BB Photonics Inc.|Broadcom Corporation|Cisco Systems|DenseLight|DenseLight Semiconductor Pte. Ltd.|JDS Uniphase|Lumentum|MACOM Technology Solutions|Sanan Integrated Circuit Co. Ltd.|Sanan Optoelectronics Xiamen Co. Ltd,1596532|-1|1730168|858877|-1|-1|-1|1633978|-1|-1|-1
CIK1438423_10K_20170329.txt,,,Alps|Altera|Asahi Kasei Microdevices|Avalanche|Broadcom|Cadence|Crocus|Cypress|Dell|Fairchild|Fujitsu|Hynix|Integrated Silicon Solution|Invensys|Kionix|Macronix|Microchip|Micron|Micronas|Microsemi|NXP|Northwest Logic|Renesas|STMicroelectronics|Samsung|Spin Transfer Technologies|Toshiba,883168|768251|-1|-1|1730168|16068|-1|716054|1571996|34257|39341|-1|854701|-1|-1|1009680|827054|803512|-1|310568|1413447|-1|-1|932787|-1|-1|98573
CIK1438423_10K_20180315.txt,,,Alps|Asahi Kasei Microdevices|Avalanche|Crocus|Cypress|Fairchild|Fujitsu|Hynix|Integrated Silicon Solution (ISSI)|Invensys (now Schneider)|Kionix|Macronix|Microchip|Micron|Micronas|Renesas|Samsung|Spin Transfer Technologies|Toshiba,883168|-1|-1|-1|716054|34257|39341|-1|854701|-1|-1|1009680|827054|803512|-1|-1|-1|-1|98573
CIK1438423_10K_20190315.txt,,,ALPS Electric|AMR|Alps|Asahi Kasei Microdevices|Avalanche|Avalanche Technologies|Crocus|Cypress|Fairchild|Fujitsu|GMR|Hall Effect|Hynix|Integrated Silicon Solution|Integrated Silicon Solution (ISSI)|Invensys (now Schneider)|Kionix|Macronix|Microchip|Micron|Micronas|Micronix|Renesas|Samsung|Spin Transfer Technologies|Toshiba,-1|1704715|883168|-1|-1|-1|-1|716054|34257|39341|1533615|-1|-1|854701|854701|-1|-1|1009680|827054|803512|-1|-1|-1|-1|-1|98573
CIK1438423_10K_20200313.txt,,,Alps|Asahi Kasei Microdevices|Avalanche|Crocus|Cypress|Fairchild|Fujitsu|Hynix|Integrated Silicon Solution (ISSI)|Invensys (now Schneider)|Kionix|Macronix|Microchip|Micron|Micronix|Renesas|Samsung|Spin Memory (formerly Spin Transfer Technologies)|TDK|Toshiba,883168|-1|-1|-1|716054|34257|39341|-1|854701|-1|-1|1009680|827054|803512|-1|-1|-1|-1|203383|98573
CIK1438423_10K_20210304.txt,,,Alps|Asahi Kasei Microdevices|Avalanche|Crocus|Fairchild|Fujitsu|Hynix|Infineon|Integrated Silicon Solution (ISSI)|Intel|Invensys (now Schneider)|Kionix|Macronix|Microchip|Micron|Micronix|Renesas|Samsung|Spin Memory|TDK|Toshiba,883168|-1|-1|-1|34257|39341|-1|1107457|854701|50863|-1|-1|1009680|827054|803512|-1|-1|-1|-1|203383|98573
CIK1438423_10K_20220309.txt,,,Alps|Asahi Kasei Microdevices|Avalanche|Crocus|Fairchild|Fujitsu|Hynix|Infineon|Integrated Silicon Solution (ISSI)|Intel|Invensys (now Schneider)|Kionix|Macronix|Microchip|Micron|Micronix|Renesas|Samsung|TDK|Toshiba,883168|-1|-1|-1|34257|39341|-1|1107457|854701|50863|-1|-1|1009680|827054|803512|-1|-1|-1|203383|98573
CIK1438423_10K_20230302.txt,,,Avalanche|Fujitsu|Hynix|Infineon|Integrated Silicon Solution (ISSI)|Intel|Macronix|Microchip|Micron|Renesas|Samsung|Toshiba,-1|39341|-1|1107457|854701|50863|1009680|827054|803512|-1|-1|98573
CIK1438423_10K_20240229.txt,,,Avalanche|Fujitsu|Hynix|Infineon|Integrated Silicon Solution (ISSI)|Intel|Macronix|Microchip|Micron|Renesas|Samsung|Toshiba|Winbond,-1|39341|-1|1107457|854701|50863|1009680|827054|803512|-1|-1|98573|-1
CIK1438423_10K_20250227.txt,,,Avalanche|Fujitsu|Hynix|Infineon|Integrated Silicon Solution (ISSI)|Macronix|Microchip|Micron|Renesas|Samsung|Toshiba|Winbond,-1|39341|-1|1107457|854701|1009680|827054|803512|-1|-1|98573|-1
CIK1451809_10K_20200302.txt,"Integrated Device Technology, Inc.|Microchip Technology Inc.|Renesas Electronics Corporation|Silicon Laboratories",703361|827054|-1|1038074,"ASE|Analog Devices, Inc.|Daishinku|Huawei Technologies Co., Ltd.|MegaChips Corporation|Microchip Technology Inc.|Microsemi Corporation|Nihon Dempa Kogyo Co., Ltd.|Rakon Limited|Renesas Electronics Corporation|Seiko Epson Corporation|Silicon Laboratories Inc.|TSMC|TXC Corporation|Texas Instruments Incorporated|VTT Technical Research Centre of Finland, Ltd.|Vectron International",1122411|6281|-1|-1|-1|827054|310568|-1|-1|-1|-1|1038074|1046179|845615|97476|-1|-1
CIK1451809_10K_20210216.txt,,,"Analog Devices, Inc.|Daishinku Corporation|Kyocera Corporation|Microchip Technology Inc.|Murata Manufacturing Co., Ltd.|Nihon Dempa Kogyo Co., Ltd.|Rakon Limited|Renesas Electronics Corporation|Seiko Epson Corporation|Silicon Laboratories Inc.|TXC Corporation|Texas Instruments Incorporated|Vectron International",6281|-1|57083|827054|-1|-1|-1|-1|-1|1038074|845615|97476|-1
CIK1451809_10K_20220225.txt,,,"Analog Devices, Inc.|Daishinku Corporation|Kyocera Corporation|Microchip Technology Inc.|Murata Manufacturing Co., Ltd.|Nihon Dempa Kogyo Co., Ltd.|Rakon Limited|Renesas Electronics Corporation|Seiko Epson Corporation|Silicon Laboratories Inc.|Skyworks Solutions Inc.|TXC Corporation|Texas Instruments Incorporated|Vectron International",6281|-1|57083|827054|-1|-1|-1|-1|-1|1038074|4127|845615|97476|-1
CIK1451809_10K_20230227.txt,,,"Abracon LLC|Abracon, LLC|Daishinku Corporation|Kyocera Corporation|Microchip Technology Inc.|Murata Manufacturing Co., Ltd|Murata Manufacturing Co., Ltd.|Nihon Dempa Kogoyo., Ltd.|Nihon Dempa Kogyo Co., Ltd.|Rakon Limited|Renesas Electronics Corporation|Seiko Epson Corporation|Skyworks Solutions, Inc.|TXC Corporation|Texas Instruments Incorporated",-1|-1|-1|57083|827054|-1|-1|-1|-1|-1|-1|-1|4127|845615|97476
CIK1463101_10K_20170316.txt,"ABB Ltd.|Fronius International GmbH|Huawei Technologies Co. Ltd.|SMA Solar Technology AG|SolarEdge Technologies, Inc.",1091587|-1|-1|-1|1419612,"ABB Ltd.|Fronius International GmbH|Huawei Technologies Co. Ltd.|SMA Solar Technology AG|SolarBridge Technologies, Inc.|SolarEdge Technologies, Inc.|SunPower Corporation",1091587|-1|-1|-1|-1|1419612|867773
CIK1463101_10K_20210216.txt,,,"AP Systems|BYD|Delta|E3/DC|Fronius International GmbH|Generac|Ginglong|Goal Zero|Huawei Technologies Co. Ltd.|LG Chem|Panasonic|SMA Solar Technology AG|Schneider|Senec|Simpliphi|SolarEdge Technologies, Inc.|Solax|Sonnen|Sungrow|Tesla, Inc.",-1|1445162|27924|-1|-1|1474735|-1|-1|-1|-1|63271|-1|1692063|-1|-1|1419612|-1|-1|-1|1318605
CIK1463101_10K_20220211.txt,DMEGC Solar|Hanwha Q CELLS|LONGi Solar|Maxeon Solar Technologies|Panasonic Corporation of North America|Solaria Corporation|Sonnenstromfabrik (CS Wismar GmBH)|SunPower Corporation,-1|1371541|-1|1796898|-1|-1|-1|867773,"AP Systems|BYD|Delta|E3/DC|Fronius International GmbH|Generac|Ginglong|Goal Zero|Huawei Technologies Co. Ltd.|LG Chem|Panasonic|SMA Solar Technology AG|Schneider|Senec|SimpliPhi|SolarEdge Technologies, Inc.|Solax|Sonnen|Sungrow|Tesla, Inc.",-1|1445162|27924|-1|-1|1474735|-1|-1|-1|-1|63271|-1|1692063|-1|-1|1419612|-1|-1|-1|1318605
CIK1463101_10K_20230213.txt,,,"AP Systems|BYD|Briggs & Stratton|ChargePoint|Delta|E3/DC|EVBox|Fronius International GmbH|Generac Holdings Inc.|Ginglong|Hoymiles|Huawei Technologies Co. Ltd.|JuiceBox|LG Chem|Panasonic|SMA Solar Technology AG|Schneider|Senec|SolarEdge Technologies, Inc.|Solax|Sonnen|Sungrow|Tesla, Inc.|Wallbox",-1|1445162|14195|-1|27924|-1|-1|-1|1474735|-1|-1|-1|-1|-1|63271|-1|1692063|-1|1419612|-1|-1|-1|1318605|-1
CIK1463101_10K_20250210.txt,,,"BYD|ChargePoint Holdings, Inc.|EVBox|Franklin Solar Battery|Growatt New Energy Co., Ltd.|Huawei Technologies Co. Ltd.|JuiceBox|SolarEdge Technologies, Inc.|Sungrow Power Supply Co., Ltd.|Tesla, Inc.|Wallbox",1445162|-1|-1|-1|-1|-1|-1|1419612|-1|1318605|-1
CIK1473597_10K_20130315.txt,"3M Company|Bridgestone Corporation|Dai Nippon Printing Co., Ltd.|Dow Chemical Corporation|Dow Corning Corporation|E.I. DuPont De Nemours and Company|Eastman Chemical Co.|Encapsulantes De Valor Anandida, S.A.|Hangzhou First PV Material Co., Ltd.|Mitsui Chemicals Group, Inc.",-1|-1|-1|-1|29917|-1|915389|-1|-1|-1,"3M Company|Bridgestone Corporation|Dai Nippon Printing Co., Ltd.|Dow Chemical Corporation|Dow Corning Corporation|E.I. DuPont De Nemours and Company|Eastman Chemical Co.|Hangzhou First PV Material Co., Ltd.|Mitsui Chemicals Group, Inc.",-1|-1|-1|-1|29917|-1|915389|-1|-1
CIK1473597_10K_20180316.txt,3M Company|Dow Chemical Corporation|Dow Corning Corporation|DuPont|E.I. DuPont De Nemours and Company,-1|-1|29917|-1|-1,"3M Company|Bridgestone Corporation|Dow Chemical Corporation|Dow Corning Corporation|E.I. DuPont De Nemours and Company|Hangzhou First PV Material Co., Ltd.|Mitsui Chemicals Group, Inc.|SK Chemical Ltd.",-1|-1|-1|29917|-1|-1|-1|-1
CIK1473597_10K_20190327.txt,3M Company|Asplan|Dow Chemical Corporation|Dow Corning Corporation|E.I. DuPont De Nemours and Company|Linpac,-1|-1|-1|29917|-1|-1,"3M Company|Asplan|Bridgestone Corporation|Dow Chemical Corporation|Dow Corning Corporation|E.I. DuPont De Nemours and Company|Hangzhou First PV Material Co., Ltd.|Linpac|Mitsui Chemicals Group, Inc.|SK Chemical Ltd.",-1|-1|-1|-1|29917|-1|-1|-1|-1|-1
CIK1477641_20F_20140414.txt,China Silicon Corporation|Comtec Solar Systems|GCL-Poly|Green Energy Technology|Hemlock|JinkoSolar|LDK Solar|MEMC|OCI|REC|ReneSola|Sichuan Xinguang Silicon Science and Technology|Sino-American Silicon|TBEA|Wacker,-1|-1|-1|-1|-1|1481513|1385424|-1|350737|82523|1417892|-1|-1|-1|-1,China Silicon Corporation|Comtec Solar Systems|EGing PV|GCL-Poly|Green Energy Technology|Hanwha SolarOne|Hemlock|JinkoSolar|LDK Solar|MEMC|OCI|REC|ReneSola|Sichuan Xinguang Silicon Science and Technology|Sino-American Silicon|TBEA|Wacker,-1|-1|-1|-1|-1|-1|-1|1481513|1385424|-1|350737|82523|1417892|-1|-1|-1|-1
CIK1477641_20F_20150417.txt,China Silicon Corporation|GCL-Poly|Hemlock|LDK Solar|MEMC|OCI|REC|ReneSola|Sichuan Xinguang Silicon Science and Technology|TBEA|Wacker,-1|-1|-1|1385424|-1|350737|82523|1417892|-1|-1|-1,China Silicon Corporation|GCL-Poly|Green Energy Technology|Hemlock|JA Solar|JinkoSolar|LDK Solar|MEMC|OCI|REC|ReneSola|SMP|Sichuan Xinguang Silicon Science and Technology|TBEA|Wacker,-1|-1|-1|-1|1385598|1481513|1385424|-1|350737|82523|1417892|93389|-1|-1|-1
CIK1477641_20F_20160407.txt,"Asia Silicon Co., Ltd.|China Silicon Corporation|GCL-Poly|Hemlock|MEMC|OCI|REC|Wacker|Xinte Energy Co., Ltd.|Yongxiang Co., Ltd.",-1|-1|-1|-1|-1|350737|82523|-1|-1|-1,"Asia Silicon Co., Ltd.|China Silicon Corporation|Eging PV|GCL-Poly|Hemlock|JA Solar|Jinko Solar|Jinneng Clean Energy|MEMC|Meike Silicon Energy|OCI|REC|Wacker|Xinte Energy Co., Ltd.|Yongxiang Co., Ltd.",-1|-1|-1|-1|-1|1385598|-1|-1|-1|-1|350737|82523|-1|-1|-1
CIK1477641_20F_20170331.txt,"Asia Silicon Co., Ltd.|China Silicon Corporation|GCL-Poly|Hemlock|MEMC|OCI|REC|REC and Shanxi Youser|Wacker|Xinjiang East Hope New Energy Ltd.|Xinte Energy Co., Ltd.|Yongxiang Co., Ltd.",-1|-1|-1|-1|-1|350737|82523|-1|-1|-1|-1|-1,"Asia Silicon Co., Ltd.|China Silicon Corporation|GCL-Poly|Hemlock|JA Solar|Jinko Solar|Jinneng Clean Energy|Konca Solar|MEMC|Meike Silicon Energy|OCI|REC|REC and Shanxi Youser|Wacker|Xinjiang East Hope New Energy Ltd.|Xinte Energy Co., Ltd.|Yongxiang Co., Ltd.|joint venture formed by REC and Shanxi Youser",-1|-1|-1|-1|1385598|-1|-1|-1|-1|-1|350737|82523|-1|-1|-1|-1|-1|-1
CIK1477641_20F_20180316.txt,"Asia Silicon Co., Ltd.|China Silicon Corporation|GCL-Poly|Hemlock|MEMC|OCI|REC|Wacker|Xinjiang East Hope New Energy Ltd.|Xinte Energy Co., Ltd.|Yongxiang Co., Ltd.",-1|-1|-1|-1|-1|350737|82523|-1|-1|-1|-1,"Asia Silicon Co., Ltd.|China Silicon Corporation|GCL-Poly|Hemlock|JA Solar|Jinko Solar|Jinneng Clean Energy|Konca Solar|Longi|MEMC|Meike Silicon Energy|OCI|REC|REC and Shanxi Youser|Wacker|Xinjiang East Hope New Energy Ltd.|Xinte Energy Co., Ltd.|Yongxiang Co., Ltd.|joint venture formed by REC and Shanxi Youser",-1|-1|-1|-1|1385598|-1|-1|-1|-1|-1|-1|350737|82523|-1|-1|-1|-1|-1|-1
CIK1477641_20F_20190417.txt,"Asia Silicon Co., Ltd.|China Silicon Corporation|GCL-Poly|Hemlock|MEMC|OCI|REC|REC and Shanxi Youser|Wacker|Xinjiang East Hope New Energy Ltd.|Xinte Energy Co., Ltd.|Yongxiang Co., Ltd.",-1|-1|-1|-1|-1|350737|82523|-1|-1|-1|-1|-1,"Asia Silicon Co., Ltd.|Canadian Solar Inc. (NASDAQ: CSIQ)|China Silicon Corporation|GCL-Poly|Hemlock|JA Solar|JA Solar Holdings Co., Ltd.|Jinko Solar|Jinko Solar (NYSE: JKS)|Longi|MEMC|Meike Silicon Energy|OCI|REC|REC and Shanxi Youser|Trina Solar|Wacker|Xinjiang East Hope New Energy Ltd.|Xinte Energy Co., Ltd.|Yongxiang Co., Ltd.|Zhonghuan Semiconductor|joint venture formed by REC and Shanxi Youser",-1|1375877|-1|-1|-1|1385598|1385598|-1|-1|-1|-1|-1|350737|82523|-1|1382158|-1|-1|-1|-1|-1|-1
CIK1477641_20F_20200424.txt,"Asia Silicon Co., Ltd.|China Silicon Corporation|GCL-Poly|Hemlock|OCI|REC|Shanxi Youser|Wacker|Xinjiang East Hope New Energy Ltd.|Xinte Energy Co., Ltd.|Yongxiang Co., Ltd.",-1|-1|-1|-1|350737|82523|-1|-1|-1|-1|-1,"Asia Silicon Co., Ltd.|China Silicon Corporation|GCL-Poly|Hemlock|Jinko Solar|Longi|Meike Silicon Energy|OCI|REC|Wacker|Xinjiang East Hope New Energy Ltd.|Xinte Energy Co., Ltd.|Yongxiang Co., Ltd.",-1|-1|-1|-1|-1|-1|-1|350737|82523|-1|-1|-1|-1
CIK1477641_20F_20230427.txt,"Asia Silicon Co., Ltd.|China Silicon Corporation|GCL-Poly|Hemlock|OCI|REC|Wacker|Xinjiang East Hope New Energy Ltd.|Xinte Energy Co., Ltd.|Yongxiang Co., Ltd.",-1|-1|-1|-1|350737|82523|-1|-1|-1|-1,"Asia Silicon Co., Ltd.|China Silicon Corporation|GCL-Poly|Hemlock|Jiangsu Runergy|Lihao Semiconductor|OCI|REC|Wacker|Xinjiang East Hope New Energy Ltd.|Xinte Energy Co., Ltd.|Yongxiang Co., Ltd.",-1|-1|-1|-1|-1|-1|350737|82523|-1|-1|-1|-1
CIK1477641_20F_20240429.txt,Asia Silicon|GCL-Poly|Hemlock|OCI|REC|Wacker|Xinjiang East Hope New Energy|Xinte Energy|Yongxiang,-1|-1|-1|350737|82523|-1|-1|-1|-1,Asia Silicon|GCL-Poly|Hemlock|Hoshine Silicon Industry|Lihao Semiconductor|OCI|REC|Wacker|Xinjiang East Hope New Energy|Xinte Energy|Yongxiang,-1|-1|-1|-1|-1|350737|82523|-1|-1|-1|-1
CIK1477641_20F_20250429.txt,Asia Silicon|GCL-Poly|Hemlock|OCI|Tongwei Yongxiang|Wacker|Xinjiang East Hope New Energy|Xinte Energy,-1|-1|-1|350737|-1|-1|-1|-1,Asia Silicon|GCL-Poly|Hemlock|Hoshine Silicon Industry|Lihao Semiconductor|OCI|Tongwei Yongxiang|Wacker|Xinjiang East Hope New Energy|Xinte Energy,-1|-1|-1|-1|-1|350737|-1|-1|-1|-1
CIK1481513_20F_20110425.txt,Hoku,1178336,"Sharp Corporation|Suntech Power Holdings Co., Ltd.|Trina Solar Ltd.|Yingli Green Energy Holding Co., Ltd.",800840|1342803|1382158|1394029
CIK1481513_20F_20120418.txt,Sharp Corporation|Suntech|Trina|Yingli Green Energy,800840|-1|1382158|1394029,"Sharp Corporation|SolarWorld Industries America Inc.|Suntech|Suntech Power Holdings Co., Ltd.|Trina|Trina Solar|Trina Solar Ltd.|Yingli Green Energy|Yingli Green Energy Holding Co., Ltd.",800840|-1|-1|1342803|1382158|1382158|1382158|1394029|1394029
CIK1481513_20F_20130430.txt,some of our competitors,-1,"Canadian Solar Inc|Canadian Solar Inc.|Cixi Boneng Photovoltaic Electronic Technology Co., Ltd.|Henan Zhaoge New Energy Company|Jiangsu Yangsheng Energy Technology Co., Ltd.|ReneSola Ltd.|ReneSolar Ltd|ReneSolar Ltd.|Suntech|Suntech Power Holdings Co., Ltd.|Trina|Trina Solar Ltd.|Wuxi Zhongcai|Yingli Green Energy|Yingli Green Energy Holding Co., Ltd.|Zhejiang Global Photovoltaic Technology Co., Ltd.",1375877|1375877|-1|-1|-1|1417892|-1|-1|-1|1342803|1382158|1382158|-1|1394029|1394029|-1
CIK1481513_20F_20140418.txt,,,"Canadian Solar Inc|Canadian Solar Inc.|ReneSola Ltd|ReneSola Ltd.|Trina|Trina Solar Ltd.|Yingli Green Energy|Yingli Green Energy Holding Co., Ltd.",1375877|1375877|1417892|1417892|1382158|1382158|1394029|1394029
CIK1481513_20F_20150416.txt,,,"Aikang|Canadian Solar Inc|Canadian Solar Inc.|JA Solar|JA Solar Holdings Co., Ltd.|Shunfeng|Trina|Trina Solar Ltd.|Yingli Green Energy|Yingli Green Energy Holding Co., Ltd.",-1|1375877|1375877|1385598|1385598|-1|1382158|1382158|1394029|1394029
CIK1481513_20F_20160420.txt,,,"Aikang|Canadian Solar Inc|Canadian Solar Inc.|JA Solar|JA Solar Holdings Co., Ltd.|Jiangxi Jinko|Jiangxi Materials|Shunfeng|Trina|Trina Solar Ltd.|Zhejiang Jinko",-1|1375877|1375877|1385598|1385598|-1|-1|-1|1382158|1382158|-1
CIK1481513_20F_20170329.txt,,,"Canadian Solar Inc.|Credit Suisse|Desun|Gansu Heihe|Gansu Jintai|Guochuang|JA Solar Holdings Co., Ltd|JA Solar Holdings Co., Ltd.|Jiangxi Jinko|Jiangxi Materials|Jinko Solar Holding|ReneSola Ltd.|Trina Solar Ltd.|Zhejiang Jinko",1375877|1159510|-1|-1|-1|-1|1385598|1385598|-1|-1|-1|1417892|1382158|-1
CIK1481513_20F_20180424.txt,,,"Canadian Solar Inc.|JA Solar Holdings Co., Ltd.|JinkoSolar|JinkoSolar Technology|SolarWorld Industries America Inc.|Trina Solar Ltd.",1375877|1385598|1481513|-1|-1|1382158
CIK1481513_20F_20190410.txt,,,"CED Greentech|Canadian Solar Inc.|ConEdison Development|DMM|Enphase Energy Inc.|Green Light Contractors Pty Ltd.|Hanwha Q CELLS|Hanwha Q CELLS & Advanced Materials Corporation|Hanwha Q CELLS Australia Pty Ltd|Hanwha Q CELLS GmbH|Hanwha Q CELLS USA Inc.|JA Solar Holdings Co., Ltd.|Longi Green Energy Technology Co., Ltd.|NextEra Energy Inc.|Ortiz Energia S.A.U.|ReneSola|Renesola Zhejiang Ltd.|SolarWorld Industries America Inc.|Sterling and Wilson International FZE.|Swinterton Builder|Trina Solar Ltd.|UGL",-1|1375877|-1|936167|1463101|-1|1371541|-1|-1|1371541|-1|1385598|-1|753308|-1|1417892|-1|-1|-1|-1|1382158|-1
CIK1481513_20F_20200424.txt,,,"Canadian Solar Inc.|JA Solar Holdings Co., Ltd.|Longi Green Energy Technology Co., Ltd.|Trina Solar Ltd.",1375877|1385598|-1|1382158
CIK1481513_20F_20210428.txt,,,"Canadian Solar Inc.|JA Solar Holdings Co., Ltd.|Longi Green Energy Technology Co., Ltd.|Trina Solar Ltd.",1375877|1385598|-1|1382158
CIK1481513_20F_20220428.txt,,,"Canadian Solar Inc.|JA Solar Holdings Co., Ltd.|Longi Green Energy Technology Co., Ltd.|Trina Solar Ltd.",1375877|1385598|-1|1382158
CIK1481513_20F_20230428.txt,,,"Canadian Solar Inc.|JA Solar Holdings Co., Ltd.|Longi Green Energy Technology Co., Ltd.|Trina Solar Ltd.",1375877|1385598|-1|1382158
CIK1481513_20F_20240425.txt,,,"Canadian Solar Inc.|JA Solar Holdings Co., Ltd.|Longi Green Energy Technology Co., Ltd.|Trina Solar Ltd.",1375877|1385598|-1|1382158
CIK1481513_20F_20250429.txt,,,"Astronergy|Canadian Solar Inc.|JA Solar Holdings Co., Ltd.|Longi Green Energy Technology Co., Ltd.|Tongwei|Trina Solar Ltd.",-1|1375877|1385598|-1|-1|1382158
CIK1487952_10K_20110324.txt,large international companies|local companies|manufacturers in China,-1|-1|-1,"Alpha Electronics Corp.|Celtron Technologies|PM Group PLC|Powertron GmbH|SI Technologies, Inc.|Sensortronics, Inc.|Tedea-Huntleigh BV|Thermo Electron Corporation",-1|-1|-1|-1|719582|-1|-1|-1
CIK1487952_10K_20120312.txt,,,competitors|other manufacturers,-1|-1
CIK1487952_10K_20130312.txt,competitors located in China|large international companies|local companies,-1|-1|-1,KELK,-1
CIK1487952_10K_20150311.txt,ABB|Flintec|HBM|Keli|Mettler Toledo|Roper Industries|Spectris|Zemic,1091587|-1|1322422|-1|1037646|-1|-1|-1,ABB|Flintec|HBM|Keli|Mettler Toledo|Roper Industries|Zemic,1091587|-1|1322422|-1|1037646|-1|-1
CIK1487952_10K_20220304.txt,"ABB|AMCS|Air-Weigh|Bourns|Caddock|Dalian|Flat Dashi|Flintec|Fuji|HBK|Haehne|Hardy Instruments|IMS|Isabellenhute|KOA|Kistler|Kyowa|MOBA|Mettler-Toledo|Siemens|Susumu|TT Electronics|Tokyo Sokki Kenkyujo Co., Ltd (TML)|Utilcell|Vehicle Weighing Systems|Vishay Intertechnology|Zemic",1091587|1028584|-1|13506|-1|-1|-1|-1|-1|1551739|-1|-1|1595262|-1|54845|-1|-1|-1|1037646|1135644|-1|-1|-1|-1|-1|103730|-1,"ABB|AMCS|Air-Weigh|Bourns|Caddock|DTS|Dalian|Flat Dashi|Flintec|Fuji|HBK|Haehne|Hardy Instruments|IMS|Isabellenhute|KOA|Kyowa|MOBA|Mettler-Toledo|Siemens|Susumu|TT Electronics|Tokyo Sokki Kenkyujo Co., Ltd (TML)|Utilcell|Vehicle Weighing Systems|Vishay Intertechnology|Zemic",1091587|1028584|-1|13506|-1|1226308|-1|-1|-1|-1|1551739|-1|-1|1595262|-1|54845|-1|-1|1037646|1135644|-1|-1|-1|-1|-1|103730|-1
CIK1487990_10K_20110831.txt,Agilent|Anaren|Anite|Anritsu|BAE Systems|Boeing|Cisco Systems|Ericsson|Hittite Microwave Corporation|Honeywell|ITT Industries|Lockheed Martin|Microsemi|National Instruments|Northrop Grumman|Raytheon|Rohde & Schwarz|Spirent,1090872|6314|-1|-1|895564|12927|858877|-1|1130866|48305|-1|936468|310568|935494|1133421|1047122|-1|1130498,Agilent|Agilent Technologies|Anaren|Anite|Anritsu|BAE Systems|Hittite Microwave Corporation|Honeywell|ILC / Data Devices Corporation|Microsemi|National Instruments|Rohde & Schwarz|Spirent,1090872|1090872|6314|-1|-1|895564|1130866|48305|-1|310568|935494|-1|1130498
CIK1487990_10K_20130829.txt,Agilent|Anaren|Anritsu|BAE Systems|Hittite Microwave Corporation|Honeywell International|ILC / Data Devices Corporation|Ixia Solutions|JDS Uniphase Corp.|Microsemi|National Instruments|Rohde & Schwarz,1090872|6314|-1|895564|1130866|773840|-1|-1|-1|310568|935494|-1,Agilent|Anaren|Anritsu|Astronics DME Corp.|BAE Systems|CPI Satcom Division|General Dynamics|Hittite Microwave Corporation|Honeywell International|ILC / Data Devices Corporation|Ixia Solutions|JDS Uniphase Corp.|Microsemi|National Instruments|Rohde & Schwarz|Tel Instruments,1090872|6314|-1|-1|895564|-1|40533|1130866|773840|-1|-1|-1|310568|935494|-1|-1
CIK1493594_10K_20181116.txt,"Analog Devices, Inc.|Broadcom Inc.|Cobham Defense Electronic Systems Corporation|Cree Inc.|Inphi Corporation|Maxlinear Inc.|Microchip Technology Incorporated|NXP Semiconductors N.V.|Qorvo, Inc.|Semtech Corporation|Skyworks Solutions, Inc.",6281|1730168|-1|895419|1160958|1288469|827054|1413447|1604778|88941|4127,"Analog Devices, Inc.|Broadcom Inc.|Cobham Defense Electronic Systems Corporation|Cree Inc.|Inphi Corporation|Maxlinear Inc.|Microchip Technology Incorporated|Microsemi|NXP Semiconductors N.V.|Qorvo, Inc.|Semtech Corporation|Skyworks Solutions, Inc.|Sumitomo Electric Device Innovations, Inc.",6281|1730168|-1|895419|1160958|1288469|827054|310568|1413447|1604778|88941|4127|-1
CIK1493594_10K_20191126.txt,"Analog Devices, Inc.|Broadcom Inc.|Inphi Corporation|Maxlinear Inc.|Microchip Technology Incorporated|NXP Semiconductors N.V.|Qorvo, Inc.|Semtech Corporation|Skyworks Solutions, Inc.|Wolfspeed",6281|1730168|1160958|1288469|827054|1413447|1604778|88941|4127|-1,"Analog Devices, Inc.|Broadcom Inc.|Inphi Corporation|Maxlinear Inc.|Microchip Technology Incorporated|NXP Semiconductors N.V.|Qorvo, Inc.|Semtech Corporation|Skyworks Solutions, Inc.|Sumitomo Electric Device Innovations, Inc.|Wolfspeed",6281|1730168|1160958|1288469|827054|1413447|1604778|88941|4127|-1|-1
CIK1493637_20F_20110401.txt,Bluetooth system-on-chip|FM radio receiver|analog mobile television receiver|integrated baseband and Bluetooth product,-1|-1|-1|-1,Broadcom|CSR plc|Infineon|MaxLinear|Maxim|MediaTek|NXP|RF Micro Devices|STMicroelectronics|Silicon Laboratories|Skyworks|Telegent|Zarlink,1730168|928329|1107457|1288469|1013351|-1|1413447|-1|932787|1038074|4127|1296612|352435
CIK1493637_20F_20120316.txt,a competitor,-1,Amalfi|Avago|Broadcom|CSR plc|Infineon|Innofidei|Marvell|Maxim|Maxscend|MediaTek|Murata|NXP|Newport Media|Newport Multimedia|Qualcomm Atheros|RF Micro Devices|STMicroelectronics|Siano|Silicon Laboratories|Skyworks|TelePath Technologies|Texas Instruments|Triquint|Zarlink,-1|-1|1730168|928329|1107457|-1|1058057|1013351|-1|-1|-1|1413447|-1|-1|-1|-1|932787|-1|1038074|4127|-1|97476|913885|352435
CIK1493637_20F_20130315.txt,CSR plc|Coolsand|Innofidei|Marvell|MaxLinear|Maxim|Maxscend|NXP|Newport Media|Newport Multimedia|Qualcomm Atheros|Samsung|Siano|Silicon Laboratories|TelePath Technologies|Texas Instruments|Zarlink,928329|-1|-1|1058057|1288469|1013351|-1|1413447|-1|-1|-1|-1|-1|1038074|-1|97476|352435,Avago|Broadcom|CSR plc|Innofidei|Intel|Marvell|MaxLinear|Maxim|Maxscend|MediaTek|Murata|NXP|Newport Media|Newport Multimedia|Qualcomm|Qualcomm Atheros|RF Micro Devices|STMicroelectronics|Samsung|Siano|Silicon Laboratories|Skyworks|Spreadtrum|TelePath Technologies|Texas Instruments|Triquint|Zarlink,-1|1730168|928329|-1|50863|1058057|1288469|1013351|-1|-1|-1|1413447|-1|-1|804328|-1|-1|932787|-1|-1|1038074|4127|-1|-1|97476|913885|352435
CIK1493637_20F_20140408.txt,CSR plc|Innofidei|Marvell|MaxLinear|Maxim|Maxscend|Murata|NXP|Newport Media|Qualcomm Atheros|Samsung|Siano|Silicon Laboratories|TelePath Technologies|Texas Instruments|Zarlink,928329|-1|1058057|1288469|1013351|-1|-1|1413447|-1|-1|-1|-1|1038074|-1|97476|352435,Avago|Broadcom|CSR plc|Innofidei|Intel|Marvell|MaxLinear|Maxim|Maxscend|MediaTek|Murata|NXP|Newport Media|Qualcomm|Qualcomm Atheros|RF Micro Devices|STMicroelectronics|Samsung|Siano|Silicon Laboratories|Skyworks|Spreadtrum|TelePath Technologies|Texas Instruments|Triquint|Zarlink,-1|1730168|928329|-1|50863|1058057|1288469|1013351|-1|-1|-1|1413447|-1|804328|-1|-1|932787|-1|-1|1038074|4127|-1|-1|97476|913885|352435
CIK1571636_10K_20150410.txt,,,"Alta Devices|Azur Space|BELECTRIC OPV|Empa|Fraunhofer-Institut fur Solare Energiesysteme (ISE)|Heliatek|InterDigital Corporation|LG Chemical|MicroLink Devices|Mitsubishi Chemical Holdings Corporation|Plextronics|Polyera|SolAero Technologies|Solarmer Energy|Spectrolab|Universal Display Corporation|University of California, Berkley|University of California, Los Angeles",-1|-1|-1|-1|-1|-1|1405495|-1|-1|-1|-1|-1|-1|-1|-1|1005284|-1|-1
CIK1571636_10K_20160318.txt,,,"Alta Devices|Azur Space|BELECTRIC OPV|Empa|Fraunhofer-Institut fur Solare Energiesysteme (ISE)|Heliatek|LG Chemical|MicroLink Devices|Mitsubishi Chemical Holdings Corporation|Polyera|SolAero|SolAero Technologies|Solarmer Energy|Solvay|Spectrolab|University of California, Berkley|University of California, Los Angeles",-1|-1|-1|-1|-1|-1|-1|-1|-1|-1|-1|-1|-1|-1|-1|-1|-1
CIK1571636_10K_20180327.txt,,,"Alta Devices|Azur Space|BELECTRIC OPV|Empa|Fraunhofer-Institut fur Solare Energiesysteme (ISE)|Heliatek|LG Chemical|MicroLink Devices|Mitsubishi Chemical Holdings Corporation|Polyera|Sharp Corporation|SolAero Technologies Corp.|Solarmer Energy|Solvay|Spectrolab|University of California, Berkley|University of California, Los Angeles|crystalline silicon solar module manufacturers|solar thermal and concentrated PV systems|thin-film solar module manufacturers",-1|-1|-1|-1|-1|-1|-1|-1|-1|-1|800840|-1|-1|-1|-1|-1|-1|-1|-1|-1
CIK1571636_10K_20190416.txt,,,"Alta Devices|Azur Space|BELECTRIC OPV|Empa|Fraunhofer-Institut fur Solare Energiesysteme (ISE)|Heliatek|LG Chemical|MicroLink Devices|Mitsubishi Chemical Holdings Corporation|Polyera|Sharp Corporation|SolAero|SolAero Technologies Corp.|Solarmer Energy|Solvay|Spectrolab|University of California, Berkley|University of California, Los Angeles",-1|-1|-1|-1|-1|-1|-1|-1|-1|-1|800840|-1|-1|-1|-1|-1|-1|-1
CIK1571636_10K_20200316.txt,,,"Alta Devices|Azur Space|BELECTRIC OPV|Duracell Inc.|Empa|Fraunhofer-Institut fur Solare Energiesysteme (ISE)|Heliatek|InterDigital Corporation|LG Chemical|MicroLink Devices|Mitsubishi Chemical Holdings Corporation|North American Technologies, Inc.|Polyera|PowerSmart Inc.|Sharp Corporation|SolAero|SolAero Technologies Corp.|Solarmer Energy|Solidia Technologies|Solvay|Spectrolab|UltraCell Inc.|Universal Display Corporation|University of California, Berkley|University of California, Los Angeles",-1|-1|-1|873482|-1|-1|-1|1405495|-1|-1|-1|808013|-1|-1|800840|-1|-1|-1|-1|-1|-1|-1|1005284|-1|-1
CIK1579910_10K_20150327.txt,,,"Superconductor Technologies, Inc.",895665
CIK1616533_10K_20171013.txt,"ATP Electronics, Inc.|Apacer Technology, Inc.|HT Micron Semicondutores Ltda.|Micron Technology, Inc.|SK Hynix, Inc.|Samsung|Toshiba Corporation|Transcend Information, Inc.|Unigen Corporation|Viking Technology|Western Digital Corporation",-1|-1|-1|723125|-1|-1|98573|-1|-1|-1|106040,"ATP|ATP Electronics, Inc.|Adata Integration Brazil S/A|Apacer|Apacer Technology, Inc.|HT Micron Semicondutores Ltda.|Micron|Micron Technology, Inc.|Multilaser Indústria de Equipamentos de Informática, Eletrônicos e Ópticos Ltda.|SK Hynix|SK Hynix, Inc.|Samsung|Toshiba|Toshiba Corporation|Transcend|Transcend Information, Inc.|Unigen|Unigen Corporation|Viking Technology|Viking Technology (a division of Sanmina Corporation)|Western Digital|Western Digital Corporation",7965|-1|-1|-1|-1|-1|803512|723125|-1|-1|-1|-1|98573|98573|858452|-1|-1|-1|-1|-1|106040|106040
CIK1616533_10K_20181030.txt,"ATP Electronics, Inc.|Apacer Technology, Inc.|Cray Computer Corporation|Dell|HPE|HT Micron Semicondutores Ltda.|Micron|SK Hynix|Samsung|Toshiba|Transcend Information, Inc.|Unigen Corporation|Viking Technology|Western Digital Corporation",-1|-1|857101|1571996|1645590|-1|803512|-1|-1|98573|-1|-1|-1|106040,"ATP|ATP Electronics, Inc.|Adata Integration Brazil S/A|Apacer|Apacer Technology, Inc.|Cray Computer Corporation|Dell|HPE|HT Micron Semicondutores Ltda.|Hewlett Packard Enterprise|Intel Corporation|Micron|Multilaser Indústria de Equipamentos de Informática, Eletrônicos e Ópticos Ltda.|Quanta Services, Inc.|SK Hynix|Samsung|Super Micro Computer, Inc.|Synnex Corporation|Toshiba|Transcend|Transcend Information, Inc.|Unigen|Unigen Corporation|Viking Technology|Viking Technology (a division of Sanmina Corporation)|Western Digital|Western Digital Corporation",7965|-1|-1|-1|-1|857101|1571996|1645590|-1|1645590|50863|803512|-1|1050915|-1|-1|1375365|1177394|98573|858452|-1|-1|-1|-1|-1|106040|106040
CIK1616533_10K_20201022.txt,"ADLink|ATP Electronics, Inc.|Adata Integration S/A|Advantech|Apacer Technology, Inc.|Cal-Comp Indústria de Semicondutores S/A|Curtis Wright|Dell|GigaByte|HPE|HT Micron Semicondutores Ltda.|Innodisk Corporation|Intel|Intrynsic|Kioxia|Kontron|Lantronix|Mercury Systems|Micron|Multilaser Indústria de Equipamentos de Informática Eletrônicos e Ópticos Ltda.|NVIDIA|Quanta Services, Inc.|SK Hynix|Samsung|Super Micro Computer, Inc.|Swissbit AG|Synnex Corporation|Thundercomm|Toradex|Transcend Information, Inc.|Unigen Corporation|Viking Technology|Virtium LLC|Western Digital Corporation|eInfochips",-1|-1|-1|-1|-1|-1|-1|1571996|-1|1645590|-1|-1|50863|-1|-1|-1|1114925|1049521|803512|-1|1045810|1050915|-1|-1|1375365|-1|1177394|-1|-1|-1|-1|-1|-1|106040|-1,"ADLink|ATP Electronics, Inc.|Adata Integration S/A|Advantech|Apacer Technology, Inc.|Cal-Comp Indústria de Semicondutores S/A|Curtis Wright|Dell|GigaByte|HPE|HT Micron Semicondutores Ltda.|Innodisk Corporation|Intel|Intrynsic|Kioxia|Kontron|Lantronix|Mercury Systems|Micron|Multilaser Indústria de Equipamentos de Informática Eletrônicos e Ópticos Ltda.|NVIDIA|Qualcomm|Quanta Services, Inc.|SK Hynix|Samsung|Super Micro Computer, Inc.|Swissbit AG|Synnex Corporation|Thundercomm|Toradex|Transcend Information, Inc.|Unigen Corporation|Viking Technology|Virtium LLC|Western Digital Corporation|eInfochips",-1|-1|-1|-1|-1|-1|-1|1571996|-1|1645590|-1|-1|50863|-1|-1|-1|1114925|1049521|803512|-1|1045810|804328|1050915|-1|-1|1375365|-1|1177394|-1|-1|-1|-1|-1|-1|106040|-1
CIK1616533_10K_20211025.txt,Penguin Computing,-1,"Advanced Micro Devices, Inc.|Artista Networks, Inc.|Cree, Inc.|Intel Corporation|Kioxia Holdings Corporation|Micron Technology, Inc.|NVIDIA Corporation|Qualcomm Incorporated|SK hynix, Inc.|Samsung Semiconductor, Inc.|Wolfspeed, Inc.",2488|-1|895419|50863|-1|723125|1045810|804328|-1|-1|-1
CIK1616533_10K_20221014.txt,companies that import DRAM and Flash components and products|global manufacturers of HPC and AI products and services|large memory semiconductor manufacturers|makers of edge computing devices|makers of ruggedized computer boards and systems|manufacturers of LED components|manufacturers of nitride-based LED chips|memory module providers,-1|-1|-1|-1|-1|-1|-1|-1,LED product manufacturers|companies that import DRAM and Flash components and products|global manufacturers of HPC and AI products and services|large memory semiconductor manufacturers|local Brazil manufacturers of DRAM modules and Flash products|makers of edge computing devices|makers of ruggedized computer boards and systems|manufacturers of memory integrated circuits|memory module providers|providers of SOMs and SBCs|providers of compute and storage systems|providers of embedded computing platforms and systems|providers of specialty memory products|semiconductor and subsystem manufacturers,-1|-1|-1|-1|-1|-1|-1|-1|-1|-1|-1|-1|-1|-1
CIK1616533_10K_20241024.txt,Compute and storage systems providers|Embedded computing platforms and systems providers|Enterprise IT server vendors|LED product manufacturers|Manufacturers of edge computing devices|Manufacturers of enterprise servers|Manufacturers of industrial computers|Manufacturers of ruggedized computer boards and systems|Memory semiconductor manufacturers|Providers of SoMs and SBCs|Semiconductor and subsystem manufacturers|Specialty memory products providers|Supply chain service providers,-1|-1|-1|-1|-1|-1|-1|-1|-1|-1|-1|-1|-1,Penguin Computing|Penguin Solutions|Stratus,-1|-1|1044391
CIK1616533_10K_20251021.txt,Companies that manufacture and/or sell nitride-based LED chips|Compute and storage systems providers|Embedded computing platforms and systems providers|Enterprise IT server vendors|Global manufacturers of HPC and AI products and services|LED product manufacturers|Large semiconductor manufacturers|Manufacturers of LED components|Manufacturers of enterprise servers|Manufacturers of industrial computers|Memory module providers|Memory semiconductor manufacturers|Providers of System-on-Modules (SoMs) and Single-Board Computers (SBCs)|Semiconductor and subsystem manufacturers|Specialty memory products providers|Supply chain service providers,-1|-1|-1|-1|-1|-1|-1|-1|-1|-1|-1|-1|-1|-1|-1|-1,Compute and storage systems providers|Embedded computing platforms and systems providers|Enterprise IT server vendors|Global manufacturers of HPC and AI products and services|LED product manufacturers|Large semiconductor manufacturers|Manufacturers of enterprise servers and industrial computers|Manufacturers of industrial computers|Memory module providers|Memory semiconductor manufacturers|Providers of System-on-Modules (SoMs) and Single-Board Computers (SBCs)|Semiconductor and subsystem manufacturers|Specialty memory products providers,-1|-1|-1|-1|-1|-1|-1|-1|-1|-1|-1|-1|-1
CIK1641614_10K_20160324.txt,Gemalto NV|Giesecke & Devrient GmbH|Oberthur Technologies S.A.|Valid S.A.,-1|-1|-1|1348259,Gemalto NV|Gemalto S.A.|Giesecke & Devrient GmbH|Oberthur Technologies S.A.|Valid S.A.,-1|-1|-1|-1|1348259
CIK1641614_10K_20170302.txt,"Gemalto NV|Giesecke & Devrient GmbH|Multi Packaging Solutions, Inc.|Oberthur Technologies S.A.|Valid S.A.",-1|-1|-1|-1|1348259,"Gemalto NV|Gemalto S.A.|Giesecke & Devrient GmbH|Multi Packaging Solutions, Inc.|Oberthur Technologies S.A.|Valid S.A.",-1|-1|-1|-1|-1|1348259
CIK1641614_10K_20180313.txt,American Express|Discover|Mastercard|Visa,4962|815743|1141391|1403161,"CompoSecure L.L.C.|Gemalto NV|Gemalto S.A.|Giesecke & Devrient GmbH|IDEMIA|Multi Packaging Solutions, Inc.|Multos International|Oracle|Valid S.A.",-1|-1|-1|-1|-1|-1|-1|1341439|1348259
CIK1682149_10K_20190329.txt,Blackfire Research Corporation,-1,"3dfx Interactive|Advanced Micro Devices, Inc.|Alexander Capital, L.P.|Atheros Communications|Avnera Corporation|Bigfoot Networks|Blackfire Research Corporation|Bluetooth SIG, Inc.|Creative Labs|Focus Enhancements Inc.|Google, Inc.|Hansong Technology|Inizio Capital|MARCorp Financial LLC|MARCorp Signal, LLC|Microchip Technology, Inc.|Platin Gate Technology (Nanjing) Co. Ltd.|Runco International, Inc.|S3|SiBEAM Inc.|Silicon Image, Inc.",-1|2488|-1|1140486|-1|-1|-1|-1|-1|884719|-1|-1|-1|-1|-1|827054|-1|-1|1591956|-1|1003214
CIK1682149_10K_20200325.txt,Bang & Olufsen|Harman International|LG Electronics,-1|800459|-1,"Avnera Corporation|Blackfire Research Corporation|Bluetooth SIG, Inc.|Microchip Technology, Inc.",-1|-1|-1|827054
CIK1682149_10K_20210316.txt,Bang & Olufsen|Harman International|LG Electronics|Samsung,-1|800459|-1|-1,"Avnera Corporation|Blackfire Research Corporation|Bluetooth SIG, Inc.|Microchip Technology, Inc.",-1|-1|-1|827054
CIK1682149_10K_20230317.txt,Bang & Olufsen|Harman International|LG Electronics,-1|800459|-1,Bang & Olufsen|Harman International|LG Electronics|Samsung,-1|800459|-1|-1
CIK1690666_10K_20180223.txt,"ArcSoft, Inc.|Broadcom|Digital Radio Mondiale|Dolby Laboratories|Fraunhofer IIS|Gracenote|Pandora|Sirius/XM",1299803|1730168|-1|1308547|-1|-1|1230276|-1,"ArcSoft, Inc.|Broadcom|Digital Radio Mondiale (DAB)|Dolby Laboratories|Fraunhofer IIS|Gracenote|Pandora|Samsung Electronics|Sirius/XM",1299803|1730168|-1|1308547|-1|-1|1230276|-1|-1
CIK1690666_10K_20190220.txt,"ArcSoft, Inc.|Dolby Laboratories|Fraunhofer IIS|Gracenote|Intel Corporation|Pandora|Sirius/XM",1299803|1308547|-1|-1|50863|1230276|-1,"ArcSoft, Inc.|Broadcom Ltd.|DTS, Inc.|Dolby Laboratories|Fraunhofer IIS|Gracenote|Panasonic Corporation|Pandora|Samsung Austin Semiconductor, LLC|Samsung Electronics America, Inc.|Samsung Electronics Co., Ltd.|Samsung Electronics, Co., Ltd.|Sirius/XM|Toshiba Corporation",1299803|1730168|1226308|1308547|-1|-1|63271|1230276|-1|-1|-1|-1|-1|98573
CIK1690666_10K_20200218.txt,"ArcSoft, Inc.|Dolby Laboratories|Fraunhofer IIS|Gracenote|Intel Corporation|Invensas Corporation|Pandora|Sirius/XM|Tessera, Inc.",1299803|1308547|-1|-1|50863|-1|1230276|-1|-1,"Ambarella, Inc.|ArcSoft, Inc.|Box, Inc.|Cabot Microelectronics Corporation|Dolby Laboratories|FireEye Inc.|FormFactor, Inc.|Fraunhofer IIS|Gracenote|Inphi Corporation|Integrated Device Technology, Inc.|InterDigital, Inc.|M/A-COM Technology Solutions Holdings, Inc.|MaxLinear, Inc.|Monolithic Power Systems, Inc.|NVIDIA|Pandora|Plantronics Inc.|Power Integrations, Inc.|Rambus Inc.|Samsung|Semtech Corporation|Silicon Laboratories|Sirius/XM|TiVo Inc.|j2 Global, Inc.",1280263|1299803|1372612|-1|1308547|1370880|1039399|-1|-1|1160958|703361|1405495|-1|1288469|1280452|1045810|1230276|914025|833640|917273|-1|88941|1038074|-1|1088825|-1
CIK1730168_10K_20201218.txt,"Analog Devices, Inc.|AppDynamics, Inc.|Atlassian Corporation, Plc|BMC Software Inc.|BeyondTrust|Cisco Systems, Inc.|Compuware Corporation|Cree, Inc.|CrowdStrike Holdings, Inc.|CyberArk Software, Ltd.|Finisar Corp.|GlobalFoundries|Hamamatsu Photonics K.K.|Heidenhain Corporation|HiSilicon Technologies Co. Ltd.|Intel Corp.|International Business Machines Corporation|Lumentum Operations LLC|MACOM Technology Solutions Holdings, Inc.|Marvell Technology Group, Ltd.|Mediatek Inc.|Mellanox Technologies, Inc.|Micro Focus International Plc|Microsemi Corp.|Microsoft Corporation|Mitsubishi Electric Corporation|MuleSoft, Inc.|Murata Manufacturing Co., Ltd.|NXP Semiconductors N.V.|New Relic, Inc.|Oracle Corporation|Proofpoint, Inc.|Qorvo, Inc.|Qualcomm Inc.|Quantenna Communications, Inc.|Renesas Electronics Corporation|ST Microelectronics N.V.|SailPoint, Inc.|Skyworks Solutions, Inc.|Sumitomo Corporation|TDK-EPC Corporation|Texas Instruments, Inc.|Toshiba Corporation",6281|-1|1650372|835729|-1|858877|859014|895419|1535527|1598110|1094739|-1|-1|-1|-1|50863|51143|-1|-1|-1|-1|1356104|1359711|310568|789019|773753|1374684|-1|1413447|1448056|1341439|1212458|1604778|804328|1370702|-1|-1|1627857|4127|-1|-1|97476|98573,"Analog Devices, Inc.|AppDynamics, Inc.|Atlassian Corporation, Plc|BMC Software 10, Inc.|BeyondTrust|Cisco Systems, Inc.|Compuware Corporation|Cree, Inc.|CrowdStrike Holdings, Inc.|CyberArk Software, Ltd.|Finisar Corp.|GlobalFoundries|Hamamatsu Photonics K.K.|Heidenhain Corporation|HiSilicon Technologies Co. Ltd.|Intel Corp.|International Business Machines Corporation|Lumentum Operations LLC|MACOM Technology Solutions Holdings, Inc.|Marvell Technology Group, Ltd.|Mediatek Inc.|Mellanox Technologies, Inc.|Micro Focus International Plc|Microsemi Corp.|Microsoft Corporation|Mitsubishi Electric Corporation|MuleSoft, Inc.|Murata Manufacturing Co., Ltd.|NXP Semiconductors N.V.|New Relic, Inc.|Oracle Corporation|Proofpoint, Inc.|Qorvo, Inc.|Qualcomm Inc.|Quantenna Communications, Inc.|Renesas Electronics Corporation|ST Microelectronics N.V.|SailPoint, Inc.|ServiceNow, Inc.|Skyworks Solutions, Inc.|SolarWinds, Inc.|Splunk, Inc.|Sumitomo Corporation|TDK-EPC Corporation|Texas Instruments, Inc.|Toshiba Corporation|VMware, Inc.|Zscaler, Inc.",6281|-1|1650372|-1|-1|858877|859014|895419|1535527|1598110|1094739|-1|-1|-1|-1|50863|51143|-1|-1|-1|-1|1356104|1359711|310568|789019|773753|1374684|-1|1413447|1448056|1341439|1212458|1604778|804328|1370702|-1|-1|1627857|1373715|4127|1739942|1353283|-1|-1|97476|98573|-1|1713683
CIK1730168_10K_20211217.txt,"Advanced Micro Devices, Inc.|Amlogic Inc.|Analog Devices, Inc.|Atlassian Corporation, Plc|BMC Software Inc.|BeyondTrust Corporation|Cisco Systems, Inc.|Cree, Inc.|CrowdStrike Holdings, Inc.|CyberArk Software, Ltd.|GlobalFoundries|Hamamatsu Photonics K.K.|Heidenhain Corporation|HiSilicon Technologies Co. Ltd.|II-VI Incorporated|Intel Corp.|International Business Machines Corporation|Lumentum Holdings Inc.|MACOM Technology Solutions Holdings, Inc.|Marvell Technology Inc.|MaxLinear, Inc.|Mediatek Inc.|Micro Focus International Plc|Microchip Technology Incorporated|Microsoft Corporation|Mitsubishi Electric Corporation|Murata Manufacturing Co., Ltd.|NVIDIA Corporation|NXP Semiconductors N.V.|New Relic, Inc.|ON Semiconductor Corporation|OSRAM|Oracle Corporation|Proofpoint, Inc.|Qorvo, Inc.|Qualcomm Inc.|Realtek Semiconductor Corp.|Renesas Electronics Corporation|Rocket Software, Inc.|ST Microelectronics N.V.|Skyworks Solutions, Inc.|Sumitomo Corporation|Synaptics Incorporated|TDK-EPC Corporation|Texas Instruments, Inc.|Toshiba Corporation|iC-Haus Gmbh",2488|-1|6281|1650372|835729|-1|858877|895419|1535527|1598110|-1|-1|-1|-1|820318|50863|51143|1633978|-1|1058057|1288469|-1|1359711|827054|789019|773753|-1|1045810|1413447|1448056|1097864|-1|1341439|1212458|1604778|804328|-1|-1|-1|-1|4127|-1|817720|-1|97476|98573|-1,"Advanced Micro Devices, Inc.|Amlogic Inc.|Analog Devices, Inc.|Atlassian Corporation, Plc|BMC Software Inc.|BeyondTrust Corporation|Cisco Systems, Inc.|Cree, Inc.|CrowdStrike Holdings, Inc.|CyberArk Software, Ltd.|GlobalFoundries|Hamamatsu Photonics K.K.|Heidenhain Corporation|HiSilicon Technologies Co. Ltd.|II-VI Incorporated|Intel Corp.|International Business Machines Corporation|Lumentum Holdings Inc.|MACOM Technology Solutions Holdings, Inc.|Marvell Technology Inc.|MaxLinear, Inc.|Mediatek Inc.|Micro Focus International Plc|Microchip Technology Incorporated|Microsoft Corporation|Mitsubishi Electric Corporation|Murata Manufacturing Co., Ltd.|NVIDIA Corporation|NXP Semiconductors N.V.|New Relic, Inc.|ON Semiconductor Corporation|OSRAM|Oracle Corporation|Proofpoint, Inc.|Qorvo, Inc.|Qualcomm Inc.|Realtek Semiconductor Corp.|Renesas Electronics Corporation|Rocket Software, Inc.|ST Microelectronics N.V.|SailPoint, Inc.|Salesforce.com, Inc.|ServiceNow, Inc.|Skyworks Solutions, Inc.|SolarWinds, Inc.|Splunk, Inc.|Sumitomo Corporation|Synaptics Incorporated|TDK-EPC Corporation|Texas Instruments, Inc.|Toshiba Corporation|Zscaler, Inc.|iC-Haus Gmbh",2488|-1|6281|1650372|835729|-1|858877|895419|1535527|1598110|-1|-1|-1|-1|820318|50863|51143|1633978|-1|1058057|1288469|-1|1359711|827054|789019|773753|-1|1045810|1413447|1448056|1097864|-1|1341439|1212458|1604778|804328|-1|-1|-1|-1|1627857|1108524|1373715|4127|1739942|1353283|-1|817720|-1|97476|98573|1713683|-1
CIK1730168_10K_20221216.txt,"Advanced Micro Devices, Inc.|Amlogic Inc.|Analog Devices, Inc.|Atlassian Corporation, Plc|BMC Software Inc.|BeyondTrust Corporation|Cisco Systems, Inc.|CrowdStrike Holdings, Inc.|CyberArk Software, Ltd.|GlobalFoundries Inc.|Hamamatsu Photonics K.K.|Heidenhain Corporation|HiSilicon Technologies Co. Ltd.|II-VI Incorporated|Intel Corporation|International Business Machines Corporation|Lumentum Holdings Inc.|MACOM Technology Solutions Holdings, Inc.|Marvell Technology, Inc.|MaxLinear, Inc.|MediaTek Inc.|Micro Focus International plc|Microchip Technology Incorporated|Microsoft Corporation|Mitsubishi Electric Corporation|Murata Manufacturing Co., Ltd.|NVIDIA Corporation|NXP Semiconductors N.V.|New Relic, Inc.|ON Semiconductor Corporation|OSRAM Licht AG|Oracle Corporation|Qorvo, Inc.|Qualcomm Inc.|Realtek Semiconductor Corp.|Renesas Electronics Corporation|STMicroelectronics N.V.|Skyworks Solutions, Inc.|Sumitomo Corporation|Synaptics Incorporated|TDK-EPC Corporation|Texas Instruments, Inc.|Toshiba Corporation|Wolfspeed, Inc.|iC-Haus GmbH",2488|-1|6281|1650372|835729|-1|858877|1535527|1598110|-1|-1|-1|-1|820318|50863|51143|1633978|-1|1058057|1288469|-1|1359711|827054|789019|773753|-1|1045810|1413447|1448056|1097864|-1|1341439|1604778|804328|-1|-1|932787|4127|-1|817720|-1|97476|98573|-1|-1,"Advanced Micro Devices, Inc.|Amlogic Inc.|Analog Devices, Inc.|Atlassian Corporation, Plc|BMC Software Inc.|BeyondTrust Corporation|Cisco Systems, Inc.|CrowdStrike Holdings, Inc.|CyberArk Software, Ltd.|GlobalFoundries Inc.|Hamamatsu Photonics K.K.|Heidenhain Corporation|HiSilicon Technologies Co. Ltd.|II-VI Incorporated|Intel Corporation|International Business Machines Corporation|Lumentum Holdings Inc.|MACOM Technology Solutions Holdings, Inc.|Marvell Technology, Inc.|MaxLinear, Inc.|MediaTek Inc.|Micro Focus International plc|Microchip Technology Incorporated|Microsoft Corporation|Mitsubishi Electric Corporation|Murata Manufacturing Co., Ltd.|NVIDIA Corporation|NXP Semiconductors N.V.|New Relic, Inc.|ON Semiconductor Corporation|OSRAM Licht AG|Oracle Corporation|Proofpoint, Inc.|Qorvo, Inc.|Qualcomm Inc.|Realtek Semiconductor Corp.|Renesas Electronics Corporation|Rocket Software, Inc.|STMicroelectronics N.V.|SailPoint Technologies Holdings, Inc.|Salesforce.com, Inc.|ServiceNow, Inc.|Skyworks Solutions, Inc.|SolarWinds Corporation|Splunk, Inc.|Sumitomo Corporation|Synaptics Incorporated|TDK-EPC Corporation|Texas Instruments, Inc.|Toshiba Corporation|Wolfspeed, Inc.|Zscaler, Inc.|iC-Haus GmbH",2488|-1|6281|1650372|835729|-1|858877|1535527|1598110|-1|-1|-1|-1|820318|50863|51143|1633978|-1|1058057|1288469|-1|1359711|827054|789019|773753|-1|1045810|1413447|1448056|1097864|-1|1341439|1212458|1604778|804328|-1|-1|-1|932787|1627857|1108524|1373715|4127|1739942|1353283|-1|817720|-1|97476|98573|-1|1713683|-1
CIK1730168_10K_20231214.txt,"Advanced Micro Devices, Inc.|Amlogic Inc.|Analog Devices, Inc.|Atlassian Corporation, Plc|BMC Software Inc.|BeyondTrust Corporation|Cisco Systems, Inc.|CrowdStrike Holdings, Inc.|CyberArk Software, Ltd.|Dino-Software Corporation|GlobalFoundries Inc.|Hamamatsu Photonics K.K.|Heidenhain Corporation|II-VI Incorporated|Intel Corporation|International Business Machines Corporation|Lumentum Holdings Inc.|MACOM Technology Solutions Holdings, Inc.|Marvell Technology, Inc.|MaxLinear, Inc.|MediaTek Inc.|Microchip Technology Incorporated|Microsoft Corporation|Mitsubishi Electric Corporation|Murata Manufacturing Co., Ltd.|NVIDIA Corporation|NXP Semiconductors N.V.|New Relic, Inc.|ON Semiconductor Corporation|OSRAM Licht AG|OpenText Corporation|Oracle Corporation|Proofpoint, Inc.|Qorvo, Inc.|Qualcomm Inc.|Realtek Semiconductor Corp.|Renesas Electronics Corporation|Rocket Software|STMicroelectronics N.V.|Skyworks Solutions, Inc.|Sumitomo Corporation|Synaptics Incorporated|TDK-EPC Corporation|Texas Instruments, Inc.|Toshiba Corporation|Wolfspeed, Inc. (f/k/a Cree, Inc.)|iC-Haus GmbH",2488|-1|6281|1650372|835729|-1|858877|1535527|1598110|-1|-1|-1|-1|820318|50863|51143|1633978|-1|1058057|1288469|-1|827054|789019|773753|-1|1045810|1413447|1448056|1097864|-1|-1|1341439|1212458|1604778|804328|-1|-1|-1|932787|4127|-1|817720|-1|97476|98573|-1|-1,"Advanced Micro Devices, Inc.|Amlogic Inc.|Analog Devices, Inc.|Atlassian Corporation, Plc|BMC Software Inc.|BeyondTrust Corporation|Cisco Systems, Inc.|CrowdStrike Holdings, Inc.|CyberArk Software, Ltd.|Dino-Software Corporation|GlobalFoundries Inc.|Hamamatsu Photonics K.K.|Heidenhain Corporation|II-VI Incorporated|Intel Corporation|International Business Machines Corporation|Lumentum Holdings Inc.|MACOM Technology Solutions Holdings, Inc.|Marvell Technology, Inc.|MaxLinear, Inc.|MediaTek Inc.|Microchip Technology Incorporated|Microsoft Corporation|Mitsubishi Electric Corporation|Murata Manufacturing Co., Ltd.|NVIDIA Corporation|NXP Semiconductors N.V.|New Relic, Inc.|ON Semiconductor Corporation|OSRAM Licht AG|OpenText Corporation|Oracle Corporation|Proofpoint, Inc.|Qorvo, Inc.|Qualcomm Inc.|Realtek Semiconductor Corp.|Renesas Electronics Corporation|Rocket Software, Inc.|STMicroelectronics N.V.|SailPoint Technologies Holdings, Inc.|Salesforce.com, Inc.|ServiceNow, Inc.|Skyworks Solutions, Inc.|SolarWinds Corporation|Splunk, Inc.|Sumitomo Corporation|Synaptics Incorporated|TDK-EPC Corporation|Texas Instruments, Inc.|Toshiba Corporation|Wolfspeed, Inc. (f/k/a Cree, Inc.)|Zscaler, Inc.|iC-Haus GmbH",2488|-1|6281|1650372|835729|-1|858877|1535527|1598110|-1|-1|-1|-1|820318|50863|51143|1633978|-1|1058057|1288469|-1|827054|789019|773753|-1|1045810|1413447|1448056|1097864|-1|-1|1341439|1212458|1604778|804328|-1|-1|-1|932787|1627857|1108524|1373715|4127|1739942|1353283|-1|817720|-1|97476|98573|-1|1713683|-1
CIK1730168_10K_20251218.txt,,,"Advanced Semiconductor Engineering, Inc.|Amkor Technology, Inc.|Foxconn Technology Group|Siliconware Precision Industries Co., Ltd.|Taiwan Semiconductor Manufacturing Company Limited",-1|1047127|-1|-1|1046179
CIK1738699_20F_20200313.txt,,,"Comodo|DigiCert Inc|DigiCert Inc.|Digicert|Entrust Datacard|FireEye, Inc.|Globalsign|Infineon Technologies|Let's Encrypt|Microchip|NXP|NXP Semiconductors|Red Hat Software|ST Microelectronics|STMicroelectronics|Samsung Electronics|Symantec Corporation|VASCO Data Security International, Inc.|VeriSign, Inc.|Zix Corp",-1|-1|-1|-1|-1|1370880|-1|1107457|-1|827054|1413447|1413447|-1|-1|932787|-1|-1|-1|1014473|855612
CIK1738699_20F_20210429.txt,,,"Comodo|Crede CG III, Ltd|DigiCert Inc|DigiCert Inc.|Digicert|Entrust Datacard|FireEye, Inc.|GLOBAL TECH OPPORTUNITIES 8|Globalsign|Infineon Technologies|Let's Encrypt|Microchip|NXP|NXP Semiconductors|Nice & Green SA|Palantir|Red Hat Software|ST Microelectronics|STMicroelectronics|Samsung Electronics|Snowflake|Symantec Corporation|UBS SA|VASCO Data Security International, Inc.|VeriSign, Inc.|Zix Corp|arago GmbH",-1|-1|-1|-1|-1|-1|1370880|-1|-1|1107457|-1|827054|1413447|1413447|-1|-1|-1|-1|932787|-1|1640147|-1|1610520|-1|1014473|855612|-1
CIK1738699_20F_20220413.txt,,,"Comodo|Crede CG III, Ltd|DigiCert Inc|DigiCert Inc.|Digicert|Digicert Inc|Entrust Datacard|FOSSA SYSTEMS s.l.|FireEye, Inc.|GLOBAL TECH OPPORTUNITIES 8|Globalsign|Infineon Technologies|Inside Secure SA|L1 Capital Global Opportunities Master Fund|Let's Encrypt|Long State Investment Limited|Microchip|NXP|NXP Semiconductors|OpenLimit Holding AG|Palantir|Red Hat Software|ST Microelectronics|STMicroelectronics|Samsung Electronics|Snowflake|Symantec Corporation|Tarmin Inc|VASCO Data Security International, Inc.|VeriSign, Inc.|Yorkville Advisors Global, LLC|Zix Corp|arago",-1|-1|-1|-1|-1|-1|-1|-1|1370880|-1|-1|1107457|-1|-1|-1|-1|827054|1413447|1413447|-1|-1|-1|-1|932787|-1|1640147|-1|-1|-1|1014473|-1|855612|-1
CIK1738699_20F_20230428.txt,,,"DigiCert Inc.|Entrust Datacard|FireEye, Inc.|Infineon Technologies|Let's Encrypt|Microchip|NXP Semiconductors|Palantir|Red Hat Software|STMicroelectronics|Samsung Electronics|Snowflake|Symantec Corporation|VASCO Data Security International, Inc.|VeriSign, Inc.|Zix Corp|arago",-1|-1|1370880|1107457|-1|827054|1413447|-1|-1|932787|-1|1640147|-1|-1|1014473|855612|-1
CIK1738699_20F_20240515.txt,,,"Anson Investments Master Fund|DigiCert Inc.|Entrust Datacard|FireEye, Inc.|Global Tech Opportunities 8|Infineon Technologies|L1 Capital Global Opportunities Master Fund|Let's Encrypt|Microchip|NXP Semiconductors|Palantir|Red Hat Software|STMicroelectronics|Samsung Electronics|Snowflake|Symantec Corporation|VASCO Data Security International, Inc.|VeriSign, Inc.|Zix Corp",-1|-1|-1|1370880|-1|1107457|-1|-1|827054|1413447|-1|-1|932787|-1|1640147|-1|-1|1014473|855612
CIK1738699_20F_20250417.txt,,,"DigiCert Inc.|Digicert|Entrust|Entrust Datacard|FireEye, Inc.|HID|Infineon|Infineon Technologies|Keyfactor|Let’s Encrypt|Microchip|NXP|NXP Semiconductors|Palantir|Red Hat Software|STMicroelectronics|Samsung|Samsung Electronics|Snowflake|Symantec Corporation|Thales|VASCO Data Security International, Inc.|VeriSign, Inc.|Zix Corp",-1|-1|1031283|-1|1370880|47035|1107457|1107457|-1|-1|827054|1413447|1413447|-1|-1|932787|-1|-1|1640147|-1|1722401|-1|1014473|855612
CIK1780652_20F_20200415.txt,,,"Bank of Gansu Co., Ltd.|Beijing Gehua CATV Network Co., Ltd.|Ci Wen Media Co., Ltd.|Hangzhou Hengtong Cloud Information Technology Co., Ltd.|Hangzhou Weidi Tu Technology Co., Ltd.|Hangzhou Weitu Technology (Beijing) Co., Ltd.|Ingenic Semiconductor Co., Ltd.|Innovative Medical Management Co., Ltd.|Linan Bite Tiancheng Technology Co., Ltd.|Pure Pearl Group Co., Ltd.|Samsung|Semiconductor Manufacturing International Corporation|TSMC|Vimicro Corporation|Yi Bite Number Technology (Beijing) Co., Ltd.|Zhejiang Weiji Technology Co., Ltd.",-1|-1|-1|-1|-1|-1|-1|-1|-1|-1|-1|1267482|1046179|1341088|-1|-1
CIK1780652_20F_20210421.txt,,,Samsung|Semiconductor Manufacturing International Corporation|TSMC|Taiwan Semiconductor Manufacturing Company Limited,-1|1267482|1046179|1046179
CIK1780652_20F_20220429.txt,,,existing and new players that are more established than us|existing players that have been focusing on Bitcoin mining|many well-known domestic and international players|new entrants that include well-established players in the semiconductor industry|players who have not been predisposed to this industry in the past,-1|-1|-1|-1|-1
CIK1796898_20F_20210406.txt,SunPower,867773,Canadian Solar Inc.|First Solar Inc.|Hanwha QCELLS Corporation|JA Solar Holdings Co.|Jinko Solar|LG Solar|LONGi Solar|Panasonic|REC Solar|Risen Energy|Trina Solar Ltd.,1375877|1274494|-1|1385598|-1|-1|-1|63271|-1|-1|1382158
CIK1796898_20F_20220324.txt,SunPower,867773,Canadian Solar Inc.|First Solar Inc.|Hanwha QCELLS Corporation|JA Solar Holdings Co.|Jinko Solar|LG Solar|LONGi Solar|REC Solar|Risen Energy|Trina Solar Ltd.,1375877|1274494|-1|1385598|-1|-1|-1|-1|-1|1382158
CIK2488_10K_20230227.txt,"ARM|Analog Devices|Broadcom Corporation|Intel Corporation|Lattice Semiconductor Corporation|Marvell Technology Group, Ltd.|Microsemi Corporation|NVIDIA|NXP Semiconductors N.V.|Texas Instruments Incorporated",1057997|6281|1730168|50863|855658|-1|310568|1045810|1413447|97476,"Analog Devices|Broadcom Corporation|Intel Corporation|Lattice Semiconductor Corporation|Marvell Technology Group, Ltd.|Microsemi Corporation|NVIDIA Corporation|NXP Semiconductors N.V.|Texas Instruments Incorporated",6281|1730168|50863|855658|-1|310568|1045810|1413447|97476
CIK2488_10K_20240131.txt,"Analog Devices|Broadcom Corporation|Intel Corporation|Lattice Semiconductor Corporation|Marvell Technology Group, Ltd.|Microsemi Corporation|NVIDIA|NVIDIA Corporation|NXP Semiconductors N.V.|Texas Instruments Incorporated",6281|1730168|50863|855658|-1|310568|1045810|1045810|1413447|97476,"Analog Devices|Broadcom Corporation|Intel Corporation|Lattice Semiconductor Corporation|Marvell Technology Group, Ltd.|Microsemi Corporation|NVIDIA Corporation|NXP Semiconductors N.V.|Texas Instruments Incorporated",6281|1730168|50863|855658|-1|310568|1045810|1413447|97476
CIK2488_10K_20250205.txt,Nvidia,1045810,"Analog Devices|Broadcom Corporation|Intel Corporation|Lattice Semiconductor Corporation|Marvell Technology Group, Ltd.|Microsemi Corporation|NVIDIA Corporation|NXP Semiconductors N.V.|Qualcomm Incorporated|Texas Instruments Incorporated",6281|1730168|50863|855658|-1|310568|1045810|1413447|804328|97476
CIK29002_10K_20160311.txt,,,"Fairchild Semiconductor Corporation|Infineon Technologies A.G.|NXP Semiconductors N.V.|ON Semiconductor Corporation|Rohm Electronics USA, LLC|Toshiba Corporation|Vishay Intertechnology, Inc.",1036960|1107457|1413447|1097864|-1|98573|103730
CIK29002_10K_20170227.txt,,,"Infineon Technologies A.G.|Nexperia|ON Semiconductor Corporation|Rohm Electronics USA, LLC|Toshiba Corporation|Vishay Intertechnology, Inc.",1107457|-1|1097864|-1|98573|103730
CIK29002_10K_20180220.txt,,,"Infineon Technologies A.G.|Nexperia|ON Semiconductor Corporation|Rohm Electronics USA, LLC|Toshiba Corporation|Vishay Intertechnology, Inc.",1107457|-1|1097864|-1|98573|103730
CIK29002_10K_20190221.txt,,,"Infineon Technologies A.G.|Nexperia|ON Semiconductor Corporation|Rohm Electronics USA, LLC|Toshiba Corporation|Vishay Intertechnology, Inc.",1107457|-1|1097864|-1|98573|103730
CIK29002_10K_20200212.txt,,,"Infineon Technologies A.G.|Nexperia|ON Semiconductor Corporation|Rohm Electronics USA, LLC|Toshiba Corporation|Vishay Intertechnology, Inc.",1107457|-1|1097864|-1|98573|103730
CIK29002_10K_20210222.txt,,,"Infineon Technologies A.G.|Nexperia|ON Semiconductor Corporation|Renesas Electronics Corporation|Texas Instruments|Vishay Intertechnology, Inc.",1107457|-1|1097864|-1|97476|103730
CIK29002_10K_20220218.txt,,,"Epson|Infineon Technologies A.G.|Kyrocera|NXP Semiconductors N.V.|ON Semiconductor Corporation|Renesas Electronics Corporation|Rohm Electronics USA, LLC|Texas Instruments|Vishay Intertechnology, Inc.",-1|1107457|-1|1413447|1097864|-1|-1|97476|103730
CIK29002_10K_20230210.txt,,,"Epson|Infineon Technologies A.G.|Kyocera|NXP Semiconductors N.V.|Nexperia|ON Semiconductor Corporation|Renesas Electronics Corporation|Texas Instruments|Vishay Intertechnology, Inc.",-1|1107457|57083|1413447|-1|1097864|-1|97476|103730
CIK29002_10K_20240209.txt,,,"Epson|Infineon Technologies A.G.|Kyocera|NXP Semiconductors N.V.|Nexperia|ON Semiconductor Corporation|Renesas Electronics Corporation|Texas Instruments|Vishay Intertechnology, Inc.",-1|1107457|57083|1413447|-1|1097864|-1|97476|103730
CIK29002_10K_20250214.txt,,,"Epson|Infineon Technologies A.G.|Kyocera|NXP Semiconductors N.V.|Nexperia|ON Semiconductor Corporation|Renesas Electronics Corporation|Texas Instruments|Vishay Intertechnology, Inc.",-1|1107457|57083|1413447|-1|1097864|-1|97476|103730
CIK310568_10K_20101123.txt,"Anadigics, Inc.|Diodes, Inc.|Fairchild Semiconductor International, Inc.|Freescale Semiconductor, Inc.|International Rectifier Corp.|Koninklijke Philips Electronics|Linear Technology Corp.|Maxim Integrated Products, Inc.|Micrel Incorporated|Mitel Corporation|Monolithic Power Systems, Inc.|National Semiconductor Corp.|O2Micro International, Ltd.|ON Semiconductor Corp.|RF Micro Devices, Inc.|Semicoa Corporation|Semtech Corp.|Skyworks Solutions, Inc.|Supertex, Inc.|Texas Instruments, Inc.|Triquint Semiconductor, Inc.|Vishay Intertechnology, Inc.",940332|29002|1036960|1272547|316793|-1|791907|743316|932111|1170534|1280452|70530|1095348|1097864|-1|-1|88941|4127|730000|97476|913885|103730,"Anadigics, Inc.|Diodes, Inc.|Fairchild Semiconductor International, Inc.|Freescale Semiconductor, Inc.|International Rectifier Corp.|Koninklijke Philips Electronics|Linear Technology Corp.|Maxim Integrated Products, Inc.|Micrel Incorporated|Monolithic Power Systems, Inc.|National Semiconductor Corp.|O2Micro International, Ltd.|ON Semiconductor Corp.|RF Micro Devices, Inc.|Semtech Corp.|Skyworks Solutions, Inc.|Texas Instruments, Inc.|Triquint Semiconductor, Inc.|Vishay Intertechnology, Inc.",940332|29002|1036960|1272547|316793|-1|791907|743316|932111|1280452|70530|1095348|1097864|-1|88941|4127|97476|913885|103730
CIK310568_10K_20111123.txt,"Anadigics, Inc.|Diodes, Inc.|Fairchild Semiconductor International, Inc.|Freescale Semiconductor, Inc.|International Rectifier Corp.|Koninklijke Philips Electronics|Linear Technology Corp.|Maxim Integrated Products, Inc.|Micrel Incorporated|Mitel Corporation|Monolithic Power Systems, Inc.|O2Micro International, Ltd.|ON Semiconductor Corp.|RF Micro Devices, Inc.|Semicoa Corporation|Semtech Corp.|Skyworks Solutions, Inc.|Supertex, Inc.|Texas Instruments, Inc.|Triquint Semiconductor, Inc.|Vishay Intertechnology, Inc.",940332|29002|1036960|1272547|316793|-1|791907|743316|932111|1170534|1280452|1095348|1097864|-1|-1|88941|4127|730000|97476|913885|103730,"Anadigics, Inc.|Diodes, Inc.|Fairchild Semiconductor International, Inc.|Freescale Semiconductor, Inc.|International Rectifier Corp.|Koninklijke Philips Electronics|Linear Technology Corp.|Maxim Integrated Products, Inc.|Micrel Incorporated|Monolithic Power Systems, Inc.|O2Micro International, Ltd.|ON Semiconductor Corp.|RF Micro Devices, Inc.|Semtech Corp.|Skyworks Solutions, Inc.|Texas Instruments, Inc.|Triquint Semiconductor, Inc.|Vishay Intertechnology, Inc.",940332|29002|1036960|1272547|316793|-1|791907|743316|932111|1280452|1095348|1097864|-1|88941|4127|97476|913885|103730
CIK316672_10K_20030415.txt,"CSPI Multi Computer Division of CSP Inc.|DY4 Systems, a Force Computer business unit|Mercury Computer Systems, Inc.|Radstone Technology, PLC",-1|-1|-1|-1,"CSPI Multi Computer Division of CSP Inc.|DY4 Systems, a Force Computer business unit|Emhart Industries, Inc.|Mercury Computer Systems, Inc.|Radstone Technology, PLC|Savage Arms, Inc.|Savage Sports Corporation|Western Auto Supply Co.",-1|-1|-1|-1|-1|-1|-1|105981
CIK316672_10K_20040330.txt,DY4 Systems,-1,"CSPI Multi Computer Division of CSP Inc.|DY4 Systems|Mercury Computer Systems, Inc.|Radstone Technology, PLC",-1|-1|-1|-1
CIK316672_10K_20050331.txt,DY4 Systems|Synergy Microsystems,-1|-1,"CSPI Multi Computer Division of CSP Inc.|Curtiss-Wright Embedded Computing|DY4 Systems|Mercury Computer Systems, Inc.|Radstone Technology, PLC|Synergy Microsystems",-1|-1|-1|-1|-1|-1
CIK316793_10K_20060915.txt,Babcock|Fairchild Semiconductor|Infineon Technologies|Interpoint|Intersil|Linear Technology|MS Kennedy|Matsushita|Maxim Integrated Products|Microsemi|Mitsubishi|Modular Devices|National Semiconductor|ON Semiconductor|Philips|Renesas|STMicroelectronics|Semelab|Semtech|Sensitron|Shindengen|Texas Instruments|Toshiba|VPT|Vishay|Volterra,-1|1036960|1107457|50842|2485|791907|-1|-1|743316|310568|773753|-1|70530|1097864|205778|-1|932787|-1|88941|-1|-1|97476|98573|79259|-1|1050550,Babcock|Fairchild Semiconductor|Infineon Technologies|Interpoint|Intersil|Linear Technology|MS Kennedy|Matsushita|Maxim Integrated Products|Microsemi|Mitsubishi|Modular Devices|National Semiconductor|ON Semiconductor|Philips|Renesas|STMicroelectronics|Semelab|Semtech|Sensitron|Texas Instruments|Toshiba|VPT|Vishay|Volterra,-1|1036960|1107457|50842|2485|791907|-1|-1|743316|310568|773753|-1|70530|1097864|205778|-1|932787|-1|88941|-1|97476|98573|79259|-1|1050550
CIK316793_10K_20080801.txt,Cisco|Delta|Emerson|Fairchild|HP|IBM|Infineon|Intel|Interpoint|Intersil|Linear Technology|MS Kennedy|Microsemi|Microsoft|Mitsubishi|NXP|ON Semiconductor|Renesas|STMicroelectronics|Sony|Toshiba|VICOR|VPT|Vishay,858877|27924|1017794|34257|47217|353524|1107457|50863|50842|2485|791907|-1|310568|789019|773753|1413447|1097864|-1|932787|313838|98573|751978|79259|-1,Fairchild|Infineon|Interpoint|Intersil|Linear Technology|MS Kennedy|Microsemi|Mitsubishi|NXP|ON Semiconductor|Renesas|STMicroelectronics|Toshiba|VICOR|VPT|Volterra,34257|1107457|50842|2485|791907|-1|310568|773753|1413447|1097864|-1|932787|98573|751978|79259|1050550
CIK316793_10K_20080915.txt,Delta|Emerson|Fairchild|HP|IBM|Infineon|Intel|Interpoint|Intersil|Linear Technology|MS Kennedy|Microsemi|Microsoft|Mitsubishi|NXP|ON Semiconductor|Renesas|STMicroelectronics|Toshiba|VICOR|VPT|Volterra,27924|1017794|34257|47217|353524|1107457|50863|50842|2485|791907|-1|310568|789019|773753|1413447|1097864|-1|932787|98573|751978|79259|1050550,Fairchild|Infineon|Interpoint|Intersil|Linear Technology|MS Kennedy|Microsemi|Mitsubishi|NXP|ON Semiconductor|Renesas|STMicroelectronics|Sony|Toshiba|VICOR|VPT|Volterra,34257|1107457|50842|2485|791907|-1|310568|773753|1413447|1097864|-1|932787|313838|98573|751978|79259|1050550
CIK316793_10K_20090827.txt,Alcoa|Bosch|Continental Auto|Delphi|Fairchild|Honda|IXYS|Infineon|Interpoint|Intersil|Linear Technology|MS Kennedy|Microsemi|Mitsubishi|NXP|Nagares|ON Semiconductor|Renesas|STMicroelectronics|TRW|Toshiba|VICOR|VPT|Vishay|Volterra,1675149|-1|-1|1707092|34257|-1|945699|1107457|50842|2485|791907|-1|310568|773753|1413447|-1|1097864|-1|932787|100030|98573|751978|79259|-1|1050550,Fairchild|IXYS|Infineon|Interpoint|Intersil|Linear Technology|MS Kennedy|Microsemi|Mitsubishi|NXP|ON Semiconductor|Renesas|STMicroelectronics|Toshiba|VICOR|VPT|Vishay|Volterra,34257|945699|1107457|50842|2485|791907|-1|310568|773753|1413447|1097864|-1|932787|98573|751978|79259|-1|1050550
CIK319191_10K_20020328.txt,Xicor,319191,Analog Devices|Atmel Corporation|Catalyst Semiconductor|Maxim,6281|872448|899636|1013351
CIK319191_10K_20030328.txt,,,Analog Devices|Atmel Corporation|Linear Technology Corporation|Maxim Integrated Products,6281|872448|791907|743316
CIK319191_10K_20040223.txt,,,Analog Devices|Atmel Corporation|Linear Technology Corporation|Maxim Integrated Products,6281|872448|791907|743316
CIK319450_10K_20020412.txt,,,ARM|Advanced Micro Devices|Atmel|Conexant|Hitachi|Intel|Lucent Technologies|MIPS Technologies|Maxim|Microchip|Mitel|Mitsubishi|Motorola|NEC|NetSilicon|PMC-Sierra|Philips|ST Microelectronics|Samsung|Sanyo|Sharp|Texas Instruments|Toshiba,1057997|2488|872448|1069353|47710|50863|1006240|1059786|1013351|827054|1170534|773753|68505|72127|1068885|767920|205778|-1|-1|203097|800840|97476|98573
CIK319450_10K_20030401.txt,,,ARM|Advanced Micro Devices|Atmel|Conexant|Globespan|Intel|Lucent Technologies|Microchip|Mitel|Motorola|NEC|Philips|ST Microelectronics|Semtech|Sharp|Texas Instruments|Toshiba,1057997|2488|872448|1069353|-1|50863|1006240|827054|1170534|68505|72127|205778|-1|88941|800840|97476|98573
CIK319450_10K_20040330.txt,,,Atmel|Cypress Semiconductor|Intel|Microchip|Motorola|National Semiconductor|Renasas|STMicroelectronics|Texas Instruments,872448|791915|50863|827054|68505|70530|-1|932787|97476
CIK319450_10K_20050331.txt,,,Atmel|Cypress Semiconductor|Freescale|Intel|Microchip|National Semiconductor|Renasas|STMicroelectronics|Texas Instruments,872448|791915|1272547|50863|827054|70530|-1|932787|97476
CIK319450_10K_20060626.txt,Atmel|Cypress Semiconductor|Freescale|Intel|Microchip|National Semiconductor|Renasas|STMicroelectronics|Texas Instruments,872448|791915|1272547|50863|827054|70530|-1|932787|97476,Atmel|Cypress Semiconductor|Freescale|Intel|Microchip|Renasas|STMicroelectronics|Texas Instruments,872448|791915|1272547|50863|827054|-1|932787|97476
CIK319450_10K_20070625.txt,"Atmel|Cypress Semiconductor|Freescale|Microchip|Renasas|STMicroelectronics|Samsung|Universal Electronics, Inc.",872448|791915|1272547|827054|-1|932787|-1|101984,"Atmel|Cypress Semiconductor|Freescale|Microchip|Microchip Technology, Inc.|Micron Technology, Inc.|Renasas|STMicroelectronics|STMicroelectronics, Inc.|Samsung|Universal Electronics, Inc.|X-FAB|ZiLOG MOD III, Inc.|ZiLOG, Inc.",872448|791915|1272547|827054|827054|723125|-1|932787|932787|-1|101984|-1|-1|319450
CIK319450_10K_20080630.txt,"Atmel|Cypress Semiconductor|Freescale|Microchip|Renasas|STMicroelectronics|Samsung|Universal Electronics, Inc.",872448|791915|1272547|827054|-1|932787|-1|101984,"Actel Corporation|Altera Corporation|Atmel|Cypress Semiconductor|Freescale|Microchip|Microchip Technology, Inc.|Micron Technology, Inc.|Renasas|STMicroelectronics|STMicroelectronics, Inc.|Samsung|Universal Electronics, Inc.",907687|768251|872448|791915|1272547|827054|827054|723125|-1|932787|932787|-1|101984
CIK319450_10K_20090630.txt,Atmel|Cypress Semiconductor|Freescale|Microchip|Renasas|STMicroelectronics|Samsung,872448|791915|1272547|827054|-1|932787|-1,"Actel Corporation|Altera Corporation|Atmel|Cypress Semiconductor|Freescale|Microchip|Microchip Technology, Inc.|Renasas|STMicroelectronics|Samsung",907687|768251|872448|791915|1272547|827054|827054|-1|932787|-1
CIK32272_10K_20000314.txt,,,Hosiden|Hyundai|IBM|JVC|Optrex|PCI|Philips|Samsung|Seiko Instruments|Seiko-Epson|Sharp|Texas Instruments,-1|-1|353524|-1|-1|879534|205778|-1|-1|-1|800840|97476
CIK32272_10K_20010313.txt,,,Hosiden|Hyundai|JVC|Optrex|PCI|Philips|Samsung|Seiko Instruments|Seiko-Epson|Sharp|Texas Instruments,-1|-1|-1|-1|879534|205778|-1|-1|-1|800840|97476
CIK32272_10K_20020320.txt,,,Aurora Systems|Epson|Hitachi|Hosiden|JVC|Optrex|Philips|Samsung|Seiko Instruments|Seiko-Epson|Sharp|Sony|Texas Instruments|Wintek,-1|-1|47710|-1|-1|-1|205778|-1|-1|-1|800840|313838|97476|-1
CIK32272_10K_20030328.txt,,,Aurora Systems|Benchmark Electronics|Epson|Hitachi|Hosiden|JVC|Optrex|Pemstar|Philips|Plexus|SMTC Manufacturers’ Services|Samsung|Seiko Instruments|Seiko-Epson|Sharp|Sony|SpatiaLight|Texas Instruments|Wintek,-1|863436|-1|47710|-1|-1|-1|924829|205778|785786|-1|-1|-1|-1|800840|313838|881468|97476|-1
CIK32272_10K_20040315.txt,,,Benchmark Electronics|Hosiden|Optrex|Pemstar|Philips|Plexus|Samsung|Seiko Instruments|Seiko-Epson|Sharp|Suntron|Wintek,863436|-1|-1|924829|205778|785786|-1|-1|-1|800840|1160513|-1
CIK32272_10K_20050404.txt,,,AU Optronics Corp.|Benchmark Electronics|Hosiden|International Displayworks|Optrex|Pemstar|Philips|Plexus|Samsung|Seiko Instruments|Seiko-Epson|Sharp|Suntron|Wintek,1172494|863436|-1|866415|-1|924829|205778|785786|-1|-1|-1|800840|1160513|-1
CIK32878_10K_20020930.txt,,,"BYD Battery Co., Ltd.|Bekaert|Bekaert Corporation|Boeing|Canon Inc.|ChevronTexaco|ChevronTexaco Corporation|EV Global Motors Company|GP Batteries International Limited|GS-Saft Ltd.|General Electric|General Motors|General Motors Corporation|Harding Energy Inc.|Hitachi Maxell, Ltd.|Hitachi, Ltd.|Honda Motor Company, Ltd.|Hyundai Motor Company|Intel|Intel Capital|Japan Storage Battery Co., Ltd.|Lexel Battery (Shenzhen) Co., Ltd.|Lockheed Martin|Matsushita Battery Industrial Co. Ltd.|Matsushita Battery Industrial Co., Ltd.|Matsushita Electric Industrial Co., Ltd.|Nan Ya Plastics Corporation|Ovonic Battery|Panasonic EV Energy Co. Ltd.|Panasonic EV Energy Co., Ltd.|Pioneer Corporation|Plasmon Limited|Rare Earth High-Tech Co. Ltd.|Ricoh Company Limited|SANIK Battery Co., Ltd.|Saft America, Inc.|Saft, S.A.|Samsung Electronics Co., Ltd.|Sanoh Industrial Company, Ltd.|Sanyo|Sanyo Electric Co., Ltd.|Sony Corporation|TDK Corporation|Teijin, Limited|Texaco|Toray Industries, Inc.|Toshiba Battery Co., Ltd.|Toshiba Corporation|Toyota Motor Corporation|Varta Batterie AG|Walsin Technology Corporation",-1|-1|-1|12927|16988|-1|-1|-1|-1|-1|40545|1467858|1467858|-1|-1|47710|715153|-1|50863|-1|-1|-1|936468|-1|-1|-1|-1|-1|-1|-1|733060|-1|-1|723303|-1|-1|1172052|-1|-1|203097|800863|313838|203383|-1|97349|-1|-1|98573|1094517|-1|-1
CIK32878_10K_20031022.txt,,,"BAE Systems|BYD Battery Co., Ltd.|Bekaert|Canon Inc.|ChevronTexaco|GP Batteries International Limited|GS-Saft Ltd.|General Electric|Ghandong Shida Battery Co. Ltd.|Guangdong Shida Battery Co., Ltd.|Harding Energy Inc.|Henan Huanyu Power Source Co., Ltd.|Hitachi Maxell, Ltd.|Honda Motor Company, Ltd.|Hyundai Motor Company|ITS Innovative Transportation Systems A.G.|Intel Capital|Japan Storage Battery Co., Ltd.|Lexel Battery (Shenzhen) Co., Ltd.|Linghao Battery (H.K.) Co., Ltd.|Linghao Battery (Shenzhen) Co., Ltd.|Matsushita Battery Industrial Co. Ltd.|Mcnair-tech Co., Ltd.|Nan Ya Plastics Corporation|Ovonic Media, LLC|Ovonyx|Panasonic EV Energy Co. Ltd.|Rare Earth High-Tech Co. Ltd.|SANIK Battery Co., Ltd.|STMicroelectronics|Saft America, Inc.|Saft, S.A.|Samsung Electronics Co., Ltd.|Sanoh Industrial Company, Ltd.|Sanyo Electric Co. Ltd.|Sanyo Electric Co., Ltd.|Sovlux Battery Co. Ltd.|TWD Battery Co., Ltd.|Texaco Energy Systems LLC|Texaco Ovonic Battery Systems LLC|Texaco Ovonic Hydrogen Systems LLC|Toshiba Battery Co., Ltd.|Toyota Motor Corporation|Varta Batterie AG|Walsin Technology Corporation|Yuasa Corporation",895564|-1|-1|16988|-1|-1|-1|40545|-1|-1|-1|-1|-1|715153|-1|-1|-1|-1|-1|-1|-1|-1|-1|-1|-1|-1|-1|-1|-1|932787|-1|1172052|-1|-1|800863|800863|-1|-1|-1|-1|-1|-1|1094517|-1|-1|-1
CIK32878_10K_20040913.txt,,,"BAE Systems|ChevronTexaco|ChevronTexaco Corporation|Cobasys LLC|GP Batteries|General Electric|Honda Motor Company, Ltd.|Hyundai Motor Company|Intel Corporation|Matsushita Electric Industrial Co., Ltd.|Nan Ya|Ovonyx, Inc.|Panasonic EV Energy Co., Ltd.|Rare Earth Ovonic|Ricoh Company Limited|STMicroelectronics|Saft Group|Sanyo Electric Co. Ltd.|Sony Corporation|Texaco Ovonic Hydrogen Systems LLC|Toyota Motor Corporation|Tyler Lowrey|United States Advanced Battery Consortium|Varta",895564|-1|-1|-1|-1|40545|715153|-1|50863|-1|-1|-1|-1|-1|723303|932787|-1|800863|313838|-1|1094517|-1|-1|-1
CIK32878_10K_20050913.txt,,,"Chevron Technology Ventures LLC|Cobasys LLC|Elpida Memory, Inc.|Honda Motor Company, Ltd.|Hyundai Motor Company|Intel Corporation|Matsushita Electric Industrial Co., Ltd.|Micron Technology, Inc.|Motorola, Inc.|Nanochip, Inc.|Ricoh Company Limited|STMicroelectronics|Saft Group|Sanyo Electric Co. Ltd.|Sony Corporation|Toshiba",-1|-1|-1|715153|-1|50863|-1|723125|68505|-1|723303|932787|-1|800863|313838|98573
CIK32878_10K_20060913.txt,"Kyocera Corporation|Mitsubishi Electric Corporation|Q-Cells AG|Sanyo Electric Co., Ltd.|Sharp Corporation",57083|773753|-1|800863|800840,"Kyocera Corporation|Mitsubishi Electric Corporation|Panasonic EV Energy Company|Q-Cells AG|Sanyo|Sanyo Electric Co., Ltd.|Sharp Corporation|Varta AG|Varta Microbattery GmbH|Varta Microbattery, Inc.",57083|773753|-1|-1|203097|800863|800840|-1|-1|-1
CIK32878_10K_20070829.txt,"BAE Systems|Elpida Memory, Inc.|First Solar, Inc.|GP Batteries International Limited|Honda Motor Company, Ltd.|Hyundai Motor Company|Intel Corporation|Kyocera Corporation|Mitsubishi Electric Corporation|Nan Ya Plastics Corporation|Nanochip, Inc.|Panasonic EV Energy Company|Q-Cells AG|Qimonda AG.|STMicroelectronics N.V.|Saft Group|Samsung Electronics Co., Ltd.|Sanoh|Sanyo Electric Co., Ltd.|Sharp Corporation|Sunpower Corp.|Suntech Power Holdings Co., Ltd.|Toshiba Battery Co., Ltd.|Toyota Motor Corporation|Walsin Technology Corporation",895564|-1|1274494|-1|715153|-1|50863|57083|773753|-1|-1|-1|-1|1369377|932787|-1|-1|-1|800863|800840|867773|1342803|-1|1094517|-1,"First Solar, Inc.|GP Batteries International Limited|Honda Motor Company, Ltd.|Hyundai Motor Company|Kyocera Corporation|Mitsubishi Electric Corporation|Nan Ya Plastics Corporation|Panasonic EV Energy Company|Q-Cells AG|Saft Group|Sanoh Industrial Co., Ltd.|Sanyo Electric Co., Ltd.|Sharp Corporation|Sunpower Corp.|Suntech Power Holdings Co., Ltd.|Toshiba Battery Co., Ltd.|Walsin Technology Corporation",1274494|-1|715153|-1|57083|773753|-1|-1|-1|-1|-1|800863|800840|867773|1342803|-1|-1
CIK351298_10K_20011109.txt,,,"Agere Systems|Motorola, Inc.|Siemens, Inc.|Sonic Innovations, Inc.",1129446|68505|1135644|-1
CIK351298_10K_20021216.txt,,,"Siemens, Inc.|Sonic Innovations, Inc.",1135644|-1
CIK351298_10K_20031216.txt,,,"Siemens, Inc.|Sonic Innovations, Inc.|Triquint Optoelectronics",1135644|-1|-1
CIK351298_10K_20061201.txt,OEM customers|offshore contract manufacturers|other electronics manufacturers,-1|-1|-1,,
CIK352435_10K_20020626.txt,,,"Agere Systems, Inc.|Agilent Technologies Inc.|American Microsystems, Inc.|Broadcom Corporation|Conexant Systems, Inc.|DALSA Semiconductor Inc.|Epitaxx Inc.|Honeywell Inc.|Infineon Technologies AG|LSI Logic|Maxim Integrated Products, Inc.|Medtronic, Inc.|Microsemi Inc.|Microtune Inc.|Mitel Networks Corporation|Motorola, Inc.|PMC-Sierra, Inc.|Philips International BV|RF Micro Devices|ST Microelectronics, Inc.|Toshiba Corporation|Tyco Electronics",1129446|1090872|-1|1730168|1069353|-1|-1|48305|1107457|-1|743316|1613103|310568|1108058|1170534|68505|767920|1050686|-1|-1|98573|-1
CIK352435_10K_20040609.txt,"Agere Systems, Inc.|Agilent Technologies Inc.|American Microsystems, Inc.|Broadcom Corporation|Conexant Systems, Inc.|EMCORE Corporation|Epitaxx Inc.|Honeywell Inc.|Infineon Technologies AG|Integrated Device Technology, Inc.|LSI Logic|Maxim Integrated Products, Inc.|Medtronic, Inc.|Microsemi Inc.|Microtune Inc.|Motorola, Inc.|PMC-Sierra, Inc.|Philips International BV|PicoLight|RF Micro Devices|ST Microelectronics, Inc.|Semtech Corporation|Silicon Laboratories, Inc.|Toshiba Corporation|Tyco Electronics",1129446|1090872|-1|1730168|1069353|808326|-1|48305|1107457|703361|-1|743316|1613103|310568|1108058|68505|767920|1050686|-1|-1|-1|88941|1038074|98573|-1,"Agere Systems, Inc.|Agilent Technologies Inc.|American Microsystems, Inc.|Broadcom Corporation|Conexant Systems, Inc.|Epitaxx Inc.|Honeywell Inc.|Infineon Technologies AG|Integrated Device Technology, Inc.|LSI Logic|Maxim Integrated Products, Inc.|Medtronic, Inc.|Microsemi Inc.|Microtune Inc.|Motorola, Inc.|PMC-Sierra, Inc.|Philips International BV|RF Micro Devices|ST Microelectronics, Inc.|Semtech Corporation|Silicon Laboratories, Inc.|Toshiba Corporation|Tyco Electronics",1129446|1090872|-1|1730168|1069353|-1|48305|1107457|703361|-1|743316|1613103|310568|1108058|68505|767920|1050686|-1|-1|88941|1038074|98573|-1
CIK352435_20F_20050610.txt,,,"Agere Systems, Inc.|American Microsystems, Inc.|Broadcom Corporation|Chipcon AS|Conexant|Infineon Technologies AG|Integrated Device Technology, Inc.|Maxim Integrated Products, Inc.|Microsemi Inc.|Microtune Inc.|PMC-Sierra, Inc.|Philips International BV|ST Microelectronics, Inc.|Semtech Corporation|Silicon Laboratories, Inc.|Xemics S.A.",1129446|-1|1730168|-1|1069353|1107457|703361|743316|310568|1108058|767920|1050686|-1|88941|1038074|-1
CIK352435_20F_20060609.txt,,,"Agere Systems, Inc.|American Microsystems, Inc.|Broadcom Corporation|Infineon Technologies AG|Integrated Device Technology, Inc.|Intel Corporation|Microsemi Inc.|Mitel Networks Corporation|PMC-Sierra, Inc.|Semtech Corporation|Silicon Laboratories, Inc.",1129446|-1|1730168|1107457|703361|50863|310568|1170534|767920|88941|1038074
CIK352435_20F_20070611.txt,,,"Agere Systems, Inc.|American Microsystems, Inc.|Infineon Technologies AG|Integrated Device Technology, Inc.|Microsemi Inc.|PMC-Sierra, Inc.|Semtech Corporation|Silicon Laboratories, Inc.",1129446|-1|1107457|703361|310568|767920|88941|1038074
CIK352435_20F_20080605.txt,,,"Agere Systems, Inc.|American Microsystems, Inc.|Infineon Technologies AG|Integrated Device Technology, Inc.|Microsemi Inc.|PMC-Sierra, Inc.|Semtech Corporation|Silicon Laboratories, Inc.",1129446|-1|1107457|703361|310568|767920|88941|1038074
CIK357108_10K_20021226.txt,,,"3D Plus|Agilent|BAE Systems|Boeing Corporation|Bosch Corporation|Cisco Systems, Inc.|DPAC Technologies Corp.|Delco Electronics|EG&G Judson|Infrared Industries, Inc.|Juniper Networks, Inc.|Lockheed Martin Corporation|Micro Technologies, Inc.|Motorola|Northrop Grumman|OptoElectronics-Textron, Inc.|Raytheon|Staktek Corporation|Systron-Donner|TRW Inc.|Texas Instruments, Inc.|Vertical Circuits, Inc.|Vishay Intertechnology, Inc.",-1|1090872|895564|12927|-1|858877|784770|-1|-1|50479|1043604|936468|911149|68505|1133421|-1|1047122|-1|-1|100030|97476|-1|103730
CIK357108_10K_20031224.txt,,,"3D Plus|Agilent|BAE Systems|Boeing Corporation|Bosch Corporation|Cisco Systems, Inc.|DST Modules|Delco Electronics|EG&G Judson|FLIR Systems, Inc.|Indigo Systems|Juniper Networks, Inc.|Lockheed Martin Corporation|Micro Technologies, Inc.|Motorola|Northrop Grumman|OptoElectronics-Textron, Inc.|Raytheon|Staktek Corporation|Systron-Donner|Tessera Technologies|Texas Instruments, Inc.|Vertical Circuits, Inc.|Vishay Intertechnology, Inc.",-1|1090872|895564|12927|-1|858877|-1|-1|-1|354908|-1|1043604|936468|911149|68505|1133421|-1|1047122|-1|-1|-1|97476|-1|103730
CIK357108_10K_20041214.txt,Irvine Sensors Corporation,-1,"3D Plus|Agilent|BAE Systems|Boeing Corporation|Bosch Corporation|DST Modules|Delco Electronics|EG&G Judson|FLIR Systems, Inc.|Indigo Operations|L-3 Communications|Lockheed Martin Corporation|Motorola|Northrop Grumman|OptoElectronics-Textron, Inc.|Staktek Corporation|Systron-Donner|Tessera Technologies|Texas Instruments, Inc.|Vertical Circuits, Inc.|Vishay Intertechnology, Inc.",-1|1090872|895564|12927|-1|-1|-1|-1|354908|-1|-1|936468|68505|1133421|-1|-1|-1|-1|97476|-1|103730
CIK357108_10K_20051215.txt,,,"3D Plus|BAE Systems|Boeing Corporation|Bosch Corporation|DST Modules|Delco Electronics|EG&G Judson|FLIR Systems, Inc.|Indigo Operations|L-3 Communications|Lockheed Martin Corporation|Motorola|Northrop Grumman|OptoElectronics-Textron, Inc.|Staktek Corporation|Systron-Donner|Tessera Technologies|Texas Instruments, Inc.|Vertical Circuits, Inc.",-1|895564|12927|-1|-1|-1|-1|354908|-1|-1|936468|68505|1133421|-1|-1|-1|-1|97476|-1
CIK357108_10K_20070131.txt,"Optex Systems, Inc.",1397016,"3D Plus|BAE Systems|Boeing Corporation|Bosch Corporation|DST Modules|Delco Electronics|EG&G Judson|FLIR Systems, Inc.|Indigo Operations|L-3 Communications|Lockheed Martin Corporation|Miller-Hollzwarth|Motorola|Northrop Grumman|OptoElectronics-Textron, Inc.|Seiler Instruments|Selectron|Staktek Corporation|Systron-Donner|Tessera Technologies|Texas Instruments, Inc.|Vertical Circuits, Inc.",-1|895564|12927|-1|-1|-1|-1|354908|-1|-1|936468|-1|68505|1133421|-1|-1|-1|-1|-1|-1|97476|-1
CIK357108_10K_20111229.txt,many of whom are bigger and better financed than us,-1,"3D Plus|AeroVironment, Inc.|Arbor Networks|BAE Systems|Boeing Corporation|Damballa, Inc.|EG&G Judson|FLIR Systems, Inc.|Fidelis Security Systems|FireEye, Inc.|Fortinet, Inc.|Insight Technology, Inc.|Juniper Networks|L-3 Communications|Lockheed Martin Corporation|McAfee, Inc.|Northrop Grumman|OptoElectronics-Textron, Inc.|Palo Alto Networks|Tessera Technologies|Texas Instruments, Inc.|Trend Micro Incorporated|Vertical Circuits, Inc.",-1|1368622|-1|895564|12927|-1|-1|354908|-1|1370880|1262039|-1|1043604|-1|936468|1783317|1133421|-1|1327567|-1|97476|1089463|-1
CIK50601_10K_20011214.txt,"Pemstar|Smartflex Systems, Inc.",924829|946677,"3M|Fujikura Ltd.|Multi-Fineline Electronix, Inc.|Nippon Mektron|Parlex Corporation|Pemstar|Sheldahl Inc.|Smartflex Systems, Inc.|Sumitomo",-1|-1|-1|-1|724988|924829|89615|946677|-1
CIK50601_10K_20021210.txt,,,"3M Company|Fujikura Ltd.|Multi-Fineline Electronix, Inc.|Nippon Mektron|Sumitomo",-1|-1|-1|-1|-1
CIK50601_10K_20031215.txt,"3M Company|Fujikura Ltd.|Hutchinson Technology Incorporated|KRP|Magnacomp International Limited|Multi-Fineline Electronix, Inc.|NOK|Nihon Hatsujo Kabusikigaisha|Optimal Technology Limited|Sumitomo",-1|-1|772897|1657788|-1|-1|924613|-1|-1|-1,"3M Company|Fujikura Ltd.|Hitachi|Hutchinson Technology Incorporated|KRP|Magnacomp International Limited|Maxtor|Multi-Fineline Electronix, Inc.|NOK|Nihon Hatsujo Kabusikigaisha|Optimal Technology Limited|Seagate|Sumitomo|Western Digital",-1|-1|47710|772897|1657788|-1|711039|-1|924613|-1|-1|1137789|-1|106040
CIK50601_10K_20071214.txt,,,"3M Company|Fujikura Ltd.|Hutchinson Technology Incorporated|Magnecomp International Limited|Multi-Fineline Electronix, Inc. (M-Flex)|NOK (Nippon Mektron)|Nihon Hatsujo Kabusikigaisha (NHK)|Optimal Technology Limited|Sumitomo",-1|-1|772897|-1|-1|924613|-1|-1|-1
CIK50601_10K_20081223.txt,,,"3M Company|Fujikura Ltd.|Multi-Fineline Electronix, Inc. (M-Flex)|NOK (Nippon Mektron)|Sumitomo",-1|-1|-1|924613|-1
CIK50863_10K_20200124.txt,"Advanced Micro Devices, Inc. (AMD)|NVIDIA Corporation (NVIDIA)|Qualcomm|Samsung Electronics Co., Ltd.|Taiwan Semiconductor Manufacturing Company, Ltd.",2488|1045810|804328|-1|1046179,"Advanced Micro Devices, Inc. (AMD)|NVIDIA Corporation (NVIDIA)",2488|1045810
CIK50863_10K_20210122.txt,"ARM|ARM Holdings plc|Advanced Micro Devices, Inc. (AMD)|Apple|NVIDIA Corporation (NVIDIA)|Qualcomm|Samsung Electronics Co., Ltd.|Taiwan Semiconductor Manufacturing Company, Ltd. (TSMC)|Xilinx, Inc.",1057997|1057997|2488|320193|1045810|804328|-1|1046179|743988,"ARM Holdings plc|Advanced Micro Devices, Inc. (AMD)|Apple|NVIDIA Corporation (NVIDIA)|Qualcomm|Samsung Electronics Co., Ltd.|Taiwan Semiconductor Manufacturing Company, Ltd. (TSMC)",1057997|2488|320193|1045810|804328|-1|1046179
CIK50863_10K_20240126.txt,"Advanced Micro Devices, Inc. (AMD)|Apple Inc. (Apple)|Global Foundries (GF)|NVIDIA|Qualcomm Inc. (Qualcomm)|Samsung|Semiconductor Manufacturing International Corporation (SMIC)|TSMC|United Microelectronics Corporation (UMC)",2488|320193|-1|1045810|804328|-1|1267482|1046179|1033767,"Advanced Micro Devices, Inc.|Apple Inc.|Global Foundries|NVIDIA|Qualcomm Inc.|Samsung|Semiconductor Manufacturing International Corporation|Semiconductor Manufacturing International Corporation (SMIC)|TSMC|United Microelectronics Corporation",2488|320193|-1|1045810|804328|-1|1267482|1267482|1046179|1033767
CIK50863_10K_20250131.txt,"Advanced Micro Devices, Inc.|Apple Inc.|Global Foundries|NVIDIA|Qualcomm Inc.|Samsung|Semiconductor Manufacturing International Corporation (SMIC)|TSMC|UMC",2488|320193|-1|1045810|804328|-1|1267482|1046179|831460,"Advanced Micro Devices, Inc.|Apple Inc.|Global Foundries|NVIDIA|Qualcomm Inc.|Samsung|Semiconductor Manufacturing International Corporation|TSMC|United Microelectronics Corporation",2488|320193|-1|1045810|804328|-1|1267482|1046179|1033767
CIK57083_20F_20030912.txt,,,AVX|Koninklijke Philips Electronics N.V.|Kyocera|Motorola Incorporated|Seiko Epson Corporation|Toshiba Corporation,859163|-1|57083|68505|-1|98573
CIK57083_20F_20040921.txt,,,AVX|Canon Incorporated|International Business Machines Corporation|Koninklijke Philips Electronics N.V.|Motorola Incorporated|NEC Corporation|Seiko Epson Corporation|Toshiba Corporation,859163|16988|51143|-1|68505|72127|-1|98573
CIK57083_20F_20050916.txt,,,AVX|Toshiba Chemical Corporation,859163|-1
CIK57083_20F_20060629.txt,,,"AVX Corporation|Canon Incorporated|Flextronics International Ltd.|Lucent Technologies International Sales Limited|Motorola, Inc.|Nokia Corporation",859163|16988|-1|-1|68505|924613
CIK57083_20F_20070705.txt,,,"AVX Corporation|Canon Incorporated|Flextronics International Ltd.|Interdigital Group|Lucent Technologies International Sales Limited|Motorola, Inc.|Nokia Corporation|Qualcomm Incorporated",859163|16988|-1|-1|-1|68505|924613|804328
CIK57083_20F_20080630.txt,,,"AVX Corporation|Flextronics International Ltd.|IBM Japan, Ltd.|Motorola, Inc.|Nokia Corporation|Qualcomm Incorporated|SANYO Electric Co., Ltd.",859163|-1|-1|68505|924613|804328|800863
CIK57083_20F_20090630.txt,,,"AVX Corporation|IBM Japan, Ltd.|SANYO",859163|-1|203097
CIK57083_20F_20100630.txt,,,AVX Corporation|Canon Incorporated|Kyocera Kinseki Corporation|Qualcomm Incorporated,859163|16988|-1|804328
CIK57083_20F_20110629.txt,,,AVX Corporation|Canon Inc.|Kyocera Kinseki Corporation|Qualcomm Incorporated|Sony Mobile Display Corporation,859163|16988|-1|804328|-1
CIK57083_20F_20120629.txt,,,AVX Corporation|Canon Inc.|Kyocera Kinseki Corporation|Optrex Corporation|Qualcomm Incorporated,859163|16988|-1|-1|804328
CIK57083_20F_20130628.txt,,,AVX Corporation|Canon Inc.|Kyocera Crystal Device Corporation|Nichicon Corporation|Qualcomm Incorporated,859163|16988|-1|-1|804328
CIK57083_20F_20140630.txt,,,AVX Corporation|Canon Inc.|Qualcomm Incorporated,859163|16988|804328
CIK57083_20F_20160627.txt,,,AVX Corporation|Canon Inc.,859163|16988
CIK57083_20F_20170628.txt,,,AVX Corporation|Canon Inc.|Qualcomm Incorporated,859163|16988|804328
CIK57083_20F_20180627.txt,,,AVX Corporation|Canon Inc.|Qualcomm Incorporated,859163|16988|804328
CIK59544_10K_20021029.txt,"Accounting Advantage, LLC",-1,,
CIK59544_10K_20040407.txt,,,"Accounting Advantage, LLC|Paychex, Inc.",-1|723531
CIK6281_10K_20221122.txt,Taiwan Semiconductor Manufacturing Company (TSMC),1046179,,
CIK6281_10K_20231121.txt,,,"Maxim Integrated Products, Inc.",743316
CIK6281_10K_20241126.txt,emerging companies selling specialized products|semiconductor companies,-1|-1,,
CIK6281_10K_20251125.txt,Taiwan Semiconductor Manufacturing Company (TSMC),1046179,,
CIK703360_10K_20020326.txt,,,"Adaptec, Inc.|Agere Systems, Inc.|Agilent Technologies, Inc.|Broadcom Corporation|Conexant Systems, Inc.|EMC Corporation|Hewlett-Packard Company|Hitachi Data Systems Corporation|IBM Corporation|MTI Technology Corporation|NCR|PMC-Sierra, Inc.|Philips Electronics, N.V.|QLogic Corporation|ST Microelectronics, S.A.|Silicon Graphics|Sun Microsystems, Inc.|Texas Instruments, Inc.|Toshiba Corporation",-1|1129446|1090872|1730168|1069353|790070|1645590|-1|353524|901696|70866|767920|-1|918386|-1|802301|709519|97476|98573
CIK703360_10K_20030321.txt,,,"Adaptec, Inc.|Agere Systems, Inc.|Agilent Technologies, Inc.|American Megatrends, Inc.|Broadcom Corporation|C-Cube Microsystems, Inc.|Cacheware, Inc.|DataPath Systems, Inc.|EMC Corporation|Hewlett Packard Company|Hitachi Data Systems Corporation|IBM Corporation|Intraserver Technology, Inc.|Mediatek Corp.|NCR Corporation|NEC Corporation|NeoMagic Corporation|ParaVoice Technologies, Inc.|Philips Electronics, N.V.|STMicroelectronics|Silicon Graphics, Inc.|Storage Technology Corporation|Sun Microsystems, Inc.|Syntax Systems, Inc.|Taiwan Semiconductor Manufacturing Company Ltd.|Texas Instruments, Inc.|Toshiba Corporation",-1|1129446|1090872|-1|1730168|-1|-1|-1|790070|1645590|-1|353524|-1|-1|70866|72127|1030485|-1|-1|932787|802301|855906|709519|-1|1046179|97476|98573
CIK703360_10K_20040315.txt,"Adaptec, Inc.|Agere Systems, Inc.|Broadcom Corporation|Cirrus Logic, Inc.|Dell|Dot Hill|EMC|Hewlett-Packard|Hitachi Data Systems|IBM Corporation|Infortrend|Marvell Technology Group|Mediatek Corp.|NEC Corporation|Network Appliance|Philips Electronics, N.V.|ST Microelectronics|Sun Microsystems|Texas Instruments, Inc.|Toshiba Corporation|XIOtech|Xyratex",-1|1129446|1730168|772406|1571996|1042783|790070|1645590|-1|353524|-1|-1|-1|72127|-1|-1|-1|709519|97476|98573|-1|1284823,"Adaptec|Adaptec, Inc.|Agere Systems, Inc.|Broadcom Corporation|Cirrus Logic, Inc.|Dot Hill|EMC|Hitachi Data Systems|IBM Corporation|Infortrend|Marvell Technology Group|Mediatek Corp.|NEC Corporation|Network Appliance|Philips Electronics, N.V.|ST Microelectronics|Texas Instruments, Inc.|Toshiba Corporation|XIOtech|Xyratex",-1|-1|1129446|1730168|772406|1042783|790070|-1|353524|-1|-1|-1|72127|-1|-1|-1|97476|98573|-1|1284823
CIK703360_10K_20050316.txt,"ATI Technologies, Inc.|Adaptec, Inc.|Agere Systems, Inc.|Broadcom Corporation|Cirrus Logic, Inc.|ESS Technology, Inc.|Genesis Microchip, Inc.|International Business Machines Corporation|Marvell Technology Group, Ltd.|MediaTek Incorporated|NEC Corporation|Philips Electronics, N.V.|Pixelworks, Inc.|STMicroelectronics|Texas Instruments, Inc.|Toshiba Corporation|Trident Microsystems, Inc.|Zoran Corporation",1065331|-1|1129446|1730168|772406|907410|1161396|51143|-1|-1|72127|-1|1040161|932787|97476|98573|859475|1003022,"ATI Technologies, Inc.|Adaptec, Inc.|Agere Systems, Inc.|Broadcom Corporation|Cirrus Logic, Inc.|Dell Inc.|EMC Corporation|ESS Technology, Inc.|Genesis Microchip, Inc.|Hewlett-Packard Company|Hitachi Data Systems|International Business Machines Corporation|Marvell Technology Group, Ltd.|MediaTek Incorporated|NEC Corporation|Network Appliance, Inc.|Philips Electronics, N.V.|Pixelworks, Inc.|STMicroelectronics|Sun Microsystems, Inc.|Texas Instruments, Inc.|Toshiba Corporation|Trident Microsystems, Inc.|Zoran Corporation",1065331|-1|1129446|1730168|772406|1571996|790070|907410|1161396|1645590|-1|51143|-1|-1|72127|-1|-1|1040161|932787|709519|97476|98573|859475|1003022
CIK703360_10K_20060316.txt,"ATI Technologies, Inc.|Adaptec, Inc.|Agere Systems, Inc.|Broadcom Corporation|ESS Technology, Inc.|Genesis Microchip, Inc.|Intel Corporation|International Business Machines Corporation|Marvell Technology Group, Ltd.|MediaTek Incorporated|NEC Corporation|Philips Electronics, N.V.|Pixelworks, Inc.|STMicroelectronics|Samsung Semiconductor|Sunplus Co. Technology Ltd.|Texas Instruments, Inc.|Toshiba Corporation|Trident Microsystems, Inc.|Zoran Corporation",1065331|-1|1129446|1730168|907410|1161396|50863|51143|-1|-1|72127|-1|1040161|932787|-1|-1|97476|98573|859475|1003022,"ATI Technologies, Inc.|Adaptec, Inc.|Agere Systems, Inc.|Broadcom Corporation|Dell Inc.|Dot Hill Systems Corporation|EMC Corporation|ESS Technology, Inc.|Genesis Microchip, Inc.|Hewlett-Packard Company|Hitachi Data Systems|Infortrend Technology Inc.|Intel Corporation|International Business Machines Corporation|Marvell Technology Group, Ltd.|MediaTek Incorporated|NEC Corporation|Network Appliance, Inc.|Philips Electronics, N.V.|Pixelworks, Inc.|STMicroelectronics|Samsung Semiconductor|Sun Microsystems, Inc.|Sunplus Co. Technology Ltd.|Texas Instruments, Inc.|Toshiba Corporation|Trident Microsystems, Inc.|XIOtech Corporation|Xyratex Group Limited|Zoran Corporation",1065331|-1|1129446|1730168|1571996|1042783|790070|907410|1161396|1645590|-1|-1|50863|51143|-1|-1|72127|-1|-1|1040161|932787|-1|709519|-1|97476|98573|859475|-1|-1|1003022
CIK703360_10K_20070301.txt,"Adaptec, Inc.|Advanced Micro Devices Inc.|Agere Systems Inc.|Broadcom Corporation|Genesis Microchip, Inc.|Intel Corporation|International Business Machines Corporation|Marvell Technology Group, Ltd.|MediaTek Incorporated|NEC Corporation|Philips Electronics, N.V.|STMicroelectronics|Samsung Semiconductor|Sunplus Co. Technology Ltd.|Texas Instruments, Inc.|Toshiba Corporation|Trident Microsystems, Inc.|Zoran Corporation",-1|2488|1129446|1730168|1161396|50863|51143|-1|-1|72127|-1|932787|-1|-1|97476|98573|859475|1003022,"Adaptec, Inc.|Advanced Micro Devices Inc.|Agere Systems Inc.|Broadcom Corporation|EMC Corporation|Genesis Microchip, Inc.|Hitachi Data Systems|Intel Corporation|International Business Machines Corporation|Marvell Technology Group, Ltd.|MediaTek Incorporated|NEC Corporation|Network Appliance, Inc.|Philips Electronics, N.V.|STMicroelectronics|Samsung Semiconductor|Sunplus Co. Technology Ltd.|Texas Instruments, Inc.|Toshiba Corporation|Trident Microsystems, Inc.|Zoran Corporation",-1|2488|1129446|1730168|790070|1161396|-1|50863|51143|-1|-1|72127|-1|-1|932787|-1|-1|97476|98573|859475|1003022
CIK703360_10K_20080229.txt,"Adaptec, Inc.|Broadcom Corporation|Dot Hill Systems Corporation|EMC Corporation|Freescale, Inc.|Hitachi Data Systems|Infortrend Technology Inc.|International Business Machines Corporation|Marvell Technology Group, Ltd.|NEC Corporation|NXP Semiconductors|NetLogic Microsystems, Inc.|PMC-Sierra, Inc.|STMicroelectronics N.V.|Texas Instruments, Inc.|XIOtech Corporation|Xyratex Group Limited",-1|1730168|1042783|790070|1272547|-1|-1|51143|-1|72127|1413447|1135711|767920|932787|97476|-1|-1,"3Par Inc.|Adaptec, Inc.|Broadcom Corporation|Compellent Technologies Inc.|Dot Hill Systems Corporation|EMC Corporation|Freescale, Inc.|Hitachi Data Systems|ISILON Systems Inc.|Infortrend Technology Inc.|International Business Machines Corporation|Marvell Technology Group, Ltd.|NEC Corporation|NXP Semiconductors|NetLogic Microsystems, Inc.|Network Appliance, Inc.|PMC-Sierra, Inc.|STMicroelectronics N.V.|Texas Instruments, Inc.|XIOtech Corporation|Xyratex Group Limited",-1|-1|1730168|1253955|1042783|790070|1272547|-1|1373671|-1|51143|-1|72127|1413447|1135711|-1|767920|932787|97476|-1|-1
CIK703360_10K_20110228.txt,"Avago Technologies Limited|Cavium Networks, Inc.|Freescale, Inc.|International Business Machines Corporation|Marvell Technology Group, Ltd.|NetLogic Microsystems, Inc.|PMC-Sierra, Inc.|STMicroelectronics N.V.|Texas Instruments, Inc.",-1|-1|1272547|51143|-1|1135711|767920|932787|97476,"Avago Technologies Limited|Cavium Networks, Inc.|Dot Hill Systems Corporation|EMC Corporation|Freescale, Inc.|Hitachi Data Systems|Infortrend Technology Inc.|International Business Machines Corporation|Marvell Technology Group, Ltd.|NetApp, Inc.|NetLogic Microsystems, Inc.|PMC-Sierra, Inc.|Promise Technology Inc.|STMicroelectronics N.V.|Texas Instruments, Inc.|Xyratex Group Limited",-1|-1|1042783|790070|1272547|-1|-1|51143|-1|1002047|1135711|767920|-1|932787|97476|-1
CIK703361_10K_20070531.txt,,,"Agere Systems|Cypress Semiconductor|Exar|Freescale|Freescale Semiconductor, Inc.|Infineon Technologies|Integrated Circuit Systems, Inc.|Integrated Silicon Solutions|Intel|Maxim Integrated Products|NEC|NetLogic|PLX Technology|Pericom Semiconductor|Philips Electronics|Renasas|Samsung Electronics|SigmaTel, Inc.|Texas Instruments|Toshiba|Zarlink Semiconductor|ZettaCom, Inc.",1129446|791915|753568|1272547|1272547|1107457|874689|854701|50863|743316|72127|1135711|850579|1001426|-1|-1|-1|1043639|97476|98573|352435|-1
CIK703361_10K_20080521.txt,,,Analog Devices|Cypress Semiconductor|Diablo|Exar|Freescale Semiconductor|Infineon Technologies|Inphi|Integrated Silicon Solutions|Intel|LSI|Maxim Integrated Products|Montage|NEC|NetLogic Microsystems|PLX Technology|Pericom Semiconductor|Philips Electronics|Realtek Semiconductor|Renesas Technology|STMicroelectronics|Samsung Electronics|Silicon Laboratories|Texas Instruments|Toshiba|Tundra Semiconductor|Zarlink Semiconductor,6281|791915|353373|753568|1272547|1107457|1160958|854701|50863|703360|743316|1375514|72127|1135711|850579|1001426|-1|-1|-1|932787|-1|1038074|97476|98573|-1|352435
CIK70530_10K_20010801.txt,Broadcom|Intel|Lucent|Marvell Technology,1730168|50863|1006240|1058057,Advanced Micro Devices|Analog Devices|Broadcom|IBM|Intel|Koninklijke (Royal) Philips Electronics|LSI Logic|Linear Technology|Lucent|Marvell Technology|Maxim|Motorola|NEC|ST Microelectronics|Texas Instruments|Toshiba,2488|6281|1730168|353524|50863|-1|-1|791907|1006240|1058057|1013351|68505|72127|-1|97476|98573
CIK70530_10K_20020816.txt,Broadcom|Intel|Lucent|Marvell Technology,1730168|50863|1006240|1058057,Analog Devices|Broadcom|IBM|Intel|Koninklijke (Royal) Philips Electronics|LSI Logic|Linear Technology|Lucent|Marvell Technology|Maxim|Motorola|NEC|ST Microelectronics|Texas Instruments|Toshiba|VIA Technologies,6281|1730168|353524|50863|-1|-1|791907|1006240|1058057|1013351|68505|72127|-1|97476|98573|-1
CIK70530_10K_20030722.txt,Analog Devices|Linear Technology|Maxim|ST Microelectronics|Texas Instruments,6281|791907|1013351|-1|97476,Analog Devices|Koninklijke (Royal) Philips Electronics|Linear Technology|Matsushita|Maxim|Motorola|NEC|ST Microelectronics|Samsung|Texas Instruments|Toshiba,6281|-1|791907|-1|1013351|68505|72127|-1|-1|97476|98573
CIK70530_10K_20110727.txt,"Advanced Micro Devices, Inc|Altera Corporation|Analog Devices|Atmel Corporation|Cypress Semiconductor Corporation|Fairchild Semiconductor International, Inc|International Rectifier Corporation|Intersil Corporation|LSI Corporation|Linear Technology|Marvell Technology Group Ltd.|Maxim Integrated Products|Microchip Technology Incorporated|Micron Technology Inc.|Nvidia Corporation|On Semiconductor Corporation|Skyworks Solutions, Inc|TI|Xilinx, Inc",2488|768251|6281|872448|791915|1036960|316793|2485|703360|791907|-1|743316|827054|723125|1045810|1097864|4127|98596|743988,Analog Devices|Intersil Corporation|Linear Technology|Maxim Integrated Products|TI,6281|2485|791907|743316|98596
CIK711065_10K_20070110.txt,Adaptec|Agere|Areca|Broadcom|Freescale Semiconductor|Hewlett-Packard|IBM|Intel|LSI Logic|Mindspeed|PMC-Sierra|Promise|Vitesse,-1|1129446|-1|1730168|1272547|1645590|353524|50863|-1|1224370|767920|-1|880446,Adaptec|Agere|Areca|Broadcom|Freescale Semiconductor|Hewlett-Packard|Intel|LSI Logic|Mindspeed|PMC-Sierra|Promise|Vitesse,-1|1129446|-1|1730168|1272547|1645590|50863|-1|1224370|767920|-1|880446
CIK711065_10K_20070530.txt,Adaptec|Areca|Broadcom|Freescale Semiconductor|Hewlett-Packard|IBM|Intel|LSI|Mindspeed|PMC-Sierra|Promise|Vitesse,-1|-1|1730168|1272547|1645590|353524|50863|703360|1224370|767920|-1|880446,Adaptec|Alcatel-Lucent|Areca|Broadcom|Brocade|Ciena|Cisco|Ericsson|Freescale Semiconductor|Fujitsu|Hewlett-Packard|Hitachi|Huawei|IBM|Intel|Juniper|LSI|Mindspeed|NEC|Nokia Siemens Networks|Nortel|PMC-Sierra|Promise|Tellabs|Vitesse,-1|886125|-1|1730168|1009626|936395|858877|-1|1272547|39341|1645590|47710|-1|353524|50863|864921|703360|1224370|72127|-1|72911|767920|-1|317771|880446
CIK711065_10K_20100512.txt,,,Broadcom|Cavium|Cortina|Freescale Semiconductor|Intel|Netlogic|PMC-Sierra|Vitesse,1730168|1175609|-1|1272547|50863|1135711|767920|880446
CIK711065_10K_20110510.txt,,,Broadcom|Cavium|Cortina|Freescale Semiconductor|Intel|Netlogic|PMC-Sierra|Vitesse,1730168|1175609|-1|1272547|50863|1135711|767920|880446
CIK711065_10K_20120517.txt,,,Broadcom|Cavium|Cortina|Freescale Semiconductor|Intel|PMC-Sierra|Vitesse,1730168|1175609|-1|1272547|50863|767920|880446
CIK724910_10K_20060522.txt,"Analog Devices, Inc.|Avago|Elpida Memory, Inc.|Fairchild Semiconductor International|Grandis, Inc.|Hermetic Switch, Inc.|IBM Corporation|Infineon Technologies AG|Intel Corporation|Linear Technology Inc.|Macronix International Co., Ltd.|Maxim Integrated Products, Inc.|Meder Electronic AG|Memscap SA|NEC Corporation|Nantero, Inc.|Ovonyx, Inc.|Philips|STMicroelectronics|Sharp Corporation|Silicon Laboratories, Inc.|Spintec|Spintron|Texas Instruments Inc.|Thin Film Electronics ASA|Toshiba Corporation|Vishay Intertechnology",6281|-1|-1|1036960|-1|-1|353524|1107457|50863|791907|1009680|743316|-1|-1|72127|-1|-1|205778|932787|800840|1038074|-1|-1|97476|-1|98573|103730,"ADI|Analog Devices, Inc.|Avago|Cypress Semiconductor Corporation|Elpida Memory, Inc.|Fairchild Semiconductor International|Freescale Semiconductor, Inc.|Grandis, Inc.|Hermetic Switch, Inc.|IBM Corporation|Infineon Technologies AG|Intel Corporation|Linear Technology Inc.|Macronix International Co., Ltd.|Maxim Integrated Products, Inc.|Meder Electronic AG|Memscap SA|NEC Corporation|Nantero, Inc.|Ovonyx, Inc.|Philips|STMicroelectronics|Sharp Corporation|Silicon Laboratories, Inc.|Simtek Corporation|Spintec|Spintron|Texas Instruments Inc.|Toshiba Corporation|Vishay Intertechnology",354609|6281|-1|791915|-1|1036960|1272547|-1|-1|353524|1107457|50863|791907|1009680|743316|-1|-1|72127|-1|-1|205778|932787|800840|1038074|817516|-1|-1|97476|98573|103730
CIK724910_10K_20200506.txt,,,a number of companies|several other companies,-1|-1
CIK724910_10K_20210505.txt,,,a number of companies|several other companies,-1|-1
CIK724910_10K_20230503.txt,,,several competitors|several other companies,-1|-1
CIK724910_10K_20240501.txt,"America II Electronics, Inc.|Angst+Pfister Sensors and Power|Avnet|Digi-Key Corporation",-1|-1|8858|-1,GMR|TMR|anisotropic magnetoresistive (AMR) sensors|capacitive couplers|electromechanical magnetic sensors|inductive couplers|optical couplers|radio-frequency modulation couplers|silicon Hall-effect sensors|solid-state magnetic sensors,1533615|869369|-1|-1|-1|-1|-1|-1|-1|-1
CIK724910_10K_20250507.txt,"America II Electronics, Inc.|Angst+Pfister Sensors and Power|Digi-Key Corporation",-1|-1|-1,capacitive couplers|electromechanical magnetic sensors|inductive couplers|optical couplers|radio-frequency modulation couplers|solid-state magnetic sensors,-1|-1|-1|-1|-1|-1
CIK730000_10K_20010626.txt,,,All American Semiconductor|Crosspoint Solutions|Dii Semiconductor|Fairchild Semiconductor|Microtek Inc.|National Semiconductor|Orbit Semiconductor|Signetics Corporation,818074|-1|-1|1036960|929299|70530|930599|1397051
CIK730000_10K_20020628.txt,,,Crosspoint Solutions|Fairchild Semiconductor|Harris Semiconductor|Microtek Inc.|National Semiconductor|Raytheon|Siemens|Signetics Corporation,-1|1036960|-1|929299|70530|1047122|1135644|1397051
CIK730000_10K_20030624.txt,,,Microtek Inc.,929299
CIK730000_10K_20040616.txt,,,LTC|Maxim,887905|1013351
CIK730000_10K_20050616.txt,,,Microtek Inc.,929299
CIK730000_10K_20100611.txt,,,Austrian Micro|Hitachi|Maxim|National Semiconductor|O2 Micro|Rogers|Texas Instruments,-1|47710|1013351|70530|-1|84748|97476
CIK730000_10K_20110614.txt,Samsung,-1,Hitachi|Maxim|Micrel|NXP|National Semiconductor|O2 Micro|Rogers Durel|Samsung|Texas Instruments,47710|1013351|932111|1413447|70530|-1|-1|-1|97476
CIK730000_10K_20130613.txt,,,Cirrus Logic|Hitachi|Maxim|Micrel|NXP|O2 Micro|Power Integrations|Rogers Durel|Texas Instruments,772406|47710|1013351|932111|1413447|-1|833640|-1|97476
CIK731657_10K_20080331.txt,,,BP Solar|Evergreen|First Solar|Hitachi|Kyocera|Sharp|Solaria Energia,-1|1263810|1274494|47710|57083|800840|-1
CIK731657_10K_20090331.txt,,,"BP Solar|Canadian Solar|Evergreen|First Solar|Gloria Solar Co., Ltd.|Solaria Energia|Trina Solar Energy",-1|1375877|1263810|1274494|-1|-1|-1
CIK731657_10K_20110315.txt,"Jiangxi Gemei Sci-Tech., LLC|Marubeni Corporation|Uni-CHEM Co., Ltd.|Zhejiang LeYe Photovoltaic Science & Technology Co., Ltd.",-1|-1|-1|-1,Hanwha International LLC|Martifer Solar S.A.|Marubeni Corporation|Principia Lightworks|Solaria Energia,-1|-1|-1|-1|-1
CIK731657_10K_20130329.txt,,,Europe|Japan|U.S.,-1|800673|810130
CIK743988_10K_20210514.txt,"Broadcom Corporation|Intel Corporation|Lattice Semiconductor Corporation|Marvell Technology Group, Ltd.|Microchip Corporation|NVIDIA|Texas Instruments Incorporated",1730168|50863|855658|-1|827054|1045810|97476,"Analog Devices|Broadcom Corporation|Intel Corporation|Lattice Semiconductor Corporation|Marvell Technology Group, Ltd.|Microsemi Corporation|NVIDIA|Texas Instruments Incorporated",6281|1730168|50863|855658|-1|310568|1045810|97476
CIK753568_10K_20050614.txt,,,"Agere Systems|Applied Micro Circuits Corporation|Cypress Semiconductor|FreeScale Semiconductor, Inc.|Integrated Circuit Systems, Inc.|Integrated Device Technology, Inc.|Intel Corporation|Mindspeed Technologies, Inc.|PMC Sierra, Inc.|Royal Philips Electronics|Texas Instruments Incorporated|TranSwitch Corporation|Vitesse Semiconductor Corporation|Wolfson Microelectronics LTD",1129446|711065|791915|1272547|874689|703361|50863|1224370|767920|-1|97476|944739|880446|-1
CIK753568_10K_20060612.txt,,,"Agere Systems|Applied Micro Circuits Corporation|Cypress Semiconductor|Infineon Technologies North America Corp.|Integrated Device Technology, Inc.|Mindspeed Technologies, Inc.|PMC Sierra, Inc.|Royal Philips Electronics|Texas Instruments Incorporated|TranSwitch Corporation|Vitesse Semiconductor Corporation|Wolfson Microelectronics LTD",1129446|711065|791915|-1|703361|1224370|767920|-1|97476|944739|880446|-1
CIK753568_10K_20100610.txt,"Analog Devices, Inc.|Applied Micro Circuits Corporation|Broadcom|Cavium Networks|Integrated Device Technology, Inc.|Intersil Corporation|Linear Technology Corporation|Maxim Integrated Products, Inc.|Micrel Incorporated|Mindspeed Technologies, Inc.|NXP B.V.|National Semiconductor Corporation|Netlogic Microsystems|On Semiconductor Corporation|PMC-Sierra, Inc.|Pioneer Corporation|Semtech Corporation|Sharp Electronics Corporation|Sony Corporation|Texas Instruments Incorporated|TranSwitch Corporation|Vitesse Semiconductor Corporation",6281|711065|1730168|-1|703361|2485|791907|743316|932111|1224370|1413447|70530|1135711|1097864|767920|733060|88941|-1|313838|97476|944739|880446,"Analog Devices, Inc.|Applied Micro Circuits Corporation|Broadcom|Cavium Networks|Galazar|Hangzhou Silan Integrated Circuit Co. Ltd.|Hangzhou Silan Microelectronics Co. Ltd.|Hifn|Integrated Device Technology, Inc.|Intersil Corporation|Linear Technology Corporation|Maxim Integrated Products, Inc.|Micrel Incorporated|Mindspeed Technologies, Inc.|NXP B.V.|National Semiconductor Corporation|Neterion|Netlogic Microsystems|On Semiconductor Corporation|PMC-Sierra, Inc.|Pioneer Corporation|Semtech Corporation|Sharp Electronics Corporation|Sipex|Sony Corporation|Texas Instruments Incorporated|TranSwitch Corporation|Vitesse Semiconductor Corporation",6281|711065|1730168|-1|-1|-1|-1|1065246|703361|2485|791907|743316|932111|1224370|1413447|70530|-1|1135711|1097864|767920|733060|88941|-1|1007800|313838|97476|944739|880446
CIK753568_10K_20130613.txt,"Analog Devices, Inc.|Cavium Networks|Comtech Telecommunications Corp.|Integrated Device Technology, Inc.|Intersil Corporation|Linear Technology Corporation|Maxim Integrated Products, Inc.|Micrel Incorporated|Monolithic Power Systems|NXP B.V.|Richtek|Silicon Labs|Texas Instruments Incorporated|Vitesse Semiconductor Corporation",6281|-1|-1|703361|2485|791907|743316|932111|1280452|1413447|-1|1038074|97476|880446,"Analog Devices, Inc.|Arrow Electronics|Cavium Networks|Comtech Telecommunications Corp.|Future Electronics Inc.|Integrated Device Technology, Inc.|Intersil Corporation|Linear Technology Corporation|Maxim Integrated Products, Inc.|Micrel Incorporated|Monolithic Power Systems|NXP B.V.|Richtek|Silicon Labs|Texas Instruments Incorporated|Vitesse Semiconductor Corporation",6281|7536|-1|-1|-1|703361|2485|791907|743316|932111|1280452|1413447|-1|1038074|97476|880446
CIK753568_10K_20140611.txt,"Ambarella, Inc.|Analog Devices, Inc.|Cavium Networks|HiSilicon Technologies Co., Ltd.|Integrated Device Technology, Inc.|Intel|Intersil Corporation|Linear Technology Corporation|Maxim Integrated Products, Inc.|Micrel Incorporated|Monolithic Power Systems|NXP B.V.|Richtek|Silicon Labs|Texas Instruments Incorporated|Vitesse Semiconductor Corporation",1280263|6281|-1|-1|703361|50863|2485|791907|743316|932111|1280452|1413447|-1|1038074|97476|880446,"Ambarella, Inc.|Analog Devices, Inc.|Cavium Networks|Future|HiSilicon Technologies Co., Ltd.|Integrated Device Technology, Inc.|Intel|Intersil Corporation|Linear Technology Corporation|Maxim Integrated Products, Inc.|Micrel Incorporated|Monolithic Power Systems|NXP B.V.|Richtek|Silicon Labs|Soros Fund Management LLC|Texas Instruments Incorporated|Vitesse Semiconductor Corporation",1280263|6281|-1|1284766|-1|703361|50863|2485|791907|743316|932111|1280452|1413447|-1|1038074|-1|97476|880446
CIK753568_10K_20150605.txt,"Ambarella, Inc.|Analog Devices, Inc.|Cavium Networks|Chipone|Global Mixed-mode Technology, Inc.|HiSilicon Technologies Co., Ltd.|Integrated Device Technology, Inc.|Intel|Intersil Corporation|Linear Technology Corporation|Maxim Integrated Products, Inc.|Micrel Incorporated|Monolithic Power Systems|NXP B.V.|Novatek Microelectronics Corporation|Silicon Labs|Texas Instruments Incorporated",1280263|6281|-1|-1|-1|-1|703361|50863|2485|791907|743316|932111|1280452|1413447|-1|1038074|97476,"Ambarella, Inc.|Analog Devices, Inc.|Cavium Networks|Chipone|Future|Global Mixed-mode Technology, Inc.|HiSilicon Technologies Co., Ltd.|Integrated Device Technology, Inc.|Intel|Intersil Corporation|Linear Technology Corporation|Maxim Integrated Products, Inc.|Micrel Incorporated|Monolithic Power Systems|NXP B.V.|Novatek Microelectronics Corporation|Silicon Labs|Texas Instruments Incorporated",1280263|6281|-1|-1|1284766|-1|-1|703361|50863|2485|791907|743316|932111|1280452|1413447|-1|1038074|97476
CIK767920_10K_20100224.txt,"Emulex Corp.|Exar Corp.|Infineon Technologies AG|Intel Corp.|LSI Corp.|Marvell Technology Group Ltd.|Maxim Integrated Products, Inc.|Mindspeed Technologies, Inc.|QLogic Corp.|Xilinx, Inc.",350917|753568|1107457|50863|703360|-1|743316|1224370|918386|743988,"Altera Corp.|Applied Micro Circuits Corp.|Broadcom Corp.|Cortina Systems, Inc.|Emulex Corp.|Exar Corp.|Infineon Technologies AG|Intel Corp.|LSI Corp.|Marvell Technology Group Ltd.|Maxim Integrated Products, Inc.|Mindspeed Technologies, Inc.|QLogic Corp.|Xilinx, Inc.",768251|711065|1730168|-1|350917|753568|1107457|50863|703360|-1|743316|1224370|918386|743988
CIK767920_10K_20110224.txt,"Emulex Corp.|Exar Corp.|Infineon Technologies AG|Intel Corp.|LSI Corp.|Marvell Technology Group Ltd.|Maxim Integrated Products, Inc.|Mindspeed Technologies, Inc.|QLogic Corp.|Vitesse Semiconductor|Xilinx, Inc.",350917|753568|1107457|50863|703360|-1|743316|1224370|918386|880446|743988,"Altera Corp.|Applied Micro Circuits Corp.|Broadcom Corp.|Cortina Systems, Inc.|Emulex Corp.|Exar Corp.|Infineon Technologies AG|Intel Corp.|LSI Corp.|Marvell Technology Group Ltd.|Maxim Integrated Products, Inc.|Mindspeed Technologies, Inc.|QLogic Corp.|Vitesse Semiconductor|Xilinx, Inc.",768251|711065|1730168|-1|350917|753568|1107457|50863|703360|-1|743316|1224370|918386|880446|743988
CIK767920_10K_20120228.txt,"Emulex Corp.|Exar Corp.|Infineon Technologies AG|Intel Corp.|LSI Corp.|Marvell Technology Group Ltd.|Maxim Integrated Products, Inc.|Mindspeed Technologies, Inc.|QLogic Corp.|Texas Instrument Inc|Vitesse Semiconductor|Xilinx, Inc.",350917|753568|1107457|50863|703360|-1|743316|1224370|918386|-1|880446|743988,"Altera Corp.|Applied Micro Circuits Corp.|Broadcom Corp.|Cortina Systems, Inc.|Emulex Corp.|Exar Corp.|Infineon Technologies AG|Intel Corp.|LSI Corp.|Marvell Technology Group Ltd.|Maxim Integrated Products, Inc.|Mindspeed Technologies, Inc.|QLogic Corp.|Texas Instrument Inc|Vitesse Semiconductor|Xilinx, Inc.",768251|711065|1730168|-1|350917|753568|1107457|50863|703360|-1|743316|1224370|918386|-1|880446|743988
CIK767920_10K_20130228.txt,"Emulex Corp.|Exar Corp.|Infineon Technologies AG|Intel Corp.|LSI Corp.|Marvell Technology Group Ltd.|Maxim Integrated Products, Inc.|Mindspeed Technologies, Inc.|QLogic Corp.|Texas Instrument Inc|Vitesse Semiconductor|Xilinx, Inc.",350917|753568|1107457|50863|703360|-1|743316|1224370|918386|-1|880446|743988,"Altera Corp.|Applied Micro Circuits Corp.|Broadcom Corp.|Cortina Systems, Inc.|Emulex Corp.|Exar Corp.|Infineon Technologies AG|Intel Corp.|LSI Corp.|Marvell Technology Group Ltd.|Maxim Integrated Products, Inc.|Mindspeed Technologies, Inc.|QLogic Corp.|Texas Instrument Inc|Vitesse Semiconductor|Xilinx, Inc.",768251|711065|1730168|-1|350917|753568|1107457|50863|703360|-1|743316|1224370|918386|-1|880446|743988
CIK767920_10K_20140226.txt,"Emulex Corp.|Exar Corp.|Infineon Technologies AG|Intel Corp.|LSI Corp.|Marvell Technology Group Ltd.|Maxim Integrated Products, Inc.|Mindspeed Technologies, Inc.|QLogic Corp.|Texas Instrument Inc|Vitesse Semiconductor|Xilinx, Inc.",350917|753568|1107457|50863|703360|-1|743316|1224370|918386|-1|880446|743988,"Altera Corp.|Applied Micro Circuits Corp.|Broadcom Corp.|Cortina Systems, Inc.|Emulex Corp.|Exar Corp.|Infineon Technologies AG|Intel Corp.|LSI Corp.|Marvell Technology Group Ltd.|Maxim Integrated Products, Inc.|Mindspeed Technologies, Inc.|QLogic Corp.|Texas Instrument Inc|Vitesse Semiconductor|Xilinx, Inc.",768251|711065|1730168|-1|350917|753568|1107457|50863|703360|-1|743316|1224370|918386|-1|880446|743988
CIK767920_10K_20150224.txt,"Applied Micro Circuits Corp.|Avago Technologies Limited|Broadcom Corp.|Emulex Corp.|Exar Corp.|InPhi Corp.|Intel Corp.|Marvell Technology Group Ltd.|Maxim Integrated Products, Inc.|QLogic Corp.|Texas Instrument Inc|Xilinx, Inc.",711065|-1|1730168|350917|753568|1160958|50863|-1|743316|918386|-1|743988,"Altera Corp.|Analog Devices Inc.|Applied Micro Circuits Corp.|Avago Technologies Limited|Broadcom Corp.|Emulex Corp.|Exar Corp.|InPhi Corp.|Intel Corp.|Marvell Technology Group Ltd.|Maxim Integrated Products, Inc.|QLogic Corp.|Texas Instrument Inc.|Xilinx, Inc.",768251|6281|711065|-1|1730168|350917|753568|1160958|50863|-1|743316|918386|-1|743988
CIK768251_10K_20070227.txt,,,"Actel Corporation|International Business Machines Corporation|Lattice Semiconductor Corporation|Texas Instruments Inc.|Xilinx, Inc.",907687|51143|855658|97476|743988
CIK768251_10K_20080225.txt,,,"Actel Corporation|International Business Machines Corporation|Lattice Semiconductor Corporation|Texas Instruments Inc.|Xilinx, Inc.",907687|51143|855658|97476|743988
CIK768251_10K_20090225.txt,,,"Actel Corporation|Altera|International Business Machines Corporation (IBM)|Lattice Semiconductor Corporation|Texas Instruments Inc.|Xilinx, Inc.",907687|768251|51143|855658|97476|743988
CIK768251_10K_20100217.txt,,,"Actel Corporation|Altera|Freescale Semiconductor Inc.|International Business Machines Corp.|LSI Logic Corporation|Lattice Semiconductor Corporation|Microchip Technology Inc.|NEC Corporation|Texas Instruments Inc.|Toshiba Semiconductor Company|Xilinx, Inc.",907687|768251|1272547|51143|-1|855658|827054|72127|97476|-1|743988
CIK768251_10K_20140214.txt,"Analog Devices Inc.|Applied Micro Circuits Corporation|Avago Technologies|Broadcom Corporation|Freescale Semiconductor Inc.|Intel Corporation|International Business Machines Corporation|Lattice Semiconductor Corporation|Linear Technology Corporation|Marvell Technology Group, Ltd.|Maxim Integrated Products Inc.|Microchip Technology Inc.|Microsemi Corporation|Nvidia Corporation|PMC-Sierra Inc.|Renesas Electronics Corporation|ST Microelectronics|Texas Instruments Inc.|Toshiba Semiconductor Company|Vitesse Semiconductor Corporation|Xilinx Inc.",6281|711065|-1|1730168|1272547|50863|51143|855658|791907|-1|743316|827054|310568|1045810|767920|-1|-1|97476|-1|880446|743988,"Analog Devices Inc.|Applied Micro Circuits Corporation|Avago Technologies|Broadcom Corporation|Freescale Semiconductor Inc.|Intel Corporation|International Business Machines Corporation|Lattice Semiconductor Corporation|Linear Technology Corporation|Marvell Technology Group, Ltd.|Maxim Integrated Products Inc.|Microchip Technology Inc.|Microsemi Corporation|Nvidia Corporation|PMC-Sierra Inc.|Renesas Electronics Corporation|ST Microelectronics|Texas Instruments Inc.|Toshiba Semiconductor Company|Vitesse Semiconductor Corporation|Xilinx|Xilinx Inc.",6281|711065|-1|1730168|1272547|50863|51143|855658|791907|-1|743316|827054|310568|1045810|767920|-1|-1|97476|-1|880446|743988|743988
CIK771266_10K_20060321.txt,,,"ANADIGICS|Advanced Wireless Semiconductor Company|Emcore|Fujitsu|Hitachi|Hitachi Cable|Micrel, Incorporated|NEC|RF Micro Devices|Sanyo|Seiko|Sharp|Skyworks Solutions, Inc|Sony|Toshiba|Triquint Semiconductor|V-PEC",940332|-1|808326|39341|47710|-1|932111|72127|-1|203097|-1|800840|4127|313838|98573|913885|-1
CIK771266_10K_20080317.txt,,,Fujitsu|Hitachi|Hitachi Cable|IQE|NEC|RF Micro Devices|Sanyo|Seiko|Sharp|Sony|Toshiba|V-PEC,39341|47710|-1|-1|72127|-1|203097|-1|800840|313838|98573|-1
CIK771266_10K_20080331.txt,,,"ANADIGICS|Advanced Wireless Semiconductor Company|Fujitsu|Hitachi|Hitachi Cable|IQE|NEC|RF Micro Devices|Samsung Electronics|Sanyo|Seiko|Sharp|Skyworks Solutions, Inc|Sony|Toshiba|Triquint Semiconductor|V-PEC",940332|-1|39341|47710|-1|-1|72127|-1|-1|203097|-1|800840|4127|313838|98573|913885|-1
CIK771266_10K_20090310.txt,,,Fujitsu|Hitachi|Hitachi Cable|IQE|NEC|RF Micro Devices|Sanyo|Seiko|Sharp|Sony|Toshiba|V-PEC,39341|47710|-1|-1|72127|-1|203097|-1|800840|313838|98573|-1
CIK771266_10K_20100308.txt,,,Fujitsu|Hitachi|Hitachi Cable|IQE|NEC|RF Micro Devices|Sanyo|Seiko|Sharp|Sony|Toshiba|Visual Photonics Epitaxy Co. Ltd. (VPEC),39341|47710|-1|-1|72127|-1|203097|-1|800840|313838|98573|-1
CIK771266_10K_20110310.txt,,,Fujitsu|Hitachi|Hitachi Cable|IQE|NEC|RF Micro Devices|Sanyo|Seiko|Sharp|Sony|Toshiba|Visual Photonics Epitaxy Co. Ltd.,39341|47710|-1|-1|72127|-1|203097|-1|800840|313838|98573|-1
CIK771266_10K_20120315.txt,,,"Advanced Wireless Semiconductor Company|Apple|Dell|FDD|Fujitsu|HTC|Hewlett Packard|Hitachi|Hitachi Cable|IQE|Kopin|NEC|Panasonic|RF Micro Devices|Sanyo|Seiko|Sharp|Skyworks Solutions, Inc.|Sony|Toshiba|TriQuint Semiconductor|Visual Photonics Epitaxy Co. Ltd.",-1|320193|1571996|-1|39341|1386858|1645590|47710|-1|-1|771266|72127|63271|-1|203097|-1|800840|4127|313838|98573|913885|-1
CIK771266_10K_20130318.txt,Seiko|Sony,-1|313838,AUO|LG Display|Samsung|Seiko|Sharp|Sony,-1|1290109|-1|-1|800840|313838
CIK771266_10K_20140317.txt,Seiko|Sony,-1|313838,AUO|Himax|LG Display|Samsung|Seiko|Sharp|Sony,-1|1342338|1290109|-1|-1|800840|313838
CIK771266_10K_20150312.txt,Seiko|Sony,-1|313838,AUO|Himax|LG Display|Samsung|Seiko|Sharp|Sony,-1|1342338|1290109|-1|-1|800840|313838
CIK771266_10K_20160304.txt,Seiko|Sony,-1|313838,AUO|Himax|Intel|LG Display|Oculus|Samsung|Seiko|Sharp|Sony,-1|1342338|50863|1290109|-1|-1|-1|800840|313838
CIK771266_10K_20170323.txt,Oculus|Samsung,-1|-1,AUO|Himax|LG Display|Oculus|Samsung|Seiko|Sharp|Sony,-1|1342338|1290109|-1|-1|-1|800840|313838
CIK771266_10K_20180323.txt,Oculus|Samsung,-1|-1,AUO|Himax|LG Display|NVIS|Oculus|Samsung|Seiko|Sharp|Sony,-1|1342338|1290109|-1|-1|-1|-1|800840|313838
CIK771266_10K_20190314.txt,"Apple|Dell|Fujitsu Limited|Garmin|HTC|Hewlett Packard|Lenovo New Vision|Oculus|Panasonic|RealWear, Inc.|Samsung|Sony|Toshiba",320193|1571996|39341|1121788|1386858|1645590|-1|-1|63271|-1|-1|313838|98573,"AUO|Apple|BAE Systems|BOE Technology Group|Collins Aerospace|DRS RSTA Inc.|Dell|Elbit|Fujitsu Limited|Garmin|Google|HTC|Hewlett Packard|Himax|ITT|LG Display|Lenovo New Vision|Oculus|Panasonic|Raytheon Company|RealWear, Inc.|Samsung|Seiko|Sharp|Sony|Toshiba|Vuzix",-1|320193|895564|-1|-1|-1|1571996|724138|39341|1121788|-1|1386858|1645590|1342338|1001149|1290109|-1|-1|63271|1047122|-1|-1|-1|800840|313838|98573|1463972
CIK771266_10K_20200311.txt,Oculus|Samsung,-1|-1,AUO|BOE Technology Group|Himax|LG Display|Oculus|Samsung|Seiko|Sharp|Sony,-1|-1|1342338|1290109|-1|-1|-1|800840|313838
CIK771266_10K_20210305.txt,,,"AUO|BOE Technology Group|BlueRadios, Inc.|Himax|LG Display|MicroOLED|Olightek|Samsung|Seeya|Seiko Epson|Sharp|Sony|eMAGIN",-1|-1|-1|1342338|1290109|-1|-1|-1|-1|-1|800840|313838|-1
CIK771266_10K_20220314.txt,Collins Aerospace|DRS RSTA Inc.|Elbit|Iristik|Jutze|Mirtec|RealWear|Saki|Scott Safety|Vuzix,-1|-1|724138|-1|-1|-1|-1|-1|-1|1463972,"AUO|BOE Technology Group|Blue Radios, Inc.|Himax|LG Display|MicroOLED|Oculus|Olightek|RealWear|Samsung|Seeya|Seiko Epson|Sharp|Sony|Texas Instruments|eMAGIN",-1|-1|-1|1342338|1290109|-1|-1|-1|-1|-1|-1|-1|800840|313838|97476|-1
CIK771266_10K_20230314.txt,Collins Aerospace|DRS RSTA Inc.|Elbit|Iristik|Jutze|Mirtec|RealWear|Saki|Scott Safety,-1|-1|724138|-1|-1|-1|-1|-1|-1,"AUO|BOE Technology Group|Blue Radios, Inc.|Himax|LG Display|Lenovo New Vision|MicroOLED|Olightek|Samsung|Seeya|Seiko Epson|Sharp|Sony|Texas Instruments|eMAGIN",-1|-1|-1|1342338|1290109|-1|-1|-1|-1|-1|-1|800840|313838|97476|-1
CIK771266_10K_20240314.txt,Collins Aerospace|DRS RSTA Inc.|Elbit|Iristik|Jutze|Mirtec|RealWear|Saki,-1|-1|724138|-1|-1|-1|-1|-1,AUO|Apple|BOE Technology Group|Himax|LG Display|Lakeside|Meta|MicroOLED|Olightek|Samsung|Seeya|Seiko Epson|Sharp|Sony|Texas Instruments,-1|320193|-1|1342338|1290109|-1|1000015|-1|-1|-1|-1|-1|800840|313838|97476
CIK771266_10K_20250417.txt,LG|Samsung|Sony,857471|-1|313838,"AUO|BOE Technology Group|BlueRadios, Inc.|Himax|LG|Samsung|Sharp|Sony",-1|-1|-1|1342338|857471|-1|800840|313838
CIK772406_10K_20130529.txt,,,"AKM Semiconductor Inc.|Analog Devices Inc.|Austriamicrosystems AG|Dialog Semiconductor|Freescale Semiconductor Inc.|Infineon Technologies AG|Integrated Device Technology Inc.|Linear Technologies Corporation|Marvell Technology Group, Ltd.|Maxim Integrated Products Inc.|NXP Semiconductors N.V.|ON Semiconductor Corporation|Power Integrations Inc.|Realtek Semiconductor Corporation|ST Microelectronics N.V.|Texas Instruments, Inc.|Wolfson Microelectronics plc|iWatt Inc.",-1|6281|-1|1116581|1272547|1107457|703361|791907|-1|743316|1413447|1097864|833640|-1|-1|97476|-1|-1
CIK772406_10K_20140528.txt,,,"AKM Semiconductor Inc.|Analog Devices Inc.|Audience, Inc.|Austriamicrosystems AG|Dialog Semiconductor|ESS Technology, Inc.|Infineon Technologies AG|Marvell Technology Group, Ltd.|Maxim Integrated Products Inc.|NXP Semiconductors N.V.|Power Integrations Inc.|Qualcomm Incorporated|Realtek Semiconductor Corporation|ST Microelectronics N.V.|Texas Instruments, Inc.|Wolfson Microelectronics plc|Yamaha Corporation",-1|6281|1201663|-1|1116581|907410|1107457|-1|743316|1413447|833640|804328|-1|-1|97476|-1|-1
CIK784770_10K_20020528.txt,,,AeroFlex Semiconductor|Amkor|Irvine Sensors|Samsung|Staktek|White Electronics,-1|1047127|-1|-1|-1|-1
CIK784770_10K_20030529.txt,Amcor|Austin Semiconductor|Elpedida|Infineon|Samsung|Staktek|White Electronics,1748790|-1|-1|1107457|-1|-1|-1,Amcor|Austin Semiconductor|ChipPac|Elpedida|Infineon|Samsung|Staktek|White Electronics,1748790|-1|1402159|-1|1107457|-1|-1|-1
CIK784770_10K_20040601.txt,Aerocomm|Austin Semiconductor|Cirronet|Digi International|Elpedida|Infineon|Lantronix|Samsung|SimpleTech|Staktek|White Electronics,-1|-1|-1|854775|-1|1107457|1114925|-1|-1|-1|-1,Aerocomm|Austin Semiconductor|ChipPac|Cirronet|Digi International|Elpedida|Infineon|Lantronix|Samsung|SimpleTech|Staktek|White Electronics,-1|-1|1402159|-1|854775|-1|1107457|1114925|-1|-1|-1|-1
CIK784770_10K_20110415.txt,Digi International Inc.|Lantronix Inc.|Maxstream|Skybility|Symbol Technologies Inc.|Wavecom SA,854775|1114925|-1|-1|278352|1085763,Cisco Systems Inc.|Digi International Inc.|Lantronix Inc.|Maxstream|Skybility|Symbol Technologies Inc.|Wavecom SA,858877|854775|1114925|-1|-1|278352|1085763
CIK790715_10K_20010504.txt,,,Broadcom|C-Cube Microsystems|ESS Technology|IBM Corporation|LSI Logic/C-Cube|SGS Thompson Microelectronics|TriMedia Technologies|Zoran Corporation,1730168|-1|907410|353524|-1|-1|-1|1003022
CIK790715_10K_20020502.txt,,,Broadcom|C-Cube|Cirrus Logic|ESS Technology|Equator Technologies|LSI Logic|ST Microelectronics|TriMedia Technologies|Zoran Corporation,1730168|1102056|772406|907410|-1|-1|-1|-1|1003022
CIK790715_10K_20050414.txt,,,ATI Technologies|Analog Devices|Broadcom|Cirrus Logic|Conexant Systems|ESS Technology|Equator Technologies|LSI Logic|Mediatek|Phillips|STMicroelectronics|Texas Instruments|Zoran,1065331|6281|1730168|772406|1069353|907410|-1|-1|-1|893690|932787|97476|1003022
CIK790715_10K_20060508.txt,,,ATI Technologies|Analog Devices|Broadcom|Conexant Systems|ESS Technology|LSI Logic|Mediatek|Philips|Pixelworks|STMicroelectronics|Texas Instruments|Zoran Corporation,1065331|6281|1730168|1069353|907410|-1|-1|205778|1040161|932787|97476|1003022
CIK790715_10K_20070420.txt,AMD|ATI Technologies|Analog Devices|Broadcom|Conexant Systems|Genesis Microchip|LSI Logic|Mediatek|NXP Semiconductors|Pixelworks|ST Microelectronics|Texas Instruments|Zoran Corporation,2488|1065331|6281|1730168|1069353|1161396|-1|-1|1413447|1040161|-1|97476|1003022,AMD (ATI Technologies)|Analog Devices|Broadcom|Conexant Systems|Genesis Microchip|LSI Logic|Mediatek|NXP Semiconductors|Pixelworks|ST Microelectronics|Texas Instruments|Zoran Corporation,2488|6281|1730168|1069353|1161396|-1|-1|1413447|1040161|-1|97476|1003022
CIK790715_10K_20130412.txt,"Broadcom|Broadcom Corporation|Freescale|Intel Corporation|MStar Semiconductor|Marvell Technology Group, Ltd.|Mediatek|Pixelworks|Qualcomm|RealTek|ST Microelectronics|Silicon Lab|Texas Instruments",1730168|1730168|1272547|50863|-1|-1|-1|1040161|804328|-1|-1|1038074|97476,"Broadcom Corporation|Freescale|Intel Corporation|MStar Semiconductor|Marvell Technology Group, Ltd.|Mediatek|Pixelworks|Qualcomm|RealTek|ST Microelectronics|Silicon Lab|Texas Instruments",1730168|1272547|50863|-1|-1|-1|1040161|804328|-1|-1|1038074|97476
CIK790715_10K_20140417.txt,NXP Semiconductors,1413447,"Broadcom Corporation|Freescale|Grace Semiconductors|Intel Corporation|MStar Semiconductor|Marvell Technology Group, Ltd.|Mediatek|Mentor Graphics Corporation|NXP Semiconductors|Pixelworks|Qualcomm|RealTek|ST Microelectronics|Silicon Lab|Taiwan Semiconductor Manufacturing Corporation|Texas Instruments|Trident Microsystems|United Microelectronics Corporation",1730168|1272547|-1|50863|-1|-1|-1|701811|1413447|1040161|804328|-1|-1|1038074|1046179|97476|859475|1033767
CIK790715_10K_20150415.txt,NXP Semiconductors,1413447,"Broadcom Corporation|Freescale|Intel Corporation|MStar Semiconductor|Marvell Technology Group, Ltd.|Mediatek|Mentor Graphics Corporation|Pixelworks|Qualcomm|RealTek|ST Microelectronics|Silicon Lab|Texas Instruments",1730168|1272547|50863|-1|-1|-1|701811|1040161|804328|-1|-1|1038074|97476
CIK790715_10K_20160404.txt,ADT|AT&T|Vivint,1703056|732717|1607716,"Broadcom Corporation|Freescale|Marvell Technology Group, Ltd.|Mediatek|Qualcomm|RealTek|ST Microelectronics|Silicon Lab|Texas Instruments",1730168|1272547|-1|-1|804328|-1|-1|1038074|97476
CIK790715_10K_20170330.txt,ADT|AT&T|Vivint,1703056|732717|1607716,"ATI Technologies ULC|Advanced Micro Devices, Inc.|Broadcom Corporation|Broadcom Ltd.|Freescale|LG|Marvell Technology Group, Ltd.|Mediatek|Qualcomm|RealTek|ST Microelectronics|Silicon Laboratories|Texas Instruments|VIZIO",-1|2488|1730168|1730168|1272547|857471|-1|-1|804328|-1|-1|1038074|97476|-1
CIK790715_10K_20180424.txt,,,"Advanced Micro Device, Inc.|Advanced Silicon Technologies S.a.r.l.|Arris International plc|Broadcom Corporation|Broadcom Ltd.|Freescale|Marvell Technology Group, Ltd.|Mediatek|Qualcomm|RealTek|ST Microelectronics|Silicon Laboratories|Texas Instruments",2488|-1|1645494|1730168|1730168|1272547|-1|-1|804328|-1|-1|1038074|97476
CIK791907_10K_20140820.txt,,,"Analog Devices|Analog Devices, Inc.|Intersil|Maxim Integrated Products|Maxim Integrated Products, Inc.|Texas Instruments|Texas Instruments, Inc.",6281|6281|2485|743316|743316|97476|97476
CIK791907_10K_20150819.txt,,,"Analog Devices|Analog Devices, Inc.|Intersil|Maxim Integrated Products|Maxim Integrated Products, Inc.|Texas Instruments|Texas Instruments, Inc.",6281|6281|2485|743316|743316|97476|97476
CIK791907_10K_20160825.txt,,,"Analog Devices|Analog Devices, Inc.|Intersil|Intersil Corporation|Linear Technology|Maxim Integrated Products|Maxim Integrated Products, Inc.|Texas Instruments|Texas Instruments, Inc.",6281|6281|2485|2485|791907|743316|743316|97476|97476
CIK791915_10K_20110225.txt,,,"Altera|Analog Devices|Applied Micro Circuits|Atmel|Integrated Device Technology|Integrated Silicon Solution|Lattice Semiconductor|Linear Technology|Maxim Integrated Products, Inc.|Microchip Technology|National Semiconductor|PMC-Sierra|Pericom Semiconductor|Renesas|Samsung|Silicon Laboratories|Standard Microsystems|Synaptics|Texas Instruments|Xilinx",768251|6281|711065|872448|703361|854701|855658|791907|743316|827054|70530|767920|1001426|-1|-1|1038074|93384|817720|97476|743988
CIK791915_10K_20120224.txt,,,"Altera|Analog Devices|Atmel|Freescale|GSI Technology|Integrated Device Technology|Integrated Silicon Solution, Inc.|Lattice Semiconductor|Linear Technology|Maxim Integrated Products|Microchip Technology|Renesas|Samsung|Silicon Laboratories|Standard Microsystems|Synaptics|Texas Instruments|Xilinx",768251|6281|872448|1272547|1126741|703361|854701|855658|791907|743316|827054|-1|-1|1038074|93384|817720|97476|743988
CIK791915_10K_20130228.txt,,,"Altera|Analog Devices|Atmel|Freescale|GSI Technology|Integrated Device Technology|Integrated Silicon Solution, Inc.|Lattice Semiconductor|Linear Technology|Maxim Integrated Products|Microchip Technology|Renesas|Samsung|Silicon Laboratories|Synaptics|Texas Instruments|Xilinx",768251|6281|872448|1272547|1126741|703361|854701|855658|791907|743316|827054|-1|-1|1038074|817720|97476|743988
CIK791915_10K_20160302.txt,,,Analog Devices|Atmel|GSI Technology|Integrated Device Technology|Integrated Silicon Solution|Intel|Lattice Semiconductor|Linear Technology|Maxim Integrated Products|Microchip Technology|NXP Semiconductors NV|Renesas|ST Microelectronics|Silicon Laboratories|Spansion|Synaptics|Texas Instruments|Xilinx,6281|872448|1126741|703361|854701|50863|855658|791907|743316|827054|1413447|-1|-1|1038074|1322705|817720|97476|743988
CIK802851_10K_20031208.txt,Altera|Analog Devices|Fairchild Semiconductor|Intersil|Lucent Technologies|Texas Instruments|Xilinx,768251|6281|1036960|2485|1006240|97476|743988,Altera|Analog Devices|Fairchild Semiconductor|Intersil|Lucent Technologies|Syndia Corporation|Taiwain Semiconductor Manufacturing Corporation (TSMC)|Texas Instruments|Xilinx,768251|6281|1036960|2485|1006240|-1|-1|97476|743988
CIK804328_10K_20181107.txt,"Broadcom Limited|Cirrus Logic|Cypress Semiconductor Corporation|HiSilicon Technologies|Intel|Marvell Technology|Maxim Integrated Products|MediaTek|Microchip Technology Inc.|Murata Manufacturing Co., Ltd.|NXP Semiconductors N.V.|Nordic Semiconductor|Nvidia|Qorvo Inc.|Realtek Semiconductor|Renesas Electronics Corporation|Samsung Electronics|Sequans Communications S.A.|Skyworks Solutions Inc.|Spreadtrum Communications",1730168|772406|791915|-1|50863|1058057|743316|-1|827054|-1|1413447|-1|1045810|1604778|-1|-1|-1|1383395|4127|-1,"Apple Inc.|Broadcom Limited|Cirrus Logic|Cypress Semiconductor Corporation|HiSilicon Technologies|Intel|Marvell Technology|Maxim Integrated Products|MediaTek|Microchip Technology Inc.|Murata Manufacturing Co., Ltd.|NXP Semiconductors N.V.|Nordic Semiconductor|Nvidia|Nvidia Corporation|Qorvo Inc.|Realtek Semiconductor|Renesas Electronics Corporation|Samsung Electronics|Sequans Communications S.A.|Skyworks Solutions Inc.|Spreadtrum Communications",320193|1730168|772406|791915|-1|50863|1058057|743316|-1|827054|-1|1413447|-1|1045810|1045810|1604778|-1|-1|-1|1383395|4127|-1
CIK804328_10K_20201104.txt,Broadcom|HiSilicon|MediaTek|NXP Semiconductors|Nvidia|Qorvo|Samsung|Skyworks|Texas Instruments|UNISOC (formally known as Spreadtrum Communications),1730168|-1|-1|1413447|1045810|1604778|-1|4127|97476|-1,"Apple Inc.|Broadcom|HTC Corporation|HiSilicon|Huawei|MediaTek|NXP Semiconductors|Nvidia|Qorvo|Samsung|Samsung Electronics Co., LTD.|Skyworks|Texas Instruments|UNISOC (formally known as Spreadtrum Communications)",320193|1730168|1386858|-1|-1|-1|1413447|1045810|1604778|-1|-1|4127|97476|-1
CIK804328_10K_20251105.txt,"American Industrial Partners Capital Fund VII|Magna International Inc.|QCT|Veoneer, Inc.",-1|749098|-1|1733186,Apple|Broadcom|HiSilicon|Huawei|MediaTek|Mobileye|NXP Semiconductors|Nvidia|Qorvo|Samsung|Skyworks|Texas Instruments|UNISOC|Xiaomi,320193|1730168|-1|-1|-1|1607310|1413447|1045810|1604778|-1|4127|97476|-1|-1
CIK810136_10K_20171220.txt,"Chengdu NeWay Photomask Making Co., Ltd.|Compugraphics International, Ltd.|DNP|Dai Nippon Printing Co., Ltd|Hoya Corporation|SK-Electronics Co. Ltd.|Supermask Co. Ltd.|Taiwan Mask Corporation|Toppan Printing Co., Ltd.",-1|-1|806628|-1|-1|-1|-1|-1|-1,"Chengdu NeWay Photomask Making Co., Ltd.|Compugraphics International, Ltd.|Dai Nippon Printing Co., Ltd|Hoya Corporation|SK-Electronics Co. Ltd.|Supermask Co. Ltd.|Taiwan Mask Corporation|Toppan Printing Co., Ltd.",-1|-1|-1|-1|-1|-1|-1|-1
CIK810136_10K_20181221.txt,Photronics,810136,"Chengdu NeWay Photomask Making Co., Ltd.|Compugraphics International, Ltd.|Dai Nippon Printing Co., Ltd|Hoya Corporation|SK-Electronics Co. Ltd.|Supermask Co. Ltd.|Taiwan Mask Corporation|Toppan Printing Co., Ltd.",-1|-1|-1|-1|-1|-1|-1|-1
CIK817516_10K_20060407.txt,Ramtron International Corporation,849502,Cypress Semiconductor Corporation|DongbuAnam|Freescale|Fujitsu|Maxim|OKI|Ramtron International Corporation|ST Microelectronics|Texas Instruments|ZMD,791915|-1|1272547|39341|1013351|-1|849502|-1|97476|-1
CIK817516_10K_20070402.txt,,,Chartered|Cypress|Cypress Semiconductor|Dongbu|Freescale|Fujitsu|Hittite Microwave Corporation|Maxim|OKI|Ramtron|ST Microelectronics|Texas Instruments|ZMD|Zentrum Mikroelektronik Dresden AG,1095270|716054|791915|-1|1272547|39341|1130866|1013351|-1|849502|-1|97476|-1|-1
CIK817516_10K_20080326.txt,Freescale|Fujitsu|Maxim|OKI|Ramtron|ST Microelectronics|Texas Instruments,1272547|39341|1013351|-1|849502|-1|97476,Cypress Semiconductor Corporation|Freescale|Fujitsu|Maxim|OKI|Ramtron|ST Microelectronics|Texas Instruments,791915|1272547|39341|1013351|-1|849502|-1|97476
CIK817720_10K_20150825.txt,,,Alps Electric|Atmel|Cypress Semiconductor|Egis Technology|Elan Microelectronics|Fingerprint Cards|Focaltech Systems|Goodix|Himax Technologies|IDEX|Melfas|NEXT Biometrics|Novatek Microelectronics|Parade Technologies|Qualcomm|STMicroelectronics|Silead,-1|872448|791915|-1|-1|-1|-1|-1|1342338|832101|-1|-1|-1|-1|804328|932787|-1
CIK817720_10K_20160826.txt,,,Alps Electric|Atmel|Cypress Semiconductor|Egis Technology|Elan Microelectronics|Fingerprint Cards|Focaltech Systems|Goodix|Himax Technologies|IDEX|Intersil Corporation|LSI Corporation|MagnaChip Semiconductor|Melfas|NEXT Biometrics|National Semiconductor Corporation|Novatek Microelectronics|Parade Technologies|Qualcomm|STMicroelectronics|Samsung LSI|Silead|SiliconWorks,-1|872448|791915|-1|-1|-1|-1|-1|1342338|832101|2485|703360|1325702|-1|-1|70530|-1|-1|804328|932787|-1|-1|-1
CIK817720_10K_20170818.txt,Conexant|Marvell Technology Group,1069353|-1,AMD/ATI|Analogix|Apple|Applied Micro Circuits Corporation|Atmel|BES Technic|Cadence|Cirrus Logic|Cypress Semiconductor|Egis Technology|Elan Microelectronics|Fingerprint Cards|Focaltech Systems|Goodix|IDEX|Intersil Corporation|LSI Corporation|Lattice Semiconductor|Megachips|Melfas|NEXT Biometrics|NVIDIA|National Semiconductor Corporation|Parade Technologies|Qualcomm|Realtek|STMicroelectronics|Samsung LSI|Silead|Xilinx,-1|-1|320193|711065|872448|-1|16068|772406|791915|-1|-1|-1|-1|-1|832101|2485|703360|855658|-1|-1|-1|1045810|70530|-1|804328|-1|932787|-1|-1|743988
CIK817720_10K_20180824.txt,,,ATI Technologies|Advanced Micro Devices|Alps Electric|AmLogic|Analogix|Broadcom|Conexant Systems|Cypress|Egis Technology|Elan Microelectronics|Fingerprint Cards|Focaltech Systems|Goodix|Himax Technologies|MagnaChip Semiconductor|Marvell|MediaTek|Megachips|Melfas|Microchip|National Semiconductor Corporation|Novatek Microelectronics|Parade Technologies|Realtek|STMicroelectronics|Samsung LSI|Silicon Labs|SiliconWorks|Skyworks Solutions|Solomon Systech,1065331|2488|-1|-1|-1|1730168|1069353|716054|-1|-1|-1|-1|-1|1342338|1325702|1058057|-1|-1|-1|827054|70530|-1|-1|-1|932787|-1|1038074|-1|4127|-1
CIK817720_10K_20190823.txt,,,AMD/ATI|AmLogic|Analog Devices Inc.|Apple|BES Technic|Broadcom|Cadence|Cirrus Logic|Egis Technology|Elan Microelectronics|Fairchild Semiconductor|Fingerprint Cards|Focaltech|Goodix|Himax Technologies|MagnaChip Semiconductor|Maxim Integrated|MediaTek|Megachips|Melfas|Microchip|National Semiconductor Corporation|Novatek Microelectronics|ON Semiconductor|QBit|Qualcomm|Realtek|STMicroelectronics|Samsung LSI|Silicon Labs|SiliconWorks|Solomon Systech,-1|-1|6281|320193|-1|1730168|16068|772406|-1|-1|1036960|-1|-1|-1|1342338|1325702|743316|-1|-1|-1|827054|70530|-1|1097864|-1|804328|-1|932787|-1|1038074|-1|-1
CIK817720_10K_20200821.txt,,,AmLogic|Ambarella|BES Technic|Broadcom|Cirrus Logic|DSP Group|Egis Technology|Elan Microelectronics|Focaltech|GN Netcom|Goodix|Hello Direct|Himax|Infineon|Inmac|Marvell|MediaTek|Megachips|MicroWarehouse|Microchip|NXP|Novatek Microelectronics|Parade|Qbit|Qualcomm|Realtek|Samsung LSI|Silicon Labs|SiliconWorks,-1|1280263|-1|1730168|772406|915778|-1|-1|-1|-1|-1|937265|1342338|1107457|801121|1058057|-1|-1|-1|827054|1413447|-1|-1|-1|804328|-1|-1|1038074|-1
CIK817720_10K_20210823.txt,,,"AmLogic|Ambarella|BES Technic|Broadcom|Broadcom Limited|Cirque Corporation|Cirrus Logic|Conexant Systems, LLC|DSP Group|Egis Technology|Elan Microelectronics|Finisar Corporation|Flex Ltd.|Focaltech|Goodix|Hewlett Packard|Himax|Infineon|Intel Corporation|Knowles Corp.|Magnachip Semiconductor|Marvell|Marvell Technology Group Ltd.|Maxim Integrated|MediaTek|Megachips|Microchip|NXP|Novatek Microelectronics|Nuvoton Technology Corporation|Parade|Qbit|Qualcomm|Realtek|Samsung LSI|Silicon Labs|SiliconWorks|Winbond Electronics Corporation America",-1|1280263|-1|1730168|1730168|-1|772406|1069353|915778|-1|-1|1094739|866374|-1|-1|1645590|1342338|1107457|50863|1587523|1325702|1058057|-1|743316|-1|-1|827054|1413447|-1|-1|-1|-1|804328|-1|-1|1038074|-1|-1
CIK817720_10K_20220822.txt,,,AmLogic|Ambarella|BES Technic|Broadcom|Cirrus Logic|DSPG|DisplayLink|Egis Technology|Focaltech|Goodix|Himax|Infineon|Marvell|MediaTek|Megachips|Microchip|NXP|Novatek Microelectronics|Parade|Qbit|Qualcomm|Realtek|ST Micro|Samsung LSI|Silicon Labs|Skyworks,-1|1280263|-1|1730168|772406|915778|-1|-1|-1|-1|1342338|1107457|1058057|-1|-1|827054|1413447|-1|-1|-1|804328|-1|-1|-1|1038074|4127
CIK817720_10K_20230818.txt,,,AmLogic|Ambarella|BES Technic|Broadcom|Cirque Corporation|Cirrus Logic|Elan Microelectronics|Focaltech|Goodix|Himax|Infineon|Marvell|MediaTek|Megachips|Microchip|NXP|Novatek Microelectronics|Parade|Qbit|Qualcomm|Realtek|ST Micro|Silicon Labs|Skyworks,-1|1280263|-1|1730168|-1|772406|-1|-1|-1|1342338|1107457|1058057|-1|-1|827054|1413447|-1|-1|-1|804328|-1|-1|1038074|4127
CIK831115_10K_20010402.txt,,,"Reptron Electronics, Inc.",918765
CIK831115_10K_20020424.txt,,,"ACT Manufacturing, Inc.|Ariel Corp.|Benchmark Electronics|EFTC Corporation|EICO Electr Ins Cap|Elamex S. A. De C.V. CL 1|Eltek Ltd.|Flextronics International Ltd.|Gadzoox Networks, Inc.|Hadco Corp.|IEC Electronics Corp.|Imaging Technologies CP|Jabil Circuit, Inc.|M-Wave, Inc.|Merix Corp.|Palomar Medical Tech.|Park Electrochemical CP|Parlex Corp.|Performance Tech, Inc.|Plexus Corp.|Qlogic Corp.|SCI Systems, Inc.|SMTC Corporation|Sanmina Corp.|Score One Inc.|Sheldahl, Inc.|Sigmatron International, Inc.|Smtek International, Inc.|Solectron Corp.|Sypris Solutions, Inc.|TTM Technologies, Inc.|Viasystems Group, Inc.",937971|911167|863436|1081227|-1|-1|1024672|-1|1084722|729533|49728|-1|-1|-1|921365|881695|-1|724988|1003950|785786|918386|87744|1108320|897723|-1|89615|915358|26987|835541|864240|1116942|1101169
CIK833640_10K_20170208.txt,Avago|Dialog Semiconductor|Diodes Inc.|Infineon|NXP Semiconductors|On-Bright Electronics|Semikron,-1|1116581|29002|1107457|1413447|-1|-1,Avago|Dialog Semiconductor|Diodes Inc.|Fairchild Semiconductor|Infineon|NXP Semiconductors|ON Semiconductor|On-Bright Electronics|STMicroelectronics|Sanken Electric Company|Semikron,-1|1116581|29002|1036960|1107457|1413447|1097864|-1|932787|-1|-1
CIK833640_10K_20180214.txt,Avago|Dialog Semiconductor|Diodes Inc.|Infineon|NXP Semiconductors|On-Bright Electronics|Semikron,-1|1116581|29002|1107457|1413447|-1|-1,Avago|Dialog Semiconductor|Diodes Inc.|Infineon|NXP Semiconductors|ON Semiconductor|On-Bright Electronics|STMicroelectronics|Sanken Electric Company|Semikron,-1|1116581|29002|1107457|1413447|1097864|-1|932787|-1|-1
CIK833640_10K_20210205.txt,,,Avago|Dialog Semiconductor|Diodes Inc.|Infineon|NXP Semiconductors|ON Semiconductor|On-Bright Electronics|STMicroelectronics|Sanken Electric Company|Semikron,-1|1116581|29002|1107457|1413447|1097864|-1|932787|-1|-1
CIK833640_10K_20220207.txt,,,Avago|Diodes Inc.|Infineon|NXP Semiconductors|ON Semiconductor|On-Bright Electronics|Renesas Electronics|STMicroelectronics|Sanken Electric Company|Semikron,-1|29002|1107457|1413447|1097864|-1|-1|932787|-1|-1
CIK833640_10K_20230207.txt,,,Broadcom|Diodes Inc.|Fuji Electric|Hangzhou Firstack Technology Co.|Infineon Technologies|MediaTek Inc.|Mitsubishi Electric|NXP Semiconductors|ON Semiconductor|On-Bright Electronics|Renesas Electronics|STMicroelectronics|Sanken Electric Company|Semikron|Southchip Semiconductor,1730168|29002|-1|-1|1107457|-1|773753|1413447|1097864|-1|-1|932787|-1|-1|-1
CIK833640_10K_20240212.txt,,,Broadcom|Chipown Microelectronics|Diodes Inc.|Fuji Electric|Hangzhou Firstack Technology Co.|Hangzhou Silan Microelectronics Co.|Infineon Technologies|MediaTek Inc.|Mitsubishi Electric|NXP Semiconductors|ON Semiconductor|On-Bright Electronics|Renesas Electronics|STMicroelectronics|Sanken Electric Company|Semikron|Southchip Semiconductor,1730168|-1|29002|-1|-1|-1|1107457|-1|773753|1413447|1097864|-1|-1|932787|-1|-1|-1
CIK833640_10K_20250207.txt,,,Chipown Microelectronics|Diodes Inc.|Fuji Electric|Hangzhou Firstack Technology Co.|Hangzhou Silan Microelectronics Co.|Infineon Technologies|MediaTek Inc.|Mitsubishi|Mitsubishi Electric|NXP Semiconductors|ON Semiconductor|On-Bright Electronics|Renesas Electronics|STMicroelectronics|Sanken Electric Company|Semikron|Southchip Semiconductor,-1|29002|-1|-1|-1|1107457|-1|773753|773753|1413447|1097864|-1|-1|932787|-1|-1|-1
CIK849502_10K_20030331.txt,"Alliance Semiconductor Corporation|Atmel|Cypress Semiconductor|Fairchild|Fujitsu|Hitachi|Hyundai Electronics Industries Co. Ltd.|Infineon|Integrated Device Technology, Inc.|Maxim Integrated Products|Micron Technology, Inc.|Mitsubishi Electric Corporation|Monolithic System Technology, Inc.|Motorola, Inc.|NEC Corporation|Rambus|Rohm|ST-Microelectronics|Samsung|Toshiba|Xicor",-1|872448|791915|34257|39341|47710|-1|1107457|703361|743316|723125|773753|-1|68505|72127|917273|-1|-1|-1|98573|319191,"Alliance Semiconductor Corporation|Atmel|Cypress Semiconductor|Fairchild|Fujitsu|Hewlett Packard|Hitachi|Hyundai Electronics Industries Co. Ltd.|Infineon|Integrated Device Technology, Inc.|Maxim Integrated Products|Micron Technology, Inc.|Mitsubishi Electric Corporation|Monolithic System Technology, Inc.|Motorola, Inc.|NEC|NEC Corporation|Rambus|Rohm|ST-Microelectronics|Samsung|Texas Instruments|Toshiba|Xicor",-1|872448|791915|34257|39341|1645590|47710|-1|1107457|703361|743316|723125|773753|-1|68505|72127|72127|917273|-1|-1|-1|97476|98573|319191
CIK849502_10K_20040326.txt,"Atmel Corporation|Catalyst Semiconductor, Inc.|Fujitsu|Infineon|NEC|Rohm|ST-Microelectronics N.V.|Samsung|Texas Instruments|Toshiba|Xicor, Inc.",872448|899636|39341|1107457|72127|-1|-1|-1|97476|98573|319191,"Atmel Corporation|Catalyst Semiconductor, Inc.|Cypress Semiconductor|Enhanced Memory Systems, Inc.|Hewlett Packard|Infineon|Mushkin Inc.|National Semiconductor Corporation|ST-Microelectronics N.V.|Texas Instruments, Inc.|Xicor, Inc.",872448|899636|791915|-1|1645590|1107457|-1|70530|-1|97476|319191
CIK849502_10K_20050316.txt,Symetrix Corporation,-1,Atmel Corporation|Bramwell|Fujitsu|Halifax|Infineon|Integrated Silicon Solution Inc.|Intersil Corp.|National Semiconductor Corporation|ST-Microelectronics N.V.,872448|-1|39341|720671|1107457|854701|2485|70530|-1
CIK849502_10K_20060315.txt,,,"Atmel Corporation|Freescale|Fujitsu|Infineon|Integrated Silicon Solution Inc.|Intersil Corporation|Maxim Integrated|Microchip|NEC|National Semiconductor Corporation|Philips|Renasas|ST-Microelectronics N.V.|Samsung Electronics Company, Ltd.|Texas Instruments|Toshiba|Zilog",872448|1272547|39341|1107457|854701|2485|743316|827054|72127|70530|205778|-1|-1|-1|97476|98573|319450
CIK849502_10K_20070221.txt,,,"Atmel Corporation|Freescale|Fujitsu|Infineon|Integrated Silicon Solution Inc.|Intersil Corporation|Maxim Integrated|Microchip|NEC|NXP|National Semiconductor Corporation|Renasas|Rohm|ST-Microelectronics N.V.|Samsung Electronics Company, Ltd.|Toshiba|Zilog",872448|1272547|39341|1107457|854701|2485|743316|827054|72127|1413447|70530|-1|-1|-1|-1|98573|319450
CIK849502_10K_20080227.txt,Atmel|Atmel Corporation|Freescale|Fujitsu|Infineon|Integrated Silicon Solution Inc.|Intersil Corporation|Maxim Integrated|Microchip|NEC|NXP|National Semiconductor|Renasas|Rohm|ST-Microelectronics N.V.|Samsung|Symetrix Corporation|Texas Instruments|Toshiba|Zilog,872448|872448|1272547|39341|1107457|854701|2485|743316|827054|72127|1413447|70530|-1|-1|-1|-1|-1|97476|98573|319450,Atmel Corporation|Freescale|Fujitsu|Integrated Silicon Solution Inc.|Intersil Corporation|Maxim Integrated|Microchip|NEC|NXP|National Semiconductor Corporation|Renasas|ST-Microelectronics N.V.|Zilog,872448|1272547|39341|854701|2485|743316|827054|72127|1413447|70530|-1|-1|319450
CIK849502_10K_20090202.txt,Atmel Corporation|Freescale|Fujitsu|Infineon|Integrated Silicon Solution Inc.|Intersil Corporation|Maxim Integrated|Microchip|NEC|NXP|National Semiconductor|Renasas|Rohm|ST-Microelectronics N.V.|Samsung|Symetrix Corporation|Texas Instruments|Toshiba|Zilog,872448|1272547|39341|1107457|854701|2485|743316|827054|72127|1413447|70530|-1|-1|-1|-1|-1|97476|98573|319450,Atmel Corporation|Freescale|Fujitsu|Integrated Silicon Solution Inc.|Intersil Corporation|Maxim Integrated|Microchip|NEC|NXP|National Semiconductor Corporation|Renasas|ST-Microelectronics N.V.|Texas Instruments|Zilog,872448|1272547|39341|854701|2485|743316|827054|72127|1413447|70530|-1|-1|97476|319450
CIK849502_10K_20110309.txt,Atmel Corporation|Cypress Semiconductor Corporation|Freescale|Fujitsu|Infineon|Integrated Silicon Solution Inc.|Intersil Corporation|Maxim Integrated|Microchip|NEC|NXP|National Semiconductor|Renasas|Rohm|ST-Microelectronics N.V.|Samsung|Symetrix Corporation|Texas Instruments|Toshiba|Zilog,872448|791915|1272547|39341|1107457|854701|2485|743316|827054|72127|1413447|70530|-1|-1|-1|-1|-1|97476|98573|319450,Atmel Corporation|Cypress Semiconductor Corporation|Freescale|Fujitsu|Integrated Silicon Solution Inc.|Intersil Corporation|Maxim Integrated|Microchip|NEC|NXP|Renasas|ST-Microelectronics N.V.|Texas Instruments|Zilog,872448|791915|1272547|39341|854701|2485|743316|827054|72127|1413447|-1|-1|97476|319450
CIK849502_10K_20120307.txt,Atmel Corporation|Cypress Semiconductor Corporation|Fujitsu|IBM Corporation|Infineon|Integrated Silicon Solution Inc.|Intersil Corporation|Maxim Integrated|NEC|National Semiconductor|Rohm|ST-Microelectronics N.V.|Samsung|Symetrix Corporation|TI|Toshiba,872448|791915|39341|353524|1107457|854701|2485|743316|72127|70530|-1|-1|-1|-1|98596|98573,Atmel Corporation|Cypress Semiconductor Corporation|Everspin Technologies|Fujitsu|Infineon|Integrated Silicon Solution Inc.|Intersil Corporation|Maxim Integrated|Microchip Technology|NEC|National Semiconductor|Rohm|ST-Microelectronics N.V.|Samsung|Symetrix Corporation|Texas Instruments|Toshiba,872448|791915|1438423|39341|1107457|854701|2485|743316|827054|72127|70530|-1|-1|-1|-1|97476|98573
CIK850579_10K_20010402.txt,Altera|Applied Micro Circuits|Atmel|Cypress Semiconductor|Hitachi|IBM|IDT|Intel|LSI Logic|Lucent Technologies|Marvel Technology Group|Motorola|NEC|Quicklogic|Stargen|Toshiba|Tundra Semiconductor|V3 Semiconductor|Vantis|Xilinx,768251|711065|872448|791915|47710|353524|1005731|50863|-1|1006240|-1|68505|72127|882508|-1|98573|-1|1063199|-1|743988,Altera|Applied Micro Circuits|Atmel|Cypress Semiconductor|Hitachi|IBM|IDT|Intel|LSI Logic|Lucent Technologies|Marvel Technology Group|Motorola|NEC|Quicklogic|Toshiba|Tundra Semiconductor|Unique Technologies|V3 Semiconductor|Vantis|Xilinx,768251|711065|872448|791915|47710|353524|1005731|50863|-1|1006240|-1|68505|72127|882508|98573|-1|-1|1063199|-1|743988
CIK850579_10K_20040227.txt,Alliance Semiconductor|Altera|Applied Micro Circuits|Atmel|Cypress Semiconductor|Exar|IBM|Intel|LSI Logic|Lattice|NEC|Oxford Semiconductor|Pericom Semiconductor|Quicklogic|Texas Instruments|Toshiba|Tundra Semiconductor|Xilinx,-1|768251|711065|872448|791915|753568|353524|50863|-1|350644|72127|-1|1001426|882508|97476|98573|-1|743988,A2M|Alliance Semiconductor|Altera|Applied Micro Circuits|Atmel|Cisco|Cypress Semiconductor|Exar|IBM|Intel|LSI Logic|Lattice|Metatech|NEC|Oxford Semiconductor|Pericom Semiconductor|Prediwave|Quicklogic|Texas Instruments|Toshiba|Tundra Semiconductor|Unique|Xilinx,-1|-1|768251|711065|872448|858877|791915|753568|353524|50863|-1|350644|-1|72127|-1|1001426|-1|882508|97476|98573|-1|-1|743988
CIK850579_10K_20090306.txt,,,Actel|Altera|Atmel|Cortina|Cypress Semiconductor|Genesys Logic|Gennum|IBM|IDT|Initio|Intel|JMicron|LSI Logic|Lattice|Marvell|MosChip|NEC|NXP Semiconductor|Pericom Semiconductor|Quicklogic|Renesas|Symwave|Texas Instruments|Toshiba|Tundra Semiconductor|Xilinx,907687|768251|872448|-1|791915|-1|-1|353524|1005731|50505|50863|-1|-1|350644|1058057|-1|72127|1413447|1001426|882508|-1|-1|97476|98573|-1|743988
CIK850579_10K_20100304.txt,"Oxford Semiconductor, Inc.",-1,ASMedia|Actel|Altera|Atmel|Cavium|Cortina|Cypress Semiconductor|Fujitsu|Genesys Logic|Gennum|IBM|IDT|Initio|Intel|JMicron|LSI Logic|Lattice|LucidPoint|Marvell|MosChip|NEC|NXP Semiconductor|Pericom Semiconductor|QuickLogic|Renesas|Symwave|Texas Instruments|Toshiba|Xilinx,-1|907687|768251|872448|1175609|-1|791915|39341|-1|-1|353524|1005731|50505|50863|-1|-1|350644|-1|1058057|-1|72127|1413447|1001426|882508|-1|-1|97476|98573|743988
CIK850579_10K_20110304.txt,"Teranetics, Inc.",-1,ASMedia|ASUS Computer International|Actel|Altera|Aquantia|Atmel|Broadcom|Cavium|Cortina|Cypress Semiconductor|Fujitsu|Genesys Logic|Gennum|IBM|IDT|Initio|Intel|Internet Machines|JMicron|LSI Logic|Lattice|LucidPoint|Marvell|MosChip|NEC|NXP Semiconductor|Pericom Semiconductor|QuickLogic|Renesas|Solarflare|Texas Instruments|Toshiba|Xilinx,-1|-1|907687|768251|1316016|872448|1730168|1175609|-1|791915|39341|-1|-1|353524|1005731|50505|50863|-1|-1|-1|350644|-1|1058057|-1|72127|1413447|1001426|882508|-1|-1|97476|98573|743988
CIK850579_10K_20120313.txt,,,Teranetics,-1
CIK854701_10K_20011217.txt,,,Alliance Semiconductor|Atmel|Cypress Semiconductor|Giga Semiconductor|Integrated Device Technology|Mitsubishi|Mosel-Vitelic|Motorola|Oki|SGS-Thomson Microelectronics|Samsung|Vanguard|Winbond,-1|872448|791915|-1|703361|773753|-1|68505|-1|-1|-1|1045829|-1
CIK854701_10K_20021220.txt,,,Alliance Semiconductor|Atmel|Catalyst|Cypress Semiconductor|Etron|Giga Semiconductor|HyNEX|Integrated Device Technology|Mitsubishi|Mosel-Vitelic|Oki|SGS-Thomson Microelectronics|Samsung|Sony|Vanguard,-1|872448|915508|791915|-1|-1|-1|703361|773753|-1|-1|-1|-1|313838|1045829
CIK854701_10K_20041214.txt,Chartered Semiconductor|SMIC|TSMC,1095270|89415|1046179,Alliance Semiconductor|Atmel|Catalyst|Cypress|ESMT|Etron|Giga Semiconductor|Hynix|ICSI|Integrated Device Technology|Micron|NEC|Nanya|Oki|Renesas Technology|ST Microelectronics|STMicroelectronics|Samsung|Sony|Winbond,-1|872448|915508|716054|-1|-1|-1|-1|768832|703361|803512|72127|-1|-1|-1|-1|932787|-1|313838|-1
CIK854701_10K_20051215.txt,Chartered Semiconductor|SMIC|TSMC,1095270|89415|1046179,Cypress|ESMT|Etron|Giga Semiconductor|Hynix|Integrated Device Technology|Micron|NEC|Nanya|Oki|Renesas Technology|Samsung|Sony|Toshiba|Winbond,716054|-1|-1|-1|-1|703361|803512|72127|-1|-1|-1|-1|313838|98573|-1
CIK854701_10K_20070530.txt,SMIC|TSMC,89415|1046179,Alco Micro|Atmel|Catalyst|Cypress|ESMT|Etron|GSI Technology|Genesis of Taiwan|Hynix|Integrated Device Technology|Microchip|Micron|NEC|Nanya|Oki|Renesas Technology|STMicroelectronics|Samsung|Silicon Motion Inc.|Sony|Toshiba|Winbond,-1|872448|915508|716054|-1|-1|1126741|-1|-1|703361|827054|803512|72127|-1|-1|-1|932787|-1|1329394|313838|98573|-1
CIK854701_10K_20071218.txt,large captive memory companies,-1,Atmel|Catalyst|Cypress|ESMT|Etron|GSI Technology|Hynix|Integrated Device Technology|Microchip|Micron|NEC|Nanya|Oki|Renesas Technology|STMicroelectronics|Samsung|Silicon Motion Inc.|Sony|Toshiba|Winbond,872448|915508|716054|-1|-1|1126741|-1|703361|827054|803512|72127|-1|-1|-1|932787|-1|1329394|313838|98573|-1
CIK854701_10K_20081215.txt,Alcatel-Lucent|Bosch|Bose|Cisco|Continental|Delphi|Ericsson|Foxconn|Fujitsu|Garmin|General Electric|Harman Becker|Huawei Technologies|Hypercom|Hyundai Autonet|Ingenico|Johnson Controls|Kenwood|LG Electronics|Motorola|NEC|Nokia|Nortel|Panasonic|Philips (PLDS)|Polycom|Samsung|Sharp|Siemens|Sony|TRW|Tellabs|Toshiba|Tyco|UT Starcom|VTech|ZTE,886125|-1|-1|858877|24011|1707092|-1|-1|39341|1121788|40545|-1|-1|1045769|-1|-1|833444|-1|-1|68505|72127|924613|72911|63271|205778|1010552|-1|800840|1135644|313838|100030|317771|98573|849262|-1|-1|-1,Atmel|Cypress|ESMT|Etron|GSI Technology|Hynix|Integrated Device Technology|Microchip|Micron|NEC|Nanya|ON Semiconductor|Oki|Renesas Technology|STMicroelectronics|Samsung|Sony|Toshiba|Winbond,872448|716054|-1|-1|1126741|-1|703361|827054|803512|72127|-1|1097864|-1|-1|932787|-1|313838|98573|-1
CIK854701_10K_20091222.txt,Alcatel-Lucent|Bosch|Bose|Cisco|Continental|Delphi|Ericsson|Foxconn|Fujitsu|Garmin|General Electric|Harman Becker|Huawei Technologies|Hypercom|Hyundai Autonet|Ingenico|Johnson Controls|Kenwood|LG Electronics|Motorola|NEC|Nokia|Panasonic|Philips (PLDS)|Polycom|Samsung|Sharp|Siemens|Sony|TRW|Tellabs|Toshiba|Tyco|UT Starcom|VTech|ZTE,886125|-1|-1|858877|24011|1707092|-1|-1|39341|1121788|40545|-1|-1|1045769|-1|-1|833444|-1|-1|68505|72127|924613|63271|205778|1010552|-1|800840|1135644|313838|100030|317771|98573|849262|-1|-1|-1,Atmel|Cypress|ESMT|Etron|GSI Technology|Hynix|Integrated Device Technology|Microchip|Micron|NEC|Nanya|ON Semiconductor|Oki|Renesas Technology|STMicroelectronics|Samsung|Toshiba|Winbond,872448|716054|-1|-1|1126741|-1|703361|827054|803512|72127|-1|1097864|-1|-1|932787|-1|98573|-1
CIK854701_10K_20101213.txt,Hynix|Nanya|Powerchip|ProMOS Technologies Inc.|Semiconductor Manufacturing International Corporation|Taiwan Semiconductor Manufacturing Corporation,-1|-1|-1|-1|1267482|1046179,Atmel|Cypress|ESMT|Elpida|Etron|Fudan Microelectronics|GSI Technology|Hynix|Integrated Device Technology|Microchip|Micron|Nanya|ON Semiconductor|Oki|Renesas Electronics|STMicroelectronics|Samsung|Winbond,872448|716054|-1|-1|-1|-1|1126741|-1|703361|827054|803512|-1|1097864|-1|-1|932787|-1|-1
CIK854701_10K_20111214.txt,Actions Semiconductor|Cypress|Elpida|Etron|GSI Technology|Hynix|Integrated Device Technology|Linear Technology|MaxLinear|Maxim Integrated Products|Micron|Microsemi|NXP Semiconductors|Nanya|National Semiconductor|Oki|RDA Microelectronics|Renesas Electronics|Samsung|Winbond,-1|716054|-1|-1|1126741|-1|703361|791907|1288469|743316|803512|310568|1413447|-1|70530|-1|-1|-1|-1|-1,Actions Semiconductor|Cypress|ESMT|Elpida|Etron|GSI Technology|Hynix|Integrated Device Technology|Linear Technology|MaxLinear|Maxim Integrated Products|Micron|Microsemi|NXP Semiconductors|Nanya|National Semiconductor|Oki|RDA Microelectronics|Renesas Electronics|Samsung|Winbond,-1|716054|-1|-1|-1|1126741|-1|703361|791907|1288469|743316|803512|310568|1413447|-1|70530|-1|-1|-1|-1|-1
CIK854701_10K_20131213.txt,AMS|Cypress|Dialog|ESMT|Etron|GSI Technology|Hynix|Integrated Device Technology|Linear Technology|Maxim Integrated Products|Micron|NXP Semiconductors|Nanya|Oki|On Semi|Renesas Electronics|Richtek|Samsung|Texas Instruments|Winbond,872463|716054|1051059|-1|-1|1126741|-1|703361|791907|743316|803512|1413447|-1|-1|-1|-1|-1|-1|97476|-1,AMS|Cypress|Dialog|ESMT|Etron|GSI Technology|Hynix|Integrated Device Technology|Linear Technology|Macronix|Maxim Integrated Products|Micron|NXP Semiconductors|Nanya|Oki|On Semi|Renesas Electronics|Richtek|Samsung|Spansion|Texas Instruments|Winbond,872463|716054|1051059|-1|-1|1126741|-1|703361|791907|1009680|743316|803512|1413447|-1|-1|-1|-1|-1|-1|1322705|97476|-1
CIK855658_10K_20200224.txt,,,Lattice,350644
CIK855658_10K_20210226.txt,,,ASSPs|microcontrollers|other FPGAs vendors|producers of ASICs,-1|-1|-1|-1
CIK855658_10K_20220223.txt,,,"Lattice|Mirametrix, Inc.",350644|-1
CIK855658_10K_20230217.txt,,,Advanced Semiconductor Engineering|Amkor Technology|Samsung Semiconductor|Seiko Epson|Taiwan Semiconductor Manufacturing|United Microelectronics Corporation,-1|1047127|-1|-1|1046179|1033767
CIK855658_10K_20240216.txt,,,ASICs|ASSPs|Lattice|microcontrollers,-1|-1|350644|-1
CIK855658_10K_20250214.txt,,,ASICs|ASSPs|Lattice|microcontrollers,-1|-1|350644|-1
CIK855906_10K_20010330.txt,,,"Advanced Micro Devices|Advanced Micro Devices, Inc.|Atmel|Atmel Corporation|Fujitsu|Fujitsu Limited|Hitachi|Hitachi Corporation|Intel|M-Systems|Macronix|Macronix, Inc.|Microchip Technology Inc.|Mitsubishi Corporation|Philips Electronics|STMicroelectronics|STMicroelectronics, Inc.|Samsung|Samsung Semiconductor|SanDisk|SanDisk Corporation|Sanyo|Sharp|Sharp Electronics Corporation|Toshiba|Toshiba Corporation|Winbond Electronics|Winbond Electronics Corporation",2488|2488|872448|872448|39341|39341|47710|47710|50863|-1|1009680|1009680|827054|773753|-1|932787|932787|-1|-1|1000180|1000180|203097|800840|-1|98573|98573|-1|-1
CIK855906_10K_20020401.txt,Advanced Micro Devices|Atmel|Fujitsu|Hitachi|Intel|Macronix|Mitsubishi|STMicroelectronics|Samsung|SanDisk|Sanyo|Sharp Electronics|Toshiba|Winbond,2488|872448|39341|47710|50863|1009680|773753|932787|-1|1000180|203097|-1|98573|-1,Advanced Micro Devices|Atmel|Fujitsu|Hitachi|Intel|M-Systems|Macronix|Microchip Technology|Mitsubishi|Motorola|Philips|STMicroelectronics|Samsung|SanDisk|Sharp Electronics|Toshiba|Winbond,2488|872448|39341|47710|50863|-1|1009680|827054|773753|68505|205778|932787|-1|1000180|-1|98573|-1
CIK855906_10K_20030321.txt,AMD|Atmel|Fujitsu|Hitachi|Intel|Macronix|Mitsubishi|STMicroelectronics|Samsung|SanDisk|Sanyo|Sharp Electronics|Toshiba|Winbond,2488|872448|39341|47710|50863|1009680|773753|932787|-1|1000180|203097|-1|98573|-1,Advanced Micro Devices|Atmel|Fujitsu|Hitachi|Intel|M-Systems|Macronix|Microchip Technology|Mitsubishi|Motorola|Philips|STMicroelectronics|Samsung|SanDisk|Sharp Electronics|Toshiba|Winbond,2488|872448|39341|47710|50863|-1|1009680|827054|773753|68505|205778|932787|-1|1000180|-1|98573|-1
CIK855906_10K_20040315.txt,AMD|Atmel|Fujitsu|Hitachi|Intel|Macronix|Mitsubishi|STMicroelectronics|Samsung|SanDisk|Sanyo|Sharp Electronics|Toshiba|Winbond,2488|872448|39341|47710|50863|1009680|773753|932787|-1|1000180|203097|-1|98573|-1,Advanced Micro Devices|Atmel|Fujitsu|Hitachi|Intel|M-Systems|Macronix|Microchip Technology|Mitsubishi|Motorola|Philips|STMicroelectronics|Samsung|SanDisk|Sanyo|Sharp Electronics|Toshiba|Winbond,2488|872448|39341|47710|50863|-1|1009680|827054|773753|68505|205778|932787|-1|1000180|203097|-1|98573|-1
CIK855906_10K_20050331.txt,Anadigic|Atmel|Fujitsu|Hitachi|Intel|Macronix|Maxim|Micromobio|Microsemi|Mitsubishi|PMC|STMicroelectronics|Samsung|SanDisk|Sharp Electronics|SiGe|Spansion (AMD/Fujitsu)|Toshiba,-1|872448|39341|47710|50863|1009680|1013351|-1|310568|773753|765815|932787|-1|1000180|-1|1213018|1322705|98573,Anadigic|Atmel|Fujitsu|Hitachi|Infineon|Intel|Macronix|Maxim|Microchip Technology|Micromobio|Microsemi|Mitsubishi|Motorola|PMC|Philips|Renesas|STMicroelectronics|Samsung|SanDisk|Sharp Electronics|SiGe|Spansion (AMD/Fujitsu)|Toshiba|Winbond,-1|872448|39341|47710|1107457|50863|1009680|1013351|827054|-1|310568|773753|68505|765815|205778|-1|932787|-1|1000180|-1|1213018|1322705|98573|-1
CIK855906_10K_20060316.txt,Anadigics|Atmel|Intel|Macronix|Maxim|Micromobio|Microsemi|Mitsubishi|PMC|ST Microelectronics|Samsung|Sharp Electronics|SiGe|Spansion (AMD/Fujitsu)|Toshiba|Winbond,940332|872448|50863|1009680|1013351|-1|310568|773753|765815|-1|-1|-1|1213018|1322705|98573|-1,"Anadigics|Atmel|Freescale Semiconductor, Inc|Fujitsu|Hitachi|Infineon|Intel|Macronix|Maxim|Microchip Technology|Micromobio|Microsemi|Mitsubishi|PMC|Philips|Renesas|ST Microelectronics|Samsung|SanDisk|Sharp Electronics|SiGe|Spansion (AMD/Fujitsu)|Toshiba|Winbond",940332|872448|1272547|39341|47710|1107457|50863|1009680|1013351|827054|-1|310568|773753|765815|205778|-1|-1|-1|1000180|-1|1213018|1322705|98573|-1
CIK855906_10K_20080116.txt,Anadigics|Microsemi|Richwave|SiGe,940332|310568|-1|1213018,"Anadigics|Atmel|EON|Freescale Semiconductor, Inc|Infineon|Intel|Macronix|Masked ROM|Microchip Technology|Microsemi|PMC|Philips|Renesas|Richwave|ST Microelectronics|Samsung|SiGe|Spansion|Winbond",940332|872448|33121|1272547|1107457|50863|1009680|-1|827054|310568|765815|205778|-1|-1|-1|-1|1213018|1322705|-1
CIK855906_10K_20080318.txt,Anadigics|Microsemi|Richwave|SiGe,940332|310568|-1|1213018,"Anadigics|Atmel|EON|Freescale Semiconductor, Inc|Infineon|Intel|Macronix|Microchip Technology|Microsemi|PMC|Philips|Renesas|Richwave|ST Microelectronics|Samsung|SiGe|Spansion|Winbond",940332|872448|33121|1272547|1107457|50863|1009680|827054|310568|765815|205778|-1|-1|-1|-1|1213018|1322705|-1
CIK855906_10K_20090320.txt,Grace Semiconductor Manufacturing Corporation,-1,"ANADIGICS|Atmel|EON|Freescale Semiconductor, Inc.|Infineon|Intel|Macronix|Microchip Technology|Microsemi|Numonyx|PMC|Philips|Phison|RF Micro Devices|Renesas|Richwave|STEC|STMicroelectronics|Samsung|SanDisk|Spansion|Toshiba|Winbond",940332|872448|33121|1272547|1107457|50863|1009680|827054|310568|-1|765815|205778|-1|-1|-1|-1|1102741|932787|-1|1000180|1322705|98573|-1
CIK855906_10K_20100318.txt,Grace Semiconductor Manufacturing Corporation,-1,"ANADIGICS|Atmel|EON|Freescale Semiconductor, Inc.|Intel|Macronix|Microchip Technology|Microsemi|Numonyx|PMC|Philips|Phison|RF Micro Devices|Richwave|STEC|Samsung|SanDisk|Spansion|Toshiba|Winbond",940332|872448|33121|1272547|50863|1009680|827054|310568|-1|765815|205778|-1|-1|-1|1102741|-1|1000180|1322705|98573|-1
CIK859475_10K_20000928.txt,"3Dfx Interactive, Inc.|ATI Technologies, Inc.|NeoMagic, Inc.|Philips Electronics|S3 Inc.|Siemens AG|Silicon Integrated Systems|Silicon Motion|Toshiba",-1|1065331|1030485|-1|1591956|1135644|-1|1329394|98573,"3Dfx Interactive, Inc.|ATI Technologies, Inc.|NeoMagic Corporation|NeoMagic, Inc.|Philips Electronics|S3 Inc.|Siemens AG|Silicon Integrated Systems|Silicon Motion|Toshiba|Trident Microsystems, Inc.|VIA Technologies, Inc.",-1|1065331|1030485|1030485|-1|1591956|1135644|-1|1329394|98573|859475|-1
CIK859475_10K_20010928.txt,"ATI Technologies, Inc.|NVIDIA Corporation|Philips Electronics|Siemens AG|Silicon Integrated Systems|Silicon Motion|Toshiba|VIA/S3",1065331|1045810|-1|1135644|-1|1329394|98573|-1,"ATI Technologies, Inc.|NVIDIA Corporation|NeoMagic Corporation|Philips Electronics|Siemens AG|Silicon Integrated Systems|Silicon Motion|Toshiba|VIA Technologies, Inc.|VIA/S3",1065331|1045810|1030485|-1|1135644|-1|1329394|98573|-1|-1
CIK859475_10K_20020927.txt,"ATI Technologies, Inc.|Micronas AG|NVIDIA Corporation|Philips Electronics|S3 Graphics|Silicon Integrated Systems|Silicon Motion|Toshiba",1065331|-1|1045810|-1|-1|-1|1329394|98573,"ATI Technologies, Inc.|Micronas AG|NVIDIA Corporation|Philips Electronics|S3 Graphics|Silicon Integrated Systems|Silicon Motion|Toshiba|VIA Technologies, Inc.",1065331|-1|1045810|-1|-1|-1|1329394|98573|-1
CIK859475_10K_20050913.txt,"ATI Technologies Inc.|Genesis Microchip, Inc.|Media Tek, Ltd.|Micronas AG|Philips Electronics|Pixelworks, Inc.|ST Microelectronics|Toshiba|Zoran Corporation",1065331|1161396|1434111|-1|-1|1040161|-1|98573|1003022,"ATI Technologies Inc.|Genesis Microchip, Inc.|HuyuaMicro|Media Tek, Ltd.|Micronas AG|Morningstar|Philips Electronics|Pixelworks, Inc.|ST Microelectronics|Toshiba|Zoran Corporation",1065331|1161396|-1|1434111|-1|1289419|-1|1040161|-1|98573|1003022
CIK859475_10K_20070807.txt,"Advanced Micro Devices|Genesis Microchip, Inc.|Huaya|Media Tek, Ltd|Micronas AG|Morning Star|NXP Semiconductors|Pixelworks, Inc.|ST Microelectronics|Toshiba|Zoran Corporation",2488|1161396|-1|1434111|-1|-1|1413447|1040161|-1|98573|1003022,"Advanced Micro Devices|Genesis Microchip, Inc.|Media Tek, Ltd|Micronas AG|Morning Star|NXP Semiconductors|Pixelworks, Inc.|ST Microelectronics|Toshiba|Zoran Corporation",2488|1161396|1434111|-1|-1|1413447|1040161|-1|98573|1003022
CIK859475_10K_20070910.txt,"Advanced Micro Devices, Inc.|Broadcom Corporation|Genesis Microchip, Inc.|Huaya|Media Tek Ltd.|Micronas AG|Morning Star|NXP Semiconductors|Pixelworks, Inc.|ST Microelectronics|Toshiba|Zoran Corporation",2488|1730168|1161396|-1|1434111|-1|-1|1413447|1040161|-1|98573|1003022,"Advanced Micro Devices, Inc.|Broadcom Corporation|Genesis Microchip, Inc.|Media Tek Ltd.|Micronas AG|Morning Star|NXP Semiconductors|Pixelworks, Inc.|ST Microelectronics|Toshiba|Zoran Corporation",2488|1730168|1161396|1434111|-1|-1|1413447|1040161|-1|98573|1003022
CIK859475_10K_20090911.txt,Broadcom Corporation|MStar Semiconductor|MediaTek Inc.|NEC Corporation|NXP Semiconductors|STMicroelectronics|Toshiba|Zoran Corporation,1730168|-1|-1|72127|1413447|932787|98573|1003022,Broadcom Corporation|MStar Semiconductor|MediaTek Inc.|Micronas|NEC Corporation|NXP Semiconductors|STMicroelectronics|Toshiba|Zoran Corporation,1730168|-1|-1|-1|72127|1413447|932787|98573|1003022
CIK859792_10K_20090415.txt,Applied Materials|Buda Solar|EPV Solar|First Solar|Kraft|Oerlikon,6951|-1|-1|1274494|1545158|-1,Applied Materials|EPV Solar|First Solar|Oerlikon,6951|-1|1274494|-1
CIK859792_10K_20100415.txt,Applied Materials|EPV Solar|First Solar|Oerlikon,6951|-1|1274494|-1,Algatec|Applied Materials|BudaSolar|EPV Solar|First Solar|Kraft|Oerlikon,-1|6951|-1|-1|1274494|1545158|-1
CIK866291_10K_20210519.txt,Analog Devices|Infineon|Maxim Integrated|Melexis|Monolithic Power Systems|TDK Micronas|Texas Instruments,6281|1107457|743316|-1|1280452|-1|97476,Analog Devices|Infineon|Maxim Integrated|Melexis|Monolithic Power Systems|Sanken|TDK Micronas|Texas Instruments,6281|1107457|743316|-1|1280452|-1|-1|97476
CIK866291_10K_20240523.txt,Crocus Technology International Corp.,-1,Analog Devices|Infineon|Melexis|Monolithic Power Systems|TDK Micronas|Texas Instruments,6281|1107457|-1|1280452|-1|97476
CIK866291_10K_20250522.txt,,,"Analog Devices|Infineon|Melexis|Monolithic Power Systems|Sanken Electric Co., Ltd.|TDK Micronas|Texas Instruments",6281|1107457|-1|1280452|-1|-1|97476
CIK866439_10K_20180402.txt,,,Amazon|Walmart,1018724|104169
CIK866439_10K_20190416.txt,,,Hewlett-Packard|Schlumberger|Yokogawa,1645590|87347|-1
CIK866439_10K_20200608.txt,,,Hewlett-Packard|Schlumberger|Yokogawa,1645590|87347|-1
CIK866439_10K_20210415.txt,,,Hewlett-Packard|Schlumberger|Yokogawa,1645590|87347|-1
CIK866439_10K_20220415.txt,,,Hewlett-Packard|Optilan|Remote Intelligence|Schlumberger|TJM West Electronics|TerraData Unmanned|Wildlife Specialists|Yokogawa,1645590|-1|-1|87347|-1|-1|-1|-1
CIK866439_10K_20230623.txt,,,Hewlett-Packard|Schlumberger|Yokogawa,1645590|87347|-1
CIK866439_10K_20240715.txt,,,"Hewlett-Packard|Optilan|Remote Intelligence|Schlumberger|TJM Electronics West, Inc.|Wildlife Specialists|Yokogawa",1645590|-1|-1|87347|-1|-1|-1
CIK866439_10K_20250414.txt,,,Hewlett-Packard|Schlumberger|Yokogawa,1645590|87347|-1
CIK866970_10K_20100413.txt,traditional incandescent and incandescent halogen lamps,-1,General Electric|Matsushita|Osram Sylvania|Philips Lighting,40545|-1|-1|-1
CIK866970_10K_20110401.txt,"Osram Sylvania, Inc.|The Home Depot, Inc.",-1|-1,"Acuity Brands|Cooper Industries|Cree, Inc.|General Electric Company|Koninklijke Philips Electronics N.V.|Osram Sylvania|Panasonic Corporation|Philips|Zumtobel Lighting GmbH",1144215|1141982|895419|40545|-1|-1|63271|205778|-1
CIK866970_10K_20120416.txt,many of our competitors,-1,"Acuity Brands|Cooper Industries|Cree, Inc.|General Electric Company|Koninklijke Philips Electronics N.V.|Osram Sylvania|Panasonic Corporation|Zumtobel Lighting GmbH",1144215|1141982|895419|40545|-1|-1|63271|-1
CIK866970_10K_20130401.txt,,,Osram Sylvania|The Home Depot,-1|-1
CIK866970_10K_20150331.txt,,,GE Lighting|GE Lighting Solutions LLC,-1|-1
CIK866970_10K_20160414.txt,,,"GE Lighting|GE Lighting Solutions LLC|The Home Depot, Inc.",-1|-1|-1
CIK866970_10K_20170414.txt,,,"GE Lighting Solutions LLC|The Home Depot, Inc.",-1|-1
CIK867773_10K_20140218.txt,,,"AES Solar Energy Ltd.|Abengoa Solar S.A.|Acconia Energia S.A.|Chevron Energy Solutions|EDF Energy plc|First Solar Inc.|NRG Energy, Inc.|NextEra Energy, Inc.|Recurrent Energy|Sempra Energy|Silverado Power LLC.|Skyline Solar, Inc.|Solargen Energy, Inc.|Solaria Corporation|SunEdison|Tenaska, Inc.",-1|-1|-1|-1|-1|1274494|1013871|753308|-1|1032208|-1|-1|-1|-1|945436|-1
CIK867773_10K_20150224.txt,SunPower,867773,"AES Solar Energy Ltd.|Abengoa Solar S.A.|Acconia Energia S.A.|Chevron Energy Solutions|EDF Energy plc|First Solar Inc.|NRG Energy, Inc.|NextEra Energy, Inc.|Sempra Energy|Silverado Power LLC.|Skyline Solar, Inc.|Solargen Energy, Inc.|Solaria Corporation|SunEdison|Tenaska, Inc.",-1|-1|-1|-1|-1|1274494|1013871|753308|1032208|-1|-1|-1|-1|945436|-1
CIK867773_10K_20160219.txt,,,"AES Solar Energy Ltd.|Abengoa Solar S.A.|Acciona Energia S.A.|Chevron Energy Solutions|EDF Energy plc|First Solar Inc.|NRG Energy, Inc.|NextEra Energy, Inc.|Sempra Energy|Silverado Power LLC.|Skyline Solar, Inc.|Solargen Energy, Inc.|Solaria Corporation|SunEdison|Tenaska, Inc.",-1|-1|-1|-1|-1|1274494|1013871|753308|1032208|-1|-1|-1|-1|945436|-1
CIK867773_10K_20170217.txt,,,"AES Solar Energy Ltd.|Abengoa Solar S.A.|Acciona Energia S.A.|Chevron Energy Solutions|EDF Energy plc|First Solar Inc.|NRG Energy, Inc.|NextEra Energy, Inc.|Sempra Energy|Silverado Power LLC.|Skyline Solar, Inc.|Solargen Energy, Inc.|Solaria Corporation|Tenaska, Inc.",-1|-1|-1|-1|-1|1274494|1013871|753308|1032208|-1|-1|-1|-1|-1
CIK867773_10K_20180215.txt,,,"First Solar, Inc.",1274494
CIK867773_10K_20190214.txt,,,"Arctech, Inc.|Array Technologies, Inc.|Canadian Solar Inc.|Convert Italia|First Solar, Inc.|Hanwha QCELLS Corporation|Hyundai Heavy Industries Co. Ltd.|JA Solar Holdings Co.|Jinko Solar|Kyocera Corporation|LG Corporation|LONGi Solar|NEXTracker, Inc.|NRG Energy, Inc.|Panasonic Corporation|REC Group|Sharp Corporation|Soltec|SunRun, Inc.|Tesla, Inc.|Tongwei Co. Ltd.|Trina Solar Ltd.|Vivint, Inc.|Yingli Green Energy Holding Co. Ltd.",-1|1820721|1375877|-1|1274494|-1|-1|1385598|-1|57083|857471|-1|-1|1013871|63271|-1|800840|-1|1469367|1318605|-1|1382158|1607716|1394029
CIK867773_10K_20200218.txt,Maxeon|SunPower,1796898|867773,,
CIK867773_10K_20220225.txt,Maxeon Solar,1796898,,
CIK867773_10K_20230310.txt,,,"ADT Solar|Amicus Solar|Complete Solaria Inc.|Enphase Energy, Inc.|GAF Energy|Generac Holdings Inc.|Maxeon Solar Technologies, Ltd.|REC Group|SolarEdge|SunRun, Inc.|Sunlight Financial Holdings Inc.|Sunnova Energy International Inc.|Tesla, Inc.",-1|-1|-1|1463101|-1|1474735|1796898|-1|1419612|1469367|-1|-1|1318605
CIK869986_10K_20050624.txt,,,Raytheon,1047122
CIK869986_10K_20060629.txt,,,"Photonic Detectors, Inc.|Picotronix, Inc.|Texas Optoelectronics Inc.",-1|-1|-1
CIK869986_10K_20110629.txt,,,large public companies|medium size public companies|small private companies,-1|-1|-1
CIK872448_10K_20060316.txt,competitors,-1,AMD|Freescale|Fujitsu|Hitachi|IBM|Infineon|Intel|LSI Logic|Microchip|Philips|STMicroelectronics|Samsung|Sharp|Spansion|Texas Instruments|Toshiba,2488|1272547|39341|47710|353524|1107457|50863|-1|827054|205778|932787|-1|800840|1322705|97476|98573
CIK872448_10K_20140228.txt,Cypress|Freescale|Infineon|Intel|Microchip|NXP Semiconductors|ON Semiconductor|Renesas|STMicroelectronics|Samsung|Silicon Labs|Spansion|Synaptics|Texas Instruments,716054|1272547|1107457|50863|827054|1413447|1097864|-1|932787|-1|1038074|1322705|817720|97476,Cypress|Freescale|Fujitsu|Hitachi|Infineon|Intel|Microchip|NXP Semiconductors|ON Semiconductor|Renesas|STMicroelectronics|Samsung|Spansion|Synaptics|Texas Instruments,716054|1272547|39341|47710|1107457|50863|827054|1413447|1097864|-1|932787|-1|1322705|817720|97476
CIK874689_10K_20050906.txt,,,"Best Elite International Ltd|Freescale Semiconductor, Inc.|Integrated Device Technology, Inc.|Lacewood Corporation|Magic Island International|Maxtek Technology Co. Ltd|Philips Electronics|STATSChipPac Ltd.",-1|1272547|703361|-1|-1|-1|-1|-1
CIK875359_10K_20030327.txt,,,Atmel|DSP Group|Infineon|National Semiconductor|Philips|Texas Instruments,872448|915778|1107457|70530|205778|97476
CIK875359_10K_20040329.txt,,,Atmel|DSP Group|Infineon|National Semiconductor|Philips|Texas Instruments,872448|915778|1107457|70530|205778|97476
CIK875359_10K_20050404.txt,,,Atheros|Atmel|DSP Group|Infineon|National Semiconductor|Philips|Texas Instruments,1140486|872448|915778|1107457|70530|205778|97476
CIK875359_10K_20060403.txt,,,Airoha|Atheros|Atmel|DSP Group|GCT|Infineon|Nordic|Philips|Sitel|Texas Instruments (Chipcon),-1|1140486|872448|915778|1293200|1107457|-1|205778|943820|97476
CIK880446_10K_20021218.txt,,,Agere Systems|Applied Micro Circuit Corporation|Broadcom|Cisco|Conexant Systems|IBM|Infineon|Intel|Marvell|Maxim Integrated Products|Nortel|PMC Sierra,1129446|-1|1730168|858877|1069353|353524|1107457|50863|1058057|743316|72911|767920
CIK880446_10K_20031216.txt,,,Agere Systems|Agilent|Applied Micro Circuits Corporation|Broadcom|Cisco|Emulex|Marvell|Mindspeed|PMC Sierra|QLogic,1129446|1090872|711065|1730168|858877|350917|1058057|1224370|767920|918386
CIK880446_10K_20041210.txt,,,Agere Systems|Agilent|Applied Micro Circuits Corporation|Broadcom|Cisco Systems|Emulex|LSI Logic|Marvell|Mindspeed|PMC Sierra|Qlogic,1129446|1090872|711065|1730168|858877|350917|-1|1058057|1224370|767920|918386
CIK880446_10K_20051214.txt,,,Agere Systems|Applied Micro Circuits Corporation|Broadcom|Emulex|LSI Logic|Marvell|Maxim Integrated Products|Mindspeed|PMC Sierra|Qlogic,1129446|711065|1730168|350917|-1|1058057|743316|1224370|767920|918386
CIK882508_10K_20090311.txt,Actel|Altera|Cypress Semiconductor|LSI Logic|Lattice Semiconductor|Texas Instruments Inc.|Winbond|Xilinx,907687|768251|791915|-1|855658|97476|-1|743988,Actel|Altera|Cypress Semiconductor|LSI Corporation|LSI Logic|Lattice Semiconductor|Texas Instruments Inc.|Winbond|Xilinx,907687|768251|791915|703360|-1|855658|97476|-1|743988
CIK882508_10K_20100312.txt,Altera|Xilinx,768251|743988,Actel|Alcor Micro Corporation|Altera|Cypress Semiconductor|Lattice Semiconductor|NEC|Texas Instruments Inc.|Xilinx|eASIC,907687|-1|768251|791915|855658|72127|97476|743988|-1
CIK882508_10K_20110311.txt,Altera|Cypress Semiconductor|Lattice Semiconductor|NEC|Silicon Blue|Texas Instruments Inc.|Xilinx|eASIC,768251|791915|855658|72127|-1|97476|743988|-1,Alcor Micro Corporation|Altera|Cypress Semiconductor|Lattice Semiconductor|NEC|Silicon Blue|Texas Instruments Inc.|Xilinx|eASIC,-1|768251|791915|855658|72127|-1|97476|743988|-1
CIK882508_10K_20130308.txt,,,suppliers of ASICs|suppliers of ASSPs|suppliers of low power CPLDs and FPGAs|suppliers of mobile and/or application processors,-1|-1|-1|-1
CIK882508_10K_20140306.txt,,,Samsung|TSMC|TowerJazz|eSilicon Corporation,-1|1046179|-1|-1
CIK882508_10K_20190315.txt,Atmel|DSP Group|Intel|Lattice|MicroSemi|Microchip Technology|NXP|ST Microelectronics|Xilinx,872448|915778|50863|350644|310568|827054|1413447|-1|743988,ASICs|ASSPs|Atmel (a subsidiary of Microchip Technology)|DSP Group|Intel|Lattice|MicroSemi|NXP|ST Microelectronics|Xilinx|eFPGA IP|integrated application processors|low power FPGAs|low power MCUs|sensor algorithm software,-1|-1|872448|915778|50863|350644|310568|1413447|-1|743988|-1|-1|-1|-1|-1
CIK882508_10K_20200313.txt,Atmel|DSP Group|Intel|Lattice|MicroSemi|Microchip Technology|NXP|ST Microelectronics|Xilinx,872448|915778|50863|350644|310568|827054|1413447|-1|743988,ASICs|ASSPs|Atmel (a subsidiary of Microchip Technology)|DSP Group|Intel|Lattice|MicroSemi (a subsidiary of Microchip Technology)|NXP|ST Microelectronics|Xilinx|eFPGA IP|integrated application processors|low power FPGAs|low power MCUs|sensor algorithm software,-1|-1|872448|915778|50863|350644|310568|1413447|-1|743988|-1|-1|-1|-1|-1
CIK882508_10K_20240327.txt,Altera|Lattice Semiconductor Corp.|Microsemi Corp.|Xilinx Inc.,768251|855658|310568|743988,Altera|Intel Corp.|Lattice Semiconductor Corp.|Microchip Technology Inc.|Microsemi Corp.|Xilinx Inc.,768251|50863|855658|827054|310568|743988
CIK882508_10K_20250326.txt,Altera|FlexLogix|Intel Corp.|Lattice Semiconductor Corp.|Microchip Technology Inc.|Microsemi Corp.|Xilinx Inc.,768251|-1|50863|855658|827054|310568|743988,"Advanced Micro Devices, Inc.|Altera|FlexLogix|Intel Corp.|Lattice Semiconductor Corp.|Microsemi Corp.|Xilinx Inc.",2488|768251|-1|50863|855658|310568|743988
CIK884455_20F_20010702.txt,,,"AudioCodes Ltd.|Blue Wave Systems Inc.|Dialogic Corporation|Mercury Computer Systems Inc.|NMS Communications, Inc.|Pentek Inc.",1086434|949587|1366649|-1|-1|-1
CIK884455_20F_20020408.txt,,,"AudioCodes Ltd.|Dialogic Corporation|Hughes Network Systems|Mercury Computer Systems Inc.|Motorola Inc.|NMS Communications, Inc.|Nortel Networks Limited|Pentek Inc.|Sierra Wireless, Inc.",1086434|1366649|-1|-1|68505|-1|72911|-1|1111863
CIK884455_20F_20030331.txt,,,"AudioCodes Ltd.|Mercury Computer Systems Inc.|Motorola Inc.|NMS Communications, Inc.|Pentek Inc.",1086434|-1|68505|-1|-1
CIK884455_20F_20040401.txt,,,Mercury Computer Systems Inc.,-1
CIK884455_20F_20050317.txt,,,Mercury Computer Systems Inc.,-1
CIK884455_20F_20070326.txt,,,Harris Corporation|Vecima Networks Inc.,1094238|-1
CIK885672_10K_20020329.txt,7 competitors,-1,BP Solar|Canon|Kyocera Corporation|RWE GmbH|Sanyo Electric Co.|Sharp Corp.|Shell Solar,-1|16988|57083|939380|800863|800840|-1
CIK88941_10K_20190321.txt,"Alphabet Inc.|Cisco Systems, Inc.|Ericsson|Hewlett-Packard|Honeywell Inc.|Huawei Technologies Co., Ltd.|Itron, Inc.|LG Electronics Inc.|Lumentum Holdings Inc.|LuxNet Corp|Panasonic Corp|Quanta Computer|Raytheon Company|Rockwell Automation|Samsung Electronics Co., Ltd.|Sharp Corporation|Sony Corp|ZTE Corporation",1652044|858877|-1|1645590|48305|-1|780571|-1|1633978|-1|63271|-1|1047122|1024478|-1|800840|313838|-1,"Alphabet Inc.|Cisco Systems, Inc.|Ericsson|Hewlett-Packard|Honeywell Inc.|Huawei Technologies Co., Ltd.|Itron, Inc.|LG Electronics Inc.|Lumentum Holdings Inc.|LuxNet Corp|Panasonic Corp|Quanta Computer|Raytheon Company|Rockwell Automation|Samsung Electronics Co., Ltd.|Sharp Corporation|Sonova International|Sony Corp|Sumitomo Electric|ZTE Corporation",1652044|858877|-1|1645590|48305|-1|780571|-1|1633978|-1|63271|-1|1047122|1024478|-1|800840|-1|313838|-1|-1
CIK88941_10K_20200320.txt,"Alphabet Inc.|Cisco Systems, Inc.|Ericsson|Hewlett-Packard|Honeywell Inc.|Huawei Technologies Co., Ltd.|Itron, Inc.|LG Electronics Inc.|Lumentum Holdings Inc.|LuxNet Corp|Panasonic Corp|Quanta Computer|Raytheon Company|Rockwell Automation|Samsung Electronics Co., Ltd.|Sharp Corporation|Sonova International|Sony Corp|ZTE Corporation",1652044|858877|-1|1645590|48305|-1|780571|-1|1633978|-1|63271|-1|1047122|1024478|-1|800840|-1|313838|-1,"Alphabet Inc.|Cisco Systems, Inc.|Ericsson|Hewlett-Packard|Honeywell Inc.|Huawei Technologies Co., Ltd.|Itron, Inc.|LG Electronics Inc.|Lumentum Holdings Inc.|LuxNet Corp|Panasonic Corp|Quanta Computer|Raytheon Company|Rockwell Automation|Samsung Electronics Co., Ltd.|Sharp Corporation|Sony Corp|ZTE Corporation",1652044|858877|-1|1645590|48305|-1|780571|-1|1633978|-1|63271|-1|1047122|1024478|-1|800840|313838|-1
CIK88941_10K_20210324.txt,"Huawei Technologies Co., Ltd.|Lumentum Holdings Inc.|LuxNet Corp|Raytheon Company|Rockwell Automation|Samsung Electronics Co., Ltd.|Sharp Corporation|Sonova International|Sony Corp|Sumitomo Electric|ZTE Corporation",-1|1633978|-1|1047122|1024478|-1|800840|-1|313838|-1|-1,,
CIK88941_10K_20220316.txt,"Hewlett-Packard|Lumentum Holdings Inc.|Nokia Corporation|Raytheon Company|Rockwell Automation|Samsung Electronics Co., Ltd.|Sharp Corporation|Sonova International|Sony Corp|Sumitomo Electric|Vivo Technology Co., Ltd.|ZTE Corporation",1645590|1633978|924613|1047122|1024478|-1|800840|-1|313838|-1|-1|-1,,
CIK88941_10K_20230330.txt,"Hisense Co., Ltd.|Lumentum Holdings Inc.|Nokia Corporation|Raytheon Company|Rockwell Automation|Samsung Electronics Co., Ltd.|Sharp Corporation|Sierra Wireless, Inc.|Sonova International|Sony Corp|Sumitomo Electric|Symmetry Electronics|Tech Co.,Ltd|ZTE Corporation",-1|1633978|924613|1047122|1024478|-1|800840|1111863|-1|313838|-1|-1|-1|-1,"Cisco Systems, Inc.|Ericsson|Nokia Corporation|Sierra Wireless, Inc.|ZTE Corporation",858877|-1|924613|1111863|-1
CIK88941_10K_20250325.txt,,,"Micross Components, Inc.",-1
CIK890394_10K_20110315.txt,"Analog Bits, Inc.|Gennum Corporation|Synopsys, Inc.",-1|-1|883241,"ARM Holdings PLC|Analog Bits, Inc.|Gennum Corporation|International Business Machines Corporation (IBM)|Synopsys, Inc.|TSMC|Toshiba",1057997|-1|-1|51143|883241|1046179|98573
CIK890394_10K_20120315.txt,"Cypress Semiconductor Corporation|GSI Technology, Inc.|Samsung Electronics Co., Ltd.",791915|1126741|-1,"Cypress Semiconductor Corporation|Elpida Memory, Inc.|GSI Technology, Inc.|Integrated Silicon Solutions, Inc.|Micron Technology, Inc.|Renesas|Samsung Electronics Co., Ltd.",791915|-1|1126741|854701|723125|-1|-1
CIK890394_10K_20130312.txt,"Cypress Semiconductor Corporation|GSI Technology, Inc.|Samsung",791915|1126741|-1,"Cypress Semiconductor Corporation|GSI Technology, Inc.|Integrated Silicon Solutions, Inc.|Micron Technology, Inc.|Renesas|Samsung Electronics Co., Ltd.",791915|1126741|854701|723125|-1|-1
CIK890394_10K_20140314.txt,"Applied Micro Circuits Corporation|Avago Technologies|Broadcom|Cypress Semiconductor Corporation|GSI Technology, Inc.|Inphi Corporation|Semtech Corp.",711065|-1|1730168|791915|1126741|1160958|88941,"Applied Micro Circuits Corporation|Avago Technologies|Broadcom|Cypress Semiconductor Corporation|GSI Technology, Inc.|Inphi Corporation|Integrated Silicon Solutions, Inc.|Micron Technology, Inc.|Renesas|Samsung Electronics Co., Ltd.|Semtech Corp.",711065|-1|1730168|791915|1126741|1160958|854701|723125|-1|-1|88941
CIK890394_10K_20150313.txt,"Applied Micro Circuits Corporation|Avago Technologies|Broadcom Corporation|Cypress Semiconductor Corporation|GSI Technology, Inc.|Inphi Corporation|Semtech Corp.",711065|-1|1730168|791915|1126741|1160958|88941,"Applied Micro Circuits Corporation|Avago Technologies|Broadcom Corporation|Cypress Semiconductor Corporation|GSI Technology, Inc.|Inphi Corporation|Integrated Silicon Solutions, Inc.|Micron Technology, Inc.|Renesas|Samsung Electronics Co., Ltd.|Semtech Corp.",711065|-1|1730168|791915|1126741|1160958|854701|723125|-1|-1|88941
CIK890394_10K_20160315.txt,"Broadcom Ltd.|Cypress Semiconductor Corporation|GSI Technology, Inc.|Inphi Corporation|M/A-COM Technology Solutions Holdings, Inc.|Semtech Corp.",1730168|791915|1126741|1160958|-1|88941,"Broadcom Ltd.|Cypress Semiconductor Corporation|GSI Technology, Inc.|Inphi Corporation|M/A-COM Technology Solutions Holdings, Inc.|Micron Technology, Inc.|Renesas|Samsung Electronics Co., Ltd.|Semtech Corp.",1730168|791915|1126741|1160958|-1|723125|-1|-1|88941
CIK890394_10K_20170330.txt,"Broadcom Ltd.|Cypress Semiconductor Corporation|GSI Technology, Inc.|Inphi Corporation|M/A-COM Technology Solutions Holdings, Inc.|Semtech Corp.",1730168|791915|1126741|1160958|-1|88941,"Alcatel-Lucent|Broadcom Ltd.|Brocade Communications Systems, Inc.|Cisco Systems, Inc.|Cypress Semiconductor Corporation|Fujitsu Ltd.|GSI Technology, Inc.|Hitachi Ltd.|Huawei Technologies|Inphi Corporation|Integrated Silicon Solutions, Inc.|Juniper Networks, Inc.|M/A-COM Technology Solutions Holdings, Inc.|Micron Technology, Inc.|Nokia Corporation|Renesas|Samsung Electronics Co., Ltd.|Semtech Corp.|Tel. LM Ericsson|ZTE Corporation",886125|1730168|1009626|858877|791915|39341|1126741|47710|-1|1160958|854701|1043604|-1|723125|924613|-1|-1|88941|-1|-1
CIK890394_10K_20180312.txt,"Cypress Semiconductor Corporation|GSI Technology, Inc.",791915|1126741,"Alcatel-Lucent|Altera Corporation|Cisco Systems, Inc.|Cypress Semiconductor Corporation|EZchip Semiconductor Ltd.|Fujitsu Ltd.|GSI Technology, Inc.|Hitachi Ltd.|Huawei Technologies|Integrated Silicon Solutions, Inc.|Juniper Networks, Inc.|LM Ericsson|Mellanox Technologies Ltd.|Micron Technology, Inc.|Nokia Corporation|Renesas|SK Hynix|Samsung Electronics Co., Ltd.|Xilinx, Inc.|ZTE Corporation",886125|768251|858877|791915|892534|39341|1126741|47710|-1|854701|1043604|-1|1356104|723125|924613|-1|-1|-1|743988|-1
CIK890394_10K_20190312.txt,"Broadcom Ltd.|Cypress Semiconductor Corporation|GSI Technology, Inc.|Inphi Corporation|M/A-COM Technology Solutions Holdings, Inc.|Semtech Corp.",1730168|791915|1126741|1160958|-1|88941,"Broadcom Ltd.|Cypress Semiconductor Corporation|GSI Technology, Inc.|Inphi Corporation|M/A-COM Technology Solutions Holdings, Inc.|Micron Technology, Inc.|Renesas|SK Hynix|Samsung Electronics Co., Ltd.|Semtech Corp.",1730168|791915|1126741|1160958|-1|723125|-1|-1|-1|88941
CIK890394_10K_20200317.txt,"Broadcom Ltd.|Cypress Semiconductor Corporation|GSI Technology, Inc.|Inphi Corporation|M/A-COM Technology Solutions Holdings, Inc.|Semtech Corp.",1730168|791915|1126741|1160958|-1|88941,"Alcatel-Lucent|Broadcom Ltd.|Cisco Systems, Inc.|Cypress Semiconductor Corporation|Fujitsu Ltd.|GSI Technology, Inc.|Hitachi Ltd.|Huawei Technologies|Inphi Corporation|Juniper Networks, Inc.|LM Ericsson|M/A-COM Technology Solutions Holdings, Inc.|Micron Technology, Inc.|Nokia Corporation|Renesas|Samsung Electronics Co., Ltd.|Semtech Corp.",886125|1730168|858877|791915|39341|1126741|47710|-1|1160958|1043604|-1|-1|723125|924613|-1|-1|88941
CIK890394_10K_20210318.txt,"Broadcom Ltd.|Cypress Semiconductor Corporation|GSI Technology, Inc.|Inphi Corporation|M/A-COM Technology Solutions Holdings, Inc.|Semtech Corp.",1730168|791915|1126741|1160958|-1|88941,"Alcatel-Lucent|Broadcom Ltd.|Cisco Systems, Inc.|Cypress Semiconductor Corporation|Fujitsu Ltd.|GSI Technology, Inc.|Hitachi Ltd.|Huawei Technologies|Inphi Corporation|Juniper Networks, Inc.|LM Ericsson|M/A-COM Technology Solutions Holdings, Inc.|Micron Technology, Inc.|Nokia Corporation|Renesas|SK Hynix|Samsung Electronics Co., Ltd.|Semtech Corp.",886125|1730168|858877|791915|39341|1126741|47710|-1|1160958|1043604|-1|-1|723125|924613|-1|-1|-1|88941
CIK890394_10K_20230329.txt,"GSI Technology, Inc.|Infineon Technologies AG|MediaTek Inc.|Micron Technology, Inc.|Qualcomm|Renesas|SK Hynix|Samsung Electronics Co., Ltd.",1126741|1107457|-1|723125|804328|-1|-1|-1,"GSI Technology, Inc.|Infineon Technologies AG|MediaTek Inc.|Micron Technology, Inc.|Qualcomm|Renesas|Samsung Electronics Co., Ltd.",1126741|1107457|-1|723125|804328|-1|-1
CIK895419_10K_20110817.txt,"Avago Technologies Limited|Edison Opto Corporation|Epistar Corporation|Kingbright Corporation|Nichia|OSRAM Semiconductor GmbH|Philips Lumileds Lighting Company, LLC|Samsung LED Company|Seoul Semiconductor Co., Ltd|Toyoda Gosei Co., Ltd",-1|-1|-1|-1|-1|-1|-1|-1|-1|-1,"Avago Technologies Limited|Edison Opto Corporation|Epistar Corporation|Infineon Technologies AG|Kingbright Corporation|Nichia Corporation|Nitronex Corporation|OSRAM Semiconductor GmbH|Philips Lumileds Lighting Company, LLC|RF Micro Devices Inc.|Rohm Co., Ltd|STMicroelectronics|Samsung LED Company|Seoul Semiconductor Co., Ltd|Sumitomo Electric Device Innovations, Inc.|Toyoda Gosei Co., Ltd|Triquint Corporation",-1|-1|-1|1107457|-1|-1|-1|-1|-1|-1|-1|932787|-1|-1|-1|-1|913885
CIK895419_10K_20150827.txt,"Acuity Brands, Inc.|Cooper Lighting division of Eaton Corporation plc|Epistar Corporation|General Electric Company|Hubbell Incorporated|Koninklijke Philips Electronics N.V.|Nichia Corporation|OSRAM|OSRAM Opto Semiconductors GmbH|Philips|Samsung LED Company|Toyoda Gosei Co., Ltd.",1144215|-1|-1|40545|48898|-1|-1|-1|-1|205778|-1|-1,"Acuity Brands, Inc.|Cooper Lighting division of Eaton Corporation plc|Dow Corning|Epistar Corporation|General Electric Company|Hubbell Incorporated|II-VI Advanced Materials|Infineon Technologies AG|Koninklijke Philips Electronics N.V.|M/A-COM Technology Solutions Inc.|Microsemi Corporation|Mitsubishi Electric Corporation|Nichia Corporation|Nippon Steel|OSRAM|OSRAM Opto Semiconductors GmbH|Philips|Qorvo, Inc.|Rohm Co. Ltd.|STMicroelectronics, Inc.|Samsung LED Company|SiCrystal|Sumitomo Electric Device Innovations, Inc.|Toyoda Gosei Co., Ltd.",1144215|-1|29917|-1|40545|48898|-1|1107457|-1|-1|310568|773753|-1|-1|-1|-1|205778|1604778|-1|932787|-1|-1|-1|-1
CIK895419_10K_20160825.txt,"Acuity Brands, Inc.|Cooper Lighting division of Eaton Corporation plc|Dow Corning|Epistar Corporation|General Electric Company|Hubbell Incorporated|II-VI Advanced Materials|Infineon|Koninklijke Philips Electronics N.V.|Lumileds Holding B.V.|M/A-COM Technology Solutions Inc.|Microsemi Corporation|Mitsubishi Electric Corporation|Nichia Corporation|Nippon Steel|OSRAM|OSRAM Opto Semiconductors GmbH|Philips|Qorvo, Inc.|Rohm Co. Ltd.|STMicroelectronics, Inc.|Samsung LED Company|Sanan Optoelectronics Co., Ltd.|SiCrystal|Sumitomo Electric Device Innovations, Inc.|Toyoda Gosei Co., Ltd.",1144215|-1|29917|-1|40545|48898|-1|1107457|-1|-1|-1|310568|773753|-1|-1|-1|-1|205778|1604778|-1|932787|-1|-1|-1|-1|-1,"Acuity Brands, Inc.|Cooper Lighting division of Eaton Corporation plc|Dow Corning|Epistar Corporation|General Electric Company|Hubbell Incorporated|II-VI Advanced Materials|Koninklijke Philips Electronics N.V.|M/A-COM Technology Solutions Inc.|Microsemi Corporation|Mitsubishi Electric Corporation|Nichia Corporation|Nippon Steel|OSRAM|OSRAM Opto Semiconductors GmbH|Philips|Qorvo, Inc.|Rohm Co. Ltd.|STMicroelectronics, Inc.|Samsung LED Company|Sanan Optoelectronics Co., Ltd.|SiCrystal|Sumitomo Electric Device Innovations, Inc.|Toyoda Gosei Co., Ltd.",1144215|-1|29917|-1|40545|48898|-1|-1|-1|310568|773753|-1|-1|-1|-1|205778|1604778|-1|932787|-1|-1|-1|-1|-1
CIK895419_10K_20180820.txt,"Acuity Brands, Inc.|Eaton Corporation plc|Epistar Corporation|General Electric Company|Hubbell Incorporated|Lumileds Holdings B.V.|M/A-COM Technology Solutions Inc.|Microsemi|Mitsubishi|NXP Semiconductor|Nationstar|Nichia Corporation|OSRAM Opto Semiconductors GmbH|Qorvo, Inc.|Samsung LED Company|San'an|Seoul Semiconductor|Signify N.V.|Sumitomo Electric Device Innovations, Inc.",1144215|1551182|-1|40545|48898|-1|-1|310568|773753|1413447|1520566|-1|-1|1604778|-1|-1|-1|-1|-1,"Acuity Brands, Inc.|Ampleon|Dow Corning|Eaton Corporation plc|Everlight|General Electric Company|Hubbell Incorporated|II-VI Advanced Materials|Infineon|Lumileds Holdings B.V.|M/A-COM Technology Solutions Inc.|MLS|Microsemi Corporation|Mitsubishi Electric Corporation|NXP Semiconductor|Nationstar|Nichia Corporation|ON Semiconductor|OSRAM Opto Semiconductors GmbH|Qorvo, Inc.|Rohm Co. Ltd.|STMicroelectronics, Inc.|Samsung LED Company|Seoul Semiconductor|Showa Denko|SiCrystal|Signify N.V.|Sumitomo Electric Device Innovations, Inc.",1144215|-1|29917|1551182|-1|40545|48898|-1|1107457|-1|-1|1412204|310568|773753|1413447|1520566|-1|1097864|-1|1604778|-1|932787|-1|-1|-1|-1|-1|-1
CIK895419_10K_20190821.txt,"Ampleon|Epistar Corporation|Everlight|Lumileds Holdings B.V.|M/A-COM Technology Solutions Inc.|MLS|Microsemi|Mitsubishi|NXP Semiconductor|Nationstar|Nichia Corporation|OSRAM Opto Semiconductors GmbH|Qorvo, Inc.|Samsung LED Company|San'an|Seoul Semiconductor|Sumitomo Electric Device Innovations, Inc.",-1|-1|-1|-1|-1|1412204|310568|773753|1413447|1520566|-1|-1|1604778|-1|-1|-1|-1,"Ampleon|Dow Corning|Epistar Corporation|II-VI Advanced Materials|Infineon|Lumileds Holdings B.V.|M/A-COM Technology Solutions Inc.|Microsemi Corporation|Mitsubishi Electric Corporation|NXP Semiconductor|Nationstar|Nichia Corporation|ON Semiconductor|OSRAM Opto Semiconductors GmbH|Qorvo, Inc.|Rohm Co. Ltd.|STMicroelectronics, Inc.|Samsung LED Company|San'an|Seoul Semiconductor|Showa Denko|SiCrystal|Sumitomo Electric Device Innovations, Inc.",-1|29917|-1|-1|1107457|-1|-1|310568|773753|1413447|1520566|-1|1097864|-1|1604778|-1|932787|-1|-1|-1|-1|-1|-1
CIK895419_10K_20200819.txt,"Ampleon|Bowei|EPISTAR Corporation|Lumileds Holdings B.V.|M/A-COM Technology Solutions Inc.|Mitsubishi|Mulinsen Co. Ltd.|NXP Semiconductor|Nationstar|Nichia Corporation|OSRAM Opto Semiconductors GmbH|Qorvo, Inc.|RFHIC|Samsung LED Company|Seoul Semiconductor|Sumitomo Electric Device Innovations, Inc.",-1|-1|-1|-1|-1|773753|-1|1413447|1520566|-1|-1|1604778|-1|-1|-1|-1,"Ampleon|Bowei|EPISTAR Corporation|II-VI Advanced Materials|IQE|Infineon|Lumileds Holdings B.V.|M/A-COM Technology Solutions Inc.|Mitsubishi Electric Corporation|Mulinsen Co. Ltd.|NXP Semiconductor|Nationstar|Nichia Corporation|ON Semiconductor|OSRAM Opto Semiconductors GmbH|Qorvo, Inc.|RFHIC|Rohm Co. Ltd.|STMicroelectronics, Inc.|Samsung LED Company|San'an|Seoul Semiconductor|Showa Denko|SiCrystal|Sumitomo Electric Device Innovations, Inc.",-1|-1|-1|-1|-1|1107457|-1|-1|773753|-1|1413447|1520566|-1|1097864|-1|1604778|-1|-1|932787|-1|-1|-1|-1|-1|-1
CIK895419_10K_20210818.txt,,,"Ampleon Netherlands B.V.|BOWEI Integrated Circuits Co., Ltd.|II-VI Advanced Materials|IQE plc|Infineon Technologies AG|M/A-COM Technology Solutions Inc.|Mitsubishi Electric Corporation|NXP Semiconductor N.V.|ON Semiconductor Corporation|Qorvo, Inc.|RFHIC|Rohm Co. Ltd.|ST Microelectronics|Showa Denko K.K.|SiCrystal GmbH|Sumitomo",-1|-1|-1|-1|1107457|-1|773753|1413447|1097864|1604778|-1|-1|-1|-1|-1|-1
CIK895419_10K_20230823.txt,"Ampleon Netherlands B.V.|BOWEI Integrated Circuits Co., Ltd.|Infineon Technologies AG|MACOM Technology Solutions Inc.|Mitsubishi Electric Corporation|NXP Semiconductor N.V.|ON Semiconductor Corporation|Qorvo, Inc.|RFHIC|Rohm Co. Ltd.|ST Microelectronics|Sumitomo Corporation",-1|-1|1107457|-1|773753|1413447|1097864|1604778|-1|-1|-1|-1,"Ampleon Netherlands B.V.|BOWEI Integrated Circuits Co., Ltd.|Coherent, Inc.|IQE plc|Infineon Technologies AG|MACOM Technology Solutions Inc.|Mitsubishi Electric Corporation|NXP Semiconductor N.V.|ON Semiconductor Corporation|Qorvo, Inc.|RFHIC|Resonac Holdings Corporation|Rohm Co. Ltd.|ST Microelectronics|Showa Denko K.K|SiCrystal GmbH|Sumitomo Corporation",-1|-1|21510|-1|1107457|-1|773753|1413447|1097864|1604778|-1|-1|-1|-1|-1|-1|-1
CIK895419_10K_20240822.txt,Infineon Technologies AG|ON Semiconductor Corporation|Rohm Co. Ltd.|ST Microelectronics N.V.,1107457|1097864|-1|-1,"Coherent, Inc.|EpiWorld International Co., Ltd.|IQE plc|Infineon Technologies AG|ON Semiconductor Corporation|Resonac Holdings Corporation|Rohm Co. Ltd.|SICC Co., Ltd.|ST Microelectronics N.V.|SiCrystal GmbH",21510|-1|-1|1107457|1097864|-1|-1|86829|-1|-1
CIK895419_10K_20250826.txt,Bosch|Infineon Technologies AG|ON Semiconductor Corporation|Rohm Co. Ltd.|ST Microelectronics N.V.|San'an Optoelectronics Co.|SiChain Semiconductor|Silan Microelectronics Co. Ltd.,-1|1107457|1097864|-1|-1|-1|-1|-1,"Bosch|Coherent, Inc.|EpiWorld International Co., Ltd.|IQE plc|Infineon Technologies AG|ON Semiconductor Corporation|Resonac Holdings Corporation|Rohm Co. Ltd.|SICC Co., Ltd.|ST Microelectronics N.V.|San'an Optoelectronics Co.|SiChain Semiconductor|SiCrystal GmbH|Silan Microelectronics Co. Ltd.|TanKeBlue Semiconductor Co., Ltd",-1|21510|-1|-1|1107457|1097864|-1|-1|86829|-1|-1|-1|-1|-1|-1
CIK899636_10K_20000727.txt,Atmel|Fairchild Semiconductor|Oki|STMicroelectronics|Xicor,872448|1036960|-1|932787|319191,Advanced Micro Devices|Atmel|Fairchild Semiconductor|Fujitsu|Hitachi|Intel|Micron|Mitsubishi|Oki|STMicroelectronics|Sharp|Texas Instruments|Toshiba|Xicor,2488|872448|1036960|39341|47710|50863|803512|773753|-1|932787|800840|97476|98573|319191
CIK899636_10K_20010726.txt,Atmel|Fairchild Semiconductor|Microchip|Oki|STMicroelectronics|Xicor,872448|1036960|827054|-1|932787|319191,Advanced Micro Devices|Atmel|Fairchild Semiconductor|Fujitsu|Hitachi|Intel|Microchip|Micron|Mitsubishi|Oki|STMicroelectronics|Sharp|Texas Instruments|Toshiba|Xicor,2488|872448|1036960|39341|47710|50863|827054|803512|773753|-1|932787|800840|97476|98573|319191
CIK899636_10K_20020729.txt,Atmel|Fairchild Semiconductor|Microchip|STMicroelectronics|Xicor,872448|1036960|827054|932787|319191,Advanced Micro Devices|Atmel|Fairchild Semiconductor|Fujitsu|Hitachi|Intel Corporation|Microchip|Micron|Mitsubishi|STMicroelectronics|Sharp|Texas Instruments|Toshiba|Xicor Corporation,2488|872448|1036960|39341|47710|50863|827054|803512|773753|932787|800840|97476|98573|319191
CIK899636_10K_20030717.txt,"Atmel Corporation|Fairchild Semiconductor International, Inc.|Information Storage Devices Inc.|Microchip Technology Inc.|STMicroelectronics N.V.",872448|1036960|932980|827054|932787,"Advanced Micro Devices Inc.|Atmel Corporation|Fairchild Semiconductor International, Inc.|Fujitsu Ltd.|Hitachi Ltd.|Information Storage Devices Inc.|Intel|Microchip Technology Inc.|Micron Technology Inc.|Mitsubishi Electric Corp.|STMicroelectronics N.V.|Sharp Corp.|Texas Instruments Inc.|Toshiba Corp.|Xicor Corporation",2488|872448|1036960|39341|47710|932980|50863|827054|723125|773753|932787|800840|97476|98573|319191
CIK899636_10K_20040630.txt,,,Atmel|Fairchild Semiconductor|Integrated Silicon Solution|Intersil|Linear Technology|Maxim Integrated Products|Microchip Technology|National Semiconductor|STMicroelectronics|Silicon Storage Technology|Texas Instruments,872448|1036960|854701|2485|791907|743316|827054|70530|932787|855906|97476
CIK899636_10K_20080703.txt,,,"Atmel Corporation|Fairchild Semiconductor International, Inc.|Intersil Corporation|Linear Technology Corporation|Maxim Integrated Products, Inc.|Microchip Technology Incorporated|National Semiconductor|STMicroelectronics N.V.|Texas Instruments Incorporated",872448|1036960|2485|791907|743316|827054|70530|932787|97476
CIK90283_10K_20020401.txt,Siliconix|Vishay,90283|-1,"General Semiconductor, Inc.|International Rectifier Corporation",40656|316793
CIK90283_10K_20030331.txt,competitors' products,-1,"Fairchild Semiconductor Corporation|General Semiconductor, Inc.|Vishay Intertechnology, Inc.",1036960|40656|103730
CIK90283_10K_20040315.txt,Vishay,-1,"Fairchild Semiconductor Corp.|International Rectifier|Motorola, Inc.|ON Semiconductor|Philips, N.V.|Rohm Corp.",1036960|316793|68505|1097864|205778|-1
CIK907410_10K_20020327.txt,,,Cirrus Logic|LSI Logic|STMicroelectronics|Zoran,772406|-1|932787|1003022
CIK907410_10K_20030331.txt,,,Cirrus Logic|LSI Logic|MediaTek|Panasonic|STMicroelectronic|Sony|Zoran,772406|-1|-1|63271|-1|313838|1003022
CIK907410_10K_20040315.txt,,,Cirrus Logic|LSI Logic|MediaTek Incorporation|Omnivision|Panasonic|STMicroelectronic|Sony|Sunplus|Zoran,772406|-1|-1|1106851|63271|-1|313838|-1|1003022
CIK907410_10K_20050316.txt,,,Cirrus Logic|LSI Logic|MediaTek Incorporation|Omnivision|Panasonic|STMicroelectronic|Sony|Sunplus|Zoran,772406|-1|-1|1106851|63271|-1|313838|-1|1003022
CIK907410_10K_20060316.txt,,,Agere|LSI Logic|MediaTek Incorporation|Micron|Omnivision|Panasonic|STMicroelectronics|Samsung|Sony|Sunplus|Zoran,1129446|-1|-1|803512|1106851|63271|932787|-1|313838|-1|1003022
CIK907686_10K_20120330.txt,,,Alps|Honeywell International|NVE Corporation|Sensitec GmbH|Yamaha,883168|773840|724910|-1|-1
CIK907686_10K_20130415.txt,,,Alps|Honeywell International|NVE Corporation|Sensitec GmbH|Yamaha,883168|773840|724910|-1|-1
CIK907687_10K_20020408.txt,"Altera Corporation|Cypress Semiconductor Corporation|Lattice-Vantis Semiconductor Corporation|QuickLogic Corporation|Xilinx, Inc.",768251|791915|-1|882508|743988,"Altera|Altera Corporation|Lattice|Lattice-Vantis Semiconductor Corporation|QuickLogic|QuickLogic Corporation|Xilinx|Xilinx, Inc.",768251|768251|350644|-1|882508|882508|743988|743988
CIK907687_10K_20030407.txt,"Altera Corporation|Lattice-Vantis Semiconductor Corporation|QuickLogic Corporation|Xilinx, Inc.",768251|-1|882508|743988,"Altera|Altera Corporation|Cypress Semiconductor Corporation|Lattice|Lattice-Vantis Semiconductor Corporation|QuickLogic|QuickLogic Corporation|Xilinx|Xilinx, Inc.",768251|768251|791915|350644|-1|882508|882508|743988|743988
CIK907687_10K_20040317.txt,"Altera Corporation|Lattice Semiconductor Corporation|QuickLogic Corporation|Xilinx, Inc.",768251|855658|882508|743988,"Altera|Altera Corporation|Cypress Semiconductor Corporation|Lattice|Lattice Semiconductor Corporation|QuickLogic|QuickLogic Corporation|Xilinx|Xilinx, Inc.",768251|768251|791915|350644|855658|882508|882508|743988|743988
CIK907687_10K_20050311.txt,"Agere Systems, Inc.|Altera Corporation|Lattice Semiconductor Corporation|QuickLogic Corporation|Texas Instruments, Inc.|Xilinx, Inc.",1129446|768251|855658|882508|97476|743988,"Aeroflex Incorporated|Altera Corporation|Lattice Semiconductor Corporation|QuickLogic Corporation|Xilinx, Inc.",1487990|768251|855658|882508|743988
CIK907687_10K_20060317.txt,Altera|Lattice Semiconductor Corporation|QuickLogic Corporation|Texas Instruments Incorporated|Xilinx,768251|855658|882508|97476|743988,Altera|Lattice Semiconductor Corporation|QuickLogic Corporation|Xilinx,768251|855658|882508|743988
CIK913885_10K_20030327.txt,"Agilent|Anadigics Inc.|Applied Micro Circuits Corporation|Bookham Technologies|CTS Wireless Components|EPCOS AG|Fujitsu|Fujitsu Microelectronics, Inc.|JDS-Uniphase|Maxim Integrated Products Inc.|Micro Networks|Motorola|Murata|Nortel|Philips|Phonon|RF Micro Devices|RF Monolithics|Raytheon|STMicroelectronics N.V.|Skyworks Solutions, Inc.|Thales|Toyocom|Vectron|Vitesse Semiconductor Corp.",1090872|940332|711065|-1|-1|1095409|39341|-1|-1|743316|-1|68505|-1|72911|205778|-1|-1|922204|1047122|932787|4127|1722401|-1|-1|880446,"Agilent|Anadigics Inc.|Applied Micro Circuits Corporation|Bookham Technologies|CTS Wireless Components|EPCOS AG|Fujitsu|Fujitsu Microelectronics, Inc.|Infineon Technologies AG|JDS-Uniphase|Maxim Integrated Products Inc.|Micro Networks|Motorola|Murata|Nortel|Philips|Phonon|RF Micro Devices|RF Monolithics|Raytheon|STMicroelectronics N.V.|Skyworks Solutions, Inc.|Thales|Toyocom|Vectron|Vitesse Semiconductor Corp.",1090872|940332|711065|-1|-1|1095409|39341|-1|1107457|-1|743316|-1|68505|-1|72911|205778|-1|-1|922204|1047122|932787|4127|1722401|-1|-1|880446
CIK913885_10K_20040311.txt,"Agilent|Anadigics Inc.|Applied Micro Circuits Corporation|Avanex|Bookham Technologies|CTS Wireless Components|EPCOS AG|Finisar|Fujitsu Microelectronics, Inc.|Fujitsu/Sumitomo|JDS-Uniphase|Maxim Integrated Products Inc.|Micro Networks|Motorola|Murata|Panasonic|Philips|Phonon|RF Micro Devices|RF Monolithics|Raytheon|STMicroelectronics N.V.|Silicon Labs|Skyworks Solutions, Inc.|Temex|Vectron|Vitesse Semiconductor Corp.",1090872|940332|711065|1056794|-1|-1|1095409|1094739|-1|-1|-1|743316|-1|68505|-1|63271|205778|-1|-1|922204|1047122|932787|1038074|4127|-1|-1|880446,"Agilent|Anadigics Inc.|Applied Micro Circuits Corporation|Avanex|Bookham|CTS Wireless Components|EPCOS AG|Finisar|Fujitsu|Fujitsu Microelectronics, Inc.|Fujitsu/Sumitomo|JDS Uniphase|Maxim Integrated Products Inc.|Micro Networks|Motorola|Murata|Philips|Phonon|RF Micro Devices|RF Monolithics|Raytheon|STMicroelectronics N.V.|Skyworks Solutions, Inc.|Temex|Toyocom|Vectron|Vitesse Semiconductor Corp.",1090872|940332|711065|1056794|-1|-1|1095409|1094739|39341|-1|-1|-1|743316|-1|68505|-1|205778|-1|-1|922204|1047122|932787|4127|-1|-1|-1|880446
CIK913885_10K_20060316.txt,,,"Anadigics Inc.|EPCOS AG|Eudyna, Inc.|Freescale Semiconductor, Inc.|Fujitsu Microelectronics, Inc.|ICS Technologies, Inc.|Murata Manufacturing Co.|Panasonic Corp.|Phonon Corp.|RF Micro Devices, Inc.|RF Monolithics, Inc.|Raytheon Co.|Renesas Technology Corp.|Skyworks Solutions, Inc.|TAI-SAW Technology Co.|Temex SAS|Vectron International",940332|1095409|-1|1272547|-1|-1|-1|63271|-1|-1|922204|1047122|-1|4127|-1|-1|-1
CIK913885_10K_20070315.txt,,,"Anadigics Inc.|EPCOS AG|Eudyna, Inc.|Freescale Semiconductor, Inc.|Fujitsu Microelectronics, Inc.|ICS Technologies, Inc.|Murata Manufacturing Co.|Panasonic Corp.|Phonon Corp.|RF Micro Devices, Inc.|RF Monolithics, Inc.|Raytheon Co.|Renesas Technology Corp.|Skyworks Solutions, Inc.|TAI-SAW Technology Co.|Temex SAS|Vectron International",940332|1095409|-1|1272547|-1|-1|-1|63271|-1|-1|922204|1047122|-1|4127|-1|-1|-1
CIK913885_10K_20080311.txt,,,"Anadigics Inc.|Avago, Inc.|EPCOS AG|Eudyna, Inc.|Fujitsu Microelectronics, Inc.|ICS Technologies, Inc.|Murata Manufacturing Co.|Panasonic Corp.|Phonon Corp.|RF Micro Devices, Inc.|RF Monolithics, Inc.|Raytheon Co.|Skyworks Solutions, Inc.|TAI-SAW Technology Co.|Temex SAS|Vectron International",940332|-1|1095409|-1|-1|-1|-1|63271|-1|-1|922204|1047122|4127|-1|-1|-1
CIK913885_10K_20090302.txt,,,"Anadigics Inc.|Avago, Inc.|EPCOS AG|Eudyna, Inc.|Fujitsu Microelectronics, Inc.|ICS Technologies, Inc.|Murata Manufacturing Co.|Panasonic Corp.|Phonon Corp.|RF Micro Devices, Inc.|RF Monolithics, Inc.|Raytheon Co.|Skyworks Solutions, Inc.|TAI-SAW Technology Co.|TDK|Temex SAS",940332|-1|1095409|-1|-1|-1|-1|63271|-1|-1|922204|1047122|4127|-1|203383|-1
CIK913885_10K_20100226.txt,,,"Anadigics|Anadigics Inc.|Avago|Avago, Inc.|EPCOS AG|Eudyna, Inc.|Murata Manufacturing Co.|Panasonic Corp.|Phonon Corp.|RF Micro Devices|RF Micro Devices, Inc.|RF Monolithics, Inc.|Raytheon Co.|Skyworks|Skyworks Solutions, Inc.|TDK",940332|940332|-1|-1|1095409|-1|-1|63271|-1|-1|-1|922204|1047122|4127|4127|203383
CIK913885_10K_20110224.txt,"Anadigics Inc.|Avago, Inc.|EPCOS AG|Eudyna, Inc.|Murata Manufacturing Co.|Panasonic Corp.|Phonon Corp.|RF Micro Devices, Inc.|RF Monolithics, Inc.|Raytheon Co.|Skyworks Solutions, Inc.|TDK",940332|-1|1095409|-1|-1|63271|-1|-1|922204|1047122|4127|203383,"Anadigics|Anadigics Inc.|Avago|Avago, Inc.|EPCOS AG|Eudyna, Inc.|Murata Manufacturing Co.|Panasonic Corp.|Phonon Corp.|RF Micro Devices|RF Micro Devices, Inc.|RF Monolithics, Inc.|Raytheon Co.|Skyworks|Skyworks Solutions, Inc.|TDK",940332|940332|-1|-1|1095409|-1|-1|63271|-1|-1|-1|922204|1047122|4127|4127|203383
CIK913885_10K_20120227.txt,"Anadigics Inc.|Avago, Inc.|Hittite Microwave Corporation|RF Micro Devices|Skyworks",940332|-1|1130866|-1|4127,"Anadigics Inc.|Avago, Inc.|Hittite Microwave Corporation|M/A-COM Technology Solutions, Inc.|Murata Manufacturing Co., Ltd.|RF Micro Devices, Inc.|Raytheon Company|Skyworks Solutions, Inc.|Sumitomo Electric Device Innovations|TDK-EPC Corporation",940332|-1|1130866|-1|-1|-1|1047122|4127|-1|-1
CIK916232_10K_20020416.txt,,,"AMKOR|Advanced Packaging Technology of America|Aeroflex|Asymtec|Flextronics|HEI|HEI Inc.|Maxtek|Maxtek Components Corporation|Motorola, Inc.|NS Electronics Bangkok Ltd.|Natel Engineering|Raytheon Electronic Systems|SCI|STMicroelectronics, Inc.|Samsung Corning Co, Ltd.|Sanmina|Schlumberger Technologies, Inc.|Texas Instruments Singapore Ltd.|Tong Tshing|United States Semiconductor Corporation|VLSI Packaging|WIDCOMM, Inc.",1047127|-1|1487990|-1|-1|351298|351298|-1|-1|68505|-1|-1|-1|87744|932787|-1|897723|-1|-1|-1|-1|-1|-1
CIK928876_20F_20070625.txt,AMI Semiconductor|ASMC|CSMC Grace|DongBu|HHNEC|He Jien Technology|Jazz Semiconductor|MagnaChip|Silterra|X-Fab,-1|3998|-1|-1|-1|-1|1200720|1325702|-1|-1,AMI Semiconductor|ASMC|CSMC Grace|Chartered Semiconductor Manufacturing|DongBu|HHNEC|He Jien Technology|Jazz Semiconductor|MagnaChip|Semiconductor Manufacturing International Corp.|Silterra|Taiwan Semiconductor Manufacturing Corporation|United Microelectronics|X-Fab,-1|3998|-1|1095270|-1|-1|-1|1200720|1325702|1267482|-1|1046179|1033767|-1
CIK928876_20F_20080618.txt,ASMC|CSMC|Chartered Semiconductor Manufacturing Ltd.|DongBu|Grace|HHNEC|He Jien Technology|MagnaChip|Semiconductor Manufacturing International Corp.|Silterra|United Microelectronics Corporation,3998|1865477|1095270|-1|852551|-1|-1|1325702|1267482|-1|1033767,ASMC|CSMC|Chartered Semiconductor Manufacturing Ltd.|DongBu|Grace|HHNEC|He Jien Technology|MagnaChip|Semiconductor Manufacturing International Corp.|Silterra|Taiwan Semiconductor Manufacturing Corporation|United Microelectronics Corporation,3998|1865477|1095270|-1|852551|-1|-1|1325702|1267482|-1|1046179|1033767
CIK928876_20F_20100430.txt,Jazz,1337675,ASMC|DongBu|Global Foundries Inc.|Grace|HHNEC|IBM|Semiconductor Manufacturing International Corp.|Silterra|Taiwan Semiconductor Manufacturing Corporation|United Microelectronics Corporation|Vanguard|X-Fab,3998|-1|-1|852551|-1|353524|1267482|-1|1046179|1033767|1045829|-1
CIK928876_20F_20110517.txt,,,ASMC|DongBu|Global Foundries Inc.|Grace|HHNEC|IBM|Jazz|Micron Technology Inc|Semiconductor Manufacturing International Corp.|Silterra|Taiwan Semiconductor Manufacturing Corporation|United Microelectronics Corporation|Vanguard|X-Fab,3998|-1|-1|852551|-1|353524|1337675|723125|1267482|-1|1046179|1033767|1045829|-1
CIK928876_20F_20120430.txt,Jazz|Tower,1337675|913034,ASMC|DongBu|Global Foundries Inc.|Grace|HHNEC|IBM|Semiconductor Manufacturing International Corp.|Silterra|Taiwan Semiconductor Manufacturing Corporation|United Microelectronics Corporation|Vanguard|X-Fab,3998|-1|-1|852551|-1|353524|1267482|-1|1046179|1033767|1045829|-1
CIK928876_20F_20130430.txt,Jazz|TJP|Tower,1337675|-1|913034,ASMC|DongBu|Global Foundries Inc.|Grace|HHNEC|IBM|Jazz|Micron|ST|Samsung|Semiconductor Manufacturing International Corp.|Silterra|TJP|Taiwan Semiconductor Manufacturing Corporation|United Microelectronics Corporation|Vanguard|X-Fab,3998|-1|-1|852551|-1|353524|1337675|803512|934596|-1|1267482|-1|-1|1046179|1033767|1045829|-1
CIK928876_20F_20140514.txt,Panasonic,63271,ASMC|DongBu|Global Foundries Inc.|HHGrace|IBM|Jazz|Panasonic Corporation|ST|Samsung|Semiconductor Manufacturing International Corp.|TPSC|Taiwan Semiconductor Manufacturing Corporation|United Microelectronics Corporation|Vanguard Semiconductor|X-Fab,3998|-1|-1|-1|353524|1337675|63271|934596|-1|1267482|-1|1046179|1033767|-1|-1
CIK928876_20F_20150514.txt,foundries based in China|foundries based in Korea|foundries based in Malaysia|foundries based in Taiwan,-1|-1|-1|-1,"DongBu|Global Foundries Inc.|HH Semi|IBM|Jazz Semiconductor, Inc.|Jazz Technologies, Inc.|ST|Samsung|Semiconductor Manufacturing International Corp.|Taiwan Semiconductor Manufacturing Corporation|TowerJazz Japan Ltd.|TowerJazz Panasonic Semiconductor Co., Ltd.|United Microelectronics Corporation|Vanguard Semiconductor|X-Fab",-1|-1|-1|353524|1200720|1337675|934596|-1|1267482|1046179|-1|-1|1033767|-1|-1
CIK928876_20F_20160511.txt,Maxim Integrated|TJT|TPSCo,743316|1002577|-1,DongBu|Global Foundries Inc.|HH Semi|IDMs|Intel|ST|Samsung|Semiconductor Manufacturing International Corp.|Taiwan Semiconductor Manufacturing Corporation|United Microelectronics Corporation|Vanguard Semiconductor|X-Fab|dedicated foundry services providers,-1|-1|-1|-1|50863|934596|-1|1267482|1046179|1033767|-1|-1|-1
CIK928876_20F_20170410.txt,Maxim Integrated|Panasonic,743316|63271,DongBu|Global Foundries Inc.|HH Semi|Intel|SMIC|ST|Samsung|Semiconductor Manufacturing International Corp.|TSMC|Taiwan Semiconductor Manufacturing Corporation|UMC|United Microelectronics Corporation|Vanguard Semiconductor|X-Fab,-1|-1|-1|50863|89415|934596|-1|1267482|1046179|1046179|831460|1033767|-1|-1
CIK928876_20F_20180430.txt,Maxim|Panasonic,1013351|63271,DongBu|Global Foundries Inc.|HH Semi|Intel|Powerchip|ST|Samsung|Semiconductor Manufacturing International Corp.|Taiwan Semiconductor Manufacturing Corporation|United Microelectronics Corporation|Vanguard Semiconductor|X-Fab,-1|-1|-1|50863|-1|934596|-1|1267482|1046179|1033767|-1|-1
CIK928876_20F_20190425.txt,Maxim|Panasonic,1013351|63271,DongBu|Global Foundries Inc.|HH Semi|Intel|Powerchip|ST|Samsung|Semiconductor Manufacturing International Corp.|Taiwan Semiconductor Manufacturing Corporation|United Microelectronics Corporation|Vanguard Semiconductor|X-Fab,-1|-1|-1|50863|-1|934596|-1|1267482|1046179|1033767|-1|-1
CIK928876_20F_20200430.txt,independent dedicated foundries|integrated device manufacturers|pure play advanced technology node driven foundry service providers,-1|-1|-1,"DongBu|Global Foundries|HH Semi|Intel|Jazz Technologies, Inc.|Maxim Integrated Products Inc.|National Semiconductor, Inc.|Nuvoton Technology Corp.|Panasonic Corporation|ST|Samsung|Semiconductor Manufacturing International Corp.|Sony|Taiwan Semiconductor Manufacturing Corporation|United Microelectronics Corporation|Vanguard Semiconductor|Winbond Electronics Corporation|X-Fab",-1|-1|-1|50863|1337675|743316|70530|-1|63271|934596|-1|1267482|313838|1046179|1033767|-1|-1|-1
CIK928876_20F_20210430.txt,independent dedicated foundries|integrated device manufacturers|pure play advanced technology node driven foundry service providers,-1|-1|-1,DongBu|GlobalFoundries|Hua Hong Semiconductor|Intel|ST|Samsung|Semiconductor Manufacturing International Corp.|Sony|Taiwan Semiconductor Manufacturing Corporation|United Microelectronics Corporation|Vanguard Semiconductor|X-Fab,-1|-1|-1|50863|934596|-1|1267482|313838|1046179|1033767|-1|-1
CIK928876_20F_20220429.txt,DongBu|GlobalFoundries|Hua Hong Semiconductor|Semiconductor Manufacturing International Corp.|Taiwan Semiconductor Manufacturing Corporation|United Microelectronics Corporation|Vanguard Semiconductor|X-Fab,-1|-1|-1|1267482|1046179|1033767|-1|-1,"ARM|Cadence Design Systems, Inc.|DongBu|GlobalFoundries|Hua Hong Semiconductor|Maxim|Mentor Graphics Corp.|Panasonic Corporation|ST Microelectronics S.r.l.|Semiconductor Manufacturing International Corp.|Synopsys, Inc.|Taiwan Semiconductor Manufacturing Corporation|United Microelectronics Corporation|Vanguard Semiconductor|X-Fab",1057997|813672|-1|-1|-1|1013351|701811|63271|-1|1267482|883241|1046179|1033767|-1|-1
CIK928876_20F_20230516.txt,DongBu|GlobalFoundries|Hua Hong Semiconductor|Semiconductor Manufacturing International Corp.|Taiwan Semiconductor Manufacturing Corporation|United Microelectronics Corporation|Vanguard Semiconductor|X-Fab,-1|-1|-1|1267482|1046179|1033767|-1|-1,ARM|Cadence|DongBu|GlobalFoundries|Hua Hong Semiconductor|M|Mentor Graphics|Semiconductor Manufacturing International Corp.|Synopsys|Taiwan Semiconductor Manufacturing Corporation|United Microelectronics Corporation|Vanguard Semiconductor|X-Fab,1057997|16068|-1|-1|-1|1122133|701811|1267482|883241|1046179|1033767|-1|-1
CIK928876_20F_20240422.txt,Semiconductor Manufacturing International Corp.|United Microelectronics Corporation,1267482|1033767,DongBu|GlobalFoundries|Hua Hong Semiconductor|Semiconductor Manufacturing International Corp.|Taiwan Semiconductor Manufacturing Corporation|United Microelectronics Corporation|Vanguard Semiconductor|X-Fab,-1|-1|-1|1267482|1046179|1033767|-1|-1
CIK928876_20F_20250430.txt,Semiconductor Manufacturing International Corp. (SMIC)|United Microelectronics Corporation (UMC),1267482|1033767,DongBu|GlobalFoundries|Hua Hong Semiconductor|Semiconductor Manufacturing International Corp.|Taiwan Semiconductor Manufacturing Corporation|United Microelectronics Corporation|Vanguard Semiconductor|X-Fab,-1|-1|-1|1267482|1046179|1033767|-1|-1
CIK932111_10K_20060306.txt,,,"Analog Devices|Broadcom Corp.|Fairchild Semiconductor|Freescale Semiconductor|Integrated Device Technology|Intersil|Linear Technology Corporation|Marvell Technology Group Ltd.|Maxim Integrated Products, Inc.|Mindspeed|Monolithic Power Systems|National Semiconductor Corp.|ON Semiconductor|Semtech|TRW, Inc.|Texas Instruments|Vitesse Semiconductor Corp.",6281|1730168|1036960|1272547|703361|2485|791907|-1|743316|1224370|1280452|70530|1097864|88941|100030|97476|880446
CIK932111_10K_20070228.txt,,,"Analog Devices|Broadcom Corp.|Fairchild Semiconductor|Freescale Semiconductor|Integrated Device Technology|Intersil|Linear Technology Corporation|Marvell Technology Group Ltd.|Maxim Integrated Products, Inc.|Mindspeed|National Semiconductor Corp.|ON Semiconductor|Semtech|Texas Instruments|Vitesse Semiconductor Corp.",6281|1730168|1036960|1272547|703361|2485|791907|-1|743316|1224370|70530|1097864|88941|97476|880446
CIK932787_20F_20010515.txt,Advanced Micro Devices|Agere Systems|Analog Devices|Atmel|Broadcom|Fujitsu|Hitachi|Infineon Technologies|Intel|LSI Logic|Matsushita|Mitsubishi Electric Corporation|Motorola|National Semiconductor|Nippon Electric Company|ON Semiconductor|Philips Semiconductors|Samsung|Texas Instruments|Toshiba,2488|1129446|6281|872448|1730168|39341|47710|1107457|50863|-1|-1|773753|68505|70530|-1|1097864|-1|-1|97476|98573,Advanced Micro Devices|Agere Systems|Analog Devices|Atmel|Broadcom|Fujitsu|Hitachi|Infineon Technologies|Infineon Technology|Intel|Intel Corporation|LSI Logic|Matsushita|Mitsubishi Electric Corporation|Motorola|National Semiconductor|National Semiconductor Corporation|Nippon Electric Company|ON Semiconductor|Philips Semiconductors|Samsung|Texas Instruments|Toshiba,2488|1129446|6281|872448|1730168|39341|47710|1107457|1107457|50863|50863|-1|-1|773753|68505|70530|70530|-1|1097864|-1|-1|97476|98573
CIK932787_20F_20030314.txt,Advanced Micro Devices|Agere Systems|Agilent Technologies|Analog Devices|Atmel|Broadcom|Chartered Semiconductor|Fairchild|Fujitsu|Hitachi|IBM Microelectronics|Infineon Technologies AG|Intel|LSI Logic|Matsushita|Microchip Technology|Mitsubishi Electric Corporation|Motorola Inc.|NEC|National Semiconductor|ON Semiconductor|Philips Semiconductors International B.V.|Qualcomm|Samsung|TSMC|Texas Instruments|Toshiba|UMC,2488|1129446|1090872|6281|872448|1730168|1095270|34257|39341|47710|-1|1107457|50863|-1|-1|827054|773753|68505|72127|70530|1097864|-1|804328|-1|1046179|97476|98573|831460,Advanced Micro Devices|Agere Systems|Agilent Technologies|Analog Devices|Atmel|Broadcom|Fairchild|Fujitsu|Hitachi|IBM Microelectronics|Infineon Technologies AG|Intel|LSI Logic|Matsushita|Microchip Technology|Mitsubishi Electric Corporation|Motorola Inc.|NEC|National Semiconductor|ON Semiconductor|Philips Semiconductors International B.V.|Qualcomm|Samsung|Texas Instruments|Toshiba,2488|1129446|1090872|6281|872448|1730168|34257|39341|47710|-1|1107457|50863|-1|-1|827054|773753|68505|72127|70530|1097864|-1|804328|-1|97476|98573
CIK932787_20F_20040504.txt,,,"Advanced Micro Devices|Agere Systems|Analog Devices|Broadcom|Databeans Incorporated|Elpida|Gartner, Inc.|IBM|IC Insights Inc.|Infineon Technologies|Intel|International Rectifier|Motorola|Motorola Inc.|National Semiconductor|Nippon Electric Company|On Semiconductor|Philips Semiconductors|Philips Semiconductors International B.V.|Renesas|Samsung|TSMC|Texas Instruments|Toshiba|iSuppli",2488|1129446|6281|1730168|-1|-1|749251|353524|-1|1107457|50863|316793|68505|68505|70530|-1|1097864|-1|-1|-1|-1|1046179|97476|98573|-1
CIK932787_20F_20050324.txt,,,"ASML|Advanced Micro Devices|Agere Systems|Analog Devices|Broadcom|Databeans|Freescale Semiconductor|Freescale Semiconductor, Inc.|Gartner, Inc.|IBM|IC Insights Inc.|Infineon Technologies|Intel|International Rectifier|Marvell Technology Group|Motorola|National Semiconductor|Nippon Electric Company|ON Semiconductor|Philips Semiconductors|Philips Semiconductors International B.V.|Qualcomm|Renesas|Samsung|Texas Instruments|Toshiba|iSuppli",937966|2488|1129446|6281|1730168|-1|1272547|1272547|749251|353524|-1|1107457|50863|316793|-1|68505|70530|-1|1097864|-1|-1|804328|-1|-1|97476|98573|-1
CIK932787_20F_20060303.txt,,,Advanced Micro Devices|Agere Systems|Analog Devices|Broadcom|Freescale Semiconductor|IBM|Infineon Technologies|Intel|International Rectifier|Marvell Technology Group|National Semiconductor|Nippon Electric Company|ON Semiconductor|Philips Semiconductors|Qualcomm|Renesas|Samsung|Spansion|Texas Instruments|Toshiba,2488|1129446|6281|1730168|1272547|353524|1107457|50863|316793|-1|70530|-1|1097864|-1|804328|-1|-1|1322705|97476|98573
CIK932787_20F_20070314.txt,,,Analog Devices|Broadcom|Fairchild Semiconductor|Freescale Semiconductor|IBM|Infineon Technologies|Intel|International Rectifier|LSI Logic|Linear Technology|Marvell Technology Group|Maxim Integrated Products|Microchip Technology|NXP Semiconductors|National Semiconductor|Nippon Electric Company|ON Semiconductor|Qualcomm|Renesas|Samsung|Spansion|Texas Instruments|Toshiba,6281|1730168|1036960|1272547|353524|1107457|50863|316793|-1|791907|-1|743316|827054|1413447|70530|-1|1097864|804328|-1|-1|1322705|97476|98573
CIK932787_20F_20110307.txt,"ATI Technologies|Advanced Micro Devices Inc.|Advanced Semiconductor Engineering|ChipMOS|Freescale|Motorola|Qualcomm|ST-Ericsson|STATS Chippac|Siliconware Precision Industries|Spansion|Tessera, Inc.",1065331|2488|-1|1123134|1272547|68505|804328|-1|1449579|-1|1322705|-1,Analog Devices|Atmel|Avago|Broadcom|Fairchild Semiconductor|Freescale Semiconductor|Infineon|Intel|International Rectifier|LSI Logic|Linear Technology|Marvell|Maxim|MediaTek|Microchip Technology|Mstar|NXP Semiconductors|National Semiconductor|ON Semiconductor|Qualcomm|ROHM Semiconductor|Renesas|Samsung|TSMC|Texas Instruments|Toshiba|Trident|Vishay,6281|872448|-1|1730168|1036960|1272547|1107457|50863|316793|-1|791907|1058057|1013351|-1|827054|-1|1413447|70530|1097864|804328|-1|-1|-1|1046179|97476|98573|1005128|-1
CIK932787_20F_20120305.txt,,,Analog Devices|Atmel|Avago|Broadcom|Fairchild Semiconductor|Freescale Semiconductor|Infineon|Intel|International Rectifier|Invensense|LSI Logic|Linear Technology|Marvell|Maxim|MediaTek|Microchip Technology|Mstar|NXP Semiconductors|ON Semiconductor|Qualcomm|ROHM Semiconductor|Renesas|Samsung|TSMC|Texas Instruments|Toshiba|Vishay,6281|872448|-1|1730168|1036960|1272547|1107457|50863|316793|1294924|-1|791907|1058057|1013351|-1|827054|-1|1413447|1097864|804328|-1|-1|-1|1046179|97476|98573|-1
CIK932787_20F_20130304.txt,,,Analog Devices|Atmel|Avago|Broadcom|Fairchild Semiconductor|Freescale Semiconductor|Infineon|Intel|International Rectifier|Invensense|LSI Logic|Linear Technology|Marvell|Maxim|MediaTek|Microchip Technology|Mstar|NXP Semiconductors|ON Semiconductor|Qualcomm|ROHM Semiconductor|Renesas|Samsung|TSMC|Texas Instruments|Toshiba|Vishay,6281|872448|-1|1730168|1036960|1272547|1107457|50863|316793|1294924|-1|791907|1058057|1013351|-1|827054|-1|1413447|1097864|804328|-1|-1|-1|1046179|97476|98573|-1
CIK932787_20F_20140305.txt,,,Analog Devices|Atmel|Avago|Broadcom|Fairchild Semiconductor|Freescale Semiconductor|Infineon|Intel|International Rectifier|InvenSense|LSI Logic|Linear Technology|Marvell|Maxim|MediaTek|Microchip Technology|Mstar|NXP Semiconductors|ON Semiconductor|Qualcomm|ROHM Semiconductor|Renesas|Samsung|TSMC|Texas Instruments|Toshiba|Vishay,6281|872448|-1|1730168|1036960|1272547|1107457|50863|316793|1294924|-1|791907|1058057|1013351|-1|827054|-1|1413447|1097864|804328|-1|-1|-1|1046179|97476|98573|-1
CIK932787_20F_20150303.txt,,,Analog Devices|Atmel|Avago|Broadcom|Fairchild Semiconductor|Freescale Semiconductor|Infineon|Intel|InvenSense|Marvell|Maxim|MediaTek|Microchip Technology|NXP Semiconductors|ON Semiconductor|Qualcomm|ROHM Semiconductor|Renesas|Samsung|TSMC|Texas Instruments|Toshiba|Vishay,6281|872448|-1|1730168|1036960|1272547|1107457|50863|1294924|1058057|1013351|-1|827054|1413447|1097864|804328|-1|-1|-1|1046179|97476|98573|-1
CIK932787_20F_20160316.txt,,,IBM,353524
CIK932787_20F_20170303.txt,,,Apple|Bosch|Cisco|Conti|Delta|Hewlett-Packard|Huawei|Samsung|Seagate|Western Digital,320193|-1|858877|23945|27924|1645590|-1|-1|1137789|106040
CIK932787_20F_20180301.txt,,,STMicroelectronics,932787
CIK932787_20F_20190228.txt,,,STMicroelectronics,932787
CIK932787_20F_20200226.txt,,,STMicroelectronics N.V.,932787
CIK932787_20F_20210224.txt,,,Apple,320193
CIK932787_20F_20230223.txt,,,Apple|Bosch|Continental|HP|Huawei|Mobileye|Samsung|SpaceX|Tesla|Vitesco,320193|-1|24011|47217|-1|1607310|-1|-1|1318605|-1
CIK932787_20F_20240222.txt,STMicroelectronics N.V.,932787,,
CIK93384_10K_20070430.txt,"ASIX Electronics Corp|Alcor Micro Corp.|Cypress Semiconductor|Davicom Semiconductor Inc|Genesys Logic, Inc|Integrated Technology Express, Inc. (ITE)|Micrel Semiconductor, Inc|NXP Semiconductors|Realtek Semiconductor Corp.|Renesas Technology (Renesas)|Winbond Electronics Corporation|eNe",-1|-1|791915|-1|-1|-1|-1|1413447|-1|-1|-1|-1,"ASIX Electronics Corp|Alcor Micro Corp.|Cypress Semiconductor|Davicom Semiconductor Inc|Genesys Logic, Inc|Integrated Technology Express, Inc. (ITE)|Micrel Semiconductor, Inc.|NXP Semiconductors|Realtek Semiconductor Corp.|Renesas|Renesas Technology (Renesas)|Winbond Electronics Corporation|eNe",-1|-1|791915|-1|-1|-1|-1|1413447|-1|-1|-1|-1|-1
CIK93384_10K_20080429.txt,"ASIX Electronics Corp|Alcor Micro Corp.|Cypress Semiconductor|Davicom Semiconductor Inc|Genesys Logic, Inc|Integrated Technology Express, Inc. (ITE)|Micrel Semiconductor, Inc|NXP Semiconductors|Realtek Semiconductor Corp.|Renesas|Renesas Technology|Winbond Electronics Corporation|eNe",-1|-1|791915|-1|-1|-1|-1|1413447|-1|-1|-1|-1|-1,"ASIX Electronics Corp|Alcor Micro Corp.|Cypress Semiconductor|Davicom Semiconductor Inc|Genesys Logic, Inc|Integrated Technology Express, Inc. (ITE)|Micrel Semiconductor, Inc|NXP Semiconductors|Realtek Semiconductor Corp.|Renesas Technology (Renesas)|Winbond Electronics Corporation|eNe",-1|-1|791915|-1|-1|-1|-1|1413447|-1|-1|-1|-1
CIK93384_10K_20090428.txt,"ASIX Electronics Corp|Alcor Micro Corp.|Cypress Semiconductor|Davicom Semiconductor Inc|Genesys Logic, Inc|Integrated Technology Express, Inc.|Marvell Technology Group Ltd.|Micrel Semiconductor, Inc.|Nuvoton|Realtek Semiconductor Corp.|Renesas Technology|eNe",-1|-1|791915|-1|-1|-1|-1|-1|-1|-1|-1|-1,"ASIX Electronics Corp|Advanced Micro Devices, Inc.|Alcor Micro Corp.|Atmel Corporation|Broadcom Corporation|Cypress Semiconductor|Davicom Semiconductor Inc|Genesys Logic, Inc.|Integrated Technology Express, Inc.|Marvell Technology Group Ltd.|Micrel Semiconductor, Inc.|Nuvoton (formerly Winbond Electronics Corporation)|Realtek Semiconductor Corp.|Renesas Technology|Renesas Technology America, Inc.|STMicroelectronics, Inc.|Silicon Storage Technology, Inc.|Via Technology, Inc.|eNe",-1|2488|-1|872448|1730168|791915|-1|-1|-1|-1|-1|-1|-1|-1|-1|932787|855906|-1|-1
CIK93384_10K_20110419.txt,"Anera Corporation|Broadcom Corporation|Cypress Semiconductor|Davicom Semiconductor Inc.|Display Link|GMT, Inc.|Genesys Logic|Integrated Technology Express, Inc.|Marvell Technology Group Ltd.|Micrel Semiconductor, Inc.|Nuvoton (formerly Winbond Electronics Corporation)|Realtek Semiconductor Corp.|Renesas Technology|ST-Ericsson|Syncomm|Texas Instruments|eNe",-1|1730168|791915|-1|-1|1080747|-1|-1|-1|-1|-1|-1|-1|-1|-1|97476|-1,"ASIX Electronics Corp|Alcor Micro Corp.|Avnera Corporation|Broadcom Corporation|Cypress Semiconductor|Davicom Semiconductor Inc.|Display Link|GMT, Inc.|Genesys Logic|Integrated Technology Express, Inc.|Marvell Technology Group Ltd.|Micrel Semiconductor, Inc.|Nuvoton (formerly Winbond Electronics Corporation)|Realtek Semiconductor Corp.|Renesas Technology|ST-Ericsson|Syncomm|Texas Instruments|eNe",-1|-1|-1|1730168|791915|-1|-1|1080747|-1|-1|-1|-1|-1|-1|-1|-1|-1|97476|-1
CIK93384_10K_20120423.txt,"Adcom Corporation|Cypress Semiconductor Corporation|Davicom Semiconductor, Inc.|ENE Technology Inc.|GMT, Inc.|Genesys Logic, Inc.|Integrated Technology Express, Inc.|Marvell Technology Group Ltd.|Micrel Inc.|Nuvoton Technology Corporation|Realtek Semiconductor Corp.|Renesas Electronics Corporation|ST-Ericsson|Syncomm Technology Corporation|Texas Instruments Inc.",-1|791915|-1|-1|1080747|-1|-1|-1|932111|-1|-1|-1|-1|-1|97476,"ASIX Electronics Corp|Avnera Corporation|Broadcom Corporation|Cypress Semiconductor Corporation|Davicom Semiconductor, Inc.|ENE Technology Inc.|GMT, Inc.|Genesys Logic, Inc.|Integrated Technology Express, Inc.|Marvell Technology Group Ltd.|Micrel Inc.|Nuvoton Technology Corporation|Realtek Semiconductor Corp.|Renesas Electronics Corporation|ST-Ericsson|Syncomm Technology Corporation|Texas Instruments Inc.",-1|-1|1730168|791915|-1|-1|1080747|-1|-1|-1|932111|-1|-1|-1|-1|-1|97476
CIK934741_10K_20000330.txt,,,Coherent|Corning|Furukawa|JDS Uniphase|Lucent|Nortel|Ortel|Sanyo|Sony|Spectra-Physics,21510|24741|-1|-1|1006240|72911|928878|203097|313838|1047385
CIK940332_10K_20150306.txt,"Avago Technologies Limited|M/A-COM Technology Solutions Holdings, Inc.|MaxLinear, Inc.|Qorvo, Inc.|Skyworks Solutions, Inc.",-1|-1|1288469|1604778|4127,"Avago Technologies Limited|Huawei Technologies|M/A-COM Technology Solutions Holdings, Inc.|MaxLinear, Inc.|Murata|Qorvo, Inc.|Samsung Electronics|Skyworks Solutions, Inc.|ZTE Corporation",-1|-1|-1|1288469|-1|1604778|-1|4127|-1
CIK940332_10K_20160314.txt,"Avago Technologies Limited|M/A-COM Technology Solutions Holdings, Inc.|MaxLinear, Inc.|Qorvo, Inc.|Skyworks Solutions, Inc.",-1|-1|1288469|1604778|4127,"AXT Inc.|AmTech Systems, Inc.|Applied Micro Circuits Corporation|Avago Technologies Limited|CEVA, Inc.|Cirrus Logic, Inc.|DSP Corp.|Exar Corporation|GSI Technology, Inc.|GigOptix, Inc.|Ikanos Communications Inc.|Inphi Corporation|Intermolecular, Inc.|M/A-COM Technology Solutions Holdings, Inc.|MaxLinear, Inc.|Micrel, Inc.|Pericom Semiconductor Corporation|Pixelworks, Inc.|Qorvo, Inc.|Rubicon Technology, Inc.|Semtech Corporation|Sigma Designs, Inc.|Silicon Laboratories, Inc.|Skyworks Solutions, Inc.",1051627|720500|711065|-1|1173489|772406|915778|753568|1126741|-1|1219210|1160958|1311241|-1|1288469|932111|1001426|1040161|1604778|1410172|88941|790715|1038074|4127
CIK94538_10K_20030415.txt,,,"3M|Chiu Technical Corp|Corning|Cuda Products, Inc.|Dolan-Jenner Industries, Inc.|MicroLite|OFS|Schott-Fostec, Inc.|Techni-Quip Corporation|Volpi Manufacturing USA, Inc.",-1|-1|24741|-1|-1|-1|1487918|-1|-1|-1
CIK94538_10K_20040330.txt,,,"3M|Chiu Technical Corp|Corning|Cuda Products, Inc.|Dolan-Jenner Industries, Inc.|MicroLite|OFS|Schott-Fostec, Inc.|Techni-Quip Corporation|Volpi Manufacturing USA, Inc.",-1|-1|24741|-1|-1|-1|1487918|-1|-1|-1
CIK94538_10K_20090331.txt,"Corning Inc.|Elcos, a subsidiary of Perkin Elmer|Fibercore Ltd.|OFS division of Furukawa Electric Co. Ltd|Power Technology, Inc.|Schafter & Kirchoff GMBH|Schott AG|Schott North America Inc.",24741|-1|917770|-1|-1|-1|-1|-1,"Coherent Inc.|Corning Inc.|Elcos GMBH|Fibercore Ltd.|Global Laser Ltd.|Nufern Inc.|OFS|Power Technology, Inc.|Schafter & Kirchoff GMBH|Schott GMBH",21510|24741|-1|917770|-1|-1|1487918|-1|-1|-1
CIK945699_10K_20030715.txt,,,Advanced Power Technology|Agere|Fairchild Semiconductor|Fuji|Infineon|International Rectifier|Legacy|NEC|On Semiconductor|Powerex|STMicroelectronics|Semikron International|Siemens|Silicon Labs|Toshiba,-1|1129446|1036960|-1|1107457|316793|771617|72127|1097864|-1|932787|-1|1135644|1038074|98573
CIK945699_10K_20040614.txt,,,Advanced Power Technology|Agere|Fairchild Semiconductor|Fuji|Infineon|International Rectifier|Legacy|NEC|On Semiconductor|Powerex|STMicroelectronics|Semikron International|Siemens|Silicon Labs|Toshiba,-1|1129446|1036960|-1|1107457|316793|771617|72127|1097864|-1|932787|-1|1135644|1038074|98573
CIK945699_10K_20050629.txt,,,Advanced Power Technology|Agere Systems|Fairchild Semiconductor|Fuji|Infineon|International Rectifier|Legerity|NEC|On Semiconductor|Powerex|RF Micro Devices|RF Monolithics|Renesas Technology|STMicroelectronics|Semikron International|Siemens|Silicon Labs|Toshiba,-1|1129446|1036960|-1|1107457|316793|-1|72127|1097864|-1|-1|922204|-1|932787|-1|1135644|1038074|98573
CIK945699_10K_20060622.txt,,,Agere Systems|Fairchild Semiconductor|Fuji|Hitachi|Infineon|International Rectifier|Legerity|Microsemi|Mitsubishi|NEC|On Semiconductor|Powerex|RF Micro Devices|RF Monolithics|Renesas Technology|STMicroelectronics|Semikron International|Siemens|Silicon Labs|Toshiba,1129446|1036960|-1|47710|1107457|316793|-1|310568|773753|72127|1097864|-1|-1|922204|-1|932787|-1|1135644|1038074|98573
CIK947397_10K_20010402.txt,,,"AstroPower, Inc.|BP Solar|Kyocera Corporation|Photowatt International S.A.|Sharp Corporation|Siemens Solar Group",885672|-1|57083|-1|800840|-1
CIK947397_10K_20020328.txt,,,"AstroPower, Inc.|BP Solar|Kyocera Corporation|Photowatt International S.A.|Royal Dutch Shell|Sharp Corporation|Shell Solar|Siemens Solar Group",885672|-1|57083|-1|1306965|800840|-1|-1
CIK947397_10K_20030327.txt,BP Solar,-1,"AstroPower, Inc.|BP Solar|Kyocera Corporation|Royal Dutch Shell|Sharp Corporation",885672|-1|57083|1306965|800840
CIK947397_10K_20040323.txt,,,BP Solar|Kyocera Corporation|RWE|Royal Dutch Shell|Sanyo Corporation|Sharp Corporation,-1|57083|939380|1306965|203097|800840
CIK947397_10K_20050310.txt,,,BP Solar|GE Energy|Kyocera Corporation|RWE SCHOTT Solar|Royal Dutch Shell|Sanyo Corporation|Sharp Corporation,-1|-1|57083|-1|1306965|203097|800840
CIK947397_10K_20110309.txt,Chinese competitors|Chinese manufacturers|best wafer manufacturers|larger Chinese competitors,-1|-1|-1|-1,"BP Solar International Inc.|First Solar, Inc.|Kyocera Corporation|Mitsubishi|Sanyo Corporation|Sharp Corporation|Solar World AG|SunPower Corporation|Suntech Power Holdings Co., Ltd|Trina Solar|Yingli",-1|1274494|57083|773753|203097|800840|-1|867773|1342803|1382158|-1
CIK97476_10K_20170223.txt,,,National Semiconductor Corporation,70530
CIK97476_10K_20180222.txt,,,Texas Instruments,97476
CIK97476_10K_20190222.txt,,,Analog Devices|Broadcom Inc.|Infineon Technologies|Maxim Integrated|Microchip Technology|NXP Semiconductors|ON Semiconductor|Renesas Electronics Corporation|STMicroelectronics|Texas Instruments,6281|1730168|1107457|743316|827054|1413447|1097864|-1|932787|97476
